autr	0.31182048
cel	0.31456051
développ	0.33137401
anné	0.34886474
grand	0.35485511
équip	0.35485511
technolog	0.36092926
présent	0.36399849
utilis	0.38611280
nouvel	0.40941388
différent	0.41284705
entrepris	0.41630759
innov	0.41979591
industriel	0.42331249
laboratoir	0.43043223
réalis	0.43043223
permet	0.43403635
domain	0.43403635
particuli	0.44133559
premi	0.44133559
an	0.44875961
environ	0.46013916
part	0.46399958
centr	0.47182491
import	0.47579110
mêm	0.48791173
précis	0.49202830
cet	0.49202830
expliqu	0.49618426
certain	0.50461743
scientif	0.50461743
cré	0.50889623
institut	0.50889623
afin	0.50889623
permettr	0.50889623
mis	0.51321760
déjà	0.51758241
ser	0.51758241
cnr	0.52199152
appliqu	0.52199152
or	0.52199152
rappelon	0.52199152
traval	0.52644587
étant	0.52644587
nouveau	0.52644587
jusqu	0.53549399
fois	0.53549399
sous	0.53549399
term	0.53549399
celui	0.54008975
produit	0.54008975
peut	0.54008975
plusieur	0.54473465
system	0.54473465
propos	0.54942977
mond	0.54942977
quelqu	0.54942977
autour	0.55417621
va	0.55417621
seul	0.55417621
résultat	0.55417621
leur	0.55417621
collabor	0.56873493
trois	0.56873493
dur	0.56873493
secteur	0.57369835
tous	0.57369835
form	0.58379867
bien	0.58893831
international	0.58893831
lanc	0.59413951
observ	0.59940375
paris	0.59940375
plac	0.59940375
men	0.60473258
général	0.61012761
non	0.61012761
intéress	0.61559051
pourr	0.61559051
voir	0.61559051
dit	0.61559051
scienc	0.61559051
tel	0.61559051
san	0.61559051
techniqu	0.62112300
point	0.62112300
vi	0.62112300
person	0.62112300
rappel	0.62112300
enfin	0.62672687
ensembl	0.62672687
derni	0.62672687
bas	0.62672687
européen	0.62672687
programm	0.63240401
national	0.63240401
dispos	0.63240401
typ	0.63240401
temp	0.63815634
pass	0.63815634
compt	0.63815634
group	0.63815634
activ	0.63815634
travaill	0.64398588
grâc	0.64398588
don	0.64398588
projet	0.64398588
partenair	0.64398588
pôl	0.64398588
moin	0.64398588
fin	0.64989474
travail	0.64989474
organis	0.64989474
impliqu	0.64989474
second	0.65588510
tout	0.65588510
march	0.65588510
étud	0.65588510
niveau	0.65588510
chaqu	0.66195925
apres	0.66195925
avoir	0.66811956
prochain	0.66811956
nombreux	0.66811956
exempl	0.67436851
rest	0.67436851
franc	0.67436851
laquel	0.67436851
région	0.67436851
étudi	0.67436851
indiqu	0.68070869
industr	0.68070869
uniqu	0.68070869
peu	0.68070869
occas	0.68070869
nécessair	0.68070869
compétit	0.68714280
actuel	0.68714280
directeur	0.69367366
particip	0.69367366
exist	0.69367366
fort	0.69367366
devr	0.70030424
lor	0.70030424
avant	0.70030424
context	0.70030424
pouvoir	0.70703763
vient	0.70703763
des	0.71387705
solut	0.71387705
vis	0.71387705
aid	0.71387705
haut	0.71387705
jour	0.71387705
associ	0.71387705
économ	0.72082591
ingénieur	0.72082591
soit	0.72082591
soulign	0.72788777
avon	0.72788777
notr	0.72788777
beaucoup	0.72788777
elle	0.72788777
structur	0.72788777
pay	0.72788777
format	0.72788777
commenc	0.73506635
lui	0.73506635
établ	0.73506635
mondial	0.73506635
agit	0.73506635
appel	0.73506635
vont	0.73506635
représent	0.73506635
mesur	0.73506635
mati	0.74236559
product	0.74236559
ème	0.74236559
compos	0.74978961
résum	0.74978961
ecol	0.74978961
publi	0.74978961
fonction	0.74978961
trait	0.74978961
integr	0.74978961
outil	0.74978961
parallel	0.75734274
évident	0.75734274
constitu	0.75734274
perm	0.75734274
partenariat	0.75734274
financ	0.76502957
édit	0.76502957
mieux	0.76502957
port	0.76502957
énerg	0.76502957
enseign	0.77285491
aliment	0.77285491
dir	0.77285491
mettr	0.77285491
mois	0.77285491
chez	0.77285491
direct	0.77285491
pres	0.77285491
était	0.78082384
europ	0.78082384
respons	0.78082384
moyen	0.78082384
sant	0.78082384
concept	0.78894173
idé	0.78894173
vérit	0.78894173
rapid	0.78894173
acteur	0.78894173
install	0.78894173
ceux	0.79721426
possibl	0.79721426
qualit	0.79721426
peuvent	0.79721426
petit	0.79721426
désorm	0.79721426
collect	0.79721426
nombr	0.80564742
faut	0.80564742
d	0.80564742
mécan	0.80564742
unit	0.81424760
progress	0.81424760
supérieur	0.81424760
naturel	0.81424760
ce	0.81424760
besoin	0.81424760
savoir	0.81424760
montr	0.81424760
servic	0.81424760
million	0.81424760
spécif	0.81424760
là	0.81424760
long	0.81424760
vous	0.82302152
humain	0.82302152
ajout	0.82302152
principal	0.82302152
nos	0.82302152
précison	0.82302152
français	0.82302152
comprendr	0.82302152
façon	0.83197636
etat	0.83197636
test	0.83197636
analys	0.83197636
côt	0.83197636
organ	0.84111974
connaiss	0.84111974
estim	0.84111974
quel	0.84111974
seront	0.84111974
objet	0.85045977
pu	0.85045977
adapt	0.85045977
ver	0.85045977
jeun	0.85045977
conduit	0.85045977
géner	0.85045977
disposit	0.85045977
souhait	0.86000509
publiqu	0.86000509
toujour	0.86000509
trouv	0.86000509
initi	0.86000509
puisqu	0.86000509
concern	0.86000509
model	0.86000509
étap	0.86000509
élev	0.86000509
question	0.86000509
larg	0.86000509
recherch	0.86976492
déclar	0.86976492
président	0.86976492
mani	0.86976492
fili	0.86976492
apport	0.86976492
commun	0.86976492
capabl	0.86976492
quand	0.86976492
euros	0.86976492
strateg	0.86976492
inform	0.87974914
eau	0.87974914
réseau	0.87974914
régional	0.87974914
tant	0.88996831
contrôl	0.88996831
inra	0.88996831
complex	0.88996831
parm	0.88996831
bon	0.88996831
optimis	0.88996831
rend	0.88996831
ensuit	0.88996831
capac	0.88996831
pme	0.88996831
vitagor	0.88996831
évolu	0.88996831
éven	0.88996831
ailleur	0.90043374
création	0.90043374
biolog	0.90043374
chang	0.90043374
démarch	0.90043374
amélior	0.90043374
augment	0.90043374
réuss	0.90043374
matérial	0.90043374
essentiel	0.90043374
fond	0.90043374
futur	0.90043374
dirig	0.90043374
efficac	0.91115761
chercheur	0.91115761
public	0.91115761
regroup	0.91115761
extrêm	0.91115761
meilleur	0.91115761
consomm	0.91115761
échang	0.91115761
somm	0.91115761
mar	0.91115761
relat	0.91115761
ayant	0.91115761
societ	0.91115761
fabriqu	0.92215299
ici	0.92215299
climat	0.92215299
conférent	0.92215299
selon	0.92215299
condit	0.92215299
produir	0.92215299
sit	0.92215299
global	0.92215299
intérêt	0.92215299
perform	0.92215299
accompagn	0.92215299
majeur	0.92215299
décid	0.92215299
avait	0.93343400
rencontr	0.93343400
conçu	0.93343400
souvent	0.93343400
début	0.93343400
spécial	0.93343400
labellis	0.93343400
comment	0.93343400
assur	0.93343400
fruit	0.93343400
rôl	0.93343400
homm	0.93343400
limit	0.94501588
coeur	0.94501588
def	0.94501588
lesquel	0.94501588
co	0.94501588
effectu	0.94501588
expérient	0.94501588
récent	0.94501588
conséquent	0.94501588
échel	0.94501588
charg	0.94501588
pris	0.94501588
mission	0.94501588
professeur	0.94501588
octobr	0.94501588
r	0.94501588
original	0.95691510
risqu	0.95691510
concevoir	0.95691510
pratiqu	0.95691510
problem	0.95691510
proced	0.95691510
difficil	0.95691510
méthod	0.95691510
baptis	0.95691510
répondr	0.95691510
puis	0.96914956
social	0.96914956
auquel	0.96914956
professionnel	0.96914956
comport	0.96914956
heur	0.96914956
sud	0.96914956
chacun	0.96914956
avanc	0.96914956
émergent	0.96914956
imag	0.98173868
découvert	0.98173868
permettent	0.98173868
durabl	0.98173868
parl	0.98173868
quotidien	0.98173868
détect	0.98173868
entraîn	0.98173868
traver	0.98173868
alimentair	0.98173868
imagin	0.98173868
unis	0.99470366
sujet	0.99470366
nécessit	0.99470366
suit	0.99470366
cellul	0.99470366
approch	0.99470366
suiv	0.99470366
prendr	0.99470366
action	0.99470366
surfac	0.99470366
cert	0.99470366
compétent	0.99470366
dédi	0.99470366
offre	0.99470366
abord	1.00806762
auxquel	1.00806762
potentiel	1.00806762
je	1.00806762
gen	1.00806762
jam	1.00806762
popul	1.00806762
environnemental	1.00806762
sort	1.00806762
faibl	1.00806762
destin	1.00806762
lequel	1.00806762
molécul	1.00806762
conseil	1.00806762
intitul	1.00806762
issu	1.00806762
cinq	1.00806762
total	1.00806762
outr	1.00806762
centain	1.02185591
chim	1.02185591
pierr	1.02185591
janvi	1.02185591
quantit	1.02185591
taill	1.02185591
thémat	1.02185591
croissanc	1.02185591
spécialis	1.02185591
simpl	1.02185591
état	1.02185591
dizain	1.02185591
propriet	1.02185591
pouv	1.02185591
li	1.02185591
cour	1.02185591
quant	1.02185591
malad	1.02185591
local	1.02185591
invest	1.02185591
physiqu	1.03609635
plein	1.03609635
enthousiasm	1.03609635
delà	1.03609635
about	1.03609635
aur	1.03609635
départ	1.03609635
prix	1.03609635
fac	1.03609635
plan	1.03609635
sol	1.03609635
agenc	1.03609635
cultur	1.03609635
septembr	1.03609635
soutien	1.03609635
plateform	1.03609635
consider	1.03609635
situ	1.03609635
vu	1.05081960
mixt	1.05081960
nécess	1.05081960
identifi	1.05081960
phas	1.05081960
aven	1.05081960
numer	1.05081960
élément	1.05081960
consist	1.05081960
journ	1.05081960
constat	1.05081960
transport	1.05081960
dijon	1.05081960
viennent	1.05081960
dout	1.05081960
deven	1.05081960
oeuvr	1.06605957
parven	1.06605957
up	1.06605957
ressourc	1.06605957
expert	1.06605957
impact	1.06605957
pilot	1.06605957
academ	1.06605957
eux	1.06605957
terr	1.06605957
contribu	1.06605957
espac	1.06605957
possibil	1.06605957
goût	1.06605957
processus	1.06605957
revu	1.06605957
raison	1.06605957
parc	1.06605957
interact	1.06605957
décembr	1.06605957
déroul	1.06605957
écol	1.08185384
univers	1.08185384
effet	1.08185384
valid	1.08185384
coordon	1.08185384
lead	1.08185384
brevet	1.08185384
aller	1.08185384
coût	1.08185384
signif	1.08185384
propr	1.08185384
répons	1.08185384
bourgogn	1.08185384
lyon	1.08185384
cooper	1.08185384
ore	1.08185384
complet	1.08185384
forc	1.08185384
évalu	1.08185384
central	1.08185384
appui	1.08185384
demand	1.08185384
sign	1.08185384
vingtain	1.08185384
envisag	1.08185384
obten	1.09824425
sourc	1.09824425
caractéris	1.09824425
émerg	1.09824425
américain	1.09824425
davantag	1.09824425
maîtris	1.09824425
contact	1.09824425
parfait	1.09824425
transfert	1.09824425
doit	1.09824425
facil	1.09824425
bénéfici	1.09824425
néanmoin	1.09824425
patient	1.09824425
polit	1.09824425
nord	1.09824425
jou	1.09824425
accueil	1.09824425
juin	1.09824425
bât	1.09824425
méti	1.11527759
découvr	1.11527759
solid	1.11527759
origin	1.11527759
quatr	1.11527759
oper	1.11527759
évoqu	1.11527759
aupres	1.11527759
explor	1.11527759
franch	1.11527759
réel	1.11527759
agroalimentair	1.11527759
sembl	1.11527759
capital	1.11527759
commercialis	1.11527759
électr	1.11527759
trop	1.11527759
demain	1.11527759
of	1.11527759
communaut	1.11527759
diplôm	1.11527759
lien	1.11527759
ven	1.13300636
aéronaut	1.13300636
rapport	1.13300636
mainten	1.13300636
membr	1.13300636
démonstr	1.13300636
implant	1.13300636
simul	1.13300636
attent	1.13300636
mod	1.13300636
font	1.13300636
obtenu	1.13300636
cibl	1.13300636
natur	1.13300636
jean	1.13300636
aucun	1.13300636
contr	1.13300636
arriv	1.13300636
bord	1.13300636
quas	1.13300636
tabl	1.13300636
start	1.15148976
avril	1.15148976
électron	1.15148976
territoir	1.15148976
horizon	1.15148976
décen	1.15148976
relev	1.15148976
cycl	1.15148976
accord	1.15148976
végétal	1.15148976
valoris	1.15148976
toulous	1.15148976
grenobl	1.15148976
final	1.15148976
chimiqu	1.15148976
dix	1.15148976
continu	1.15148976
pens	1.15148976
médical	1.15148976
confront	1.15148976
classiqu	1.15148976
situat	1.15148976
diminu	1.15148976
températur	1.15148976
c	1.15148976
perspect	1.15148976
universitair	1.15148976
ouvrag	1.15148976
accéler	1.15148976
troisiem	1.15148976
dynam	1.15148976
spatial	1.15148976
exploit	1.15148976
opportun	1.15148976
vrai	1.17079492
plant	1.17079492
fix	1.17079492
disponibl	1.17079492
modifi	1.17079492
pourquoi	1.17079492
localis	1.17079492
divers	1.17079492
succes	1.17079492
étaient	1.17079492
longtemp	1.17079492
atteint	1.17079492
moléculair	1.17079492
initial	1.17079492
livr	1.17079492
pos	1.17079492
quinzain	1.17079492
conduir	1.17079492
car	1.17079492
ingénier	1.17079492
expertis	1.17079492
né	1.17079492
présenc	1.17079492
usag	1.17079492
clé	1.19099831
instrument	1.19099831
réput	1.19099831
fondamental	1.19099831
févri	1.19099831
milliard	1.19099831
enjeux	1.19099831
chois	1.19099831
caractérist	1.19099831
class	1.19099831
réflexion	1.19099831
ouvr	1.19099831
problémat	1.19099831
opérationnel	1.19099831
réduir	1.19099831
essai	1.19099831
phénomen	1.19099831
vision	1.19099831
inscrit	1.19099831
pet	1.19099831
occup	1.19099831
lâch	1.19099831
avaient	1.19099831
tour	1.19099831
reçu	1.19099831
assist	1.19099831
atout	1.19099831
terrain	1.21218760
micro	1.21218760
poursuit	1.21218760
milieu	1.21218760
mer	1.21218760
histoir	1.21218760
mobil	1.21218760
réun	1.21218760
concentr	1.21218760
lauréat	1.21218760
japon	1.21218760
chaîn	1.21218760
exceptionnel	1.21218760
thes	1.21218760
apparaît	1.21218760
obtenus	1.21218760
metr	1.21218760
connaîtr	1.21218760
espec	1.21218760
animal	1.21218760
lieu	1.21218760
agiss	1.21218760
commercial	1.21218760
décis	1.21218760
officiel	1.21218760
travaillent	1.21218760
lign	1.21218760
aspect	1.21218760
novembr	1.21218760
défin	1.21218760
agricultur	1.21218760
sécur	1.21218760
résist	1.21218760
avion	1.21218760
construct	1.21218760
tard	1.21218760
longu	1.21218760
ambit	1.21218760
précédent	1.21218760
inaugur	1.21218760
concour	1.21218760
médecin	1.23446400
moment	1.23446400
retrouv	1.23446400
champ	1.23446400
excellent	1.23446400
garant	1.23446400
disciplin	1.23446400
fil	1.23446400
informat	1.23446400
proch	1.23446400
collègu	1.23446400
cess	1.23446400
renferm	1.23446400
énerget	1.23446400
présentent	1.23446400
rassembl	1.23446400
contraint	1.23446400
parfois	1.23446400
composit	1.23446400
prépar	1.23446400
orient	1.23446400
autonom	1.23446400
client	1.23446400
pourront	1.23446400
appareil	1.23446400
intelligent	1.23446400
colloqu	1.23446400
partag	1.23446400
acquis	1.23446400
fourn	1.23446400
moteur	1.23446400
cliniqu	1.23446400
consacr	1.23446400
dot	1.23446400
chef	1.23446400
éton	1.23446400
ancien	1.23446400
équivalent	1.23446400
polytechn	1.23446400
ger	1.23446400
renouvel	1.23446400
rond	1.23446400
ère	1.23446400
vari	1.25794509
carri	1.25794509
vit	1.25794509
ai	1.25794509
saint	1.25794509
fondateur	1.25794509
indispens	1.25794509
priv	1.25794509
montpelli	1.25794509
lumi	1.25794509
in	1.25794509
aver	1.25794509
intérieur	1.25794509
conserv	1.25794509
nano	1.25794509
voi	1.25794509
salon	1.25794509
air	1.25794509
logiciel	1.25794509
cart	1.25794509
cas	1.25794509
posit	1.25794509
protéin	1.25794509
er	1.25794509
preuv	1.25794509
mont	1.25794509
nutrit	1.25794509
représentent	1.25794509
annonc	1.25794509
expos	1.25794509
passag	1.25794509
financi	1.25794509
gestion	1.25794509
affair	1.25794509
art	1.25794509
minister	1.25794509
m	1.25794509
distanc	1.25794509
etud	1.25794509
poursuivr	1.25794509
marqu	1.28276868
aventur	1.28276868
emblé	1.28276868
vill	1.28276868
acces	1.28276868
nourr	1.28276868
prototyp	1.28276868
expériment	1.28276868
promet	1.28276868
modélis	1.28276868
évit	1.28276868
doivent	1.28276868
complémentair	1.28276868
élabor	1.28276868
sensoriel	1.28276868
inserm	1.28276868
démontr	1.28276868
expérimental	1.28276868
diffus	1.28276868
position	1.28276868
object	1.28276868
retour	1.28276868
volont	1.28276868
multipl	1.28276868
féder	1.28276868
ordre	1.28276868
surtout	1.28276868
enfant	1.28276868
dress	1.28276868
facteur	1.28276868
tendanc	1.28276868
ruptur	1.28276868
viv	1.28276868
rendu	1.28276868
plat	1.28276868
enti	1.28276868
choix	1.28276868
civil	1.28276868
préoccup	1.28276868
résolu	1.28276868
post	1.28276868
zon	1.28276868
regard	1.28276868
atteindr	1.28276868
congres	1.28276868
isol	1.30909762
cherch	1.30909762
conclut	1.30909762
préserv	1.30909762
respect	1.30909762
permettront	1.30909762
sait	1.30909762
robot	1.30909762
pren	1.30909762
difficult	1.30909762
pend	1.30909762
nom	1.30909762
cerveau	1.30909762
compar	1.30909762
microscop	1.30909762
agricol	1.30909762
ile	1.30909762
soient	1.30909762
réflech	1.30909762
étrang	1.30909762
fait	1.30909762
mot	1.30909762
pourt	1.30909762
dimens	1.30909762
tiendr	1.30909762
couvr	1.30909762
hôpital	1.30909762
and	1.30909762
profond	1.30909762
compréhens	1.30909762
dev	1.30909762
contrat	1.30909762
prévent	1.30909762
coup	1.30909762
tient	1.30909762
duquel	1.30909762
immens	1.30909762
satellit	1.30909762
prospect	1.30909762
km	1.30909762
répart	1.30909762
valeur	1.30909762
siecl	1.30909762
abrit	1.30909762
articul	1.30909762
michel	1.30909762
suivr	1.30909762
transform	1.33712634
âgé	1.33712634
onde	1.33712634
physicien	1.33712634
agir	1.33712634
existent	1.33712634
détermin	1.33712634
fonctionnel	1.33712634
issus	1.33712634
physiolog	1.33712634
comt	1.33712634
appréhend	1.33712634
bordeau	1.33712634
puiss	1.33712634
transfer	1.33712634
allait	1.33712634
devenu	1.33712634
répond	1.33712634
diagnostic	1.33712634
renforc	1.33712634
challeng	1.33712634
pédagog	1.33712634
solair	1.33712634
construit	1.33712634
train	1.33712634
patholog	1.33712634
touch	1.33712634
trentain	1.33712634
débat	1.33712634
revanch	1.33712634
mouv	1.33712634
nucléair	1.33712634
intens	1.33712634
dispens	1.33712634
mai	1.33712634
mid	1.33712634
minut	1.33712634
min	1.33712634
particul	1.33712634
juillet	1.33712634
lev	1.33712634
paristech	1.36708956
fameux	1.36708956
vert	1.36708956
bel	1.36708956
upmc	1.36708956
échantillon	1.36708956
imager	1.36708956
constituent	1.36708956
aménag	1.36708956
me	1.36708956
éventuel	1.36708956
avantag	1.36708956
carbon	1.36708956
anr	1.36708956
pist	1.36708956
machin	1.36708956
disposent	1.36708956
plupart	1.36708956
coordin	1.36708956
quatriem	1.36708956
modif	1.36708956
permanent	1.36708956
actif	1.36708956
apprentissag	1.36708956
médic	1.36708956
possed	1.36708956
annuel	1.36708956
adhérent	1.36708956
souhaitent	1.36708956
su	1.36708956
industrialis	1.36708956
vitess	1.36708956
assez	1.36708956
prometteur	1.36708956
serv	1.36708956
ouvert	1.36708956
accept	1.36708956
attendus	1.36708956
dat	1.36708956
connu	1.36708956
atmospher	1.36708956
parcour	1.36708956
confirm	1.36708956
mal	1.36708956
sélection	1.36708956
achev	1.36708956
axe	1.36708956
campus	1.36708956
nutritionnel	1.36708956
semain	1.36708956
thérapeut	1.36708956
forum	1.36708956
european	1.36708956
surveil	1.36708956
soutenu	1.36708956
entré	1.36708956
manag	1.36708956
référent	1.36708956
ateli	1.36708956
chiffr	1.36708956
automobil	1.36708956
normal	1.36708956
sub	1.36708956
sall	1.36708956
océan	1.36708956
univer	1.36708956
puissanc	1.36708956
emplois	1.36708956
passion	1.36708956
met	1.39927425
pouss	1.39927425
optiqu	1.39927425
ministr	1.39927425
écolog	1.39927425
marin	1.39927425
planet	1.39927425
loin	1.39927425
recrut	1.39927425
déplac	1.39927425
allon	1.39927425
gaz	1.39927425
dépos	1.39927425
visibl	1.39927425
militair	1.39927425
combin	1.39927425
variabl	1.39927425
biotechnolog	1.39927425
sensibl	1.39927425
synthes	1.39927425
exclus	1.39927425
intéressent	1.39927425
alpe	1.39927425
visit	1.39927425
convent	1.39927425
étranger	1.39927425
profil	1.39927425
conçus	1.39927425
proven	1.39927425
falloir	1.39927425
distribu	1.39927425
main	1.39927425
périod	1.39927425
bientôt	1.39927425
for	1.39927425
nanometr	1.39927425
facilit	1.39927425
démarr	1.39927425
engag	1.39927425
chair	1.39927425
vieil	1.39927425
lutt	1.39927425
créateur	1.39927425
philipp	1.39927425
eu	1.39927425
famill	1.39927425
connaît	1.39927425
not	1.39927425
vol	1.39927425
genr	1.39927425
liquid	1.39927425
chin	1.39927425
allemagn	1.39927425
aussitôt	1.39927425
vent	1.39927425
rout	1.39927425
illustr	1.39927425
suis	1.39927425
entrer	1.39927425
réduct	1.39927425
prévu	1.39927425
administr	1.39927425
anim	1.39927425
favoris	1.39927425
toxiqu	1.39927425
infrastructur	1.39927425
exercic	1.39927425
têt	1.39927425
remarqu	1.43403635
âge	1.43403635
particular	1.43403635
compr	1.43403635
biodivers	1.43403635
fondat	1.43403635
vingt	1.43403635
récompens	1.43403635
exposit	1.43403635
ajouton	1.43403635
interfac	1.43403635
util	1.43403635
énorm	1.43403635
lorsqu	1.43403635
plastiqu	1.43403635
cartograph	1.43403635
modul	1.43403635
architectur	1.43403635
gamm	1.43403635
bénéfic	1.43403635
fais	1.43403635
desquel	1.43403635
altern	1.43403635
accroîtr	1.43403635
manipul	1.43403635
signal	1.43403635
moiti	1.43403635
tenu	1.43403635
afriqu	1.43403635
doubl	1.43403635
thermiqu	1.43403635
fui	1.43403635
interministériel	1.43403635
pert	1.43403635
suff	1.43403635
prestigi	1.43403635
reconnaît	1.43403635
entam	1.43403635
deuxiem	1.43403635
roug	1.43403635
cne	1.43403635
personnel	1.43403635
kg	1.43403635
russ	1.43403635
émiss	1.43403635
matériau	1.43403635
marseil	1.43403635
rich	1.43403635
rar	1.43403635
bernard	1.43403635
réalit	1.43403635
but	1.43403635
repos	1.43403635
investisseur	1.43403635
rien	1.43403635
reconnaiss	1.43403635
calcul	1.43403635
design	1.43403635
françois	1.47182491
focalis	1.47182491
enregistr	1.47182491
corp	1.47182491
médaill	1.47182491
croir	1.47182491
décern	1.47182491
mobilis	1.47182491
puissent	1.47182491
sen	1.47182491
contrair	1.47182491
cohérent	1.47182491
extérieur	1.47182491
participent	1.47182491
capteur	1.47182491
caus	1.47182491
qualifi	1.47182491
traditionnel	1.47182491
rayon	1.47182491
génom	1.47182491
embarqu	1.47182491
concurrent	1.47182491
défens	1.47182491
chambr	1.47182491
thierry	1.47182491
court	1.47182491
dépôt	1.47182491
cec	1.47182491
axé	1.47182491
rendr	1.47182491
restent	1.47182491
assemblag	1.47182491
génet	1.47182491
cosmet	1.47182491
econom	1.47182491
titr	1.47182491
auteur	1.47182491
reconnu	1.47182491
crois	1.47182491
mast	1.47182491
amer	1.47182491
essais	1.47182491
cur	1.47182491
entier	1.47182491
them	1.47182491
dû	1.47182491
franco	1.47182491
bass	1.47182491
offrir	1.47182491
océanograph	1.47182491
espagn	1.47182491
venus	1.47182491
droit	1.47182491
umr	1.47182491
ouvertur	1.47182491
serr	1.47182491
suscit	1.47182491
automn	1.47182491
correspond	1.47182491
amen	1.47182491
dijonnais	1.47182491
femm	1.47182491
las	1.47182491
tourn	1.47182491
canc	1.47182491
plutôt	1.47182491
polymer	1.47182491
devient	1.47182491
rapproch	1.51321760
parvenus	1.51321760
laiss	1.51321760
envoi	1.51321760
ma	1.51321760
humour	1.51321760
etc	1.51321760
réussit	1.51321760
géograph	1.51321760
théoriqu	1.51321760
mon	1.51321760
filial	1.51321760
bacter	1.51321760
interven	1.51321760
mémoir	1.51321760
dispers	1.51321760
transmiss	1.51321760
fiabl	1.51321760
réduit	1.51321760
construir	1.51321760
effect	1.51321760
success	1.51321760
ton	1.51321760
aquitain	1.51321760
infraroug	1.51321760
pharmaceut	1.51321760
diver	1.51321760
vic	1.51321760
inde	1.51321760
commerc	1.51321760
proteg	1.51321760
un	1.51321760
chos	1.51321760
naissanc	1.51321760
cod	1.51321760
métabol	1.51321760
the	1.51321760
stabl	1.51321760
organisent	1.51321760
exig	1.51321760
bi	1.51321760
docteur	1.51321760
visualis	1.51321760
flux	1.51321760
combustibl	1.51321760
allez	1.51321760
héberg	1.51321760
research	1.51321760
membran	1.51321760
circul	1.51321760
séver	1.51321760
b	1.51321760
définit	1.51321760
sélect	1.51321760
interrog	1.51321760
coupl	1.51321760
cours	1.51321760
histor	1.51321760
forêt	1.51321760
promot	1.51321760
présid	1.51321760
producteur	1.51321760
stock	1.51321760
phar	1.51321760
laurent	1.51321760
entrepreneur	1.51321760
sein	1.51321760
oblig	1.51321760
accessibl	1.51321760
matériel	1.51321760
sanitair	1.51321760
tech	1.51321760
verr	1.51321760
ingrédient	1.51321760
asi	1.51321760
suffis	1.51321760
e	1.51321760
poid	1.51321760
encourag	1.51321760
just	1.51321760
technology	1.51321760
articl	1.51321760
anticip	1.51321760
longueur	1.51321760
microorgan	1.51321760
microbiolog	1.51321760
propag	1.51321760
automat	1.51321760
consortium	1.51321760
observatoir	1.51321760
urbain	1.51321760
six	1.51321760
pression	1.51321760
piec	1.55897509
chanc	1.55897509
télécommun	1.55897509
prec	1.55897509
déploi	1.55897509
mathémat	1.55897509
allianc	1.55897509
usin	1.55897509
écosystem	1.55897509
contenu	1.55897509
auront	1.55897509
ident	1.55897509
agent	1.55897509
lieux	1.55897509
major	1.55897509
acid	1.55897509
saclay	1.55897509
x	1.55897509
s	1.55897509
régul	1.55897509
intervent	1.55897509
individuel	1.55897509
pes	1.55897509
provenc	1.55897509
pertinent	1.55897509
souhaiton	1.55897509
esprit	1.55897509
protect	1.55897509
ambiti	1.55897509
couch	1.55897509
camer	1.55897509
directric	1.55897509
volet	1.55897509
sucr	1.55897509
éduc	1.55897509
csga	1.55897509
manqu	1.55897509
août	1.55897509
magnet	1.55897509
union	1.55897509
urgent	1.55897509
réag	1.55897509
gérard	1.55897509
extraordinair	1.55897509
doctorat	1.55897509
cursus	1.55897509
allemand	1.55897509
affect	1.55897509
sain	1.55897509
pré	1.55897509
chu	1.55897509
alzheim	1.55897509
mass	1.55897509
réaction	1.55897509
attendu	1.55897509
récepteur	1.55897509
pionni	1.55897509
anti	1.55897509
plais	1.55897509
hésit	1.55897509
célebr	1.55897509
intern	1.55897509
orbit	1.55897509
indien	1.55897509
conjoint	1.55897509
thal	1.55897509
command	1.55897509
effort	1.55897509
lourd	1.55897509
atom	1.55897509
belgiqu	1.55897509
artificiel	1.55897509
invit	1.55897509
stockag	1.55897509
except	1.55897509
parametr	1.55897509
remplac	1.55897509
réguli	1.55897509
banqu	1.55897509
absenc	1.55897509
devoir	1.55897509
prévoit	1.55897509
aix	1.55897509
rhôn	1.55897509
vocat	1.55897509
sach	1.55897509
claud	1.55897509
acquer	1.55897509
milieux	1.55897509
energ	1.55897509
sépar	1.55897509
ferm	1.55897509
profit	1.55897509
inspir	1.55897509
bureau	1.55897509
réacteur	1.55897509
comprend	1.55897509
percept	1.55897509
princip	1.55897509
carbur	1.55897509
discuss	1.55897509
maîtr	1.55897509
travaillon	1.55897509
tir	1.55897509
multitud	1.55897509
enrich	1.55897509
jacqu	1.61012761
rem	1.61012761
fall	1.61012761
acoust	1.61012761
développent	1.61012761
cirad	1.61012761
human	1.61012761
ird	1.61012761
poisson	1.61012761
inri	1.61012761
exigent	1.61012761
influenc	1.61012761
fouri	1.61012761
joseph	1.61012761
azot	1.61012761
oeil	1.61012761
support	1.61012761
recommand	1.61012761
conten	1.61012761
extract	1.61012761
appellent	1.61012761
suppos	1.61012761
introduit	1.61012761
nanotechnolog	1.61012761
diametr	1.61012761
variet	1.61012761
huil	1.61012761
presqu	1.61012761
matur	1.61012761
cultiv	1.61012761
indépend	1.61012761
progres	1.61012761
affich	1.61012761
capt	1.61012761
clust	1.61012761
bretagn	1.61012761
armé	1.61012761
regl	1.61012761
travers	1.61012761
scénarios	1.61012761
sûr	1.61012761
étroit	1.61012761
péripher	1.61012761
gros	1.61012761
nerveux	1.61012761
strasbourg	1.61012761
inférieur	1.61012761
troubl	1.61012761
budget	1.61012761
faudr	1.61012761
mélang	1.61012761
textur	1.61012761
film	1.61012761
citoyen	1.61012761
sinon	1.61012761
p	1.61012761
équilibr	1.61012761
satisfact	1.61012761
formid	1.61012761
seb	1.61012761
stress	1.61012761
chemin	1.61012761
arrêt	1.61012761
jeu	1.61012761
sond	1.61012761
sour	1.61012761
liber	1.61012761
campagn	1.61012761
critiqu	1.61012761
compagn	1.61012761
comit	1.61012761
chaleur	1.61012761
fronti	1.61012761
infect	1.61012761
lir	1.61012761
cris	1.61012761
prévis	1.61012761
météorolog	1.61012761
fréquent	1.61012761
fréquenc	1.61012761
délivr	1.61012761
anten	1.61012761
automatis	1.61012761
loir	1.61012761
emploi	1.61012761
continent	1.61012761
roussillon	1.61012761
languedoc	1.61012761
sociétal	1.61012761
fluid	1.61012761
métal	1.61012761
loisir	1.61012761
ordin	1.61012761
vulner	1.61012761
culturel	1.61012761
concret	1.61012761
manifest	1.61012761
lou	1.61012761
vign	1.61012761
favor	1.61012761
incontourn	1.61012761
invent	1.61012761
numéro	1.61012761
véhicul	1.61012761
fibr	1.61012761
gouvern	1.61012761
éolien	1.61012761
inp	1.61012761
propuls	1.61012761
nanoparticul	1.61012761
conclus	1.61012761
pilotag	1.61012761
réalisent	1.61012761
une	1.61012761
rentr	1.61012761
deb	1.61012761
voyag	1.61012761
ital	1.61012761
pharmac	1.61012761
utilisent	1.61012761
visiteur	1.61012761
tôt	1.61012761
poch	1.61012761
ouest	1.61012761
milli	1.61012761
créativ	1.61012761
virtuel	1.61012761
tâch	1.61012761
conçoit	1.61012761
pyren	1.61012761
idéal	1.61012761
nant	1.61012761
session	1.61012761
termin	1.61012761
senior	1.61012761
nobel	1.66811956
invers	1.66811956
qualif	1.66811956
attribu	1.66811956
époqu	1.66811956
météo	1.66811956
croiss	1.66811956
devront	1.66811956
transit	1.66811956
vivr	1.66811956
recet	1.66811956
conducteur	1.66811956
algu	1.66811956
soleil	1.66811956
concernent	1.66811956
méditerran	1.66811956
internet	1.66811956
intermédiair	1.66811956
pascal	1.66811956
feuill	1.66811956
réchauff	1.66811956
arbre	1.66811956
poursuivent	1.66811956
dos	1.66811956
fabric	1.66811956
délégu	1.66811956
sollicit	1.66811956
briqu	1.66811956
synthétis	1.66811956
auto	1.66811956
allant	1.66811956
géometr	1.66811956
teneur	1.66811956
assoc	1.66811956
croîtr	1.66811956
salari	1.66811956
rejoindr	1.66811956
étion	1.66811956
armement	1.66811956
institu	1.66811956
minc	1.66811956
connect	1.66811956
coûteux	1.66811956
loi	1.66811956
motif	1.66811956
catégor	1.66811956
rep	1.66811956
arôm	1.66811956
parent	1.66811956
domicil	1.66811956
bilan	1.66811956
cérébral	1.66811956
apportent	1.66811956
cognit	1.66811956
food	1.66811956
volum	1.66811956
témoignag	1.66811956
impos	1.66811956
prolong	1.66811956
bout	1.66811956
régim	1.66811956
combien	1.66811956
agronom	1.66811956
ni	1.66811956
satisfait	1.66811956
agroparistech	1.66811956
combinaison	1.66811956
bruit	1.66811956
airbus	1.66811956
compl	1.66811956
nutr	1.66811956
oséo	1.66811956
neurodégéner	1.66811956
induit	1.66811956
lésion	1.66811956
destruct	1.66811956
restaur	1.66811956
electron	1.66811956
fiert	1.66811956
logiqu	1.66811956
médi	1.66811956
per	1.66811956
regret	1.66811956
bruno	1.66811956
théor	1.66811956
edit	1.66811956
disposon	1.66811956
erreur	1.66811956
venu	1.66811956
radiat	1.66811956
humid	1.66811956
h	1.66811956
émis	1.66811956
densit	1.66811956
du	1.66811956
soixantain	1.66811956
rejoint	1.66811956
souh	1.66811956
acquisit	1.66811956
révolu	1.66811956
olivi	1.66811956
chinois	1.66811956
en	1.66811956
neuf	1.66811956
esquiss	1.66811956
sem	1.66811956
couleur	1.66811956
tent	1.66811956
légitim	1.66811956
emblémat	1.66811956
traduit	1.66811956
égal	1.66811956
bouch	1.66811956
paul	1.66811956
vin	1.66811956
cinquiem	1.66811956
pollu	1.66811956
dériv	1.66811956
ralent	1.66811956
retard	1.66811956
stag	1.66811956
record	1.66811956
fer	1.66811956
fut	1.66811956
photovoltaïqu	1.66811956
i	1.66811956
arrivent	1.66811956
réglement	1.66811956
diversifi	1.66811956
occidental	1.66811956
bio	1.66811956
écran	1.66811956
miniaturis	1.66811956
allé	1.66811956
formul	1.66811956
réflex	1.66811956
bateau	1.66811956
salin	1.66811956
navig	1.66811956
privilégi	1.66811956
schem	1.66811956
pénetr	1.66811956
attach	1.66811956
pur	1.66811956
esa	1.66811956
concepteur	1.66811956
cm	1.66811956
biom	1.66811956
bactérien	1.66811956
explos	1.66811956
retenu	1.66811956
sophistiqu	1.66811956
doctor	1.66811956
canad	1.66811956
aviat	1.66811956
kilometr	1.66811956
oubli	1.66811956
prend	1.66811956
diagnostiqu	1.66811956
envergur	1.66811956
christoph	1.66811956
content	1.66811956
safran	1.66811956
agrosup	1.66811956
obstacl	1.66811956
beau	1.66811956
odeur	1.66811956
criter	1.66811956
cap	1.66811956
incub	1.66811956
redress	1.66811956
canal	1.66811956
derri	1.73506635
mult	1.73506635
incident	1.73506635
prêt	1.73506635
montagn	1.73506635
parcouru	1.73506635
ifrem	1.73506635
étendu	1.73506635
physico	1.73506635
introduct	1.73506635
rel	1.73506635
robotic	1.73506635
biocarbur	1.73506635
moindr	1.73506635
messag	1.73506635
téléphon	1.73506635
edf	1.73506635
veil	1.73506635
protocol	1.73506635
constructeur	1.73506635
grain	1.73506635
hauteur	1.73506635
structural	1.73506635
ecolog	1.73506635
minéral	1.73506635
cent	1.73506635
extrait	1.73506635
eric	1.73506635
lait	1.73506635
renferment	1.73506635
neuron	1.73506635
spontan	1.73506635
condition	1.73506635
variat	1.73506635
synchrotron	1.73506635
identif	1.73506635
hectar	1.73506635
entit	1.73506635
nich	1.73506635
aérien	1.73506635
pac	1.73506635
portent	1.73506635
silicium	1.73506635
puc	1.73506635
circuit	1.73506635
const	1.73506635
commiss	1.73506635
angleterr	1.73506635
légum	1.73506635
sel	1.73506635
occurrent	1.73506635
précoc	1.73506635
porteur	1.73506635
cellulair	1.73506635
emballag	1.73506635
refroid	1.73506635
mill	1.73506635
nécessitent	1.73506635
envi	1.73506635
scénario	1.73506635
connaissent	1.73506635
sécheress	1.73506635
pein	1.73506635
lecteur	1.73506635
réalist	1.73506635
achat	1.73506635
habit	1.73506635
nomm	1.73506635
handicap	1.73506635
substanc	1.73506635
lipid	1.73506635
captur	1.73506635
léger	1.73506635
négat	1.73506635
prélev	1.73506635
urgenc	1.73506635
sang	1.73506635
hospitali	1.73506635
toutefois	1.73506635
taux	1.73506635
bêt	1.73506635
perturb	1.73506635
greff	1.73506635
journal	1.73506635
décideur	1.73506635
synerg	1.73506635
photothequ	1.73506635
remis	1.73506635
champignon	1.73506635
empêch	1.73506635
jul	1.73506635
philosoph	1.73506635
mettent	1.73506635
pied	1.73506635
band	1.73506635
glac	1.73506635
robust	1.73506635
altitud	1.73506635
clair	1.73506635
vertical	1.73506635
continental	1.73506635
transvers	1.73506635
adress	1.73506635
confi	1.73506635
sieg	1.73506635
val	1.73506635
institutionnel	1.73506635
bac	1.73506635
organolept	1.73506635
foul	1.73506635
gagn	1.73506635
ii	1.73506635
tradit	1.73506635
posent	1.73506635
tableau	1.73506635
mathématicien	1.73506635
quitt	1.73506635
cardiovasculair	1.73506635
charl	1.73506635
dépend	1.73506635
agro	1.73506635
bourguignon	1.73506635
démarrag	1.73506635
adopt	1.73506635
rével	1.73506635
réactiv	1.73506635
foresti	1.73506635
résoudr	1.73506635
branch	1.73506635
séminair	1.73506635
enjeu	1.73506635
fed	1.73506635
promouvoir	1.73506635
pathogen	1.73506635
témoin	1.73506635
douzain	1.73506635
oxyd	1.73506635
guyan	1.73506635
toler	1.73506635
détecteur	1.73506635
suiss	1.73506635
orsay	1.73506635
consult	1.73506635
acced	1.73506635
reconnaîtr	1.73506635
recour	1.73506635
soulignon	1.73506635
souffr	1.73506635
gauch	1.73506635
oxygen	1.73506635
printemp	1.73506635
inject	1.73506635
massiv	1.73506635
territorial	1.73506635
marketing	1.73506635
traduir	1.73506635
maritim	1.73506635
fragil	1.73506635
méthodolog	1.73506635
intestinal	1.73506635
educ	1.73506635
pal	1.73506635
matin	1.73506635
new	1.73506635
iii	1.73506635
éventail	1.73506635
fluorescent	1.73506635
préalabl	1.73506635
hypothes	1.73506635
christian	1.73506635
proxim	1.73506635
couvert	1.73506635
voit	1.73506635
dens	1.73506635
boucl	1.73506635
carnot	1.73506635
partner	1.73506635
dep	1.73506635
vibrat	1.73506635
africain	1.73506635
convaincu	1.73506635
quoi	1.73506635
list	1.73506635
jet	1.73506635
dron	1.73506635
textil	1.73506635
lumin	1.73506635
soupl	1.73506635
imprim	1.73506635
expans	1.73506635
apte	1.73506635
targu	1.73506635
saveur	1.73506635
impress	1.73506635
promess	1.73506635
poursuiv	1.73506635
gustat	1.73506635
guid	1.73506635
partout	1.73506635
pont	1.73506635
cuisin	1.73506635
lab	1.73506635
digital	1.73506635
candidat	1.73506635
exemplair	1.73506635
distinct	1.81424760
geneviev	1.81424760
arnaud	1.81424760
georg	1.81424760
imper	1.81424760
débouch	1.81424760
diderot	1.81424760
concrétis	1.81424760
espci	1.81424760
gill	1.81424760
imageur	1.81424760
pluridisciplinar	1.81424760
endroit	1.81424760
technicien	1.81424760
individus	1.81424760
cemagref	1.81424760
agroécolog	1.81424760
assembl	1.81424760
microélectron	1.81424760
boît	1.81424760
bassin	1.81424760
déchet	1.81424760
proport	1.81424760
couplag	1.81424760
digest	1.81424760
pollut	1.81424760
del	1.81424760
vast	1.81424760
compatibl	1.81424760
rendent	1.81424760
savoi	1.81424760
var	1.81424760
fonctionnal	1.81424760
fournisseur	1.81424760
panoram	1.81424760
fromag	1.81424760
microbien	1.81424760
enzym	1.81424760
laiti	1.81424760
instant	1.81424760
vivo	1.81424760
cartographi	1.81424760
réorganis	1.81424760
mémoris	1.81424760
deviennent	1.81424760
vérif	1.81424760
nanomatérial	1.81424760
peptid	1.81424760
chaud	1.81424760
potential	1.81424760
accumul	1.81424760
inter	1.81424760
inédit	1.81424760
export	1.81424760
brésil	1.81424760
déleg	1.81424760
latin	1.81424760
embauch	1.81424760
couvrent	1.81424760
conscienc	1.81424760
signatur	1.81424760
terrestr	1.81424760
ressembl	1.81424760
peuplent	1.81424760
process	1.81424760
empil	1.81424760
let	1.81424760
photon	1.81424760
compren	1.81424760
mang	1.81424760
consomment	1.81424760
préférent	1.81424760
attract	1.81424760
fallu	1.81424760
pologn	1.81424760
anglais	1.81424760
descart	1.81424760
interag	1.81424760
défaut	1.81424760
froid	1.81424760
tub	1.81424760
bull	1.81424760
forment	1.81424760
micron	1.81424760
abond	1.81424760
remettr	1.81424760
couvertur	1.81424760
mérit	1.81424760
frapp	1.81424760
catastroph	1.81424760
habitud	1.81424760
écrit	1.81424760
satisfair	1.81424760
repris	1.81424760
pouvon	1.81424760
catalyseur	1.81424760
devon	1.81424760
veut	1.81424760
g	1.81424760
propriétair	1.81424760
marqueur	1.81424760
volontair	1.81424760
savon	1.81424760
obes	1.81424760
interdisciplinair	1.81424760
parisien	1.81424760
stad	1.81424760
produisent	1.81424760
leg	1.81424760
gravit	1.81424760
connus	1.81424760
compliqu	1.81424760
soin	1.81424760
amplifi	1.81424760
adn	1.81424760
fragment	1.81424760
diabet	1.81424760
tissus	1.81424760
reproduir	1.81424760
insect	1.81424760
bloqu	1.81424760
immunitair	1.81424760
appris	1.81424760
lyc	1.81424760
déclench	1.81424760
argent	1.81424760
épisod	1.81424760
coul	1.81424760
cit	1.81424760
boulevers	1.81424760
ros	1.81424760
spac	1.81424760
gp	1.81424760
version	1.81424760
bras	1.81424760
séism	1.81424760
statist	1.81424760
noyau	1.81424760
étoil	1.81424760
caen	1.81424760
spiral	1.81424760
priorit	1.81424760
rang	1.81424760
île	1.81424760
logist	1.81424760
marn	1.81424760
honneur	1.81424760
inévit	1.81424760
licenc	1.81424760
détient	1.81424760
adhes	1.81424760
extrair	1.81424760
doctoral	1.81424760
pag	1.81424760
field	1.81424760
détail	1.81424760
oh	1.81424760
efficient	1.81424760
blanc	1.81424760
parcel	1.81424760
amont	1.81424760
notion	1.81424760
comtois	1.81424760
minimum	1.81424760
catherin	1.81424760
immédiat	1.81424760
équat	1.81424760
lectur	1.81424760
profondeur	1.81424760
vétérinair	1.81424760
réserv	1.81424760
cadarach	1.81424760
maison	1.81424760
biochim	1.81424760
moder	1.81424760
lar	1.81424760
méditerranéen	1.81424760
retrait	1.81424760
vignobl	1.81424760
surv	1.81424760
pêch	1.81424760
similair	1.81424760
gobain	1.81424760
net	1.81424760
insa	1.81424760
noir	1.81424760
laser	1.81424760
levi	1.81424760
autorout	1.81424760
chirurg	1.81424760
titan	1.81424760
sécuris	1.81424760
recyclag	1.81424760
crucial	1.81424760
séquenc	1.81424760
modern	1.81424760
autoris	1.81424760
dossi	1.81424760
compact	1.81424760
vall	1.81424760
invas	1.81424760
rattach	1.81424760
séjour	1.81424760
félicit	1.81424760
ait	1.81424760
atlant	1.81424760
nicol	1.81424760
satisf	1.81424760
gis	1.81424760
affranch	1.81424760
panneau	1.81424760
bénéficient	1.81424760
montrent	1.81424760
empreint	1.81424760
renseign	1.81424760
récuper	1.81424760
parf	1.81424760
maquet	1.81424760
www	1.81424760
déplacent	1.81424760
simultan	1.81424760
lent	1.81424760
christin	1.81424760
osseux	1.81424760
austral	1.81424760
spin	1.81424760
sport	1.81424760
cancer	1.81424760
émet	1.81424760
écoul	1.81424760
flexibl	1.81424760
tri	1.81424760
golf	1.81424760
carr	1.81424760
alain	1.81424760
sérieux	1.81424760
élarg	1.81424760
homologu	1.81424760
ren	1.81424760
avez	1.81424760
moi	1.81424760
supplémentair	1.81424760
sais	1.81424760
lointain	1.81424760
télescop	1.81424760
dialogu	1.81424760
développeur	1.81424760
gross	1.81424760
ampleur	1.81424760
séduir	1.81424760
libr	1.81424760
ten	1.81424760
satisfais	1.81424760
opté	1.81424760
nou	1.81424760
pétroli	1.81424760
alter	1.81424760
réglementair	1.81424760
chirurgical	1.81424760
acte	1.81424760
avionneur	1.81424760
jeux	1.81424760
apprendr	1.81424760
cuisson	1.81424760
off	1.81424760
den	1.81424760
espoir	1.81424760
mus	1.81424760
obtent	1.81424760
poign	1.81424760
thérap	1.81424760
tunnel	1.81424760
atyp	1.81424760
émot	1.81424760
attaqu	1.81424760
convaincr	1.81424760
leader	1.81424760
cinquantain	1.81424760
silv	1.81424760
review	1.91115761
pratiquent	1.91115761
tumeur	1.91115761
détruir	1.91115761
temporel	1.91115761
mur	1.91115761
filtr	1.91115761
evalu	1.91115761
élan	1.91115761
atténu	1.91115761
agissent	1.91115761
créatif	1.91115761
méthanis	1.91115761
phosphat	1.91115761
rejet	1.91115761
absorb	1.91115761
ferrand	1.91115761
clermont	1.91115761
dépass	1.91115761
chercheux	1.91115761
degr	1.91115761
alpin	1.91115761
quantifi	1.91115761
infim	1.91115761
contient	1.91115761
survivr	1.91115761
obligatoir	1.91115761
tentent	1.91115761
intrinsequ	1.91115761
reçoivent	1.91115761
individu	1.91115761
prédir	1.91115761
nanotub	1.91115761
silic	1.91115761
substitu	1.91115761
correl	1.91115761
malgr	1.91115761
didact	1.91115761
dga	1.91115761
prétendr	1.91115761
azur	1.91115761
adher	1.91115761
gard	1.91115761
cepend	1.91115761
tpe	1.91115761
prouv	1.91115761
pixel	1.91115761
confort	1.91115761
découp	1.91115761
stand	1.91115761
grenoblois	1.91115761
tier	1.91115761
occupent	1.91115761
grec	1.91115761
diversif	1.91115761
épidémiolog	1.91115761
marc	1.91115761
mutat	1.91115761
anomal	1.91115761
energy	1.91115761
effondr	1.91115761
gras	1.91115761
synthet	1.91115761
neutron	1.91115761
stabilis	1.91115761
nic	1.91115761
envisagent	1.91115761
céréal	1.91115761
glob	1.91115761
paysag	1.91115761
scen	1.91115761
optim	1.91115761
norm	1.91115761
viand	1.91115761
rétrospect	1.91115761
master	1.91115761
plateau	1.91115761
socio	1.91115761
fusion	1.91115761
fermetur	1.91115761
plui	1.91115761
sensibil	1.91115761
pil	1.91115761
recueil	1.91115761
perdr	1.91115761
psycholog	1.91115761
alleg	1.91115761
cen	1.91115761
ébauch	1.91115761
préven	1.91115761
renomm	1.91115761
liaison	1.91115761
choc	1.91115761
victim	1.91115761
sanguin	1.91115761
adult	1.91115761
http	1.91115761
hasard	1.91115761
multipli	1.91115761
amplif	1.91115761
sensibilis	1.91115761
allerg	1.91115761
entrevoir	1.91115761
vaccin	1.91115761
cru	1.91115761
recul	1.91115761
stimul	1.91115761
provoqu	1.91115761
hor	1.91115761
révolution	1.91115761
souvient	1.91115761
préfer	1.91115761
colleg	1.91115761
rein	1.91115761
ceintur	1.91115761
sommet	1.91115761
précipit	1.91115761
vapeur	1.91115761
extens	1.91115761
décollag	1.91115761
donnent	1.91115761
lanceur	1.91115761
accroissement	1.91115761
tropical	1.91115761
dessus	1.91115761
emport	1.91115761
rémy	1.91115761
lill	1.91115761
poincar	1.91115761
chanti	1.91115761
colomb	1.91115761
tsunam	1.91115761
électromagnet	1.91115761
normand	1.91115761
portugal	1.91115761
italien	1.91115761
orléan	1.91115761
ventur	1.91115761
oliv	1.91115761
palet	1.91115761
soupless	1.91115761
californ	1.91115761
mari	1.91115761
holland	1.91115761
voitur	1.91115761
satellitair	1.91115761
equip	1.91115761
essayon	1.91115761
cédric	1.91115761
brill	1.91115761
henr	1.91115761
villan	1.91115761
arme	1.91115761
souch	1.91115761
hp	1.91115761
préclin	1.91115761
répar	1.91115761
ap	1.91115761
ivry	1.91115761
eco	1.91115761
technopôl	1.91115761
vérifi	1.91115761
figur	1.91115761
artem	1.91115761
four	1.91115761
éclairag	1.91115761
assimil	1.91115761
maximum	1.91115761
anger	1.91115761
cherchent	1.91115761
réservoir	1.91115761
divis	1.91115761
frein	1.91115761
entreprendr	1.91115761
déclin	1.91115761
contribuent	1.91115761
souten	1.91115761
microalgu	1.91115761
hydrogen	1.91115761
council	1.91115761
oiseau	1.91115761
prost	1.91115761
souffrent	1.91115761
barri	1.91115761
hauss	1.91115761
menac	1.91115761
radical	1.91115761
exerc	1.91115761
cristal	1.91115761
bours	1.91115761
offrent	1.91115761
micrometr	1.91115761
banc	1.91115761
impuls	1.91115761
palaiseau	1.91115761
puls	1.91115761
maximal	1.91115761
standard	1.91115761
frédéric	1.91115761
primair	1.91115761
fêt	1.91115761
correspondent	1.91115761
toulousain	1.91115761
peupl	1.91115761
poudr	1.91115761
brin	1.91115761
uvsq	1.91115761
dioxyd	1.91115761
grav	1.91115761
biomarqueur	1.91115761
neurologu	1.91115761
oculair	1.91115761
scolair	1.91115761
richard	1.91115761
approfond	1.91115761
gain	1.91115761
notoriet	1.91115761
voili	1.91115761
brest	1.91115761
mi	1.91115761
réglag	1.91115761
voil	1.91115761
configur	1.91115761
personnalis	1.91115761
prévoir	1.91115761
patric	1.91115761
préparatoir	1.91115761
baccalauréat	1.91115761
cérémon	1.91115761
domin	1.91115761
attend	1.91115761
entraînent	1.91115761
station	1.91115761
sûret	1.91115761
procédur	1.91115761
envisage	1.91115761
bataill	1.91115761
accru	1.91115761
stéphan	1.91115761
sabati	1.91115761
urbanis	1.91115761
tellur	1.91115761
servent	1.91115761
leurr	1.91115761
os	1.91115761
dégrad	1.91115761
architect	1.91115761
planétair	1.91115761
project	1.91115761
dessinent	1.91115761
sportif	1.91115761
sportiv	1.91115761
hydrodynam	1.91115761
pcrd	1.91115761
conform	1.91115761
antoin	1.91115761
répet	1.91115761
huit	1.91115761
virus	1.91115761
vivent	1.91115761
pasteur	1.91115761
blanch	1.91115761
superfic	1.91115761
hybrid	1.91115761
essenc	1.91115761
inflammatoir	1.91115761
jos	1.91115761
jouy	1.91115761
ambition	1.91115761
finalis	1.91115761
apparit	1.91115761
chroniqu	1.91115761
répartit	1.91115761
vagu	1.91115761
pléni	1.91115761
affirm	1.91115761
statut	1.91115761
savent	1.91115761
envah	1.91115761
menon	1.91115761
mit	1.91115761
répondu	1.91115761
alert	1.91115761
immers	1.91115761
novateur	1.91115761
néglige	1.91115761
entrepreneuriat	1.91115761
fonctionnent	1.91115761
confin	1.91115761
colon	1.91115761
high	1.91115761
compagnon	1.91115761
trouvent	1.91115761
immerg	1.91115761
quantiqu	1.91115761
matric	1.91115761
ultra	1.91115761
artist	1.91115761
foi	1.91115761
millimetr	1.91115761
trac	1.91115761
réson	1.91115761
aéroport	1.91115761
décarbon	1.91115761
impossibl	1.91115761
ine	1.91115761
chimist	1.91115761
archéologu	1.91115761
jardin	1.91115761
olfact	1.91115761
probabl	1.91115761
repr	1.91115761
retomb	1.91115761
lendemain	1.91115761
troph	1.91115761
retenus	1.91115761
fioraso	1.91115761
cahi	1.91115761
autor	1.91115761
démantel	1.91115761
romain	1.91115761
opératoir	1.91115761
répondent	1.91115761
club	1.91115761
convergent	1.91115761
open	1.91115761
peau	1.91115761
pharm	1.91115761
perdu	1.91115761
biomatérial	1.91115761
lyonnais	1.91115761
décroch	1.91115761
faison	1.91115761
aquat	1.91115761
francilien	1.91115761
musiqu	1.91115761
sav	1.91115761
mini	1.91115761
labex	1.91115761
dollar	1.91115761
psychiatr	1.91115761
robert	1.91115761
rempl	1.91115761
émérit	1.91115761
dis	1.91115761
danger	1.91115761
débattr	1.91115761
rêv	1.91115761
cor	1.91115761
neuroscient	1.91115761
opter	1.91115761
télécom	1.91115761
entend	1.91115761
déplor	1.91115761
élimin	1.91115761
exact	1.91115761
sh	1.91115761
viendront	1.91115761
décortiqu	1.91115761
décrypt	1.91115761
navigu	1.91115761
métrolog	1.91115761
viticultur	1.91115761
cépag	1.91115761
raisin	1.91115761
dénutrit	1.91115761
souc	1.91115761
smartphon	1.91115761
rendus	2.03609635
irm	2.03609635
physical	2.03609635
propic	2.03609635
voul	2.03609635
front	2.03609635
miroir	2.03609635
feu	2.03609635
brûl	2.03609635
tactil	2.03609635
photo	2.03609635
aim	2.03609635
ête	2.03609635
adjoint	2.03609635
publ	2.03609635
rog	2.03609635
sert	2.03609635
crédibl	2.03609635
talent	2.03609635
soutient	2.03609635
robotis	2.03609635
biogaz	2.03609635
résidus	2.03609635
fum	2.03609635
radio	2.03609635
batter	2.03609635
récept	2.03609635
grandeur	2.03609635
supagro	2.03609635
bois	2.03609635
véget	2.03609635
soum	2.03609635
persist	2.03609635
reproduct	2.03609635
fraction	2.03609635
dépendent	2.03609635
majoritair	2.03609635
confirment	2.03609635
estomac	2.03609635
apparaissent	2.03609635
fromager	2.03609635
cuv	2.03609635
rat	2.03609635
appren	2.03609635
virgin	2.03609635
albert	2.03609635
berlin	2.03609635
surpren	2.03609635
neurobiolog	2.03609635
michael	2.03609635
reçus	2.03609635
influ	2.03609635
incorpor	2.03609635
panel	2.03609635
échec	2.03609635
rationalis	2.03609635
membranair	2.03609635
palmi	2.03609635
colz	2.03609635
cameroun	2.03609635
datti	2.03609635
prédict	2.03609635
formalis	2.03609635
persuad	2.03609635
cci	2.03609635
sunaero	2.03609635
péren	2.03609635
donneur	2.03609635
viabl	2.03609635
portabl	2.03609635
élémentair	2.03609635
inclu	2.03609635
connex	2.03609635
transistor	2.03609635
signific	2.03609635
processeur	2.03609635
rigid	2.03609635
vidéo	2.03609635
littératur	2.03609635
cohort	2.03609635
faim	2.03609635
compens	2.03609635
esper	2.03609635
réunion	2.03609635
appréci	2.03609635
régulent	2.03609635
estiment	2.03609635
avis	2.03609635
express	2.03609635
sugger	2.03609635
déficit	2.03609635
syndrom	2.03609635
neck	2.03609635
intellectuel	2.03609635
chain	2.03609635
revêt	2.03609635
évacu	2.03609635
baiss	2.03609635
mouss	2.03609635
dégât	2.03609635
gaspillag	2.03609635
observent	2.03609635
oui	2.03609635
trent	2.03609635
pessim	2.03609635
be	2.03609635
inscript	2.03609635
electric	2.03609635
roul	2.03609635
familial	2.03609635
autrefois	2.03609635
titulair	2.03609635
om	2.03609635
roquet	2.03609635
danon	2.03609635
merck	2.03609635
musculair	2.03609635
medicen	2.03609635
prestat	2.03609635
emmanuel	2.03609635
oner	2.03609635
bordel	2.03609635
rassur	2.03609635
signalis	2.03609635
transplant	2.03609635
alpha	2.03609635
bulletin	2.03609635
com	2.03609635
endocrin	2.03609635
bruxel	2.03609635
feront	2.03609635
option	2.03609635
abandon	2.03609635
quinz	2.03609635
ami	2.03609635
aperçu	2.03609635
délaiss	2.03609635
défendr	2.03609635
paraîtr	2.03609635
alarm	2.03609635
immun	2.03609635
immunolog	2.03609635
souffl	2.03609635
heureux	2.03609635
googl	2.03609635
merveil	2.03609635
pic	2.03609635
publient	2.03609635
decr	2.03609635
japonais	2.03609635
ciel	2.03609635
polair	2.03609635
revisit	2.03609635
tropiqu	2.03609635
nas	2.03609635
recevoir	2.03609635
didi	2.03609635
astrium	2.03609635
brésilien	2.03609635
héliosynchron	2.03609635
segment	2.03609635
porteux	2.03609635
insert	2.03609635
jamb	2.03609635
mécatron	2.03609635
élit	2.03609635
myriad	2.03609635
sismolog	2.03609635
anthrop	2.03609635
noyal	2.03609635
linéair	2.03609635
ensta	2.03609635
topograph	2.03609635
lac	2.03609635
pmi	2.03609635
incend	2.03609635
sagem	2.03609635
k	2.03609635
liss	2.03609635
rom	2.03609635
conferent	2.03609635
négoci	2.03609635
iut	2.03609635
engineering	2.03609635
valenc	2.03609635
valley	2.03609635
packaging	2.03609635
frais	2.03609635
inventeur	2.03609635
ceris	2.03609635
marchandis	2.03609635
saôn	2.03609635
perméabl	2.03609635
étanché	2.03609635
proposon	2.03609635
bris	2.03609635
col	2.03609635
séduit	2.03609635
press	2.03609635
polic	2.03609635
mort	2.03609635
pompi	2.03609635
certif	2.03609635
accident	2.03609635
norveg	2.03609635
barbar	2.03609635
yeux	2.03609635
appropri	2.03609635
gestionnair	2.03609635
sustain	2.03609635
spot	2.03609635
incontest	2.03609635
gadzart	2.03609635
fourmill	2.03609635
chapitr	2.03609635
pépini	2.03609635
criblag	2.03609635
fossil	2.03609635
umi	2.03609635
university	2.03609635
éco	2.03609635
rotat	2.03609635
agroenviron	2.03609635
agren	2.03609635
corrig	2.03609635
superficiel	2.03609635
anonym	2.03609635
agronov	2.03609635
convers	2.03609635
repens	2.03609635
variétal	2.03609635
recens	2.03609635
prair	2.03609635
complémentar	2.03609635
cultural	2.03609635
ined	2.03609635
déform	2.03609635
rythm	2.03609635
reven	2.03609635
concili	2.03609635
cred	2.03609635
oseo	2.03609635
éloign	2.03609635
centralien	2.03609635
xxiem	2.03609635
enthousiast	2.03609635
défic	2.03609635
structurel	2.03609635
peugeot	2.03609635
subsistent	2.03609635
semblent	2.03609635
apparent	2.03609635
infecti	2.03609635
antioxyd	2.03609635
secondair	2.03609635
polyphénol	2.03609635
dégénérescent	2.03609635
hydriqu	2.03609635
prolifer	2.03609635
blocag	2.03609635
contamin	2.03609635
neuronal	2.03609635
adem	2.03609635
migr	2.03609635
habitat	2.03609635
plain	2.03609635
cristallin	2.03609635
poreux	2.03609635
macromolécul	2.03609635
ioniqu	2.03609635
sylvain	2.03609635
faisceau	2.03609635
esrf	2.03609635
algorithm	2.03609635
balai	2.03609635
facility	2.03609635
facult	2.03609635
boost	2.03609635
mariag	2.03609635
attendent	2.03609635
manquent	2.03609635
tromp	2.03609635
dam	2.03609635
impatient	2.03609635
psa	2.03609635
fatigu	2.03609635
ion	2.03609635
school	2.03609635
intergouvernemental	2.03609635
sued	2.03609635
dehor	2.03609635
approvision	2.03609635
finland	2.03609635
vital	2.03609635
récolt	2.03609635
gu	2.03609635
systémat	2.03609635
réalison	2.03609635
venon	2.03609635
germ	2.03609635
interlocuteur	2.03609635
commencent	2.03609635
habitu	2.03609635
cuivr	2.03609635
aluminium	2.03609635
trajectoir	2.03609635
combust	2.03609635
coiff	2.03609635
l	2.03609635
eyebrain	2.03609635
parkinson	2.03609635
atteign	2.03609635
tardiv	2.03609635
anormal	2.03609635
pointu	2.03609635
emmen	2.03609635
caltech	2.03609635
entretien	2.03609635
intent	2.03609635
nanoscient	2.03609635
champion	2.03609635
gazeux	2.03609635
soutenus	2.03609635
élevag	2.03609635
adéquat	2.03609635
contest	2.03609635
reformul	2.03609635
qua	2.03609635
addit	2.03609635
tutel	2.03609635
échantillonnag	2.03609635
détenu	2.03609635
sent	2.03609635
artisanal	2.03609635
analyt	2.03609635
pnas	2.03609635
academy	2.03609635
cass	2.03609635
engendr	2.03609635
etien	2.03609635
résid	2.03609635
francophon	2.03609635
polyvalent	2.03609635
soyouz	2.03609635
arian	2.03609635
vaisseau	2.03609635
mard	2.03609635
atterrissag	2.03609635
revenu	2.03609635
cherchon	2.03609635
reproduit	2.03609635
belg	2.03609635
gener	2.03609635
rénov	2.03609635
extern	2.03609635
ballon	2.03609635
sept	2.03609635
kourou	2.03609635
géophys	2.03609635
caracter	2.03609635
hel	2.03609635
tissu	2.03609635
conduct	2.03609635
clôtur	2.03609635
arctiqu	2.03609635
démograph	2.03609635
cinqu	2.03609635
transpos	2.03609635
fléau	2.03609635
gâteau	2.03609635
magazin	2.03609635
attir	2.03609635
mondialis	2.03609635
tourist	2.03609635
viticol	2.03609635
convert	2.03609635
irrig	2.03609635
cessent	2.03609635
bleu	2.03609635
immobilis	2.03609635
inscrir	2.03609635
pieg	2.03609635
plong	2.03609635
planch	2.03609635
villag	2.03609635
gé	2.03609635
environment	2.03609635
sentinel	2.03609635
radar	2.03609635
banal	2.03609635
perçoit	2.03609635
lionel	2.03609635
multidisciplinair	2.03609635
gallium	2.03609635
motoris	2.03609635
intestin	2.03609635
métagénom	2.03609635
microbiot	2.03609635
visent	2.03609635
letter	2.03609635
scénarii	2.03609635
network	2.03609635
ponctu	2.03609635
astrophys	2.03609635
intim	2.03609635
sabl	2.03609635
calcium	2.03609635
richess	2.03609635
bouscul	2.03609635
vécu	2.03609635
colossal	2.03609635
bt	2.03609635
massachuset	2.03609635
redon	2.03609635
terminal	2.03609635
remont	2.03609635
formateur	2.03609635
prof	2.03609635
bus	2.03609635
spectr	2.03609635
reli	2.03609635
galax	2.03609635
masqu	2.03609635
scrupul	2.03609635
herv	2.03609635
encapsul	2.03609635
avou	2.03609635
centimetr	2.03609635
électrod	2.03609635
esie	2.03609635
parrain	2.03609635
show	2.03609635
agglomer	2.03609635
comportent	2.03609635
intra	2.03609635
ressent	2.03609635
vrais	2.03609635
gest	2.03609635
témoign	2.03609635
repart	2.03609635
brio	2.03609635
princeton	2.03609635
lithograph	2.03609635
supercalcul	2.03609635
big	2.03609635
oscill	2.03609635
vaudr	2.03609635
comparaison	2.03609635
nuit	2.03609635
energet	2.03609635
opalin	2.03609635
visuel	2.03609635
chirurgien	2.03609635
reconstitu	2.03609635
entreten	2.03609635
reconstruir	2.03609635
mènent	2.03609635
color	2.03609635
diod	2.03609635
conscient	2.03609635
filtrat	2.03609635
egal	2.03609635
comptent	2.03609635
pdg	2.03609635
offert	2.03609635
discour	2.03609635
fr	2.03609635
fukushim	2.03609635
marcoul	2.03609635
john	2.03609635
distingu	2.03609635
côti	2.03609635
focus	2.03609635
larv	2.03609635
fleuv	2.03609635
relâch	2.03609635
faill	2.03609635
angle	2.03609635
chimiothérap	2.03609635
endommag	2.03609635
portefeuill	2.03609635
saut	2.03609635
multiplient	2.03609635
privileg	2.03609635
recentr	2.03609635
nation	2.03609635
contrast	2.03609635
visibil	2.03609635
sup	2.03609635
fur	2.03609635
aquim	2.03609635
culinair	2.03609635
actionnair	2.03609635
age	2.03609635
hexagon	2.03609635
témoignent	2.03609635
réhabilit	2.03609635
néglig	2.03609635
assiet	2.03609635
bouff	2.03609635
arc	2.03609635
alliag	2.03609635
prothes	2.03609635
inéluct	2.03609635
entrepreneurial	2.03609635
ced	2.03609635
aérodynam	2.03609635
pluridisciplinair	2.03609635
perçu	2.03609635
facial	2.03609635
ré	2.03609635
asiat	2.03609635
déliber	2.03609635
disparu	2.03609635
généralis	2.03609635
écout	2.03609635
succed	2.03609635
judici	2.03609635
maîtrisent	2.03609635
advanced	2.03609635
v	2.03609635
fuit	2.03609635
singapour	2.03609635
welienc	2.03609635
embryon	2.03609635
ruch	2.03609635
apparu	2.03609635
fauss	2.03609635
venin	2.03609635
actual	2.03609635
bourlingu	2.03609635
subtil	2.03609635
cancérolog	2.03609635
satt	2.03609635
placebo	2.03609635
oral	2.03609635
avais	2.03609635
ensban	2.03609635
jalon	2.03609635
rhônalpin	2.03609635
gouvernemental	2.03609635
périmetr	2.03609635
consolid	2.03609635
breuillet	2.03609635
désign	2.03609635
gigantesqu	2.03609635
requis	2.03609635
accompagnent	2.03609635
tablet	2.03609635
rédig	2.03609635
réjou	2.03609635
grapp	2.03609635
quarantain	2.03609635
dessin	2.03609635
recèlent	2.03609635
sensat	2.03609635
rongeur	2.03609635
entour	2.03609635
passager	2.03609635
montebourg	2.03609635
sonor	2.03609635
restitu	2.03609635
poster	2.03609635
patrimoin	2.03609635
soign	2.03609635
vitamin	2.03609635
mayonnais	2.03609635
neurolog	2.03609635
serein	2.03609635
archéolog	2.03609635
ignor	2.03609635
aqueux	2.03609635
candidatur	2.03609635
ph	2.03609635
champagn	2.03609635
vendang	2.03609635
votr	2.03609635
résu	2.03609635
peintur	2.03609635
jury	2.03609635
alsac	2.03609635
jouent	2.03609635
amorçag	2.03609635
parlent	2.03609635
west	2.03609635
plasm	2.03609635
boug	2.03609635
massif	2.03609635
décor	2.03609635
mangeur	2.03609635
ergonom	2.03609635
gel	2.03609635
wavebreakmedi	2.03609635
sismiqu	2.21218760
pécress	2.21218760
langevin	2.21218760
papi	2.21218760
réémettr	2.21218760
innovent	2.21218760
domot	2.21218760
valer	2.21218760
connaisseur	2.21218760
roboticien	2.21218760
retourn	2.21218760
dassault	2.21218760
turbomec	2.21218760
sympath	2.21218760
chronolog	2.21218760
ultrason	2.21218760
enclin	2.21218760
pierrot	2.21218760
snecm	2.21218760
revivr	2.21218760
écotox	2.21218760
interdisciplinar	2.21218760
allenv	2.21218760
muséum	2.21218760
evolu	2.21218760
genet	2.21218760
éros	2.21218760
recouvr	2.21218760
rachet	2.21218760
libert	2.21218760
magnif	2.21218760
antipol	2.21218760
réutilis	2.21218760
sophi	2.21218760
photosynthes	2.21218760
symbios	2.21218760
naval	2.21218760
seuil	2.21218760
câbl	2.21218760
communiqu	2.21218760
affectent	2.21218760
remet	2.21218760
longev	2.21218760
ephe	2.21218760
battent	2.21218760
déterminent	2.21218760
rumin	2.21218760
partagent	2.21218760
affin	2.21218760
umt	2.21218760
produis	2.21218760
actil	2.21218760
profess	2.21218760
coag	2.21218760
enil	2.21218760
coagul	2.21218760
enquêt	2.21218760
mamiroll	2.21218760
litr	2.21218760
poligny	2.21218760
dosag	2.21218760
isba	2.21218760
notz	2.21218760
sevrag	2.21218760
veau	2.21218760
silenci	2.21218760
jérôm	2.21218760
stimulus	2.21218760
reper	2.21218760
facilitent	2.21218760
unitair	2.21218760
biomimet	2.21218760
reg	2.21218760
hormon	2.21218760
analogu	2.21218760
ibitec	2.21218760
palm	2.21218760
dop	2.21218760
oléagin	2.21218760
tournesol	2.21218760
spectroscop	2.21218760
spir	2.21218760
regond	2.21218760
égid	2.21218760
americ	2.21218760
chass	2.21218760
dual	2.21218760
naîtr	2.21218760
pact	2.21218760
trimestr	2.21218760
soyon	2.21218760
strict	2.21218760
connexion	2.21218760
pred	2.21218760
silicon	2.21218760
bloc	2.21218760
demandeur	2.21218760
plaqu	2.21218760
mm	2.21218760
cadenc	2.21218760
ramen	2.21218760
collaborent	2.21218760
diff	2.21218760
éduqu	2.21218760
crech	2.21218760
enfanc	2.21218760
maternel	2.21218760
danois	2.21218760
enver	2.21218760
manip	2.21218760
parental	2.21218760
questionnair	2.21218760
danemark	2.21218760
pédiatr	2.21218760
laurenc	2.21218760
mauv	2.21218760
correct	2.21218760
transitoir	2.21218760
di	2.21218760
mut	2.21218760
déficient	2.21218760
incap	2.21218760
refriger	2.21218760
cold	2.21218760
réfriger	2.21218760
préconis	2.21218760
réinject	2.21218760
fusionnent	2.21218760
réversibl	2.21218760
insolubl	2.21218760
détergent	2.21218760
vertus	2.21218760
prid	2.21218760
catalys	2.21218760
solidair	2.21218760
étendr	2.21218760
écrir	2.21218760
cataclysm	2.21218760
revien	2.21218760
editeur	2.21218760
déclarent	2.21218760
interrogent	2.21218760
incapac	2.21218760
accent	2.21218760
nourritur	2.21218760
réform	2.21218760
veux	2.21218760
formon	2.21218760
vos	2.21218760
adoss	2.21218760
david	2.21218760
schneid	2.21218760
sofrad	2.21218760
détaill	2.21218760
roulag	2.21218760
hambourg	2.21218760
cholestérol	2.21218760
andré	2.21218760
senobl	2.21218760
médiqu	2.21218760
préliminair	2.21218760
guer	2.21218760
esc	2.21218760
symbol	2.21218760
confianc	2.21218760
biotech	2.21218760
bal	2.21218760
mour	2.21218760
biocitech	2.21218760
metabrain	2.21218760
biophyt	2.21218760
veillet	2.21218760
stanisl	2.21218760
subvent	2.21218760
sarcopen	2.21218760
rav	2.21218760
myolog	2.21218760
sarcob	2.21218760
inhib	2.21218760
pollen	2.21218760
traumatis	2.21218760
traumat	2.21218760
scann	2.21218760
hémorrag	2.21218760
segalen	2.21218760
examen	2.21218760
lagard	2.21218760
crânien	2.21218760
différenci	2.21218760
insulin	2.21218760
moel	2.21218760
viral	2.21218760
pancréat	2.21218760
exprim	2.21218760
touchent	2.21218760
secret	2.21218760
vecteur	2.21218760
investig	2.21218760
dissoci	2.21218760
élus	2.21218760
agriculteur	2.21218760
antimicrobien	2.21218760
élect	2.21218760
secrétair	2.21218760
apparaiss	2.21218760
agress	2.21218760
inattendu	2.21218760
laissent	2.21218760
endocrinolog	2.21218760
auster	2.21218760
personnag	2.21218760
joi	2.21218760
inhibiteur	2.21218760
joly	2.21218760
migrateur	2.21218760
piqu	2.21218760
couron	2.21218760
picq	2.21218760
encre	2.21218760
sing	2.21218760
baptist	2.21218760
dérang	2.21218760
zoolog	2.21218760
adaptent	2.21218760
nominal	2.21218760
orag	2.21218760
hydrolog	2.21218760
indian	2.21218760
équateur	2.21218760
megh	2.21218760
équatorial	2.21218760
condens	2.21218760
hydrométéorolog	2.21218760
recevront	2.21218760
ead	2.21218760
nuageux	2.21218760
scarab	2.21218760
nuag	2.21218760
it	2.21218760
norbert	2.21218760
cic	2.21218760
isen	2.21218760
évolut	2.21218760
btp	2.21218760
inertiel	2.21218760
soldat	2.21218760
ouvri	2.21218760
microsatellit	2.21218760
induisent	2.21218760
demet	2.21218760
circulair	2.21218760
volcan	2.21218760
zéland	2.21218760
émetteur	2.21218760
trembl	2.21218760
electro	2.21218760
barrag	2.21218760
erasmus	2.21218760
syndicat	2.21218760
discovery	2.21218760
créteil	2.21218760
joint	2.21218760
ic	2.21218760
computational	2.21218760
srl	2.21218760
telecom	2.21218760
cosmetic	2.21218760
parfumer	2.21218760
kilo	2.21218760
pomm	2.21218760
démocratis	2.21218760
intemper	2.21218760
optimal	2.21218760
flexibil	2.21218760
traçabl	2.21218760
poussi	2.21218760
caiss	2.21218760
fleur	2.21218760
révolutionnair	2.21218760
lam	2.21218760
sauv	2.21218760
vendu	2.21218760
achet	2.21218760
pro	2.21218760
vitr	2.21218760
conseiller	2.21218760
attard	2.21218760
homogen	2.21218760
tet	2.21218760
gratuit	2.21218760
demeur	2.21218760
equipex	2.21218760
emprunt	2.21218760
xix	2.21218760
proposent	2.21218760
xxem	2.21218760
préfac	2.21218760
pourcentag	2.21218760
joyeux	2.21218760
aub	2.21218760
dénomm	2.21218760
confondu	2.21218760
frer	2.21218760
boursi	2.21218760
invitent	2.21218760
foix	2.21218760
ex	2.21218760
viendr	2.21218760
vitro	2.21218760
démenc	2.21218760
marian	2.21218760
motriqu	2.21218760
sommeil	2.21218760
allong	2.21218760
hôtel	2.21218760
pétrol	2.21218760
shangh	2.21218760
fournitur	2.21218760
batt	2.21218760
fertilis	2.21218760
breteni	2.21218760
terroir	2.21218760
argil	2.21218760
intrant	2.21218760
amend	2.21218760
doub	2.21218760
ift	2.21218760
articulent	2.21218760
simplifi	2.21218760
leibl	2.21218760
polaris	2.21218760
moll	2.21218760
résin	2.21218760
ludwik	2.21218760
légèret	2.21218760
relanc	2.21218760
auparav	2.21218760
scal	2.21218760
profitent	2.21218760
puit	2.21218760
contradictoir	2.21218760
think	2.21218760
incit	2.21218760
décrivent	2.21218760
deviendr	2.21218760
tank	2.21218760
éditeur	2.21218760
dynamis	2.21218760
blériot	2.21218760
faibless	2.21218760
occident	2.21218760
impôt	2.21218760
latécoer	2.21218760
balanc	2.21218760
concess	2.21218760
retiendr	2.21218760
constatent	2.21218760
hydrocarbur	2.21218760
sec	2.21218760
head	2.21218760
fluidit	2.21218760
soumis	2.21218760
molecular	2.21218760
agrochim	2.21218760
engou	2.21218760
envisageon	2.21218760
ensoleil	2.21218760
toxicolog	2.21218760
bénef	2.21218760
recev	2.21218760
tendent	2.21218760
dépourvu	2.21218760
cortex	2.21218760
mercur	2.21218760
induis	2.21218760
migrat	2.21218760
flor	2.21218760
inventair	2.21218760
révèlent	2.21218760
junior	2.21218760
fonctionnalis	2.21218760
morpholog	2.21218760
céram	2.21218760
suspens	2.21218760
hexagonal	2.21218760
surmont	2.21218760
fresnel	2.21218760
cumul	2.21218760
imperfect	2.21218760
largeur	2.21218760
jurid	2.21218760
onu	2.21218760
redéfin	2.21218760
eurobiomed	2.21218760
hélicopter	2.21218760
eurocopt	2.21218760
aéronef	2.21218760
surnomm	2.21218760
workshop	2.21218760
génial	2.21218760
meg	2.21218760
xavi	2.21218760
mourou	2.21218760
bref	2.21218760
daniel	2.21218760
expliquent	2.21218760
neutrinos	2.21218760
j	2.21218760
citroën	2.21218760
liten	2.21218760
lithium	2.21218760
f	2.21218760
femtosecond	2.21218760
christel	2.21218760
oreil	2.21218760
phytosanitair	2.21218760
homolog	2.21218760
comptabl	2.21218760
trésorer	2.21218760
intervenon	2.21218760
panopl	2.21218760
attendr	2.21218760
screening	2.21218760
commençon	2.21218760
semblabl	2.21218760
chauff	2.21218760
conventionnel	2.21218760
bill	2.21218760
coll	2.21218760
ozon	2.21218760
iner	2.21218760
tourism	2.21218760
climatologu	2.21218760
tand	2.21218760
nasal	2.21218760
paralys	2.21218760
parkinsonien	2.21218760
track	2.21218760
saccad	2.21218760
physiopatholog	2.21218760
prévalent	2.21218760
étend	2.21218760
pétrochim	2.21218760
phon	2.21218760
mali	2.21218760
nem	2.21218760
halein	2.21218760
californi	2.21218760
créent	2.21218760
beb	2.21218760
infirmi	2.21218760
pench	2.21218760
standardis	2.21218760
minimal	2.21218760
dégag	2.21218760
technologu	2.21218760
loyal	2.21218760
arrier	2.21218760
aîn	2.21218760
bric	2.21218760
ajust	2.21218760
fao	2.21218760
instabl	2.21218760
résident	2.21218760
stopp	2.21218760
lpo	2.21218760
trajet	2.21218760
affil	2.21218760
patrick	2.21218760
vaimos	2.21218760
ménag	2.21218760
douarnen	2.21218760
intermittent	2.21218760
cors	2.21218760
interprofessionnel	2.21218760
normalis	2.21218760
allion	2.21218760
aptitud	2.21218760
proceeding	2.21218760
reconstruct	2.21218760
fissur	2.21218760
tractus	2.21218760
penson	2.21218760
gastro	2.21218760
sécret	2.21218760
habituel	2.21218760
astronaut	2.21218760
officialis	2.21218760
effectuent	2.21218760
mensuel	2.21218760
sig	2.21218760
magasin	2.21218760
lettr	2.21218760
debr	2.21218760
yannick	2.21218760
samed	2.21218760
hélios	2.21218760
bart	2.21218760
féliqu	2.21218760
pir	2.21218760
dor	2.21218760
altimetr	2.21218760
ministériel	2.21218760
saral	2.21218760
cubesat	2.21218760
element	2.21218760
cinquantenair	2.21218760
étag	2.21218760
swarm	2.21218760
veg	2.21218760
fier	2.21218760
pc	2.21218760
géolog	2.21218760
fission	2.21218760
composent	2.21218760
genep	2.21218760
propulseur	2.21218760
etudi	2.21218760
dimension	2.21218760
cub	2.21218760
watt	2.21218760
largu	2.21218760
french	2.21218760
applied	2.21218760
partiel	2.21218760
observing	2.21218760
géodes	2.21218760
densif	2.21218760
métropolitain	2.21218760
ponctuel	2.21218760
pressent	2.21218760
modal	2.21218760
convoyeur	2.21218760
génotyp	2.21218760
pot	2.21218760
foliair	2.21218760
gam	2.21218760
précieux	2.21218760
humeur	2.21218760
transporteur	2.21218760
drogu	2.21218760
résorb	2.21218760
relargu	2.21218760
vasculair	2.21218760
plaquet	2.21218760
tension	2.21218760
cabinet	2.21218760
impossibil	2.21218760
estp	2.21218760
omnt	2.21218760
néel	2.21218760
nancy	2.21218760
bibliograph	2.21218760
giec	2.21218760
banquis	2.21218760
prennent	2.21218760
intensif	2.21218760
noton	2.21218760
flaveur	2.21218760
grass	2.21218760
résult	2.21218760
chazal	2.21218760
emball	2.21218760
terifiq	2.21218760
hésitent	2.21218760
déséquilibr	2.21218760
informationnel	2.21218760
datar	2.21218760
dépistag	2.21218760
sech	2.21218760
wat	2.21218760
turbulent	2.21218760
indic	2.21218760
saison	2.21218760
douz	2.21218760
effluent	2.21218760
susceptibl	2.21218760
promouv	2.21218760
légumin	2.21218760
vertueux	2.21218760
instaur	2.21218760
chromophor	2.21218760
roi	2.21218760
décel	2.21218760
inspect	2.21218760
palli	2.21218760
espèrent	2.21218760
insensibl	2.21218760
indifférent	2.21218760
écritur	2.21218760
dépens	2.21218760
professionnal	2.21218760
salu	2.21218760
alli	2.21218760
hydro	2.21218760
ulm	2.21218760
brouss	2.21218760
biennal	2.21218760
admir	2.21218760
royaum	2.21218760
coqu	2.21218760
aerocampus	2.21218760
centenair	2.21218760
hommag	2.21218760
canadien	2.21218760
antill	2.21218760
traitanc	2.21218760
mexiqu	2.21218760
security	2.21218760
gigaoctet	2.21218760
trou	2.21218760
furent	2.21218760
bouteil	2.21218760
conservatoir	2.21218760
restructur	2.21218760
favorisent	2.21218760
transm	2.21218760
ultim	2.21218760
sanof	2.21218760
sénégal	2.21218760
cem	2.21218760
la	2.21218760
alcool	2.21218760
seventur	2.21218760
perc	2.21218760
mic	2.21218760
metah	2.21218760
ehrlich	2.21218760
dusko	2.21218760
temper	2.21218760
ecology	2.21218760
ouvrent	2.21218760
prévoient	2.21218760
indiquent	2.21218760
préparent	2.21218760
incertain	2.21218760
beig	2.21218760
incertitud	2.21218760
rhizotron	2.21218760
phénotypag	2.21218760
eppn	2.21218760
racinair	2.21218760
phenom	2.21218760
abstress	2.21218760
arimnet	2.21218760
pphd	2.21218760
phenotyping	2.21218760
pomp	2.21218760
grenel	2.21218760
chauffag	2.21218760
american	2.21218760
carbonat	2.21218760
sodium	2.21218760
society	2.21218760
réactif	2.21218760
maroc	2.21218760
arcachon	2.21218760
cachan	2.21218760
tunis	2.21218760
humbl	2.21218760
sahar	2.21218760
prior	2.21218760
cd	2.21218760
aient	2.21218760
carraro	2.21218760
dut	2.21218760
tu	2.21218760
reconfigur	2.21218760
lycéen	2.21218760
revoir	2.21218760
rud	2.21218760
croi	2.21218760
mei	2.21218760
familiaris	2.21218760
attentat	2.21218760
dang	2.21218760
systematic	2.21218760
secour	2.21218760
casqu	2.21218760
comm	2.21218760
inconvénient	2.21218760
spatio	2.21218760
universel	2.21218760
lact	2.21218760
éteindr	2.21218760
edimbourg	2.21218760
traqu	2.21218760
ecoss	2.21218760
align	2.21218760
nôtr	2.21218760
spectral	2.21218760
spectro	2.21218760
telescop	2.21218760
laboratory	2.21218760
nausica	2.21218760
responsabilis	2.21218760
dgac	2.21218760
certifi	2.21218760
inaugural	2.21218760
pann	2.21218760
engin	2.21218760
respectent	2.21218760
capsul	2.21218760
microencapsul	2.21218760
osé	2.21218760
guis	2.21218760
parfum	2.21218760
enferm	2.21218760
exclam	2.21218760
triarylamin	2.21218760
ipcm	2.21218760
avèrent	2.21218760
amper	2.21218760
nanofil	2.21218760
construisent	2.21218760
chemistry	2.21218760
exti	2.21218760
medi	2.21218760
log	2.21218760
ate	2.21218760
climatis	2.21218760
pourron	2.21218760
ram	2.21218760
horm	2.21218760
orientent	2.21218760
uc	2.21218760
ensam	2.21218760
dou	2.21218760
langu	2.21218760
prim	2.21218760
peur	2.21218760
biodégrad	2.21218760
microprocesseur	2.21218760
cisaill	2.21218760
approuv	2.21218760
mystéri	2.21218760
papillon	2.21218760
voulu	2.21218760
agrand	2.21218760
phéromon	2.21218760
ppb	2.21218760
prouess	2.21218760
inaccessibl	2.21218760
insuffis	2.21218760
purif	2.21218760
schull	2.21218760
nourrisson	2.21218760
nicklaus	2.21218760
soph	2.21218760
médit	2.21218760
eolien	2.21218760
ferr	2.21218760
bougent	2.21218760
latéral	2.21218760
statiqu	2.21218760
accroch	2.21218760
scléros	2.21218760
oculometr	2.21218760
conduisent	2.21218760
pharmacien	2.21218760
chrono	2.21218760
vain	2.21218760
continuum	2.21218760
agreg	2.21218760
perfor	2.21218760
mical	2.21218760
biopolymer	2.21218760
bain	2.21218760
schémat	2.21218760
télévis	2.21218760
ascens	2.21218760
professionnalis	2.21218760
transmettr	2.21218760
moisson	2.21218760
camill	2.21218760
award	2.21218760
roubaix	2.21218760
clubtex	2.21218760
tex	2.21218760
plasturg	2.21218760
caoutchouc	2.21218760
plastipol	2.21218760
bigot	2.21218760
technopol	2.21218760
teratec	2.21218760
multimedi	2.21218760
hpc	2.21218760
vaut	2.21218760
amyloïd	2.21218760
instar	2.21218760
rivi	2.21218760
disponibil	2.21218760
soumettr	2.21218760
cri	2.21218760
lion	2.21218760
récurrent	2.21218760
violent	2.21218760
céven	2.21218760
subsist	2.21218760
garon	2.21218760
estuair	2.21218760
irste	2.21218760
aggrav	2.21218760
section	2.21218760
résect	2.21218760
muqueux	2.21218760
dsm	2.21218760
anticorp	2.21218760
emplac	2.21218760
cogit	2.21218760
discut	2.21218760
learning	2.21218760
lois	2.21218760
équestr	2.21218760
déduir	2.21218760
cheval	2.21218760
ambianc	2.21218760
soulev	2.21218760
fonci	2.21218760
poiti	2.21218760
aérospatial	2.21218760
laval	2.21218760
ferroviair	2.21218760
banni	2.21218760
gif	2.21218760
pégas	2.21218760
barr	2.21218760
naiss	2.21218760
cuisini	2.21218760
tic	2.21218760
cook	2.21218760
saur	2.21218760
hardwar	2.21218760
contenus	2.21218760
adoptent	2.21218760
web	2.21218760
virag	2.21218760
pspc	2.21218760
dem	2.21218760
tonal	2.21218760
motiv	2.21218760
microtechn	2.21218760
iris	2.21218760
mair	2.21218760
transparent	2.21218760
bor	2.21218760
equateur	2.21218760
ensiacet	2.21218760
hydraul	2.21218760
indigo	2.21218760
régal	2.21218760
oréal	2.21218760
unesco	2.21218760
rédact	2.21218760
originair	2.21218760
dégradent	2.21218760
combl	2.21218760
métall	2.21218760
artisanat	2.21218760
integrated	2.21218760
transact	2.21218760
ale	2.21218760
bertin	2.21218760
motion	2.21218760
orthoped	2.21218760
vendus	2.21218760
von	2.21218760
prédécesseur	2.21218760
cerfac	2.21218760
extrem	2.21218760
forest	2.21218760
fsi	2.21218760
viver	2.21218760
tm	2.21218760
dentair	2.21218760
innobio	2.21218760
régéner	2.21218760
freinag	2.21218760
respectu	2.21218760
smart	2.21218760
descent	2.21218760
volent	2.21218760
execut	2.21218760
intensifi	2.21218760
hôt	2.21218760
applic	2.21218760
verront	2.21218760
cnam	2.21218760
tirent	2.21218760
disparit	2.21218760
âme	2.21218760
anecdot	2.21218760
évoc	2.21218760
nash	2.21218760
désaffect	2.21218760
tranch	2.21218760
inquiétud	2.21218760
pareil	2.21218760
analyst	2.21218760
godefroy	2.21218760
kyoto	2.21218760
sébastien	2.21218760
aleni	2.21218760
photos	2.21218760
pléiad	2.21218760
horair	2.21218760
cercl	2.21218760
madrid	2.21218760
fus	2.21218760
théâtr	2.21218760
biology	2.21218760
racin	2.21218760
martin	2.21218760
passif	2.21218760
indium	2.21218760
aerokw	2.21218760
pacif	2.21218760
malais	2.21218760
trafic	2.21218760
plos	2.21218760
one	2.21218760
élu	2.21218760
sociologu	2.21218760
métallurg	2.21218760
opinion	2.21218760
motor	2.21218760
roucairol	2.21218760
honorair	2.21218760
mobili	2.21218760
pharmacologu	2.21218760
serpent	2.21218760
contract	2.21218760
vouloir	2.21218760
scorpion	2.21218760
toxin	2.21218760
araign	2.21218760
pre	2.21218760
dépendr	2.21218760
cgn	2.21218760
agon	2.21218760
phospholipid	2.21218760
ophtalmolog	2.21218760
dermatolog	2.21218760
fabr	2.21218760
biopharmaceut	2.21218760
rotor	2.21218760
elabor	2.21218760
nouveaut	2.21218760
éthanol	2.21218760
biotechnology	2.21218760
agropar	2.21218760
emm	2.21218760
veoli	2.21218760
arev	2.21218760
bourg	2.21218760
amphis	2.21218760
pam	2.21218760
bress	2.21218760
audit	2.21218760
sénat	2.21218760
connaisson	2.21218760
prôn	2.21218760
brut	2.21218760
conquêt	2.21218760
mw	2.21218760
extrapol	2.21218760
turbin	2.21218760
voilà	2.21218760
sal	2.21218760
kw	2.21218760
yve	2.21218760
dévoil	2.21218760
personnal	2.21218760
vitrin	2.21218760
indirect	2.21218760
coréen	2.21218760
liby	2.21218760
perceptibl	2.21218760
attendon	2.21218760
ingérop	2.21218760
renaiss	2.21218760
puission	2.21218760
inlass	2.21218760
arieg	2.21218760
alé	2.21218760
napoléon	2.21218760
kilogramm	2.21218760
procur	2.21218760
curios	2.21218760
ais	2.21218760
absorpt	2.21218760
suscitent	2.21218760
sugg	2.21218760
répandu	2.21218760
médian	2.21218760
endem	2.21218760
biometr	2.21218760
humanoïd	2.21218760
tien	2.21218760
glucid	2.21218760
financeur	2.21218760
montag	2.21218760
grill	2.21218760
apprent	2.21218760
u	2.21218760
raphaël	2.21218760
trentenair	2.21218760
miracl	2.21218760
yvet	2.21218760
curieux	2.21218760
apprend	2.21218760
possèdent	2.21218760
surg	2.21218760
voyageur	2.21218760
aéroportuair	2.21218760
khz	2.21218760
épaisseur	2.21218760
recombin	2.21218760
impression	2.21218760
photonic	2.21218760
ican	2.21218760
idinvest	2.21218760
rothschild	2.21218760
utérus	2.21218760
royal	2.21218760
républ	2.21218760
casablanc	2.21218760
tomb	2.21218760
éthiqu	2.21218760
assis	2.21218760
entendu	2.21218760
entendr	2.21218760
détour	2.21218760
schist	2.21218760
éclair	2.21218760
ocean	2.21218760
polar	2.21218760
pain	2.21218760
vêt	2.21218760
escal	2.21218760
lipstic	2.21218760
convict	2.21218760
lipoprotéin	2.21218760
conduis	2.21218760
out	2.21218760
lagrost	2.21218760
protein	2.21218760
symptôm	2.21218760
encéphal	2.21218760
ong	2.21218760
pauvr	2.21218760
array	2.21218760
gat	2.21218760
cosmiqu	2.21218760
mulhous	2.21218760
biosimul	2.21218760
rhenovi	2.21218760
perdent	2.21218760
window	2.21218760
provinc	2.21218760
uni	2.21218760
anthropologu	2.21218760
informaticien	2.21218760
substantiel	2.21218760
entrepr	2.21218760
savion	2.21218760
omp	2.21218760
essor	2.21218760
transportent	2.21218760
justifi	2.21218760
fouill	2.21218760
caren	2.21218760
exécut	2.21218760
nautiqu	2.21218760
egypt	2.21218760
vern	2.21218760
cot	2.21218760
label	2.21218760
lin	2.21218760
squelet	2.21218760
tenac	2.21218760
ali	2.21218760
pari	2.21218760
vinif	2.21218760
mauvais	2.21218760
sarment	2.21218760
computing	2.21218760
cluster	2.21218760
michelin	2.21218760
top	2.21218760
soudain	2.21218760
toulon	2.21218760
alpespac	2.21218760
technolac	2.21218760
sporaltec	2.21218760
épreuv	2.21218760
raid	2.21218760
partenarial	2.21218760
tumoral	2.21218760
immunothérap	2.21218760
cond	2.21218760
xixem	2.21218760
déten	2.21218760
genev	2.21218760
oré	2.21218760
débusqu	2.21218760
prévient	2.21218760
carrefour	2.21218760
délicat	2.21218760
émotionnel	2.21218760
magiqu	2.21218760
prioritair	2.21218760
empir	2.21218760
rattrap	2.21218760
vinicol	2.21218760
distributeur	2.21218760
neuro	2.21218760
catalogu	2.21218760
prémic	2.21218760
quêt	2.21218760
orgu	2.21218760
talenc	2.21218760
allur	2.21218760
hélium	2.21218760
limitroph	2.21218760
doigt	2.21218760
transversal	2.21218760
estimon	2.21218760
exhaust	2.21218760
recycl	2.21218760
irfm	2.21218760
iter	2.21218760
tokamak	2.21218760
stat	2.21218760
experimental	2.21218760
introduir	2.21218760
tungsten	2.21218760
divertor	2.21218760
thermonucléair	2.21218760
reactor	2.21218760
steady	2.21218760
thermonuclear	2.21218760
convaincus	2.21218760
plur	2.21218760
disparaîtr	2.21218760
mil	2.21218760
serg	2.21218760
economy	2.21218760
lesieur	2.21218760
binôm	2.21218760
échelon	2.21218760
authent	2.21218760
ehpad	2.21218760
authentif	2.21218760
renessen	2.21218760
briev	2.21218760
nu	2.21218760
hédon	2.21218760
simpliqu	2.21218760
benjamin	2.21218760
balbuti	2.21218760
polytechnicien	2.21218760
delair	2.21218760
obtient	2.21218760
inser	2.21218760
sncf	2.21218760
accompagnon	2.21218760
lyonbiopôl	2.21218760
boisson	2.21218760
orl	2.21218760
ccrt	2.21218760
étal	2.21218760
stationnair	2.21218760
compress	2.21218760
leap	2.21218760
lit	2.21218760
photograph	2.21218760
fich	2.21218760
mpi	2.21218760
null	2.21218760
reposition	2.21218760
gastronom	2.21218760
ça	2.21218760
sauf	2.21218760
envelopp	2.21218760
bluff	2.21218760
hospitalis	2.21218760
ecolab	2.21218760
probiot	2.21218760
prototypag	2.21218760
goutt	2.21218760
onze	2.21218760
axel	2.21218760
hydrophob	2.21218760
éclor	2.21218760
tripl	2.21218760
phovoir	2.21218760
map	2.21218760
odor	2.21218760
klenov	2.21218760
irréproch	2.21218760
parol	2.21218760
dégust	2.21218760
consid	2.21218760
pénalis	2.21218760
stockyimag	2.21218760
rétorqu	2.21218760
duflo	2.51321760
aerospatial	2.51321760
étendent	2.51321760
qualifient	2.51321760
acousto	2.51321760
esther	2.51321760
militaro	2.51321760
mathi	2.51321760
totalisent	2.51321760
amus	2.51321760
multimédi	2.51321760
carminatt	2.51321760
tourin	2.51321760
biomédical	2.51321760
intact	2.51321760
renvers	2.51321760
boutad	2.51321760
fink	2.51321760
honor	2.51321760
élastograph	2.51321760
lewin	2.51321760
regn	2.51321760
charpak	2.51321760
ecotechnolog	2.51321760
revient	2.51321760
brgm	2.51321760
ifsttar	2.51321760
espagnol	2.51321760
tecnali	2.51321760
chocolat	2.51321760
adept	2.51321760
barquet	2.51321760
lirmm	2.51321760
dissertent	2.51321760
solitair	2.51321760
wany	2.51321760
conjonct	2.51321760
ovoïd	2.51321760
inger	2.51321760
silico	2.51321760
engrais	2.51321760
ammoniac	2.51321760
naskéo	2.51321760
biocor	2.51321760
ecosym	2.51321760
entament	2.51321760
méthaniseur	2.51321760
biométhan	2.51321760
nettoi	2.51321760
minimis	2.51321760
dcn	2.51321760
minet	2.51321760
impart	2.51321760
usur	2.51321760
hipercom	2.51321760
ocar	2.51321760
evolut	2.51321760
compil	2.51321760
try	2.51321760
nîm	2.51321760
feuillag	2.51321760
poros	2.51321760
classent	2.51321760
déroulent	2.51321760
insoupçon	2.51321760
protéolyt	2.51321760
immunochim	2.51321760
recuit	2.51321760
urtal	2.51321760
millilitr	2.51321760
abattus	2.51321760
bovin	2.51321760
protéiqu	2.51321760
pepsin	2.51321760
imput	2.51321760
caillet	2.51321760
homéopath	2.51321760
caillag	2.51321760
chymosin	2.51321760
modulent	2.51321760
enzymat	2.51321760
présur	2.51321760
bross	2.51321760
nacl	2.51321760
intracellulair	2.51321760
excit	2.51321760
howard	2.51321760
prédispos	2.51321760
brecht	2.51321760
epsetein	2.51321760
le	2.51321760
humboldt	2.51321760
celllul	2.51321760
hippocamp	2.51321760
epsztein	2.51321760
hugu	2.51321760
reçoit	2.51321760
appliquent	2.51321760
ipsen	2.51321760
angström	2.51321760
moul	2.51321760
amin	2.51321760
cycliqu	2.51321760
nm	2.51321760
dimer	2.51321760
octapeptid	2.51321760
tentat	2.51321760
anneau	2.51321760
lanréotid	2.51321760
somatostatin	2.51321760
courbur	2.51321760
sold	2.51321760
transcriptionnel	2.51321760
tunisien	2.51321760
transcrit	2.51321760
ségalen	2.51321760
biogenes	2.51321760
cocoti	2.51321760
bic	2.51321760
transcriptom	2.51321760
métabolom	2.51321760
chimiometr	2.51321760
discrimin	2.51321760
hélio	2.51321760
prétrait	2.51321760
chassent	2.51321760
eden	2.51321760
participon	2.51321760
meut	2.51321760
agré	2.51321760
aero	2.51321760
dépendon	2.51321760
defens	2.51321760
laad	2.51321760
patern	2.51321760
trésori	2.51321760
optron	2.51321760
consacrent	2.51321760
stmicroelectronic	2.51321760
interconnex	2.51321760
reflow	2.51321760
alon	2.51321760
tsv	2.51321760
wafer	2.51321760
through	2.51321760
gravur	2.51321760
superpos	2.51321760
réduis	2.51321760
moor	2.51321760
finess	2.51321760
préparon	2.51321760
issanchou	2.51321760
varsov	2.51321760
salsif	2.51321760
habeat	2.51321760
muscad	2.51321760
sylv	2.51321760
estompent	2.51321760
diet	2.51321760
satiet	2.51321760
artichaut	2.51321760
menu	2.51321760
attitud	2.51321760
egly	2.51321760
tcf	2.51321760
arn	2.51321760
inconnu	2.51321760
jun	2.51321760
faveur	2.51321760
multiproté	2.51321760
médiateur	2.51321760
épigénet	2.51321760
défectu	2.51321760
colleau	2.51321760
fos	2.51321760
polyméras	2.51321760
cascad	2.51321760
med	2.51321760
transcript	2.51321760
neurosensoriel	2.51321760
argument	2.51321760
optimisent	2.51321760
environmental	2.51321760
benef	2.51321760
frisbe	2.51321760
achèvent	2.51321760
indusriel	2.51321760
savety	2.51321760
consum	2.51321760
optimiz	2.51321760
écart	2.51321760
along	2.51321760
agroalimenair	2.51321760
ricin	2.51321760
amplement	2.51321760
micel	2.51321760
stabilisent	2.51321760
reforment	2.51321760
angewandt	2.51321760
shampoing	2.51321760
sphériqu	2.51321760
chem	2.51321760
tensioact	2.51321760
disparaiss	2.51321760
stéariqu	2.51321760
hydroxy	2.51321760
trimatec	2.51321760
valros	2.51321760
novachim	2.51321760
lorgnet	2.51321760
bailleur	2.51321760
kcalor	2.51321760
surexploit	2.51321760
paysann	2.51321760
vivri	2.51321760
émeut	2.51321760
matheron	2.51321760
échelonnent	2.51321760
redévelopp	2.51321760
concluent	2.51321760
pauvret	2.51321760
civilis	2.51321760
précisent	2.51321760
être	2.51321760
agend	2.51321760
dispar	2.51321760
marion	2.51321760
irréversibl	2.51321760
bourin	2.51321760
spécul	2.51321760
courron	2.51321760
iil	2.51321760
rural	2.51321760
francois	2.51321760
veulent	2.51321760
guillou	2.51321760
envoyon	2.51321760
ambiguït	2.51321760
engref	2.51321760
ensi	2.51321760
massy	2.51321760
accompl	2.51321760
ina	2.51321760
rejoignent	2.51321760
trystram	2.51321760
dorn	2.51321760
obscur	2.51321760
veurey	2.51321760
sarix	2.51321760
ulis	2.51321760
microbolometr	2.51321760
vidéosurveil	2.51321760
voroiz	2.51321760
brouillard	2.51321760
thermograph	2.51321760
pelco	2.51321760
rou	2.51321760
dlr	2.51321760
statin	2.51321760
toil	2.51321760
poursuivon	2.51321760
allaert	2.51321760
articulair	2.51321760
douleur	2.51321760
lombalg	2.51321760
relevon	2.51321760
remonton	2.51321760
seron	2.51321760
imperturb	2.51321760
ostéo	2.51321760
insatisfait	2.51321760
biosip	2.51321760
cardiométabol	2.51321760
herbicid	2.51321760
galvestin	2.51321760
photosynthet	2.51321760
thalian	2.51321760
synthas	2.51321760
mgdg	2.51321760
chloroplast	2.51321760
pollin	2.51321760
mgd	2.51321760
irtsv	2.51321760
arabidops	2.51321760
subcellulair	2.51321760
galactolipid	2.51321760
dsv	2.51321760
genes	2.51321760
germin	2.51321760
lpcv	2.51321760
bénin	2.51321760
utili	2.51321760
astrocyt	2.51321760
gayon	2.51321760
routin	2.51321760
ribereau	2.51321760
environnent	2.51321760
endocel	2.51321760
retir	2.51321760
ravassard	2.51321760
îlot	2.51321760
pancré	2.51321760
scharfmann	2.51321760
productric	2.51321760
immortalis	2.51321760
foetal	2.51321760
raphael	2.51321760
promoteur	2.51321760
épini	2.51321760
url	2.51321760
glycem	2.51321760
langerhan	2.51321760
immunodéficient	2.51321760
umpc	2.51321760
redirectix	2.51321760
clinical	2.51321760
glucagon	2.51321760
silxw	2.51321760
scid	2.51321760
dialoguent	2.51321760
échangent	2.51321760
débattu	2.51321760
elo	2.51321760
organiz	2.51321760
saf	2.51321760
syngent	2.51321760
landown	2.51321760
luxembourgeois	2.51321760
adolescent	2.51321760
oppos	2.51321760
criquet	2.51321760
neutralis	2.51321760
keyo	2.51321760
adjuv	2.51321760
découvrent	2.51321760
lik	2.51321760
défend	2.51321760
receptor	2.51321760
insecticid	2.51321760
reichhart	2.51321760
shaw	2.51321760
inné	2.51321760
répertori	2.51321760
dorso	2.51321760
bertrand	2.51321760
drosophil	2.51321760
tlr	2.51321760
mammifer	2.51321760
voulion	2.51321760
perpétuel	2.51321760
éleg	2.51321760
défendent	2.51321760
lemaîtr	2.51321760
mouch	2.51321760
strasbourgeois	2.51321760
agresseur	2.51321760
joël	2.51321760
hoffmann	2.51321760
bach	2.51321760
convivial	2.51321760
bomb	2.51321760
figurent	2.51321760
combattr	2.51321760
disdi	2.51321760
injustifi	2.51321760
toll	2.51321760
ventral	2.51321760
gentleman	2.51321760
gairdn	2.51321760
mouill	2.51321760
alic	2.51321760
tendr	2.51321760
paléoanthropologu	2.51321760
darwin	2.51321760
effren	2.51321760
gentill	2.51321760
darwinien	2.51321760
lancent	2.51321760
incongru	2.51321760
natural	2.51321760
fossilis	2.51321760
lamarckien	2.51321760
évoluton	2.51321760
lamarck	2.51321760
ose	2.51321760
lew	2.51321760
échapp	2.51321760
eyroll	2.51321760
carroll	2.51321760
mech	2.51321760
vivon	2.51321760
infra	2.51321760
roc	2.51321760
jax	2.51321760
signifi	2.51321760
intertropical	2.51321760
occult	2.51321760
gpm	2.51321760
measur	2.51321760
sondeur	2.51321760
radiometr	2.51321760
sortent	2.51321760
auscult	2.51321760
sriharikot	2.51321760
soulag	2.51321760
apparaîtr	2.51321760
pslv	2.51321760
saph	2.51321760
nul	2.51321760
hind	2.51321760
inclin	2.51321760
renaut	2.51321760
coniqu	2.51321760
rebaptis	2.51321760
madr	2.51321760
cyclon	2.51321760
contour	2.51321760
inclinaison	2.51321760
isro	2.51321760
balayag	2.51321760
lmd	2.51321760
appréhens	2.51321760
eumetsat	2.51321760
ouf	2.51321760
manch	2.51321760
segard	2.51321760
interreg	2.51321760
ergothérapeut	2.51321760
atteitn	2.51321760
garch	2.51321760
fauteuil	2.51321760
sysiass	2.51321760
villeneuv	2.51321760
berck	2.51321760
iva	2.51321760
rééduc	2.51321760
ascq	2.51321760
sautelet	2.51321760
kent	2.51321760
ekhuft	2.51321760
essex	2.51321760
calv	2.51321760
cathol	2.51321760
exosquelet	2.51321760
auxerr	2.51321760
sauveteur	2.51321760
dorsal	2.51321760
supervis	2.51321760
cobot	2.51321760
rb	2.51321760
millipol	2.51321760
manutent	2.51321760
hercul	2.51321760
tohoku	2.51321760
taran	2.51321760
entourent	2.51321760
ionospher	2.51321760
tecton	2.51321760
earthquak	2.51321760
géophysicien	2.51321760
region	2.51321760
érupt	2.51321760
from	2.51321760
detect	2.51321760
radionavig	2.51321760
emiss	2.51321760
magnetic	2.51321760
transmitted	2.51321760
supraconducteur	2.51321760
gsi	2.51321760
ganil	2.51321760
msu	2.51321760
riken	2.51321760
exot	2.51321760
apprendront	2.51321760
creus	2.51321760
multiculturel	2.51321760
remettront	2.51321760
gent	2.51321760
vassivi	2.51321760
accrédit	2.51321760
hydrograph	2.51321760
kurosh	2.51321760
fontainebleau	2.51321760
sisin	2.51321760
mediazion	2.51321760
madan	2.51321760
slovaqu	2.51321760
mader	2.51321760
xiwrit	2.51321760
insticc	2.51321760
polon	2.51321760
ijcci	2.51321760
upec	2.51321760
pdc	2.51321760
glaux	2.51321760
itti	2.51321760
itali	2.51321760
sénart	2.51321760
sénartais	2.51321760
control	2.51321760
knowledg	2.51321760
breton	2.51321760
cosmétolog	2.51321760
to	2.51321760
cbb	2.51321760
è	2.51321760
apporton	2.51321760
isab	2.51321760
étanch	2.51321760
benoit	2.51321760
saumur	2.51321760
myrtill	2.51321760
tulip	2.51321760
asperg	2.51321760
démocratison	2.51321760
cardon	2.51321760
beauv	2.51321760
énumer	2.51321760
janny	2.51321760
dluo	2.51321760
couvercl	2.51321760
yaourt	2.51321760
mt	2.51321760
abri	2.51321760
exclut	2.51321760
clientel	2.51321760
hermet	2.51321760
lif	2.51321760
distributing	2.51321760
devien	2.51321760
rasoir	2.51321760
hamm	2.51321760
routi	2.51321760
stipul	2.51321760
aci	2.51321760
poinçon	2.51321760
marteau	2.51321760
ambassad	2.51321760
andrew	2.51321760
rétract	2.51321760
resqm	2.51321760
multilicent	2.51321760
development	2.51321760
geoinform	2.51321760
geosud	2.51321760
régionalis	2.51321760
ign	2.51321760
text	2.51321760
tequ	2.51321760
habl	2.51321760
lis	2.51321760
dévoilent	2.51321760
galer	2.51321760
jol	2.51321760
portrait	2.51321760
fratern	2.51321760
anne	2.51321760
vercherand	2.51321760
mba	2.51321760
apprec	2.51321760
immobili	2.51321760
gérontechnolog	2.51321760
praticien	2.51321760
comportemental	2.51321760
rhodi	2.51321760
épuis	2.51321760
east	2.51321760
ecnu	2.51321760
cailloux	2.51321760
interrégional	2.51321760
geodat	2.51321760
calcair	2.51321760
virey	2.51321760
nitry	2.51321760
inopl	2.51321760
typolog	2.51321760
fertil	2.51321760
duvernois	2.51321760
pluriannuel	2.51321760
orpheon	2.51321760
argilo	2.51321760
guidag	2.51321760
yon	2.51321760
gy	2.51321760
abbay	2.51321760
limon	2.51321760
broyag	2.51321760
présélection	2.51321760
harmonis	2.51321760
désherbag	2.51321760
aiserey	2.51321760
cipan	2.51321760
precisio	2.51321760
evry	2.51321760
concurrenc	2.51321760
torsion	2.51321760
cassabl	2.51321760
cyril	2.51321760
frésillon	2.51321760
vitreux	2.51321760
époxy	2.51321760
arkem	2.51321760
disparaissent	2.51321760
durcisseur	2.51321760
transmis	2.51321760
pect	2.51321760
leblanc	2.51321760
quiz	2.51321760
carolin	2.51321760
amélioron	2.51321760
essca	2.51321760
registr	2.51321760
proposit	2.51321760
ferrary	2.51321760
concitoyen	2.51321760
titanesqu	2.51321760
gustav	2.51321760
guy	2.51321760
colin	2.51321760
huitiem	2.51321760
armand	2.51321760
mériton	2.51321760
lux	2.51321760
ocde	2.51321760
leadership	2.51321760
delcroix	2.51321760
lourdeur	2.51321760
bouygu	2.51321760
hôteller	2.51321760
timid	2.51321760
régress	2.51321760
sombr	2.51321760
déficitair	2.51321760
passionnent	2.51321760
eiffel	2.51321760
mad	2.51321760
salpêtri	2.51321760
piti	2.51321760
iasp	2.51321760
infectiolog	2.51321760
translationnel	2.51321760
newvecty	2.51321760
héliobiotec	2.51321760
lb	2.51321760
biodiesel	2.51321760
bioénerget	2.51321760
cyanobacter	2.51321760
boyl	2.51321760
dissout	2.51321760
economic	2.51321760
rcuk	2.51321760
esrc	2.51321760
uk	2.51321760
foundat	2.51321760
eurohorc	2.51321760
esf	2.51321760
syrot	2.51321760
hépat	2.51321760
cholestérolem	2.51321760
fécond	2.51321760
globul	2.51321760
dégéner	2.51321760
gestat	2.51321760
health	2.51321760
latruff	2.51321760
buveur	2.51321760
barcelon	2.51321760
montbard	2.51321760
lbmn	2.51321760
myocard	2.51321760
rifl	2.51321760
peroxysom	2.51321760
sitg	2.51321760
incitent	2.51321760
resvératrol	2.51321760
polyphenol	2.51321760
infarctus	2.51321760
buv	2.51321760
leucodystroph	2.51321760
leucocyt	2.51321760
neuroprotecteur	2.51321760
chimiokin	2.51321760
oxydoréduct	2.51321760
lessivag	2.51321760
wayn	2.51321760
hopli	2.51321760
contaminent	2.51321760
croquet	2.51321760
intox	2.51321760
glial	2.51321760
paléoenviron	2.51321760
orpaillag	2.51321760
inflamm	2.51321760
reproducteur	2.51321760
protecteur	2.51321760
aimar	2.51321760
méthylmercur	2.51321760
exacerb	2.51321760
mehg	2.51321760
neurotox	2.51321760
toxicological	2.51321760
neuromédi	2.51321760
microgl	2.51321760
ccl	2.51321760
neurotoxict	2.51321760
aarhus	2.51321760
lorrain	2.51321760
herbac	2.51321760
montagnard	2.51321760
exced	2.51321760
congel	2.51321760
indéni	2.51321760
erc	2.51321760
devill	2.51321760
ordinair	2.51321760
acetat	2.51321760
cation	2.51321760
antigel	2.51321760
anion	2.51321760
zirconium	2.51321760
acétat	2.51321760
neutr	2.51321760
surpris	2.51321760
abîm	2.51321760
clich	2.51321760
dévi	2.51321760
ptychograph	2.51321760
hopp	2.51321760
chamard	2.51321760
walt	2.51321760
régular	2.51321760
diffract	2.51321760
infin	2.51321760
idest	2.51321760
monnet	2.51321760
capenerg	2.51321760
munich	2.51321760
suivront	2.51321760
pegas	2.51321760
optitec	2.51321760
inovsy	2.51321760
petawatt	2.51321760
intuit	2.51321760
barand	2.51321760
verwaerd	2.51321760
toshik	2.51321760
lhc	2.51321760
femto	2.51321760
zetawatt	2.51321760
izest	2.51321760
massard	2.51321760
tajim	2.51321760
kek	2.51321760
cpa	2.51321760
apollon	2.51321760
zet	2.51321760
fermilab	2.51321760
vid	2.51321760
zettawatt	2.51321760
cern	2.51321760
exawatt	2.51321760
vladim	2.51321760
revitalis	2.51321760
chirped	2.51321760
poutin	2.51321760
hypothet	2.51321760
multifonctionnel	2.51321760
openlab	2.51321760
mechanic	2.51321760
relai	2.51321760
kwh	2.51321760
équipent	2.51321760
ax	2.51321760
pack	2.51321760
cognet	2.51321760
corn	2.51321760
lasik	2.51321760
réfract	2.51321760
druon	2.51321760
voisin	2.51321760
boui	2.51321760
photophys	2.51321760
fabry	2.51321760
picqu	2.51321760
jerphagnon	2.51321760
nathal	2.51321760
graduat	2.51321760
smr	2.51321760
instanc	2.51321760
etp	2.51321760
jûlich	2.51321760
cdti	2.51321760
sgu	2.51321760
représentat	2.51321760
mbfh	2.51321760
fct	2.51321760
vinnov	2.51321760
tek	2.51321760
bmbf	2.51321760
era	2.51321760
monopolis	2.51321760
sélénium	2.51321760
hongr	2.51321760
ncbir	2.51321760
euphor	2.51321760
salair	2.51321760
amm	2.51321760
concrétisent	2.51321760
pcr	2.51321760
rencontrent	2.51321760
scar	2.51321760
arcan	2.51321760
attentil	2.51321760
alabouvet	2.51321760
confronton	2.51321760
cordi	2.51321760
gramm	2.51321760
nanoscop	2.51321760
originel	2.51321760
enflamm	2.51321760
appoint	2.51321760
kilos	2.51321760
assemblent	2.51321760
nitroglycérin	2.51321760
microsystem	2.51321760
hélic	2.51321760
interuniversitair	2.51321760
atopic	2.51321760
allergis	2.51321760
land	2.51321760
artemisiifoli	2.51321760
occasion	2.51321760
ambrois	2.51321760
allergen	2.51321760
quality	2.51321760
dermatologu	2.51321760
changing	2.51321760
allergologu	2.51321760
armois	2.51321760
use	2.51321760
ambrosi	2.51321760
diseas	2.51321760
multisystématis	2.51321760
levodop	2.51321760
idiopath	2.51321760
dopamin	2.51321760
am	2.51321760
cbd	2.51321760
préférentiel	2.51321760
psp	2.51321760
atroph	2.51321760
cortico	2.51321760
traduisent	2.51321760
tison	2.51321760
supranucléair	2.51321760
dyskines	2.51321760
empress	2.51321760
rouk	2.51321760
very	2.51321760
tuyau	2.51321760
volumin	2.51321760
touss	2.51321760
prévisibl	2.51321760
poumon	2.51321760
evoqu	2.51321760
chameau	2.51321760
nanosystem	2.51321760
fé	2.51321760
fiction	2.51321760
cher	2.51321760
technolgy	2.51321760
pasaden	2.51321760
feynman	2.51321760
braun	2.51321760
incluent	2.51321760
vlsi	2.51321760
chromatograph	2.51321760
bronchit	2.51321760
analytical	2.51321760
californien	2.51321760
berceau	2.51321760
kavl	2.51321760
nanoélectron	2.51321760
mechanical	2.51321760
apix	2.51321760
décompos	2.51321760
aliss	2.51321760
robustess	2.51321760
esnouf	2.51321760
processing	2.51321760
lot	2.51321760
dualin	2.51321760
essouffl	2.51321760
substitut	2.51321760
formel	2.51321760
russel	2.51321760
supputon	2.51321760
homogénéis	2.51321760
breizh	2.51321760
décimetr	2.51321760
turbid	2.51321760
consign	2.51321760
suiveur	2.51321760
rousseau	2.51321760
véliqu	2.51321760
suppl	2.51321760
capénerg	2.51321760
myrt	2.51321760
déstabilis	2.51321760
electr	2.51321760
hélion	2.51321760
décentralis	2.51321760
électrolyseur	2.51321760
document	2.51321760
ae	2.51321760
dénomin	2.51321760
cecal	2.51321760
jur	2.51321760
larf	2.51321760
fermi	2.51321760
affinag	2.51321760
ariatt	2.51321760
interprofess	2.51321760
cantal	2.51321760
laiter	2.51321760
étalonnag	2.51321760
charent	2.51321760
cnaol	2.51321760
cniel	2.51321760
colzauprot	2.51321760
ain	2.51321760
itplc	2.51321760
trossat	2.51321760
anicap	2.51321760
afnor	2.51321760
ctfc	2.51321760
itff	2.51321760
froms	2.51321760
histol	2.51321760
interlaboratoir	2.51321760
carmejan	2.51321760
iso	2.51321760
vilain	2.51321760
caprin	2.51321760
remettent	2.51321760
propagnent	2.51321760
iram	2.51321760
plexigl	2.51321760
ltd	2.51321760
cassent	2.51321760
fractur	2.51321760
nucléat	2.51321760
united	2.51321760
microfissur	2.51321760
rayleigh	2.51321760
svi	2.51321760
tribolog	2.51321760
coalescent	2.51321760
prolactin	2.51321760
tissulair	2.51321760
mollard	2.51321760
lactat	2.51321760
endocrinien	2.51321760
hypophysair	2.51321760
pekn	2.51321760
csc	2.51321760
beihang	2.51321760
scholarship	2.51321760
bru	2.51321760
pékin	2.51321760
trilingu	2.51321760
tram	2.51321760
wolton	2.51321760
ensg	2.51321760
allocu	2.51321760
géomat	2.51321760
elis	2.51321760
escath	2.51321760
argos	2.51321760
magnétometr	2.51321760
exomar	2.51321760
nanosatellit	2.51321760
altik	2.51321760
pléïad	2.51321760
msl	2.51321760
ng	2.51321760
rov	2.51321760
acharn	2.51321760
absolus	2.51321760
totalis	2.51321760
lecomt	2.51321760
iss	2.51321760
report	2.51321760
désorbit	2.51321760
dessous	2.51321760
rid	2.51321760
accostag	2.51321760
ravitaill	2.51321760
julien	2.51321760
iasi	2.51321760
metop	2.51321760
galileo	2.51321760
atv	2.51321760
chemcam	2.51321760
myrrh	2.51321760
lpsc	2.51321760
eurotran	2.51321760
attel	2.51321760
iphc	2.51321760
plomb	2.51321760
radioact	2.51321760
lpcc	2.51321760
ipno	2.51321760
curien	2.51321760
cosmolog	2.51321760
ad	2.51321760
subatom	2.51321760
frei	2.51321760
hubert	2.51321760
corpusculair	2.51321760
radiotox	2.51321760
mol	2.51321760
accelerator	2.51321760
sck	2.51321760
transmut	2.51321760
driven	2.51321760
euratom	2.51321760
guinever	2.51321760
ensicaen	2.51321760
entretenu	2.51321760
assurent	2.51321760
bipolair	2.51321760
fw	2.51321760
bobin	2.51321760
époxyd	2.51321760
vérin	2.51321760
systèmess	2.51321760
launcher	2.51321760
ngl	2.51321760
zefiro	2.51321760
électromécan	2.51321760
z	2.51321760
monocorp	2.51321760
avum	2.51321760
monolith	2.51321760
bipolar	2.51321760
corvaj	2.51321760
bologn	2.51321760
arianespac	2.51321760
orbital	2.51321760
propergol	2.51321760
picosatellit	2.51321760
almasat	2.51321760
expresso	2.51321760
indo	2.51321760
ifcam	2.51321760
bombay	2.51321760
kanpur	2.51321760
fundamental	2.51321760
dehl	2.51321760
bangalor	2.51321760
tat	2.51321760
mathematic	2.51321760
typiqu	2.51321760
org	2.51321760
accélérometr	2.51321760
epos	2.51321760
resif	2.51321760
interoper	2.51321760
gravimetr	2.51321760
sismometr	2.51321760
phénoarch	2.51321760
intervall	2.51321760
allel	2.51321760
arrosag	2.51321760
transpir	2.51321760
salmonel	2.51321760
typhimurium	2.51321760
gram	2.51321760
dénombr	2.51321760
pneumophil	2.51321760
azotur	2.51321760
icmmo	2.51321760
macromoléculair	2.51321760
polysaccharid	2.51321760
legionel	2.51321760
coli	2.51321760
lcb	2.51321760
glycochim	2.51321760
intègrent	2.51321760
escherichi	2.51321760
kdo	2.51321760
faux	2.51321760
appartiennent	2.51321760
antidépresseur	2.51321760
neurotransmetteur	2.51321760
expriment	2.51321760
antimigrain	2.51321760
hématopoïes	2.51321760
thermorégul	2.51321760
ostéoporos	2.51321760
cytokin	2.51321760
vernejoul	2.51321760
ostéoclast	2.51321760
lariboisi	2.51321760
sérotonin	2.51321760
ménopaus	2.51321760
redoubl	2.51321760
villet	2.51321760
expatri	2.51321760
suivent	2.51321760
ensaplv	2.51321760
lpem	2.51321760
lamour	2.51321760
thermomagnet	2.51321760
thermoélectr	2.51321760
topolog	2.51321760
spintron	2.51321760
pathway	2.51321760
quentin	2.51321760
pmrc	2.51321760
explorent	2.51321760
évapor	2.51321760
versaill	2.51321760
cmip	2.51321760
rcp	2.51321760
yvelin	2.51321760
proviennent	2.51321760
disparaît	2.51321760
jouzel	2.51321760
represent	2.51321760
fanc	2.51321760
universiteit	2.51321760
gmbh	2.51321760
orval	2.51321760
chemosen	2.51321760
mastiqu	2.51321760
acti	2.51321760
bv	2.51321760
sauc	2.51321760
excess	2.51321760
dodaro	2.51321760
mat	2.51321760
nofim	2.51321760
leiv	2.51321760
vidar	2.51321760
charcuter	2.51321760
millb	2.51321760
centiv	2.51321760
federalimentar	2.51321760
brasser	2.51321760
nizo	2.51321760
as	2.51321760
wageningen	2.51321760
serviz	2.51321760
riment	2.51321760
heritag	2.51321760
adri	2.51321760
destructur	2.51321760
spa	2.51321760
encouragent	2.51321760
concentrent	2.51321760
ien	2.51321760
hypostyl	2.51321760
citadel	2.51321760
similar	2.51321760
aspir	2.51321760
métropolis	2.51321760
dématérialis	2.51321760
résidentiel	2.51321760
alterindustrialis	2.51321760
effervescent	2.51321760
magistral	2.51321760
avenir	2.51321760
relocalis	2.51321760
flexisécur	2.51321760
protection	2.51321760
stap	2.51321760
ufr	2.51321760
châtenay	2.51321760
malabry	2.51321760
dopag	2.51321760
pédo	2.51321760
hérault	2.51321760
defic	2.51321760
cartogaphi	2.51321760
monocultur	2.51321760
wdi	2.51321760
peyn	2.51321760
paysager	2.51321760
estival	2.51321760
index	2.51321760
spatialis	2.51321760
napp	2.51321760
affluent	2.51321760
piézometr	2.51321760
évapotranspir	2.51321760
prob	2.51321760
aster	2.51321760
covari	2.51321760
journali	2.51321760
simplified	2.51321760
crop	2.51321760
togeth	2.51321760
associent	2.51321760
cantogeth	2.51321760
amsterdam	2.51321760
gadel	2.51321760
souffert	2.51321760
oxford	2.51321760
theodorus	2.51321760
mturquois	2.51321760
cyan	2.51321760
cfp	2.51321760
cartographient	2.51321760
illumin	2.51321760
stockent	2.51321760
viscos	2.51321760
effac	2.51321760
landau	2.51321760
augsburg	2.51321760
bit	2.51321760
cous	2.51321760
désordr	2.51321760
pinc	2.51321760
binair	2.51321760
dior	2.51321760
unrpa	2.51321760
eural	2.51321760
rack	2.51321760
comet	2.51321760
supmec	2.51321760
outdoor	2.51321760
speed	2.51321760
exoes	2.51321760
cb	2.51321760
mythiqu	2.51321760
donnet	2.51321760
anniversair	2.51321760
biscaross	2.51321760
hydravion	2.51321760
enac	2.51321760
lévêqu	2.51321760
rihb	2.51321760
biscarossais	2.51321760
patr	2.51321760
hydravi	2.51321760
beav	2.51321760
denhaut	2.51321760
pavillon	2.51321760
hydrav	2.51321760
afpa	2.51321760
dhc	2.51321760
catalin	2.51321760
medtec	2.51321760
méthan	2.51321760
prestig	2.51321760
earth	2.51321760
geoss	2.51321760
autrich	2.51321760
denmann	2.51321760
antarct	2.51321760
symposium	2.51321760
calott	2.51321760
iceberg	2.51321760
carril	2.51321760
monitoring	2.51321760
glaciair	2.51321760
baltiqu	2.51321760
salzbourg	2.51321760
gme	2.51321760
onziem	2.51321760
téraoctet	2.51321760
saisonni	2.51321760
vend	2.51321760
légin	2.51321760
envisat	2.51321760
illégal	2.51321760
aquifer	2.51321760
maron	2.51321760
ranjard	2.51321760
init	2.51321760
référentiel	2.51321760
pactol	2.51321760
tgu	2.51321760
genosol	2.51321760
fievr	2.51321760
bouton	2.51321760
rift	2.51321760
conceptuel	2.51321760
lafay	2.51321760
charmeil	2.51321760
muriel	2.51321760
fass	2.51321760
neuvill	2.51321760
dengu	2.51321760
aed	2.51321760
palud	2.51321760
larvair	2.51321760
vacccin	2.51321760
aegypt	2.51321760
moustiqu	2.51321760
mobisic	2.51321760
devic	2.51321760
picf	2.51321760
end	2.51321760
épitax	2.51321760
wis	2.51321760
iisb	2.51321760
nitrur	2.51321760
erlangen	2.51321760
nuremberg	2.51321760
leb	2.51321760
fraunhof	2.51321760
gap	2.51321760
stratif	2.51321760
lunbeckfond	2.51321760
stéato	2.51321760
enterom	2.51321760
natix	2.51321760
hépatit	2.51321760
shna	2.51321760
sylvicultur	2.51321760
pin	2.51321760
hêtr	2.51321760
qdiv	2.51321760
répétit	2.51321760
sessil	2.51321760
résilient	2.51321760
marron	2.51321760
mortal	2.51321760
sylvestr	2.51321760
dépen	2.51321760
chên	2.51321760
bioclimat	2.51321760
médaillon	2.51321760
dryad	2.51321760
comprom	2.51321760
geaps	2.51321760
écophysiolog	2.51321760
géothermal	2.51321760
tenerrd	2.51321760
geo	2.51321760
géotherm	2.51321760
ciat	2.51321760
ttc	2.51321760
rafraîch	2.51321760
opèrent	2.51321760
parietal	2.51321760
ombre	2.51321760
granulair	2.51321760
fondu	2.51321760
gourmand	2.51321760
planétolog	2.51321760
tomograph	2.51321760
egyptien	2.51321760
ceramic	2.51321760
id	2.51321760
vibratoir	2.51321760
dommag	2.51321760
interviendr	2.51321760
conférenci	2.51321760
dynacomp	2.51321760
alger	2.51321760
amortisseur	2.51321760
ben	2.51321760
postfac	2.51321760
monumental	2.51321760
aval	2.51321760
paysan	2.51321760
eurocentr	2.51321760
fortior	2.51321760
détiennent	2.51321760
tourt	2.51321760
cdio	2.51321760
fassion	2.51321760
revendiqu	2.51321760
inquiètent	2.51321760
abstrait	2.51321760
revis	2.51321760
lègu	2.51321760
retent	2.51321760
compton	2.51321760
recruton	2.51321760
calibr	2.51321760
percev	2.51321760
déshérent	2.51321760
perpétuent	2.51321760
arrêton	2.51321760
gendarmer	2.51321760
judiciair	2.51321760
ordonnanc	2.51321760
mas	2.51321760
ru	2.51321760
sitac	2.51321760
manuel	2.51321760
sapeur	2.51321760
événementiel	2.51321760
géoconcept	2.51321760
matérialis	2.51321760
radiolog	2.51321760
panach	2.51321760
so	2.51321760
conteneur	2.51321760
training	2.51321760
entrant	2.51321760
planifi	2.51321760
préfet	2.51321760
oriented	2.51321760
géo	2.51321760
zonal	2.51321760
rutherford	2.51321760
irfu	2.51321760
lesi	2.51321760
webb	2.51321760
mirim	2.51321760
mir	2.51321760
sap	2.51321760
spectrometr	2.51321760
appleton	2.51321760
luminos	2.51321760
jwst	2.51321760
csa	2.51321760
coronograph	2.51321760
opto	2.51321760
marl	2.51321760
blu	2.51321760
mutuel	2.51321760
pourvoi	2.51321760
se	2.51321760
boulogn	2.51321760
delt	2.51321760
uas	2.51321760
avalanch	2.51321760
unmanned	2.51321760
embarquent	2.51321760
aircraft	2.51321760
creath	2.51321760
agréabl	2.51321760
huili	2.51321760
technolg	2.51321760
gn	2.51321760
externalis	2.51321760
microcapsul	2.51321760
étais	2.51321760
pâteux	2.51321760
doudin	2.51321760
xerox	2.51321760
microcircuit	2.51321760
giuseppon	2.51321760
sadron	2.51321760
supramoléculair	2.51321760
flash	2.51321760
photocop	2.51321760
conductric	2.51321760
ccip	2.51321760
isb	2.51321760
bioscienc	2.51321760
tertiair	2.51321760
ffi	2.51321760
grdf	2.51321760
lafarg	2.51321760
batiénerg	2.51321760
verit	2.51321760
rt	2.51321760
effinerg	2.51321760
anru	2.51321760
antem	2.51321760
appli	2.51321760
sicoval	2.51321760
law	2.51321760
assort	2.51321760
semenci	2.51321760
cach	2.51321760
nodos	2.51321760
convoi	2.51321760
plantul	2.51321760
abiot	2.51321760
rapporteur	2.51321760
petr	2.51321760
génotypag	2.51321760
vers	2.51321760
phénotyp	2.51321760
fluctu	2.51321760
bienvenu	2.51321760
stéril	2.51321760
microb	2.51321760
inoviaflow	2.51321760
mutual	2.51321760
avert	2.51321760
eh	2.51321760
recré	2.51321760
vien	2.51321760
lueur	2.51321760
lamp	2.51321760
tailleur	2.51321760
reproduisent	2.51321760
notoir	2.51321760
vibreur	2.51321760
rer	2.51321760
lsi	2.51321760
fontenay	2.51321760
frontal	2.51321760
polygon	2.51321760
dias	2.51321760
paroi	2.51321760
avatar	2.51321760
ambi	2.51321760
guidon	2.51321760
enchaîn	2.51321760
afam	2.51321760
césur	2.51321760
berkeley	2.51321760
rizlen	2.51321760
friend	2.51321760
shast	2.51321760
francisco	2.51321760
bouchemou	2.51321760
borsal	2.51321760
cermav	2.51321760
biocapteur	2.51321760
copolymer	2.51321760
polystyren	2.51321760
cylindr	2.51321760
glycopolymer	2.51321760
glycofilm	2.51321760
silici	2.51321760
redouan	2.51321760
surprend	2.51321760
melli	2.51321760
bang	2.51321760
amas	2.51321760
acoustic	2.51321760
éloignent	2.51321760
lensing	2.51321760
weak	2.51321760
inexplic	2.51321760
hubbl	2.51321760
bao	2.51321760
baryon	2.51321760
baryonic	2.51321760
spc	2.51321760
euclid	2.51321760
gravitationnel	2.51321760
sus	2.51321760
distors	2.51321760
carreau	2.51321760
focal	2.51321760
volatil	2.51321760
quadrillion	2.51321760
bombyx	2.51321760
mor	2.51321760
chien	2.51321760
tio	2.51321760
fabien	2.51321760
muri	2.51321760
ppq	2.51321760
n	2.51321760
trinitrotoluen	2.51321760
sensill	2.51321760
approchent	2.51321760
pentrit	2.51321760
nanostructur	2.51321760
schnel	2.51321760
billion	2.51321760
tnt	2.51321760
brûleur	2.51321760
charbon	2.51321760
macroscop	2.51321760
em	2.51321760
oxy	2.51321760
psychosocial	2.51321760
néfast	2.51321760
manufactur	2.51321760
manuscr	2.51321760
souffler	2.51321760
houl	2.51321760
simulent	2.51321760
littoral	2.51321760
testent	2.51321760
semrev	2.51321760
flott	2.51321760
lhe	2.51321760
affichent	2.51321760
percevoir	2.51321760
amyotroph	2.51321760
clignot	2.51321760
surf	2.51321760
ecrir	2.51321760
illusoir	2.51321760
pointill	2.51321760
disqu	2.51321760
epini	2.51321760
lorenceau	2.51321760
eye	2.51321760
revers	2.51321760
phi	2.51321760
illus	2.51321760
hertz	2.51321760
horizontal	2.51321760
prénom	2.51321760
géosystem	2.51321760
sillag	2.51321760
erik	2.51321760
néolith	2.51321760
pâturag	2.51321760
gilbert	2.51321760
groenland	2.51321760
sed	2.51321760
géoscienc	2.51321760
essayent	2.51321760
agrosystem	2.51321760
aoc	2.51321760
disciplinar	2.51321760
réduisent	2.51321760
géologu	2.51321760
tourbi	2.51321760
millénair	2.51321760
viking	2.51321760
inclus	2.51321760
visco	2.51321760
faecal	2.51321760
torpill	2.51321760
améliorent	2.51321760
flagel	2.51321760
sillon	2.51321760
por	2.51321760
cutan	2.51321760
biofilm	2.51321760
tridimensionnel	2.51321760
aureus	2.51321760
élast	2.51321760
monocytogen	2.51321760
cohes	2.51321760
conf	2.51321760
listeri	2.51321760
staphylococcus	2.51321760
enterococcus	2.51321760
continus	2.51321760
autoproduit	2.51321760
contiennent	2.51321760
interfer	2.51321760
stout	2.51321760
bidault	2.51321760
émettent	2.51321760
rolly	2.51321760
décrit	2.51321760
busson	2.51321760
luminescent	2.51321760
amplifient	2.51321760
captent	2.51321760
radios	2.51321760
bonod	2.51321760
cryptograph	2.51321760
optoélectron	2.51321760
comprenon	2.51321760
wagn	2.51321760
pnra	2.51321760
échappent	2.51321760
sandr	2.51321760
schwartz	2.51321760
parvenon	2.51321760
vernissag	2.51321760
futurotextil	2.51321760
cetilab	2.51321760
postulat	2.51321760
ifm	2.51321760
mercred	2.51321760
networking	2.51321760
concurrentiel	2.51321760
genc	2.51321760
escient	2.51321760
fichi	2.51321760
descript	2.51321760
pétaflop	2.51321760
fi	2.51321760
voulon	2.51321760
maisondelasimul	2.51321760
teractec	2.51321760
prac	2.51321760
mp	2.51321760
exaflop	2.51321760
affront	2.51321760
cadam	2.51321760
bruyer	2.51321760
clef	2.51321760
châtel	2.51321760
caffarel	2.51321760
adsl	2.51321760
vanni	2.51321760
tgcc	2.51321760
phénix	2.51321760
calendri	2.51321760
asn	2.51321760
hiérarchis	2.51321760
htm	2.51321760
dévast	2.51321760
actualit	2.51321760
atpu	2.51321760
rjh	2.51321760
osir	2.51321760
bonnev	2.51321760
daïch	2.51321760
précaut	2.51321760
victoir	2.51321760
irion	2.51321760
horowitz	2.51321760
survenu	2.51321760
plutonium	2.51321760
serion	2.51321760
masurc	2.51321760
edwig	2.51321760
dosimetr	2.51321760
atr	2.51321760
pourtour	2.51321760
cnrm	2.51321760
cariou	2.51321760
théty	2.51321760
recrudescent	2.51321760
toscan	2.51321760
dorni	2.51321760
vaison	2.51321760
mistral	2.51321760
laplac	2.51321760
safir	2.51321760
glider	2.51321760
hymex	2.51321760
baléar	2.51321760
glid	2.51321760
rivag	2.51321760
lidar	2.51321760
maill	2.51321760
dropsond	2.51321760
radiosondag	2.51321760
arom	2.51321760
aladin	2.51321760
flotteur	2.51321760
vauclus	2.51321760
pusceddu	2.51321760
simon	2.51321760
cv	2.51321760
neig	2.51321760
provoquent	2.51321760
insu	2.51321760
véron	2.51321760
tramontan	2.51321760
meurtri	2.51321760
navir	2.51321760
ba	2.51321760
adriat	2.51321760
prévision	2.51321760
drobinsk	2.51321760
für	2.51321760
kit	2.51321760
renfort	2.51321760
inond	2.51321760
biogéochim	2.51321760
ligur	2.51321760
grêl	2.51321760
catalogn	2.51321760
bou	2.51321760
marchand	2.51321760
arpeg	2.51321760
ducrocq	2.51321760
ca	2.51321760
karlsruh	2.51321760
lt	2.51321760
falcon	2.51321760
vivar	2.51321760
sbr	2.51321760
granulat	2.51321760
seurin	2.51321760
sturio	2.51321760
frayer	2.51321760
isle	2.51321760
acipens	2.51321760
repeupl	2.51321760
esturgeon	2.51321760
sauvegard	2.51321760
spécimen	2.51321760
captiv	2.51321760
castillon	2.51321760
dordogn	2.51321760
caviar	2.51321760
supplé	2.51321760
girond	2.51321760
endoscop	2.51321760
dissect	2.51321760
heh	2.51321760
clar	2.51321760
nets	2.51321760
marg	2.51321760
enki	2.51321760
cancéropôl	2.51321760
ponchon	2.51321760
colo	2.51321760
multicentr	2.51321760
enlev	2.51321760
rectum	2.51321760
bistour	2.51321760
fibreux	2.51321760
oesophag	2.51321760
cochon	2.51321760
igm	2.51321760
poutr	2.51321760
waldenström	2.51321760
nanoelectromechanical	2.51321760
nanotechnology	2.51321760
immunoglobulin	2.51321760
millioniem	2.51321760
tsinghu	2.51321760
conclu	2.51321760
extrus	2.51321760
karin	2.51321760
nontiss	2.51321760
meltblown	2.51321760
wallois	2.51321760
spunbond	2.51321760
caf	2.51321760
mono	2.51321760
walllois	2.51321760
filag	2.51321760
paus	2.51321760
tcr	2.51321760
rockefel	2.51321760
nanomanipul	2.51321760
bristol	2.51321760
redout	2.51321760
monod	2.51321760
said	2.51321760
eportfolio	2.51321760
fouchecour	2.51321760
scolar	2.51321760
mraih	2.51321760
encadr	2.51321760
cornet	2.51321760
equit	2.51321760
équin	2.51321760
supranational	2.51321760
interdit	2.51321760
prédomin	2.51321760
inscriv	2.51321760
équit	2.51321760
houlli	2.51321760
recentrag	2.51321760
avicol	2.51321760
réinsert	2.51321760
dressag	2.51321760
ifce	2.51321760
perri	2.51321760
physionom	2.51321760
plausibl	2.51321760
parieur	2.51321760
mayen	2.51321760
isa	2.51321760
astech	2.51321760
perret	2.51321760
accèdent	2.51321760
estac	2.51321760
vivifi	2.51321760
supaero	2.51321760
moveo	2.51321760
ensma	2.51321760
offici	2.51321760
obtiennent	2.51321760
elc	2.51321760
cre	2.51321760
levallois	2.51321760
fcc	2.51321760
capabilit	2.51321760
entrent	2.51321760
aérotechn	2.51321760
ensic	2.51321760
iesf	2.51321760
sayet	2.51321760
ribon	2.51321760
flying	2.51321760
englob	2.51321760
soix	2.51321760
agrimip	2.51321760
softwar	2.51321760
hard	2.51321760
autocuiseur	2.51321760
soft	2.51321760
imaginov	2.51321760
électroménag	2.51321760
selongey	2.51321760
testeur	2.51321760
combinatoir	2.51321760
camphuis	2.51321760
mettron	2.51321760
cocott	2.51321760
kevin	2.51321760
cardiométabolim	2.51321760
maculair	2.51321760
quinoli	2.51321760
additionnel	2.51321760
serono	2.51321760
maculi	2.51321760
dmla	2.51321760
esson	2.51321760
lafont	2.51321760
nutraceut	2.51321760
souscrit	2.51321760
uv	2.51321760
bixill	2.51321760
romainvill	2.51321760
purifi	2.51321760
dresd	2.51321760
gemtex	2.51321760
chapel	2.51321760
rwth	2.51321760
noetontexrank	2.51321760
manchest	2.51321760
lodz	2.51321760
cal	2.51321760
noeton	2.51321760
suédois	2.51321760
ensait	2.51321760
gand	2.51321760
iront	2.51321760
uag	2.51321760
prefalc	2.51321760
reformat	2.51321760
sao	2.51321760
guadeloup	2.51321760
dhet	2.51321760
tianjin	2.51321760
paulo	2.51321760
anciennet	2.51321760
hydrolien	2.51321760
pompag	2.51321760
carti	2.51321760
gaspill	2.51321760
lhost	2.51321760
cirimat	2.51321760
comb	2.51321760
dent	2.51321760
bagag	2.51321760
soutiendr	2.51321760
remodel	2.51321760
ingéner	2.51321760
cavit	2.51321760
confer	2.51321760
jacquart	2.51321760
compris	2.51321760
cord	2.51321760
flou	2.51321760
requ	2.51321760
pharmacotechn	2.51321760
ciment	2.51321760
york	2.51321760
surgical	2.51321760
concevon	2.51321760
carton	2.51321760
réinvest	2.51321760
mûr	2.51321760
genou	2.51321760
montpelliérain	2.51321760
béninois	2.51321760
cardiaqu	2.51321760
zimm	2.51321760
brig	2.51321760
stev	2.51321760
comput	2.51321760
inc	2.51321760
immi	2.51321760
diapason	2.51321760
coventry	2.51321760
reconnus	2.51321760
cameron	2.51321760
drir	2.51321760
vertébral	2.51321760
mark	2.51321760
scanner	2.51321760
autofinanc	2.51321760
assistent	2.51321760
job	2.51321760
neurochirurg	2.51321760
zuckerberg	2.51321760
frileux	2.51321760
nahum	2.51321760
medtech	2.51321760
velléit	2.51321760
rach	2.51321760
advisory	2.51321760
aeronautic	2.51321760
iroqu	2.51321760
poc	2.51321760
nox	2.51321760
cenaero	2.51321760
haid	2.51321760
aérotherm	2.51321760
inca	2.51321760
karman	2.51321760
acar	2.51321760
aquasourc	2.51321760
otc	2.51321760
implantolog	2.51321760
asset	2.51321760
gagnieu	2.51321760
sofimac	2.51321760
amélian	2.51321760
patrici	2.51321760
priest	2.51321760
matr	2.51321760
collagen	2.51321760
mérieux	2.51321760
maxillo	2.51321760
biocompatibl	2.51321760
malléabl	2.51321760
cicatris	2.51321760
cov	2.51321760
sham	2.51321760
picot	2.51321760
thorac	2.51321760
spinal	2.51321760
cdc	2.51321760
cardio	2.51321760
pent	2.51321760
by	2.51321760
president	2.51321760
traîn	2.51321760
pourrion	2.51321760
climb	2.51321760
ski	2.51321760
croisi	2.51321760
nématod	2.51321760
exponentiel	2.51321760
parasit	2.51321760
arp	2.51321760
nuisibl	2.51321760
requalifi	2.51321760
pwr	2.51321760
nuclear	2.51321760
recharg	2.51321760
exenuc	2.51321760
creusot	2.51321760
pnb	2.51321760
ifris	2.51321760
genopol	2.51321760
lieg	2.51321760
causs	2.51321760
désaisonnalis	2.51321760
concombr	2.51321760
madagascar	2.51321760
vallet	2.51321760
holothur	2.51321760
revenus	2.51321760
etre	2.51321760
insulair	2.51321760
élèvent	2.51321760
anse	2.51321760
auron	2.51321760
regorgent	2.51321760
mosaïqu	2.51321760
raffolent	2.51321760
ïle	2.51321760
abritent	2.51321760
fuir	2.51321760
dénich	2.51321760
grasset	2.51321760
fig	2.51321760
inclass	2.51321760
héros	2.51321760
étern	2.51321760
nuanc	2.51321760
detr	2.51321760
piano	2.51321760
vécus	2.51321760
légend	2.51321760
reten	2.51321760
courag	2.51321760
écroul	2.51321760
trip	2.51321760
théorem	2.51321760
incompréhensibl	2.51321760
écoli	2.51321760
foudr	2.51321760
symphon	2.51321760
collégien	2.51321760
hyderabad	2.51321760
incompressibl	2.51321760
affût	2.51321760
azimut	2.51321760
pythagor	2.51321760
road	2.51321760
entrecoup	2.51321760
cong	2.51321760
denr	2.51321760
inert	2.51321760
interarm	2.51321760
refocalis	2.51321760
zérodur	2.51321760
gyroscop	2.51321760
discern	2.51321760
dépointag	2.51321760
colonel	2.51321760
actionneur	2.51321760
coefficient	2.51321760
maîtress	2.51321760
interpret	2.51321760
dilat	2.51321760
insist	2.51321760
ci	2.51321760
agil	2.51321760
char	2.51321760
encastr	2.51321760
prédisent	2.51321760
guimet	2.51321760
foll	2.51321760
rmn	2.51321760
slagmuld	2.51321760
corteg	2.51321760
colonis	2.51321760
microsymbiont	2.51321760
lauri	2.51321760
symbiot	2.51321760
pédologu	2.51321760
bonheur	2.51321760
noa	2.51321760
atmospheric	2.51321760
maintient	2.51321760
lsce	2.51321760
aircor	2.51321760
icos	2.51321760
étalon	2.51321760
mac	2.51321760
irland	2.51321760
oceanic	2.51321760
alcatel	2.51321760
quantum	2.51321760
lucent	2.51321760
missil	2.51321760
antimonur	2.51321760
photodetector	2.51321760
infrared	2.51321760
inga	2.51321760
arséniur	2.51321760
insb	2.51321760
autodirecteur	2.51321760
gi	2.51321760
qwip	2.51321760
photodétecteur	2.51321760
wel	2.51321760
bahru	2.51321760
inpi	2.51321760
us	2.51321760
aerowing	2.51321760
johor	2.51321760
soeur	2.51321760
genay	2.51321760
oculomoteur	2.51321760
has	2.51321760
binoculair	2.51321760
orthophon	2.51321760
orthopt	2.51321760
cofinanc	2.51321760
ophtalmologu	2.51321760
neuropsychologu	2.51321760
reconstruit	2.51321760
coop	2.51321760
agri	2.51321760
amphithéâtr	2.51321760
prévoît	2.51321760
farin	2.51321760
biotis	2.51321760
puzzl	2.51321760
hall	2.51321760
bulb	2.51321760
rapatri	2.51321760
heptanon	2.51321760
arthropod	2.51321760
mandibulair	2.51321760
éject	2.51321760
abeil	2.51321760
nerf	2.51321760
spéciat	2.51321760
mordus	2.51321760
gland	2.51321760
repouss	2.51321760
lidocain	2.51321760
sciatiqu	2.51321760
chypriot	2.51321760
intrus	2.51321760
anesthési	2.51321760
teign	2.51321760
anesthes	2.51321760
mutualis	2.51321760
acv	2.51321760
appartient	2.51321760
affirmon	2.51321760
cad	2.51321760
devis	2.51321760
etabl	2.51321760
falcoz	2.51321760
secrétariat	2.51321760
euro	2.51321760
suivon	2.51321760
urban	2.51321760
fondeur	2.51321760
revellin	2.51321760
sidérurg	2.51321760
assum	2.51321760
independent	2.51321760
lobby	2.51321760
jurist	2.51321760
domomédecin	2.51321760
cadmium	2.51321760
autobus	2.51321760
disasolar	2.51321760
yacht	2.51321760
éman	2.51321760
cis	2.51321760
copp	2.51321760
cig	2.51321760
cdte	2.51321760
selenid	2.51321760
poughon	2.51321760
opv	2.51321760
courb	2.51321760
megamark	2.51321760
dinasolar	2.51321760
customis	2.51321760
photovoltaic	2.51321760
thin	2.51321760
hec	2.51321760
bagarr	2.51321760
organic	2.51321760
mimet	2.51321760
voltag	2.51321760
limog	2.51321760
limousin	2.51321760
avavian	2.51321760
mamb	2.51321760
contrôlent	2.51321760
firm	2.51321760
tend	2.51321760
dendroaps	2.51321760
prédat	2.51321760
pharmacolog	2.51321760
rcpg	2.51321760
valu	2.51321760
axer	2.51321760
brian	2.51321760
kobilk	2.51321760
muscarin	2.51321760
angusticep	2.51321760
lefkowitz	2.51321760
ligand	2.51321760
marquag	2.51321760
poly	2.51321760
microdomain	2.51321760
microenviron	2.51321760
plasmiqu	2.51321760
bougogn	2.51321760
raft	2.51321760
élucid	2.51321760
raftom	2.51321760
junien	2.51321760
radeau	2.51321760
lipidoproté	2.51321760
séquestr	2.51321760
rétrocontrôl	2.51321760
géniqu	2.51321760
son	2.51321760
reprogramm	2.51321760
insatur	2.51321760
traduct	2.51321760
inscrivent	2.51321760
désorganis	2.51321760
infantil	2.51321760
guérison	2.51321760
tapiss	2.51321760
maruho	2.51321760
bénign	2.51321760
tronc	2.51321760
labrez	2.51321760
hémangiom	2.51321760
cou	2.51321760
léaut	2.51321760
propranolol	2.51321760
valo	2.51321760
monteil	2.51321760
puret	2.51321760
méthylen	2.51321760
ohio	2.51321760
zéro	2.51321760
stator	2.51321760
rapen	2.51321760
rotul	2.51321760
préfigurent	2.51321760
raccourc	2.51321760
engrenag	2.51321760
ruthénium	2.51321760
absolu	2.51321760
ancré	2.51321760
poul	2.51321760
perfum	2.51321760
dispensing	2.51321760
pcd	2.51321760
speaker	2.51321760
aerosol	2.51321760
conditionneur	2.51321760
tiennent	2.51321760
gazéif	2.51321760
bcar	2.51321760
futurol	2.51321760
whit	2.51321760
greenstar	2.51321760
serenad	2.51321760
bioénerg	2.51321760
biomass	2.51321760
recherchent	2.51321760
nanobiotechnolog	2.51321760
innorobo	2.51321760
euron	2.51321760
thésam	2.51321760
innoecho	2.51321760
tronic	2.51321760
intervenus	2.51321760
béhar	2.51321760
signent	2.51321760
radioprotect	2.51321760
réclam	2.51321760
assain	2.51321760
déconstruct	2.51321760
électronucléair	2.51321760
frérot	2.51321760
créatric	2.51321760
germinet	2.51321760
véoli	2.51321760
heurt	2.51321760
asteral	2.51321760
irradi	2.51321760
décontamin	2.51321760
gpan	2.51321760
amf	2.51321760
iir	2.51321760
cemafroid	2.51321760
supermarch	2.51321760
sustainability	2.51321760
frigorif	2.51321760
iccc	2.51321760
fournaison	2.51321760
perdus	2.51321760
sponsoris	2.51321760
institutionnalis	2.51321760
possédon	2.51321760
frigorigen	2.51321760
jumelag	2.51321760
aff	2.51321760
aril	2.51321760
électrochim	2.51321760
advisor	2.51321760
réintegr	2.51321760
délocalis	2.51321760
ego	2.51321760
parenthes	2.51321760
cargill	2.51321760
agrossup	2.51321760
cayot	2.51321760
emma	2.51321760
nestl	2.51321760
posterior	2.51321760
riz	2.51321760
vilvord	2.51321760
latent	2.51321760
offrait	2.51321760
amorc	2.51321760
recal	2.51321760
explicit	2.51321760
btob	2.51321760
ramn	2.51321760
fructueux	2.51321760
calm	2.51321760
crci	2.51321760
kyushu	2.51321760
citat	2.51321760
embûch	2.51321760
volgograd	2.51321760
sigl	2.51321760
sien	2.51321760
tseu	2.51321760
fgbu	2.51321760
lao	2.51321760
nii	2.51321760
moscou	2.51321760
mental	2.51321760
vôtr	2.51321760
kbcc	2.51321760
marathon	2.51321760
jumel	2.51321760
kong	2.51321760
accroît	2.51321760
hong	2.51321760
ilm	2.51321760
impermé	2.51321760
gradient	2.51321760
embouchur	2.51321760
douc	2.51321760
transmembranair	2.51321760
osmot	2.51321760
térawat	2.51321760
coriol	2.51321760
parut	2.51321760
boutt	2.51321760
demay	2.51321760
rigueur	2.51321760
ensembli	2.51321760
épur	2.51321760
décant	2.51321760
flottat	2.51321760
centrifug	2.51321760
tremplin	2.51321760
lamur	2.51321760
approprient	2.51321760
involontair	2.51321760
abusent	2.51321760
déconcert	2.51321760
cachent	2.51321760
cinem	2.51321760
désarm	2.51321760
psychologu	2.51321760
relir	2.51321760
consol	2.51321760
clinicien	2.51321760
pommi	2.51321760
framatom	2.51321760
annoncent	2.51321760
lituan	2.51321760
surpr	2.51321760
koweit	2.51321760
redémarrag	2.51321760
soubresaut	2.51321760
keni	2.51321760
ultérieur	2.51321760
emirat	2.51321760
westinghous	2.51321760
tempêt	2.51321760
chirac	2.51321760
saxon	2.51321760
forcep	2.51321760
frem	2.51321760
nucadvisor	2.51321760
jordan	2.51321760
paisibl	2.51321760
sarkozy	2.51321760
afni	2.51321760
patron	2.51321760
tort	2.51321760
arab	2.51321760
vignon	2.51321760
inviv	2.51321760
anglo	2.51321760
survien	2.51321760
iron	2.51321760
décident	2.51321760
bugat	2.51321760
visag	2.51321760
vilarem	2.51321760
pigment	2.51321760
blocus	2.51321760
tinctorial	2.51321760
bleus	2.51321760
phyto	2.51321760
acclimat	2.51321760
catar	2.51321760
lambert	2.51321760
babethanol	2.51321760
brasson	2.51321760
basiqu	2.51321760
cathar	2.51321760
attapulgit	2.51321760
amalgam	2.51321760
cocagn	2.51321760
lectour	2.51321760
teindr	2.51321760
uniform	2.51321760
pastel	2.51321760
papill	2.51321760
précar	2.51321760
besnard	2.51321760
fatty	2.51321760
goûtent	2.51321760
lingual	2.51321760
méfianc	2.51321760
surprendr	2.51321760
oro	2.51321760
umam	2.51321760
inconscient	2.51321760
hypothalamus	2.51321760
nutox	2.51321760
senseur	2.51321760
lipido	2.51321760
bourgeon	2.51321760
eil	2.51321760
sensofat	2.51321760
frott	2.51321760
ravageur	2.51321760
nuptial	2.51321760
chemoecology	2.51321760
ornemental	2.51321760
griff	2.51321760
androcon	2.51321760
femel	2.51321760
boss	2.51321760
infest	2.51321760
parad	2.51321760
accidentel	2.51321760
archon	2.51321760
attirent	2.51321760
patt	2.51321760
ravag	2.51321760
sexuel	2.51321760
mâl	2.51321760
tars	2.51321760
piégeag	2.51321760
congéner	2.51321760
paysandisi	2.51321760
palmivor	2.51321760
aldebaran	2.51321760
maisonni	2.51321760
créneau	2.51321760
aguerr	2.51321760
morpho	2.51321760
romeo	2.51321760
automated	2.51321760
lavet	2.51321760
fingerprint	2.51321760
marius	2.51321760
afis	2.51321760
nao	2.51321760
agath	2.51321760
wipak	2.51321760
équipag	2.51321760
camembert	2.51321760
plastilax	2.51321760
aft	2.51321760
esiec	2.51321760
désorpt	2.51321760
cloch	2.51321760
paticip	2.51321760
charcuti	2.51321760
viagor	2.51321760
bioindustriel	2.51321760
aer	2.51321760
fontain	2.51321760
fassent	2.51321760
salaison	2.51321760
sorption	2.51321760
pen	2.51321760
bactéricid	2.51321760
lactal	2.51321760
iar	2.51321760
icmub	2.51321760
reim	2.51321760
lemp	2.51321760
emac	2.51321760
chanvr	2.51321760
cvg	2.51321760
mougin	2.51321760
born	2.51321760
nanoscal	2.51321760
chrom	2.51321760
interrupteur	2.51321760
han	2.51321760
hainaut	2.51321760
cambres	2.51321760
larrieu	2.51321760
planair	2.51321760
valencien	2.51321760
sandy	2.51321760
exercent	2.51321760
bodet	2.51321760
nazair	2.51321760
fill	2.51321760
postur	2.51321760
sdsc	2.51321760
supply	2.51321760
terren	2.51321760
sofiproteol	2.51321760
jacent	2.51321760
organisationnel	2.51321760
chapdaniel	2.51321760
ledrappi	2.51321760
herbrand	2.51321760
tranquill	2.51321760
chaotiqu	2.51321760
crayon	2.51321760
congress	2.51321760
retient	2.51321760
sacrifi	2.51321760
néophyt	2.51321760
souvenir	2.51321760
bibliothequ	2.51321760
maxim	2.51321760
abstrair	2.51321760
anantharaman	2.51321760
souffranc	2.51321760
rebond	2.51321760
sarnak	2.51321760
déplair	2.51321760
gödel	2.51321760
jersey	2.51321760
rythment	2.51321760
inconnus	2.51321760
nalin	2.51321760
modest	2.51321760
étoff	2.51321760
neumann	2.51321760
gardent	2.51321760
bur	2.51321760
einstein	2.51321760
phénoménal	2.51321760
oppenheim	2.51321760
reconnaissent	2.51321760
docu	2.51321760
écrivain	2.51321760
salem	2.51321760
kontsevich	2.51321760
appet	2.51321760
kurt	2.51321760
confrer	2.51321760
physic	2.51321760
surhumain	2.51321760
détach	2.51321760
athlet	2.51321760
interférent	2.51321760
insomn	2.51321760
mathematical	2.51321760
icmp	2.51321760
séjourn	2.51321760
bourgain	2.51321760
ihe	2.51321760
décrir	2.51321760
study	2.51321760
arrang	2.51321760
auditoir	2.51321760
maman	2.51321760
maguin	2.51321760
francfort	2.51321760
audaci	2.51321760
sceptic	2.51321760
héraut	2.51321760
encaiss	2.51321760
déchiffr	2.51321760
aerospac	2.51321760
archétyp	2.51321760
israël	2.51321760
montlou	2.51321760
rêvon	2.51321760
bpi	2.51321760
envol	2.51321760
antin	2.51321760
exportent	2.51321760
tracteur	2.51321760
unir	2.51321760
tract	2.51321760
taxibot	2.51321760
indre	2.51321760
lufthans	2.51321760
inventent	2.51321760
châteauroux	2.51321760
écolo	2.51321760
ircam	2.51321760
tld	2.51321760
sorigny	2.51321760
chut	2.51321760
rub	2.51321760
can	2.51321760
positron	2.51321760
barreau	2.51321760
coherent	2.51321760
insurmont	2.51321760
cheveu	2.51321760
rac	2.51321760
gig	2.51321760
limitent	2.51321760
interférometr	2.51321760
médiocr	2.51321760
amplifying	2.51321760
volt	2.51321760
tev	2.51321760
monomod	2.51321760
milliem	2.51321760
paraiss	2.51321760
gev	2.51321760
proportionnel	2.51321760
privat	2.51321760
fund	2.51321760
investment	2.51321760
clairanc	2.51321760
procervix	2.51321760
multivalent	2.51321760
bivalent	2.51321760
genticel	2.51321760
cya	2.51321760
hpv	2.51321760
papillom	2.51321760
wellington	2.51321760
millon	2.51321760
edmond	2.51321760
irdi	2.51321760
equity	2.51321760
antigen	2.51321760
amund	2.51321760
edrip	2.51321760
mohamed	2.51321760
entretiennent	2.51321760
marocain	2.51321760
lucrat	2.51321760
emergent	2.51321760
biauss	2.51321760
aéromaritim	2.51321760
harmattan	2.51321760
coindreau	2.51321760
assystem	2.51321760
grid	2.51321760
cession	2.51321760
igpsc	2.51321760
amiral	2.51321760
wati	2.51321760
biomédic	2.51321760
bioproduct	2.51321760
aritt	2.51321760
biosimilair	2.51321760
bioéquivalent	2.51321760
mabimprov	2.51321760
monoclonal	2.51321760
permis	2.51321760
combat	2.51321760
charenton	2.51321760
conçoivent	2.51321760
minuti	2.51321760
magéo	2.51321760
entpe	2.51321760
bourdel	2.51321760
catopsy	2.51321760
msh	2.51321760
épidem	2.51321760
insh	2.51321760
acuit	2.51321760
musicolog	2.51321760
benfield	2.51321760
freturb	2.51321760
cubiculum	2.51321760
aon	2.51321760
réassur	2.51321760
analytic	2.51321760
partit	2.51321760
xviem	2.51321760
athen	2.51321760
aménageur	2.51321760
forg	2.51321760
colport	2.51321760
mosser	2.51321760
parcellair	2.51321760
rumeur	2.51321760
gouvernent	2.51321760
énergivor	2.51321760
glan	2.51321760
ponctuent	2.51321760
jeandel	2.51321760
géochim	2.51321760
hi	2.51321760
inspecteur	2.51321760
assen	2.51321760
pili	2.51321760
piétin	2.51321760
crédibil	2.51321760
modernis	2.51321760
alimentent	2.51321760
naît	2.51321760
dehecq	2.51321760
weil	2.51321760
boom	2.51321760
bouquet	2.51321760
planchent	2.51321760
pib	2.51321760
prétend	2.51321760
reflet	2.51321760
réindustrialis	2.51321760
académicien	2.51321760
monaco	2.51321760
embl	2.51321760
max	2.51321760
chris	2.51321760
frôl	2.51321760
bourgois	2.51321760
autochton	2.51321760
lorient	2.51321760
creux	2.51321760
agres	2.51321760
diplomat	2.51321760
ipsl	2.51321760
expédit	2.51321760
plancton	2.51321760
locean	2.51321760
méconnu	2.51321760
ancre	2.51321760
remerci	2.51321760
immiscent	2.51321760
mnhn	2.51321760
descendu	2.51321760
parachev	2.51321760
tar	2.51321760
circumnavig	2.51321760
circl	2.51321760
parcourus	2.51321760
laniak	2.51321760
bowl	2.51321760
princ	2.51321760
rétinien	2.51321760
rétin	2.51321760
pltp	2.51321760
mim	2.51321760
reconduit	2.51321760
neuropsychopharmacology	2.51321760
intersect	2.51321760
défendu	2.51321760
vectoris	2.51321760
deficit	2.51321760
contrecarr	2.51321760
increased	2.51321760
causal	2.51321760
dysfonct	2.51321760
amyloid	2.51321760
épithélial	2.51321760
hémato	2.51321760
invalid	2.51321760
supplément	2.51321760
lapin	2.51321760
bioprotein	2.51321760
liposolubl	2.51321760
knockout	2.51321760
ß	2.51321760
bretillon	2.51321760
lnc	2.51321760
répercuss	2.51321760
alf	2.51321760
induced	2.51321760
transf	2.51321760
knocked	2.51321760
memory	2.51321760
amylgen	2.51321760
transgen	2.51321760
lamprecht	2.51321760
larchey	2.51321760
électrif	2.51321760
philippin	2.51321760
bangladesh	2.51321760
microcred	2.51321760
bank	2.51321760
péripl	2.51321760
laos	2.51321760
grameen	2.51321760
tanzan	2.51321760
sunlabob	2.51321760
banglad	2.51321760
hugo	2.51321760
banqui	2.51321760
péruvien	2.51321760
pérou	2.51321760
corinn	2.51321760
commet	2.51321760
niccolaï	2.51321760
egg	2.51321760
dsf	2.51321760
déçus	2.51321760
muhammad	2.51321760
pamatec	2.51321760
culot	2.51321760
yunus	2.51321760
relationnel	2.51321760
paix	2.51321760
québec	2.51321760
practical	2.51321760
mohammad	2.51321760
célest	2.51321760
desy	2.51321760
deutsch	2.51321760
cta	2.51321760
ray	2.51321760
ringuet	2.51321760
leprinc	2.51321760
elektronen	2.51321760
cherenkov	2.51321760
rhepach	2.51321760
parvenu	2.51321760
transderm	2.51321760
timbr	2.51321760
gageur	2.51321760
faupel	2.51321760
rhepatch	2.51321760
économis	2.51321760
verrou	2.51321760
néon	2.51321760
brillanc	2.51321760
chemical	2.51321760
biphoton	2.51321760
phe	2.51321760
résidu	2.51321760
lem	2.51321760
surcl	2.51321760
spi	2.51321760
mun	2.51321760
subject	2.51321760
multiplatform	2.51321760
bioindustr	2.51321760
plongeur	2.51321760
kill	2.51321760
android	2.51321760
spé	2.51321760
inquiet	2.51321760
lean	2.51321760
admis	2.51321760
math	2.51321760
polymorph	2.51321760
complètent	2.51321760
thésard	2.51321760
dge	2.51321760
goubet	2.51321760
imt	2.51321760
réeuropéanis	2.51321760
dgcis	2.51321760
shanghaï	2.51321760
vircopal	2.51321760
desbarat	2.51321760
fémoral	2.51321760
valis	2.51321760
tuberculos	2.51321760
homo	2.51321760
miliair	2.51321760
rachit	2.51321760
specimen	2.51321760
dutailly	2.51321760
gomm	2.51321760
syphil	2.51321760
virtual	2.51321760
paléopatholog	2.51321760
gabar	2.51321760
ossement	2.51321760
coqueugniot	2.51321760
préhistoir	2.51321760
longitudinal	2.51321760
hélen	2.51321760
tivm	2.51321760
biofidel	2.51321760
cop	2.51321760
syphilit	2.51321760
reconstructric	2.51321760
erectus	2.51321760
fidel	2.51321760
diaphys	2.51321760
tubercul	2.51321760
fémur	2.51321760
bordelais	2.51321760
anthropolog	2.51321760
dutour	2.51321760
greffon	2.51321760
ulcer	2.51321760
projectil	2.51321760
paleo	2.51321760
mallet	2.51321760
mandibul	2.51321760
livret	2.51321760
labr	2.51321760
metagenopol	2.51321760
metaqu	2.51321760
paraît	2.51321760
pronostic	2.51321760
hallucin	2.51321760
metafun	2.51321760
mgp	2.51321760
rallong	2.51321760
ignoron	2.51321760
restrict	2.51321760
habitent	2.51321760
budgétair	2.51321760
dérisoir	2.51321760
précurseur	2.51321760
calédon	2.51321760
adrien	2.51321760
rivaton	2.51321760
noumé	2.51321760
calédonien	2.51321760
adecal	2.51321760
amical	2.51321760
lagon	2.51321760
eldorado	2.51321760
aquacultur	2.51321760
cadoret	2.51321760
aquarium	2.51321760
malv	2.51321760
visionnair	2.51321760
anni	2.51321760
méteo	2.51321760
legos	2.51321760
naissent	2.51321760
poséidon	2.51321760
déclencheur	2.51321760
meurent	2.51321760
retranch	2.51321760
jason	2.51321760
géodésien	2.51321760
shom	2.51321760
cl	2.51321760
swot	2.51321760
mercator	2.51321760
cazenav	2.51321760
topography	2.51321760
topex	2.51321760
tourbillon	2.51321760
cinet	2.51321760
ambulatoir	2.51321760
eyeop	2.51321760
décernent	2.51321760
pap	2.51321760
cécit	2.51321760
ciliair	2.51321760
hifu	2.51321760
glaucom	2.51321760
cyclo	2.51321760
cjd	2.51321760
eyetechcar	2.51321760
rillieux	2.51321760
livrent	2.51321760
anjou	2.51321760
solubl	2.51321760
solv	2.51321760
moltech	2.51321760
infograph	2.51321760
tribart	2.51321760
login	2.51321760
rncp	2.51321760
elevator	2.51321760
connecting	2.51321760
speech	2.51321760
grecqu	2.51321760
charpenti	2.51321760
cousu	2.51321760
étuv	2.51321760
épav	2.51321760
ligatur	2.51321760
prôt	2.51321760
inattendus	2.51321760
refair	2.51321760
talon	2.51321760
ployag	2.51321760
viem	2.51321760
caress	2.51321760
serrag	2.51321760
alexandrin	2.51321760
foliot	2.51321760
borg	2.51321760
embarc	2.51321760
gipc	2.51321760
muséograph	2.51321760
ccj	2.51321760
mandatair	2.51321760
convoit	2.51321760
jullian	2.51321760
gypt	2.51321760
amu	2.51321760
nucléart	2.51321760
cousus	2.51321760
déduit	2.51321760
arkaeos	2.51321760
barqu	2.51321760
flamm	2.51321760
répliqu	2.51321760
chevill	2.51321760
pomey	2.51321760
virur	2.51321760
achill	2.51321760
métropol	2.51321760
naviguent	2.51321760
vrillag	2.51321760
absurd	2.51321760
délim	2.51321760
librevill	2.51321760
uranium	2.51321760
propret	2.51321760
déces	2.51321760
bo	2.51321760
descendr	2.51321760
convenu	2.51321760
manganes	2.51321760
hyp	2.51321760
granit	2.51321760
manquon	2.51321760
assiam	2.51321760
guin	2.51321760
beaujol	2.51321760
auroy	2.51321760
hiv	2.51321760
chabl	2.51321760
épingl	2.51321760
rustiqu	2.51321760
chenill	2.51321760
equatorial	2.51321760
détracteur	2.51321760
ondimb	2.51321760
vho	2.51321760
regorg	2.51321760
éleph	2.51321760
gabon	2.51321760
défunt	2.51321760
tahit	2.51321760
congo	2.51321760
dus	2.51321760
vigneron	2.51321760
natal	2.51321760
hyen	2.51321760
omar	2.51321760
malym	2.51321760
regardent	2.51321760
audrey	2.51321760
ira	2.51321760
atoll	2.51321760
hectolitr	2.51321760
polynes	2.51321760
ogoou	2.51321760
recouvert	2.51321760
oser	2.51321760
gabonais	2.51321760
bongo	2.51321760
bonhomm	2.51321760
vitivinicol	2.51321760
voyon	2.51321760
carignan	2.51321760
sensostat	2.51321760
stagiair	2.51321760
demandent	2.51321760
urbano	2.51321760
évoluent	2.51321760
teillet	2.51321760
confient	2.51321760
premic	2.51321760
porti	2.51321760
sention	2.51321760
expir	2.51321760
enitia	2.51321760
cloud	2.51321760
biofund	2.51321760
immunodépress	2.51321760
kurm	2.51321760
immunosuppresseur	2.51321760
aurinvest	2.51321760
pathoquest	2.51321760
séquençag	2.51321760
anticancer	2.51321760
alfort	2.51321760
congénital	2.51321760
slicom	2.51321760
rectorat	2.51321760
câblag	2.51321760
nse	2.51321760
claustr	2.51321760
duval	2.51321760
essaimag	2.51321760
auvergn	2.51321760
bourget	2.51321760
avi	2.51321760
constellium	2.51321760
aubert	2.51321760
ifma	2.51321760
usinag	2.51321760
aeri	2.51321760
rexia	2.51321760
muon	2.51321760
boostent	2.51321760
coïncid	2.51321760
convect	2.51321760
gên	2.51321760
éblou	2.51321760
abyssal	2.51321760
émettr	2.51321760
photomultipl	2.51321760
bioluminescent	2.51321760
littéral	2.51321760
antar	2.51321760
survenus	2.51321760
universit	2.51321760
prédéfin	2.51321760
francin	2.51321760
narbon	2.51321760
jri	2.51321760
compan	2.51321760
partnering	2.51321760
offriront	2.51321760
oslo	2.51321760
eccp	2.51321760
present	2.51321760
lmbo	2.51321760
buy	2.51321760
chil	2.51321760
leveraged	2.51321760
naturalis	2.51321760
empruntent	2.51321760
medellin	2.51321760
ail	2.51321760
mozamb	2.51321760
sculptur	2.51321760
britann	2.51321760
rachat	2.51321760
giron	2.51321760
actionnarial	2.51321760
chilien	2.51321760
roger	2.51321760
ghisolfo	2.51321760
cadr	2.51321760
see	2.51321760
saragoss	2.51321760
fondatric	2.51321760
rodin	2.51321760
andin	2.51321760
portzamparc	2.51321760
obligatair	2.51321760
barracud	2.51321760
rouman	2.51321760
bancair	2.51321760
bridg	2.51321760
endet	2.51321760
gtm	2.51321760
vinc	2.51321760
tramway	2.51321760
carnet	2.51321760
danub	2.51321760
metz	2.51321760
soir	2.51321760
bulgar	2.51321760
sir	2.51321760
look	2.51321760
berthet	2.51321760
coch	2.51321760
business	2.51321760
learninglab	2.51321760
mooc	2.51321760
pupitr	2.51321760
ide	2.51321760
résultent	2.51321760
onlin	2.51321760
sociolog	2.51321760
coureur	2.51321760
idef	2.51321760
packard	2.51321760
hewlet	2.51321760
emlyon	2.51321760
délivrent	2.51321760
mêlent	2.51321760
doyen	2.51321760
intéresson	2.51321760
pulvéris	2.51321760
rentabl	2.51321760
procurent	2.51321760
parasitoïd	2.51321760
mesurent	2.51321760
chaudi	2.51321760
quid	2.51321760
auxiliair	2.51321760
ecophyto	2.51321760
crus	2.51321760
phénol	2.51321760
guyot	2.51321760
oxydo	2.51321760
septentrional	2.51321760
bivb	2.51321760
cst	2.51321760
gèrent	2.51321760
mildiou	2.51321760
faun	2.51321760
oïdium	2.51321760
amertum	2.51321760
vinicultur	2.51321760
rvv	2.51321760
iuvv	2.51321760
pesticid	2.51321760
infernal	2.51321760
colmar	2.51321760
flavescent	2.51321760
tanin	2.51321760
répondront	2.51321760
quar	2.51321760
gerv	2.51321760
battr	2.51321760
venim	2.51321760
floral	2.51321760
béroud	2.51321760
ujf	2.51321760
smartox	2.51321760
iser	2.51321760
dangeros	2.51321760
waard	2.51321760
ciblent	2.51321760
arve	2.51321760
fpga	2.51321760
dsp	2.51321760
classif	2.51321760
platform	2.51321760
cognimem	2.51321760
imitent	2.51321760
collaboron	2.51321760
neuropic	2.51321760
gst	2.51321760
bruneau	2.51321760
neurofpg	2.51321760
sensing	2.51321760
alkan	2.51321760
paindavoin	2.51321760
ouragan	2.51321760
goc	2.51321760
inlands	2.51321760
cryosat	2.51321760
croût	2.51321760
manteau	2.51321760
fleuron	2.51321760
smos	2.51321760
cryospher	2.51321760
moho	2.51321760
éphémer	2.51321760
megev	2.51321760
gadzartz	2.51321760
renouveau	2.51321760
intervient	2.51321760
gar	2.51321760
facet	2.51321760
neuv	2.51321760
constructibil	2.51321760
gcn	2.51321760
tinc	2.51321760
irc	2.51321760
connected	2.51321760
meeting	2.51321760
mechatronic	2.51321760
temporair	2.51321760
gris	2.51321760
verb	2.51321760
exclu	2.51321760
décret	2.51321760
dissert	2.51321760
choqu	2.51321760
enchant	2.51321760
vant	2.51321760
maux	2.51321760
ambérieu	2.51321760
dérob	2.51321760
développon	2.51321760
fuselag	2.51321760
proi	2.51321760
relèvent	2.51321760
sunaéro	2.51321760
légal	2.51321760
conjugu	2.51321760
bugey	2.51321760
annex	2.51321760
quart	2.51321760
entreront	2.51321760
béryllium	2.51321760
tritium	2.51321760
supr	2.51321760
bécoulet	2.51321760
soviet	2.51321760
stropp	2.51321760
faisabl	2.51321760
déposit	2.51321760
poloïdal	2.51321760
w	2.51321760
proton	2.51321760
règnent	2.51321760
astre	2.51321760
tor	2.51321760
isotop	2.51321760
deutérium	2.51321760
becoulet	2.51321760
éternel	2.51321760
toroïdal	2.51321760
foulon	2.51321760
roquecourb	2.51321760
fijus	2.51321760
oenolog	2.51321760
bascul	2.51321760
exces	2.51321760
vassal	2.51321760
sopagly	2.51321760
pech	2.51321760
viticulteur	2.51321760
sca	2.51321760
pénur	2.51321760
heracl	2.51321760
arrachag	2.51321760
rentabilis	2.51321760
soplagy	2.51321760
annualis	2.51321760
spo	2.51321760
amènent	2.51321760
surproducteur	2.51321760
icv	2.51321760
qualimed	2.51321760
sas	2.51321760
raisol	2.51321760
payraud	2.51321760
jus	2.51321760
wrsc	2.51321760
championship	2.51321760
açor	2.51321760
lanvéoc	2.51321760
mensur	2.51321760
conchyculteur	2.51321760
world	2.51321760
remport	2.51321760
gouillou	2.51321760
sailing	2.51321760
strass	2.51321760
gall	2.51321760
imminent	2.51321760
canar	2.51321760
kinkingnéhun	2.51321760
oculomotr	2.51321760
ebt	2.51321760
débarqu	2.51321760
impliquent	2.51321760
souligin	2.51321760
melun	2.51321760
nouffert	2.51321760
sénagral	2.51321760
falconni	2.51321760
synucléin	2.51321760
agrégat	2.51321760
traduis	2.51321760
motric	2.51321760
curat	2.51321760
dépress	2.51321760
incontrôl	2.51321760
jonction	2.51321760
fibrillair	2.51321760
aplat	2.51321760
repli	2.51321760
enzymolog	2.51321760
spaghet	2.51321760
propagent	2.51321760
tribun	2.51321760
naco	2.51321760
nanoconstruct	2.51321760
nanoh	2.51321760
recteur	2.51321760
passent	2.51321760
copenhagu	2.51321760
milit	2.51321760
bauc	2.51321760
refais	2.51321760
novaqt	2.51321760
vivron	2.51321760
aupalesen	2.51321760
van	2.51321760
portion	2.51321760
précèdent	2.51321760
valorial	2.51321760
chimio	2.51321760
wymelbek	2.51321760
remus	2.51321760
démarrent	2.51321760
pali	2.51321760
nutrition	2.51321760
benharrosh	2.51321760
gazoduc	2.51321760
industrial	2.51321760
estii	2.51321760
far	2.51321760
exigus	2.51321760
tecnic	2.51321760
laport	2.51321760
ingenieros	2.51321760
superior	2.51321760
michaël	2.51321760
banjamin	2.51321760
pip	2.51321760
voilur	2.51321760
bastien	2.51321760
endur	2.51321760
camarad	2.51321760
dt	2.51321760
gdf	2.51321760
faurr	2.51321760
pyréen	2.51321760
caquet	2.51321760
mancin	2.51321760
escuel	2.51321760
hart	2.51321760
braibart	2.51321760
céli	2.51321760
bioaxial	2.51321760
sirat	2.51321760
gabriel	2.51321760
denv	2.51321760
idriss	2.51321760
biothon	2.51321760
octet	2.51321760
sysf	2.51321760
téraflop	2.51321760
bioinformat	2.51321760
séquenceur	2.51321760
supercomputing	2.51321760
protéom	2.51321760
sc	2.51321760
ter	2.51321760
ibm	2.51321760
persistent	2.51321760
antiépilept	2.51321760
bischoff	2.51321760
indésir	2.51321760
dysfonction	2.51321760
fagn	2.51321760
depaul	2.51321760
biovalley	2.51321760
épilept	2.51321760
rhenep	2.51321760
epileps	2.51321760
igf	2.51321760
gin	2.51321760
ligu	2.51321760
synapcel	2.51321760
épileps	2.51321760
vercueil	2.51321760
bagu	2.51321760
protip	2.51321760
debry	2.51321760
laryngectom	2.51321760
mauric	2.51321760
freund	2.51321760
béreng	2.51321760
ablat	2.51321760
respir	2.51321760
resp	2.51321760
trachéotom	2.51321760
masculin	2.51321760
pan	2.51321760
amovibl	2.51321760
trachéal	2.51321760
larynx	2.51321760
valv	2.51321760
pieux	2.51321760
besançon	2.51321760
dépist	2.51321760
ensmm	2.51321760
ilsa	2.51321760
discret	2.51321760
reproductibil	2.51321760
prescrit	2.51321760
voeux	2.51321760
lançon	2.51321760
drastiqu	2.51321760
immuno	2.51321760
horloger	2.51321760
hématolog	2.51321760
beuff	2.51321760
cuvilli	2.51321760
prestatair	2.51321760
patronag	2.51321760
planif	2.51321760
atec	2.51321760
malbrunot	2.51321760
plaît	2.51321760
conflit	2.51321760
fascicul	2.51321760
opin	2.51321760
joindr	2.51321760
planteur	2.51321760
malbouff	2.51321760
tritur	2.51321760
encycloped	2.51321760
arrangent	2.51321760
caricatural	2.51321760
déforest	2.51321760
projecteur	2.51321760
antagon	2.51321760
controvers	2.51321760
rival	2.51321760
levang	2.51321760
valoir	2.51321760
martel	2.51321760
stigmatis	2.51321760
ultraviolet	2.51321760
assiston	2.51321760
ménach	2.51321760
confidential	2.51321760
querleux	2.51321760
chevelur	2.51321760
offraient	2.51321760
cheveux	2.51321760
lec	2.51321760
furtiv	2.51321760
gravitent	2.51321760
cfm	2.51321760
edge	2.51321760
neo	2.51321760
leading	2.51321760
fluctuat	2.51321760
oie	2.51321760
brochet	2.51321760
compresseur	2.51321760
aubag	2.51321760
comac	2.51321760
instationnair	2.51321760
monocouloir	2.51321760
brui	2.51321760
boeing	2.51321760
turboréacteur	2.51321760
trouvon	2.51321760
general	2.51321760
vertigo	2.51321760
siègent	2.51321760
galet	2.51321760
protib	2.51321760
gériatr	2.51321760
tango	2.51321760
elov	2.51321760
mk	2.51321760
levag	2.51321760
ombistocking	2.51321760
gérontolog	2.51321760
hamac	2.51321760
cristallis	2.51321760
asipag	2.51321760
denovo	2.51321760
agé	2.51321760
solidag	2.51321760
portail	2.51321760
silvereco	2.51321760
cann	2.51321760
expo	2.51321760
debout	2.51321760
mention	2.51321760
delaunay	2.51321760
soliag	2.51321760
émul	2.51321760
pign	2.51321760
enfilag	2.51321760
atomis	2.51321760
nanothinking	2.51321760
actualis	2.51321760
nanotechmap	2.51321760
empois	2.51321760
licenci	2.51321760
labeg	2.51321760
gourm	2.51321760
vélo	2.51321760
midinnov	2.51321760
aggroalimentair	2.51321760
bénévol	2.51321760
prédiag	2.51321760
locomot	2.51321760
jourdain	2.51321760
monsieur	2.51321760
construison	2.51321760
mâcon	2.51321760
prenon	2.51321760
commelin	2.51321760
marmit	2.51321760
work	2.51321760
ec	2.51321760
disney	2.51321760
faision	2.51321760
béton	2.51321760
chôm	2.51321760
luxembourg	2.51321760
packag	2.51321760
pros	2.51321760
nanocristal	2.51321760
scalpel	2.51321760
innombr	2.51321760
alba	2.51321760
morceau	2.51321760
differ	2.51321760
adsorpt	2.51321760
recoll	2.51321760
mmc	2.51321760
décoll	2.51321760
cellulos	2.51321760
marcellan	2.51321760
incis	2.51321760
lient	2.51321760
physco	2.51321760
autorépar	2.51321760
capitalis	2.51321760
perfection	2.51321760
supélec	2.51321760
immanqu	2.51321760
pâtisser	2.51321760
boulanger	2.51321760
fou	2.51321760
soi	2.51321760
cuir	2.51321760
canton	2.51321760
tart	2.51321760
oeuf	2.51321760
marx	2.51321760
jaun	2.51321760
fantasm	2.51321760
haumont	2.51321760
émulsion	2.51321760
dunod	2.51321760
ferment	2.51321760
escoffi	2.51321760
august	2.51321760
vocal	2.51321760
eurêk	2.51321760
revendeur	2.51321760
maintien	2.51321760
sens	2.51321760
puteau	2.51321760
dispensent	2.51321760
retorik	2.51321760
dispenson	2.51321760
casquet	2.51321760
never	2.51321760
conversationnel	2.51321760
dav	2.51321760
lims	2.51321760
arbault	2.51321760
outillag	2.51321760
cao	2.51321760
mannequin	2.51321760
restreint	2.51321760
cohabitent	2.51321760
kel	2.51321760
mouvoir	2.51321760
lisi	2.51321760
collis	2.51321760
démont	2.51321760
luminy	2.51321760
delphin	2.51321760
crvm	2.51321760
primit	2.51321760
nanoformul	2.51321760
carcinom	2.51321760
livatag	2.51321760
dbi	2.51321760
acquiert	2.51321760
bioallianc	2.51321760
doxorubicin	2.51321760
sorafenib	2.51321760
chimioembolis	2.51321760
nanomédic	2.51321760
nanobiotix	2.51321760
galien	2.51321760
flacon	2.51321760
retravaill	2.51321760
troi	2.51321760
nanomédecin	2.51321760
inefficac	2.51321760
greciet	2.51321760
bpifranc	2.51321760
lipidot	2.51321760
lyophilisat	2.51321760
hépatocellulair	2.51321760
randomis	2.51321760
judith	2.51321760
orphelin	2.51321760
asymptomat	2.51321760
naïo	2.51321760
green	2.51321760
eurorégion	2.51321760
maraîch	2.51321760
crustac	2.51321760
fusi	2.51321760
bet	2.51321760
raréfact	2.51321760
dépollu	2.51321760
tarn	2.51321760
ovat	2.51321760
dotat	2.51321760
hybr	2.51321760
remportent	2.51321760
deexbio	2.51321760
montent	2.51321760
actis	2.51321760
inpt	2.51321760
gaull	2.51321760
quercypôl	2.51321760
aveyron	2.51321760
tricycl	2.51321760
whylot	2.51321760
crust	2.51321760
ravaud	2.51321760
oz	2.51321760
déplass	2.51321760
camb	2.51321760
géranium	2.51321760
trimouv	2.51321760
inn	2.51321760
cbmn	2.51321760
celi	2.51321760
lasagyl	2.51321760
photocoagul	2.51321760
captag	2.51321760
polyphas	2.51321760
relargag	2.51321760
lactobacill	2.51321760
calorimetr	2.51321760
odontolog	2.51321760
lcpo	2.51321760
salivair	2.51321760
souchothequ	2.51321760
lfc	2.51321760
détatouag	2.51321760
nanoobjet	2.51321760
bucco	2.51321760
encombr	2.51321760
bar	2.51321760
calvet	2.51321760
antisept	2.51321760
pau	2.51321760
antibiot	2.51321760
adour	2.51321760
irt	2.51321760
technocampus	2.51321760
fabmak	2.51321760
transdisciplinair	2.51321760
séanc	2.51321760
emc	2.51321760
pai	2.51321760
fab	2.51321760
manufacturing	2.51321760
intergénérationnel	2.51321760
fabshop	2.51321760
thinking	2.51321760
pérennis	2.51321760
fabulous	2.51321760
maker	2.51321760
portag	2.51321760
kick	2.51321760
renard	2.51321760
optifel	2.51321760
déglutit	2.51321760
optimised	2.51321760
elderly	2.51321760
sicard	2.51321760
terrali	2.51321760
mariet	2.51321760
vegepoly	2.51321760
désir	2.51321760
fragilis	2.51321760
conqui	2.51321760
emitting	2.51321760
led	2.51321760
polythiophen	2.51321760
électroluminescent	2.51321760
guillaum	2.51321760
suspendu	2.51321760
light	2.51321760
admiss	2.51321760
optionnel	2.51321760
postbac	2.51321760
ajoutent	2.51321760
notabl	2.51321760
promulgu	2.51321760
subtilis	2.51321760
sti	2.51321760
bachelor	2.51321760
stefan	2.51321760
décalag	2.51321760
désol	2.51321760
diminuent	2.51321760
esr	2.51321760
décroîtr	2.51321760
châlon	2.51321760
postul	2.51321760
dissémin	2.51321760
rôd	2.51321760
fip	2.51321760
obtiendront	2.51321760
bacheli	2.51321760
balanit	2.51321760
ohmi	2.51321760
mécénat	2.51321760
bétail	2.51321760
densifi	2.51321760
faso	2.51321760
caill	2.51321760
diop	2.51321760
désertif	2.51321760
usttb	2.51321760
rémuner	2.51321760
ethiop	2.51321760
ducourneau	2.51321760
gmv	2.51321760
apparten	2.51321760
bamako	2.51321760
ménager	2.51321760
aegyptiac	2.51321760
mousson	2.51321760
instituteur	2.51321760
mauritani	2.51321760
tésséker	2.51321760
mordr	2.51321760
mauritan	2.51321760
kloran	2.51321760
surven	2.51321760
aliou	2.51321760
tamarindus	2.51321760
transcontinental	2.51321760
nilotic	2.51321760
hypertens	2.51321760
sad	2.51321760
prescrir	2.51321760
dun	2.51321760
rebois	2.51321760
herb	2.51321760
ziziphus	2.51321760
dispensair	2.51321760
sahélosaharien	2.51321760
chargent	2.51321760
désert	2.51321760
boëtsch	2.51321760
climatolog	2.51321760
vendr	2.51321760
nigeri	2.51321760
muraill	2.51321760
feux	2.51321760
cheikh	2.51321760
maraîchag	2.51321760
incess	2.51321760
burkin	2.51321760
durcourneau	2.51321760
thiengol	2.51321760
obasanjo	2.51321760
ugb	2.51321760
camion	2.51321760
olusegun	2.51321760
mouton	2.51321760
zébus	2.51321760
alentour	2.51321760
erythr	2.51321760
corv	2.51321760
nig	2.51321760
widou	2.51321760
cnrst	2.51321760
dakar	2.51321760
troupeau	2.51321760
ess	2.51321760
djibout	2.51321760
confondr	2.51321760
cultivent	2.51321760
senegal	2.51321760
éleveur	2.51321760
coucous	2.51321760
guiss	2.51321760
raddian	2.51321760
tchad	2.51321760
anta	2.51321760
acaci	2.51321760
soudan	2.51321760
ohm	2.51321760
ouagadougou	2.51321760
par	2.51321760
defcc	2.51321760
ucad	2.51321760
pluviometr	2.51321760
méticul	2.51321760
ougadougou	2.51321760
chevr	2.51321760
réapparaîtr	2.51321760
nigérian	2.51321760
hostil	2.51321760
wollongong	2.51321760
bachelard	2.51321760
philip	2.51321760
sydney	2.51321760
banlieu	2.51321760
lipoprotein	2.51321760
dyslipidem	2.51321760
trans	2.51321760
ester	2.51321760
solary	2.51321760
bak	2.51321760
athéroscléros	2.51321760
else	2.51321760
cetp	2.51321760
soupçon	2.51321760
contingent	2.51321760
cholesterol	2.51321760
melbourn	2.51321760
apolipoprotéin	2.51321760
gaston	2.51321760
sporad	2.51321760
natif	2.51321760
remani	2.51321760
cholesteryl	2.51321760
what	2.51321760
systerr	2.51321760
coquill	2.51321760
impropr	2.51321760
phytochip	2.51321760
comanch	2.51321760
biopuc	2.51321760
pecten	2.51321760
maximus	2.51321760
provepharm	2.51321760
pépit	2.51321760
gombert	2.51321760
château	2.51321760
feraud	2.51321760
onir	2.51321760
sachet	2.51321760
pizz	2.51321760
éclat	2.51321760
fusibl	2.51321760
hydrophil	2.51321760
capsula	2.51321760
poncelet	2.51321760
thé	2.51321760
absorbon	2.51321760
idéalis	2.51321760
prévoi	2.51321760
superposit	2.51321760
ene	2.51321760
technico	2.51321760
proviendr	2.51321760
fp	2.51321760
perig	2.51321760
élastomer	2.51321760
gant	2.51321760
thermoplast	2.51321760
rednr	2.51321760
piercan	2.51321760
nanocharg	2.51321760
jeud	2.51321760
déchirur	2.51321760
depos	2.51321760
gien	2.51321760
ekawatchaow	2.51321760
deform	2.51321760
ales	2.51321760
catalyz	2.51321760
investor	2.51321760
biovis	2.51321760
débattront	2.51321760
colorimetr	2.51321760
solteiro	2.51321760
designer	2.51321760
rondonopol	2.51321760
ressort	2.51321760
mato	2.51321760
grosso	2.51321760
pompéi	2.51321760
vestig	2.51321760
vilhen	2.51321760
annot	2.51321760
day	2.51321760
quadrillent	2.51321760
rupestr	2.51321760
préhistorien	2.51321760
préhistor	2.51321760
vialou	2.51321760
agu	2.51321760
morro	2.51321760
napl	2.51321760
solliqu	2.51321760
boulet	2.51321760
enclav	2.51321760
dégross	2.51321760
oublion	2.51321760
opac	2.51321760
verrous	2.51321760
extra	2.51321760
stratobus	2.51321760
stratrobus	2.51321760
pirater	2.51321760
achemin	2.51321760
tributair	2.51321760
polyéthylen	2.51321760
zodiac	2.51321760
interrupt	2.51321760
stratospher	2.51321760
loïc	2.51321760
coureaud	2.51321760
thom	2.51321760
exploron	2.51321760
déstructur	2.51321760
qual	2.51321760
intersensoriel	2.51321760
allaient	2.51321760
appelon	2.51321760
métabolis	2.51321760
guichard	2.51321760
buck	2.51321760
memolap	2.51321760
danguin	2.51321760
lind	2.51321760
qualigr	2.51321760
briand	2.51321760
phy	2.51321760
guichet	2.51321760
elisabeth	2.51321760
postdoctoral	2.51321760
interindividuel	2.51321760
préoccupent	2.51321760
gibaru	2.51321760
ur	2.51321760
musculo	2.51321760
pénibil	2.51321760
décharg	2.51321760
parvient	2.51321760
débarrasson	2.51321760
recycleur	2.51321760
yttrium	2.51321760
lanthanid	2.51321760
ieh	2.51321760
niobium	2.51321760
recyclent	2.51321760
balard	2.51321760
offrant	2.51321760
goettmann	2.51321760
livraison	2.51321760
tantal	2.51321760
hydrométallurg	2.51321760
boiteux	2.51321760
marcel	2.51321760
scandium	2.51321760
quatorz	2.51321760
mondel	2.51321760
styl	2.51321760
rogeau	2.51321760
sodexo	2.51321760
caution	2.51321760
verbalis	2.51321760
outcom	2.51321760
croit	2.51321760
reported	2.51321760
nutrineuro	2.51321760
item	2.51321760
lu	2.51321760
lessac	2.51321760
rappellent	2.51321760
soutiennent	2.51321760
acousticien	2.51321760
myster	2.51321760
anani	2.51321760
oem	2.51321760
bisannuel	2.51321760
giorgio	2.51321760
sved	2.51321760
offreur	2.51321760
room	2.51321760
rosym	2.51321760
diagan	2.51321760
inosport	2.51321760
voiron	2.51321760
hai	2.51321760
valenci	2.51321760
ballest	2.51321760
vocabulair	2.51321760
de	2.51321760
novic	2.51321760
yurok	2.51321760
jord	2.51321760
gewurztramin	2.51321760
étiquet	2.51321760
doc	2.51321760
sauvignon	2.51321760
ontario	2.51321760
chardonnay	2.51321760
marketer	2.51321760
démystif	2.51321760
élaborent	2.51321760
ockham	2.51321760
monat	2.51321760
niven	2.51321760
derep	2.51321760
jav	2.51321760
incuballi	2.51321760
fram	2.51321760
fédéral	2.51321760
durc	2.51321760
department	2.51321760
microsoft	2.51321760
nist	2.51321760
rigour	2.51321760
criminal	2.51321760
sergey	2.51321760
trustinsoft	2.51321760
cuoq	2.51321760
cybersécur	2.51321760
cyb	2.51321760
still	2.51321760
boston	2.51321760
simplif	2.51321760
circonst	2.51321760
magnéto	2.51321760
microfluid	2.51321760
edan	2.51321760
ladhyx	2.51321760
gouttelet	2.51321760
vissi	2.51321760
primordial	2.51321760
sysnav	2.51321760
géolocalis	2.51321760
inoper	2.51321760
dangl	2.51321760
ipsos	2.51321760
cens	2.51321760
banalis	2.51321760
appétent	2.51321760
incognit	2.51321760
renonc	2.51321760
oudghir	2.51321760
boud	2.51321760
unanim	2.51321760
imarin	2.51321760
cosmeto	2.51321760
mangent	2.51321760
fascin	2.51321760
innocu	2.51321760
symbolis	2.51321760
colloïdal	2.51321760
nacr	2.51321760
résistent	2.51321760
material	2.51321760
sédiment	2.51321760
bivalv	2.51321760
alumin	2.51321760
auo	2.51321760
aragonit	2.51321760
deni	2.51321760
adjonct	2.51321760
contourn	2.51321760
alphababy	2.51321760
hiérarch	2.51321760
ormeau	2.51321760
lamel	2.51321760
entretient	2.51321760
altran	2.51321760
ioi	2.51321760
mazar	2.51321760
entre	2.51321760
vtt	2.51321760
trail	2.51321760
moodboard	2.51321760
ralli	2.51321760
mangeon	2.51321760
nourrici	2.51321760
gorg	2.51321760
substrat	2.51321760
tas	2.51321760
feillet	2.51321760
pluriel	2.51321760
religion	2.51321760
atteindron	2.51321760
sceptiqu	2.51321760
simil	2.51321760
parois	2.51321760
menus	2.51321760
hertzien	2.51321760
attest	2.51321760
winrest	2.51321760
avers	2.51321760
oriano	2.51321760
noisy	2.51321760
pointus	2.51321760
diétet	2.51321760
webrest	2.51321760
gpao	2.51321760
ouvron	2.51321760
rembours	2.51321760
raczinsk	2.51321760
frachet	2.51321760
audio	2.51321760
arkamy	2.51321760
avicen	2.51321760
intelligibil	2.51321760
laryngolog	2.51321760
coûtent	2.51321760
annul	2.51321760
oto	2.51321760
habitacl	2.51321760
tokyo	2.51321760
audiogramm	2.51321760
opte	2.51321760
citadin	2.51321760
détroit	2.51321760
phras	2.51321760
séoul	2.51321760
rhino	2.51321760
baign	2.51321760
entendent	2.51321760
téléviseur	2.51321760
modem	2.51321760
syt	2.51321760
écho	2.51321760
insulino	2.51321760
vidéos	2.51321760
anna	2.51321760
présentiel	2.51321760
subbotin	2.51321760
aiguill	2.51321760
coaching	2.51321760
villain	2.51321760
leungchopan	2.51321760
coupur	2.51321760
inutil	2.51321760
rff	2.51321760
malfaiteur	2.51321760
win	2.51321760
dissuas	2.51321760
ati	2.51321760
pelti	2.51321760
milan	2.51321760
megamix	2.51321760
krl	2.51321760
radicalair	2.51321760
carlo	2.51321760
corino	2.51321760
kentoh	2.51321760
accus	2.51321760
tabag	2.51321760
infatig	2.51321760
accroissent	2.51321760
equilibr	2.51321760
découl	2.51321760
profilent	2.51321760
prion	2.51321760
appari	2.51321760
avicultur	2.51321760
engrang	2.51321760
résed	2.51321760
biosynthes	2.51321760
célibatair	2.51321760
rétinopath	2.51321760
astrolab	2.51321760
négret	2.51321760
néovin	2.51321760
violet	2.51321760
servadou	2.51321760
conquer	2.51321760
apprécient	2.51321760
vinneo	2.51321760
moût	2.51321760
terreo	2.51321760
sandralis	2.51321760
malbec	2.51321760
ifv	2.51321760
toyot	2.51321760
écoproduit	2.51321760
dao	2.51321760
sd	2.51321760
loft	2.51321760
écotechnolog	2.51321760
fablab	2.51321760
niçois	2.51321760
tradmatik	2.51321760
deviendront	2.51321760
maurill	2.51321760
hermes	2.51321760
kaarsten	2.51321760
larivi	2.51321760
alimentec	2.51321760
néoform	2.51321760
propack	2.51321760
andreacris	2.51321760
pla	2.51321760
rfid	2.51321760
rmt	2.51321760
feingenbaum	2.51321760
ductil	2.51321760
alexandr	2.51321760
pti	2.51321760
eustach	2.51321760
neuropsycholog	2.51321760
anatom	2.51321760
cyceron	2.51321760
appam	2.51321760
déper	2.51321760
aromatis	2.51321760
aromat	2.51321760
lavand	2.51321760
médicinal	2.51321760
spiritu	2.51321760
succinct	2.51321760
lavandin	2.51321760
dign	2.51321760
inhabituel	2.51321760
