aarhus	aarhu
abandonner	abandonner
abandonnées	abandonnée
abattus	abattu
abbaye	abbay
abeille	abeille
abeilles	abeille
abiotique	abiotique
ablation	ablation
abondance	abondance
abondante	abondant
abord	abord
aborde	abord
aborder	aborder
abordera	aborder
aborderont	aborder
abordé	aborder
abordée	aborder
abordées	aborder
abordés	aborder
abouti	aboutir
aboutir	aboutir
aboutira	aboutir
aboutiront	aboutir
aboutissement	aboutissement
aboutissez	aboutir
aboutit	aboutir
abri	abri
abrite	abriter
abritent	abriter
abriter	abriter
abritera	abriter
absence	absence
absolu	absolu
absolus	absolu
absorbe	absorb
absorber	absorber
absorbons	absorbon
absorption	absorption
abstraire	abstrair
abstraites	abstraite
abstress	abstres
absurde	absurde
abusent	abusent
abyssaux	abyssau
abîmer	abîmer
acacia	acacia
acacias	acacia
academies	academie
academy	academy
académiciens	académicien
académie	académie
académies	académie
académique	académique
académiques	académique
acare	acare
accelerator	accelerator
accent	accent
acceptabilité	acceptabilité
acceptable	acceptable
acceptables	acceptable
acceptant	accepter
accepter	accepter
acceptera	accepter
accepté	accepter
accessible	accessible
accessibles	accessible
accident	accident
accidentellement	accidentellement
accidents	accident
accidentée	accidenter
acclimater	acclimater
accompagnant	accompagner
accompagne	accompagn
accompagnement	accompagnement
accompagnent	accompagner
accompagner	accompagner
accompagnons	accompagnon
accompagné	accompagner
accompagnée	accompagner
accompagnées	accompagner
accompagnés	accompagner
accomplir	accomplir
accord	accord
accordable	accordable
accorde	accorder
accords	accord
accostage	accostage
accroche	accroche
accrocher	accrocher
accroissement	accroissement
accroissent	accroissent
accroît	accroît
accroître	accroître
accru	accroître
accrue	accroître
accréditée	accréditer
accueil	accueil
accueillant	accueillir
accueillantes	accueillanter
accueille	accueille
accueillera	accueillir
accueilli	accueillir
accueillie	accueillir
accueillir	accueillir
accueillis	accueillir
accumulateurs	accumulateur
accumulation	accumulation
accumuler	accumuler
accumulées	accumuler
accusé	accuser
accèdent	accèdent
accès	accès
accéder	accéder
accélérateur	accélérateur
accélérateurs	accélérateur
accélération	accélération
accélérer	accélérer
accéléromètres	accéléromètre
accélérée	accélérer
acetate	acetate
acharné	acharné
achat	achat
acheminement	acheminement
acheter	acheter
achever	achever
achevé	achever
achevée	achevé
achille	achill
achève	achever
achèvent	achever
achèvera	achever
acid	acid
acide	acide
acides	acide
acidité	acidité
acier	acier
acipenser	acipenser
acoustic	acoustic
acousticiens	acousticien
acoustique	acoustique
acoustiques	acoustique
acousto	acousto
acquiert	acquérir
acquis	acquérir
acquise	acquérir
acquises	acquérir
acquisition	acquisition
acquisitions	acquisition
acquérir	acquérir
acte	acte
actes	acte
acteur	acteur
acteurs	acteur
actia	actia
actif	actif
actifs	actif
actilait	actiler
action	action
actionnaire	actionnaire
actionnaires	actionnaire
actionnarial	actionnarial
actionneurs	actionneur
actions	action
actis	actis
activation	activation
active	actif
activement	activement
actives	active
activité	activité
activités	activité
activée	activer
activées	activer
activés	activer
actualisées	actualisée
actualites	actualite
actualité	actualité
actuel	actuel
actuelle	actuel
actuellement	actuellement
actuelles	actuel
actuels	actuel
acuité	acuité
acv	acv
acétate	acétate
adaptable	adaptable
adaptatif	adaptatif
adaptatifs	adaptatif
adaptation	adaptation
adaptations	adaptation
adaptative	adaptatif
adapte	adapte
adaptent	adapter
adapter	adapter
adapté	adapter
adaptée	adapter
adaptées	adaptée
adaptés	adapté
additif	additif
additifs	additif
additionnel	additionnel
adecal	adecal
ademe	ademe
adept	adept
adhérences	adhérence
adhérent	adhérer
adhérente	adhérent
adhérentes	adhérent
adhérents	adhérent
adhérer	adhérer
adhéré	adhérer
adhésif	adhésif
adhésion	adhésion
adjoint	adjoint
adjoints	adjoint
adjonction	adjonction
adjuvants	adjuvant
administrateur	administrateur
administration	administration
administrations	administration
administratives	administratif
administrée	administrer
admirer	admirer
admis	admettre
admission	admission
adn	adn
adolescent	adolescent
adoptent	adoptent
adoption	adoption
adopté	adopter
adoptée	adopter
adoptés	adopter
adosser	adosser
adossé	adosser
adossée	adosser
adour	adour
adresse	adresse
adresser	adresser
adria	adria
adriatique	adriatique
adrien	adrien
ads	ads
adsl	adsl
adsorption	adsorption
adulte	adulte
adultes	adulte
advanced	advanced
advisor	advisor
advisory	advisory
adéquat	adéquat
adéquate	adéquat
adéquates	adéquate
ae	a
aedes	aede
aegypti	aegypti
aegyptiaca	aegyptiaca
aeria	aeria
aero	aero
aerocampus	aerocampus
aerokwai	aerokwai
aeronautics	aeronautic
aerosol	aerosol
aerospace	aerospace
aerospatial	aerospatial
aerowing	aerowing
afam	afam
aff	aff
affaire	affaire
affaires	affaire
affectant	affecter
affecte	affect
affectent	affecter
affecter	affecter
affection	affection
affective	affectif
affecté	affecté
affichant	afficher
affiche	affiche
affichent	affichent
afficher	afficher
affiché	affiché
affichée	affichée
affichés	affiché
affilée	affilée
affinage	affinage
affiner	affiner
affinés	affiner
affirme	affirmer
affirmer	affirmer
affirmons	affirmon
affirmé	affirmer
affluent	affluer
affranchir	affranchir
affronter	affronter
affût	affût
afin	afin
afis	afi
afni	afni
afnor	afnor
afpa	afpa
africain	africain
africaine	africain
africains	africain
afrique	afrique
aft	aft
agathe	agathe
age	age
agence	agence
agences	agence
agenda	agenda
agent	agent
agents	agent
agglomération	agglomération
aggravants	aggravant
aggravation	aggravation
aggroalimentaires	aggroalimentaire
agilité	agilité
agir	agir
agira	agir
agirait	agir
agissaient	agissaient
agissait	agir
agisse	agir
agissent	agir
agit	agir
agitation	agitation
agon	agon
agonistes	agoniste
agrandir	agrandir
agrandissement	agrandissement
agrene	agrene
agresseur	agresseur
agressions	agression
agri	agri
agricole	agricole
agricoles	agricole
agriculteurs	agriculteur
agriculture	agriculture
agricultures	agriculture
agrimip	agrimip
agro	agro
agroalimenaire	agroalimenair
agroalimentaire	agroalimentaire
agroalimentaires	agroalimentaire
agrochimie	agrochimie
agrochimique	agrochimique
agroenvironnement	agroenvironnement
agronome	agronome
agronomes	agronome
agronomie	agronomie
agronomique	agronomique
agronov	agronov
agroparis	agroparis
agroparistech	agroparistech
agrossup	agrossup
agrosup	agrosup
agrosystèmes	agrosystème
agroécologie	agroécologie
agrège	agréger
agrène	agrène
agrès	agrès
agréable	agréable
agrégat	agrégat
agrégation	agrégation
agrégats	agrégat
agréée	agréer
aguea	aguea
aguerris	aguerrir
agées	ager
ai	avoir
aidants	aidant
aide	aide
aider	aider
aides	aide
aient	avoir
aiguille	aiguill
aile	ail
ailleurs	ailleurs
aim	aim
aimara	aimara
aime	aime
aimerait	aimer
ain	ain
air	air
airbus	airbus
aircore	aircore
aircraft	aircraft
aires	aire
airs	air
aiserey	aiserey
aisément	aisément
ait	avoir
aix	ai
ajout	ajout
ajoutant	ajouter
ajoute	ajout
ajoutent	ajouter
ajouter	ajouter
ajoutez	ajouter
ajoutons	ajouton
ajouts	ajout
ajouté	ajouté
ajoutée	ajouter
ajoutés	ajouter
ajustements	ajustement
ajusteuse	ajusteuse
alabouvette	alabouvette
aladin	aladin
alain	alain
alarme	alarme
alba	alba
albert	albert
alcatel	alcatel
alcoolique	alcoolique
alcoolisme	alcoolisme
aldebaran	aldebaran
alenia	alenia
alentours	alentours
alerte	alerte
alerté	alerter
alertés	alerté
ales	ale
alexandre	alexandre
alexandrines	alexandrin
alf	alf
alfort	alfort
algorithme	algorithme
algorithmes	algorithme
algues	algue
algérie	algérie
ali	ali
alia	alier
alice	alice
alignements	alignement
alignés	aligner
aliment	aliment
alimentaire	alimentaire
alimentaires	alimentaire
alimentation	alimentation
alimente	alimente
alimentec	alimentec
alimentent	alimenter
alimenter	alimenter
aliments	aliment
alimenté	alimenter
alimentée	alimenter
alimentées	alimentée
aliou	aliou
aliss	aliss
alkan	alkan
allaert	allaert
allaient	aller
allait	aller
allaitement	allaitement
allaité	allaité
allant	aller
allemagne	allemagn
allemand	allemand
allemandes	allemand
allemands	allemand
allenvi	allenvi
aller	aller
allergies	allergie
allergiques	allergique
allergisante	allergisante
allergologues	allergologue
allergènes	allergène
allergénicité	allergénicité
allers	aller
allez	aller
alliages	alliage
alliance	alliance
allier	allier
allions	allion
allocution	allocution
allongement	allongement
allons	allon
allure	allur
allèles	allèle
allé	aller
allée	aller
allégations	allégation
allégement	allégemer
alléger	alléger
allés	aller
almasat	almasat
alone	alone
along	along
alpes	alpe
alpespace	alpespace
alpha	alpher
alphababy	alphababy
alpin	alpin
alpine	alpine
alsace	alsac
alter	alter
alterindustrialisation	alterindustrialisation
alternance	alternance
alternant	alterner
alternatifs	alternatif
alternative	alternatif
alternatives	alternative
altika	altika
altimètre	altimètre
altimétrie	altimétrie
altimétrique	altimétrique
altitude	altitude
altitudes	altitude
altran	altran
altérer	altérer
altéré	altéré
altérés	altérer
alumine	alumine
aluminium	aluminium
alzheimer	alzheimer
alès	alè
aléas	aléer
amalgame	amalgame
amas	amas
ambassade	ambassade
ambiance	ambiance
ambiante	ambiant
ambiguïté	ambiguïté
ambitieux	ambitieux
ambition	ambition
ambitionne	ambitionn
ambitions	ambition
ambroisie	ambroisi
ambrosia	ambrosia
ambulatoire	ambulatoire
ambérieu	ambérieu
amenant	amener
amendements	amendement
amender	amender
amener	amener
amené	amener
amenées	amener
amenés	amener
amer	amer
america	america
american	american
amertume	amertum
amf	amf
ami	ami
amical	amical
aminé	aminer
aminés	aminer
amiral	amiral
amm	amm
ammoniac	ammoniac
amont	amont
amorcer	amorcer
amortisseur	amortisseur
amorçage	amorçage
amovible	amovible
amphis	amphi
amphithéâtre	amphithéâtr
amplement	amplement
ampleur	ampleur
amplifiant	amplifier
amplificateur	amplificateur
amplificateurs	amplificateur
amplification	amplification
amplificatrice	amplificatrice
amplificatrices	amplificatrice
amplifient	amplifier
amplifier	amplifier
amplifiée	amplifier
amplifiées	amplifiée
amplifying	amplifying
ampère	ampère
ams	ams
amsterdam	amsterdam
amu	amu
amundi	amundi
amusant	amusant
amusez	amuser
amylgen	amylgen
amyloid	amyloid
amyloïde	amyloïde
amyotrophique	amyotrophique
amène	amène
amènent	amener
améliane	améliane
améliorant	améliorant
amélioration	amélioration
améliorations	amélioration
améliorent	améliorer
améliorer	améliorer
améliorons	amélioron
améliorées	améliorée
améliorés	améliorer
aménagement	aménagement
aménagements	aménagement
aménageurs	aménageur
aménagés	aménager
américain	américain
américaine	américaine
américaines	américaine
américains	américain
amérique	amériqu
an	an
analogue	analogue
analogues	analogue
analysant	analysant
analyse	analyse
analyser	analyser
analyses	analyse
analyste	analyst
analystes	analyste
analysée	analyser
analysées	analyser
analytical	analytical
analytics	analytic
analytique	analytique
analytiques	analytique
anania	anania
anantharaman	anantharaman
anatomie	anatomie
ancien	ancien
ancienne	ancien
anciennes	ancien
ancienneté	ancienneter
anciens	ancien
ancre	ancr
ancrée	ancrée
and	and
andine	andin
andreacrisante	andreacrisante
andrews	andrews
androconie	androconie
androconies	androconie
android	android
andré	andré
anecdote	anecdote
anecdotes	anecdote
anesthésiantes	anesthésiant
anesthésique	anesthésique
anesthésiques	anesthésique
angers	angers
angewandte	angewandt
anglais	anglais
angle	angle
angles	angle
angleterre	angleterre
anglo	anglo
angströms	angströms
angusticeps	angusticep
anicap	anicap
animal	animal
animale	animal
animales	animal
animals	animal
animateur	animateur
animation	animation
animations	animation
animaux	animal
anime	anime
animer	animer
animera	animer
animé	animer
animées	animer
anions	anion
anjou	anjou
anna	anner
anne	ann
anneau	anneau
annexe	annexe
annie	annie
anniversaire	anniversaire
annonce	annonce
annoncent	annoncer
annoncer	annoncer
annoncé	annoncer
annonçait	annoncer
annotée	annoter
annualiser	annualiser
annuel	annuel
annuelle	annuel
annuelles	annuel
annuels	annuel
annulation	annulation
année	année
années	année
anomalie	anomalie
anomalies	anomalie
anonyme	anonyme
anonymes	anonyme
anormale	anormal
anormaux	anormal
anr	anr
anru	anru
ans	an
anses	anse
anta	anter
antagonistes	antagoniste
antarctique	antarctique
antares	antare
antem	antem
antenne	antenn
antennes	antenne
anthropique	anthropique
anthropiques	anthropique
anthropologie	anthropologie
anthropologue	anthropologue
anthropologues	anthropologue
anti	anti
antibiotique	antibiotique
antibiotiques	antibiotique
anticancéreuse	anticancéreuse
anticipant	anticiper
anticipation	anticipation
anticiper	anticiper
anticipées	anticiper
anticorps	anticorps
antidépresseurs	antidépresseur
antigel	antigel
antigènes	antigène
antilles	antille
antimicrobien	antimicrobien
antimicrobiens	antimicrobien
antimigraineux	antimigraineux
antimonure	antimonure
antine	antin
antioxydant	antioxyder
antioxydants	antioxydant
antipolis	antipolis
antiseptiques	antiseptique
antiépileptiques	antiépileptique
antoine	antoine
aoc	aoc
aon	aon
août	août
ap	ap
aperçu	apercevoir
apix	apix
aplatie	aplatie
apolipoprotéine	apolipoprotéine
apollon	apollon
appam	appam
apparaissait	apparaître
apparaissent	apparaître
apparaît	apparaître
apparaître	apparaître
appareil	appareil
appareiller	appareiller
appareillées	appareiller
appareils	appareil
apparente	apparent
apparenté	apparenter
apparition	apparition
apparié	apparier
appartenant	appartenir
appartiennent	appartenir
appartient	appartenir
apparu	apparaître
apparue	apparaître
apparues	apparue
appel	appel
appelait	appeler
appeler	appeler
appelions	appelion
appellation	appellation
appellations	appellation
appelle	appeler
appellent	appeler
appellerais	appeler
appelons	appelon
appels	appel
appelé	appeler
appelée	appeler
appelées	appeler
appleton	appleton
appli	appli
applicable	applicable
applicables	applicable
applicatifs	applicatif
application	application
applications	application
applied	applied
appliquant	appliquer
applique	appliqu
appliquent	appliquer
appliquer	appliquer
appliquions	appliquion
appliqué	appliquer
appliquée	appliquer
appliquées	appliqué
appliqués	appliquer
appoint	appoint
apport	apport
apportant	apportant
apporte	apporte
apportent	apporter
apporter	apporter
apporteront	apporter
apportons	apporton
apports	apport
apporté	apporter
apportées	apporter
apprenait	apprendre
apprenant	apprendre
apprenants	apprenant
apprend	apprendre
apprendre	apprendre
apprendront	apprendre
apprenne	apprenn
apprenti	apprenti
apprentie	apprenti
apprentis	apprenti
apprentissage	apprentissage
apprentissages	apprentissage
appris	apprendre
approchant	approcher
approche	approche
approchent	approcher
approches	approche
approfondie	approfondie
approfondir	approfondir
appropriables	appropriable
approprient	approprier
approprier	approprier
appropriés	approprié
approuve	approuve
approuvée	approuver
approvisionnement	approvisionnemer
approvisionnements	approvisionnement
appréciation	appréciation
apprécie	apprécie
apprécient	apprécier
apprécier	apprécier
apprécié	apprécier
appréciée	apprécier
appréhender	appréhender
appréhension	appréhension
appui	appui
appuie	appuie
appuiera	appuyer
appuieront	appuyer
appuyant	appuyer
appuyer	appuyer
appuyez	appuyer
appuyé	appuyer
appuyée	appuyée
appétence	appétence
appétit	appétit
après	après
apte	apte
aptes	apte
aptitude	aptitude
aptitudes	aptitude
aquaculture	aquacultur
aquarium	aquarium
aquasourça	aquasourça
aquatique	aquatique
aquatiques	aquatique
aqueuse	aqueux
aquifères	aquifère
aquimer	aquimer
aquitaine	aquitaine
arabe	arabe
arabes	arabe
arabidopsis	arabidopsi
aragonite	aragonite
araignées	araigner
arbault	arbault
arbre	arbre
arbres	arbre
arc	arc
arcachon	arcachon
arcanes	arcane
architecte	architecte
architectes	architecte
architecture	architecture
architectures	architecture
archon	archon
archéologie	archéologie
archéologique	archéologique
archéologiques	archéologique
archéologue	archéologu
archéologues	archéologue
archétype	archétype
arctique	arctique
arctiques	arctique
areva	areva
argent	argent
argile	argil
argileux	argileux
argilo	argilo
argos	argos
argument	argument
ariane	ariane
arianespace	arianespace
ariatt	ariatt
arilait	arilait
arimnet	arimnet
aritt	aritt
ariège	ariège
arkaeos	arkaeos
arkamys	arkamy
arkema	arkema
armand	armand
arme	arme
armement	armement
armes	arme
armoise	armoise
armée	armé
armées	armée
armés	armer
arn	arn
arnaud	arnaud
aromatiques	aromatiquer
aromatisation	aromatisation
arome	arome
arp	arp
arpège	arpéger
arrachage	arrachage
arrangent	arrangent
arranger	arranger
array	array
arrivant	arriver
arrive	arriver
arrivent	arriver
arriver	arriver
arriveront	arriver
arrivée	arrivée
arrivées	arriver
arrivés	arriver
arrière	arrière
arrosage	arrosage
arrêt	arrêt
arrête	arrête
arrêter	arrêter
arrêtons	arrêton
arrêtés	arrêter
arséniure	arséniure
art	art
artemis	artemis
artemisiifolia	artemisiifolia
arthropodes	arthropode
artichaut	artichaut
article	article
articles	article
articulaires	articulaire
articulant	articuler
articulation	articulation
articule	articul
articulent	articuler
articulera	articuler
articuleront	articuler
artificiel	artificiel
artificielle	artificielle
artificielles	artificielle
artificiels	artificiel
artisanal	artisanal
artisanale	artisanal
artisanales	artisanale
artisanat	artisanat
artisanaux	artisanau
artiste	artiste
artistes	artiste
artistique	artistique
arts	art
arve	arve
arôme	arôme
arômes	arôme
as	as
ascension	ascension
ascq	ascq
asi	asi
asiatiques	asiatique
asie	asie
asipag	asipag
asn	asn
aspect	aspect
aspects	aspect
asperge	asperger
aspirations	aspiration
assainissement	assainissement
assemblage	assemblage
assemblages	assemblage
assemblent	assembler
assembler	assembler
assemblées	assembler
assemblés	assemblé
asset	asset
assez	assez
assiami	assiami
assiette	assiette
assiettes	assiette
assimilation	assimilation
assimile	assimil
assimilé	assimiler
assimilée	assimiler
assis	asseoir
assises	assise
assistait	assister
assistance	assistance
assistant	assister
assiste	assister
assistent	assister
assister	assister
assistera	assister
assistons	assiston
assistée	assister
assistés	assister
assocation	assocation
associant	associant
association	association
associations	association
associative	associatif
associatives	associative
associe	associe
associent	associent
associer	associer
associé	associer
associée	associer
associées	associer
associés	associer
assortie	assortir
assumant	assumer
assurait	assurer
assurance	assurance
assurant	assurer
assure	assurer
assurent	assurer
assurer	assurer
assuré	assurer
assurée	assurer
assystem	assystem
assène	assène
astech	astech
aster	aster
asteralis	asteralis
astre	astre
astrium	astrium
astrocytes	astrocyte
astrolabe	astrolabe
astronautes	astronaute
astronautique	astronautique
astrophysique	astrophysique
asymptomatique	asymptomatique
atec	atec
atee	atee
atelier	atelier
ateliers	atelier
athlète	athlèt
athéna	athéner
athérosclérose	athérosclérose
ati	ati
atlantique	atlantique
atmospheric	atmospheric
atmosphère	atmosphère
atmosphérique	atmosphérique
atmosphériques	atmosphérique
atoll	atoll
atome	atome
atomes	atome
atomique	atomique
atomisé	atomiser
atopic	atopic
atopica	atopica
atout	atout
atouts	atout
atpu	atpu
atr	atr
atrophie	atrophie
attachant	attacher
attache	attache
attaches	attache
attachées	attacher
attachés	attaché
attapulgite	attapulgite
attaque	attaque
attaquer	attaquer
attaques	attaque
attaqués	attaquer
attarde	attarder
attarder	attarder
atteignait	atteindre
atteignant	atteindre
atteindra	atteindre
atteindre	atteindre
atteindrons	atteindron
atteint	atteindre
atteinte	atteinte
atteintes	atteinte
atteints	atteindre
atteitnes	atteitne
atteler	atteler
attend	attendre
attendant	attendre
attendent	attendre
attendons	attendon
attendre	attendre
attendu	attendre
attendue	attendre
attendues	attendre
attendus	attendre
attentat	attentat
attentats	attentat
attente	attente
attentes	attente
attentif	attentif
attentifs	attentif
attentil	attentil
attention	attention
atterrissage	atterrissage
atterrissages	atterrissage
attester	attester
attirent	attirer
attirer	attirer
attitudes	attitude
attractif	attractif
attractifs	attractif
attraction	attraction
attractivité	attractiviter
attribution	attribution
attribué	attribuer
attribuée	attribuer
attribuées	attribuée
attribués	attribuer
atténuant	atténuant
atténuation	atténuation
atv	atv
atypique	atypique
atypiques	atypique
aubage	aubage
aube	aube
aubert	aubert
aubes	aube
aucun	aucun
aucune	aucun
audacieux	audacieux
audio	audio
audiogramme	audiogramme
audit	audit
auditif	auditif
audition	audition
auditive	auditif
auditives	auditive
auditoires	auditoire
audrey	audrey
augmentait	augmenter
augmentation	augmentation
augmente	augment
augmenter	augmenter
augmenté	augmenter
augmentée	augmenter
augsburg	augsburg
auguste	auguste
auo	auo
aupalesens	aupalesen
auparavant	auparavant
auprès	auprès
auquel	auquel
aura	avoir
auraient	avoir
aurais	aurai
aurait	avoir
auras	aura
aureus	aureu
aurinvest	aurinvest
aurons	avoir
auront	avoir
auroy	auroy
ausculter	ausculter
aussitôt	aussitôt
australe	austral
australie	australi
austère	austère
auteur	auteur
auteurs	auteur
authenticité	authenticité
authentification	authentification
authentique	authentique
auto	auto
autobus	autobus
autochtones	autochtone
autocuiseur	autocuiseur
autodirecteurs	autodirecteurs
autofinancer	autofinancer
automated	automated
automatique	automatique
automatiquement	automatiquemer
automatiques	automatique
automatisation	automatisation
automatiser	automatiser
automatismes	automatisme
automatisé	automatiser
automatisée	automatiser
automatisées	automatisée
automatisés	automatiser
automne	automne
automobile	automobile
automobiles	automobile
autonome	autonome
autonomes	autonome
autonomie	autonomie
autoproduits	autoproduit
autorisant	autoriser
autorisation	autorisation
autorise	autoriser
autorité	autorité
autorités	autorité
autoroute	autoroute
autoroutes	autoroute
autoréparable	autoréparable
autour	autour
autre	autre
autrefois	autrefoi
autrement	autrement
autres	autre
autriche	autriche
auvergne	auvergn
auxerre	auxerre
auxiliaires	auxiliaire
auxquelles	auxquelles
auxquels	auxquels
avaient	avoir
avais	avoir
avait	avoir
aval	aval
avalanche	avalanch
avance	avance
avancement	avancement
avancer	avancer
avanciez	avancer
avancée	avancer
avancées	avancée
avancés	avancer
avant	avant
avantage	avantage
avantages	avantage
avantageuses	avantageuser
avatar	avatar
avavian	avavian
avenir	avenir
avenirs	avenir
aventure	aventure
aversions	aversion
avertissement	avertissement
aveyron	aveyron
avez	avoir
avia	avia
aviation	aviation
avicenne	avicenn
avicole	avicole
aviculture	aviculture
avion	avion
avionneur	avionneur
avionneurs	avionneur
avions	avion
avis	avis
avoir	avoir
avons	avoir
avoue	avouer
avouer	avouer
avril	avril
avum	avum
avère	avère
avèrent	avèrent
avérait	avérer
avérant	avérer
avérer	avérer
avéré	avérer
awards	award
ax	a
axe	axe
axel	axel
axer	axer
axes	axe
axé	axer
axée	axer
axées	axer
axés	axer
ayant	avoir
azimuts	azimut
azote	azote
azoture	azoture
azotée	azoter
azur	azur
açores	açore
aérien	aérien
aérienne	aérien
aériennes	aérienne
aériens	aérien
aérodynamique	aérodynamique
aérodynamiques	aérodynamique
aéromaritime	aéromaritime
aéronautique	aéronautique
aéronautiques	aéronautique
aéronefs	aéronef
aéroport	aéroport
aéroports	aéroport
aéroportuaires	aéroportuaire
aérospatial	aérospatial
aérotechnique	aérotechnique
aérothermique	aérothermique
aérothermiques	aérothermique
aérée	aérer
aînée	aîné
b	b
ba	ba
babethanol	babethanol
bac	bac
baccalauréat	baccalauréat
bach	bach
bachelard	bachelard
bacheliers	bachelier
bachelor	bachelor
bactéricides	bactéricide
bactérie	bactérie
bactérien	bactérien
bactérienne	bactérien
bactériennes	bactérienne
bactériens	bactérien
bactéries	bactérie
bagages	bagage
bagarre	bagarre
bague	bague
bahru	bahru
baigne	baign
bailleurs	bailleur
bains	bain
baissant	baissant
baisse	baisse
baisser	baisser
baker	baker
balaie	balaie
balaieront	balayer
balance	balance
balanites	balanite
balard	balard
balayage	balayage
balayer	balayer
balbutiante	balbutiante
bali	bali
ballester	ballester
ballon	ballon
ballons	ballon
baltique	baltique
baléares	baléare
bamako	bamako
banal	banal
banalisées	banalisée
banals	banal
banc	banc
bancaire	bancaire
bancs	banc
bande	band
bang	bang
bangalore	bangalore
bangladais	banglader
bangladesh	bangladesh
banjamin	banjamin
bank	bank
banlieue	banlieue
bannière	bannière
banque	banque
banquier	banquier
banquise	banquise
bao	bao
baptisant	baptisant
baptiste	baptiste
baptisé	baptiser
baptisée	baptiser
baptisées	baptiser
baptisés	baptiser
barande	barand
barbara	barbara
barcelone	barcelone
barque	barqu
barquettes	barquette
barracuda	barracuda
barrage	barrage
barrages	barrage
barre	barre
barreau	barreau
barrière	barrière
barrières	barrière
bars	bar
barter	barter
baryonic	baryonic
baryoniques	baryonique
bas	bas
basculé	basculer
base	base
bases	base
basiques	basique
basse	bas
basses	bas
bassin	bassin
bassins	bassin
bastien	bastien
basé	baser
basée	baser
basées	basée
basés	baser
bataille	bataille
batailler	batailler
bateau	bateau
bateaux	bateal
batiénergie	batiénergie
battant	battant
battants	battant
battent	battre
batterie	batterie
batteries	batterie
battre	battr
bauce	bauc
bcar	bcar
be	be
beau	beau
beaucoup	beaucoup
beaujolais	beaujolai
beauvais	beauvai
beaux	beau
beaver	beaver
becoulet	becoulet
beige	beige
beihang	beihang
bel	bel
belge	belge
belgique	belgiqu
belle	bel
belles	bel
bene	bene
benefit	benefit
benfield	benfield
benharrosh	benharrosh
benjamin	benjamin
benoit	benoit
berceau	berceau
berck	berck
berkeley	berkeley
berlin	berlin
bernard	bernard
berthet	berthet
bertin	bertin
bertrand	bertrand
besançon	besançon
besnard	besnard
besoin	besoin
besoins	besoin
beta	beta
beuffe	beuff
bi	bi
biais	biais
biausser	biausser
bibliographie	bibliographie
bibliothèque	bibliothèqu
bic	bic
bidault	bidault
bien	bien
biene	biene
biennal	biennal
biennale	biennal
biens	bien
bientôt	bientôt
bienvenu	bienvenu
big	big
bigot	bigot
bilan	bilan
bille	bill
billes	bille
billion	billion
binaire	binaire
binoculaire	binoculaire
binôme	binôme
bio	bio
bioalliance	bioalliance
bioaxial	bioaxial
biocapteurs	biocapteur
biocarburant	biocarburer
biocarburants	biocarburant
biochimie	biochimie
biochimiste	biochimist
biocitech	biocitech
bioclimatiques	bioclimatique
biocompatible	biocompatible
biocore	biocore
biodiesel	biodiesel
biodiversité	biodiversité
biodégradable	biodégradable
biodégradables	biodégradable
biofidèles	biofidèle
biofilm	biofilm
biofilms	biofilm
biofund	biofund
biogaz	biogaz
biogenèse	biogenèse
biogéochimiques	biogéochimique
bioindustriel	bioindustriel
bioindustries	bioindustrie
bioinformatique	bioinformatique
biologie	biologie
biologique	biologique
biologiques	biologique
biologiste	biologiste
biologistes	biologiste
biology	biology
bioluminescence	bioluminescence
biom	biom
biomarqueurs	biomarqueur
biomass	biomass
biomasse	biomass
biomatériaux	biomatériau
biomimétique	biomimétique
biomimétiques	biomimétiques
biomédical	biomédical
biomédicament	biomédicament
biomédicaments	biomédicament
biométhane	biométhane
biométrie	biométrie
biopharmaceutique	biopharmaceutiqu
biophytis	biophytis
biopolymères	biopolymère
bioproduction	bioproduction
bioprotein	bioprotein
biopuce	biopuce
biosciences	bioscience
biosimilaire	biosimilair
biosimilaires	biosimilaire
biosimulation	biosimulation
biosipe	biosip
biosynthèse	biosynthèse
biotech	biotech
biotechnologie	biotechnologie
biotechnologies	biotechnologie
biotechnologiques	biotechnologique
biotechnology	biotechnology
biothon	biothon
biotisa	biotisa
biovalley	biovalley
biovision	biovision
bioénergies	bioénergie
bioénergétique	bioénergétique
bioéquivalence	bioéquivalence
biphotonique	biphotonique
bipolaires	bipolaire
bipolar	bipolar
bisannuelle	bisannuelle
biscarossaises	biscarossaise
biscarosse	biscarosse
bischoff	bischoff
bistouri	bistouri
bit	bit
bivalent	bivalent
bivalves	bivalve
bivb	bivb
bixilla	bixilla
blanc	blanc
blanche	blanc
blanches	blanc
blancs	blanc
bleu	bleu
bleue	bleu
bleus	bleu
bloc	bloc
blocage	blocage
blocus	blocus
bloquant	bloquer
bloquer	bloquer
bloqué	bloquer
blue	blue
bluffant	bluffer
bluffé	bluffer
blériot	blériot
bmbf	bmbf
boas	boa
bobiné	bobiner
bodet	bodet
boeing	boeing
bois	bois
boissons	boisson
boiteux	boiteux
bologne	bologne
bombay	bombay
bombe	bombe
bombyx	bombyx
bon	bon
bone	bone
bongo	bongo
bonheur	bonheur
bonhomme	bonhomme
bonne	bon
bonnes	bon
bonnevie	bonnevie
bonod	bonod
bons	bon
boom	boom
boostant	boostant
boostent	boostent
booster	booster
boras	bora
bord	bord
bordeaux	bordeaux
bordelais	bordelais
bordelaise	bordelais
bords	bord
bordé	border
bordée	border
bore	bore
borg	borg
borne	born
bornes	borne
borsali	borsali
bosse	bosse
boston	boston
bouche	bouche
bouchemoua	bouchemouer
bouches	bouche
boucle	boucle
boucler	boucler
boucles	boucle
bouclé	bouclé
bouder	bouder
bouffe	bouffe
bouffée	bouffée
bouffées	bouffée
bouge	bouge
bougeant	bouger
bougent	bouger
bouger	bouger
bougogne	bougogne
boulangerie	boulangerie
boulet	boulet
bouleversant	bouleversant
bouleversement	bouleversement
bouleversements	bouleversement
bouleverser	bouleverser
bouleversées	bouleverser
boulogne	boulogne
bouquet	bouquet
bourdelais	bourdelai
bourg	bourg
bourgain	bourgain
bourgeons	bourgeon
bourget	bourget
bourgogne	bourgogne
bourgois	bourgoi
bourguignon	bourguignon
bourguignonne	bourguignon
bourguignonnes	bourguignonne
bourguignons	bourguignon
bourin	bourin
bourlingue	bourlingue
bourlingué	bourlinguer
bourse	bours
bourses	bourse
boursiers	boursier
bouscule	bouscule
bousculer	bousculer
bousculé	bousculer
bout	bout
boutade	boutade
bouteille	bouteille
bouteilles	bouteille
bouton	bouton
bouts	bout
bouttes	boutte
bouyer	bouyer
bouygues	bouygue
bouées	bouée
bovine	bovine
bowler	bowler
boyle	boyle
boëtsch	boëtsch
boîte	boîte
bpi	bpi
bpifrance	bpifrance
braibart	braibart
branche	branche
branches	branche
bras	bras
brasserie	brasserie
brassons	brasson
braun	braun
brecht	brecht
bref	bref
brefs	bref
breizh	breizh
bresse	bresse
brest	brest
bretagne	bretagne
bretenière	bretenière
bretillon	bretillon
bretons	breton
breuillet	breuillet
brevet	brevet
brevetabilité	brevetabilité
brevets	brevet
breveté	breveter
brevetée	breveter
brevetés	breveté
brgm	brgm
brian	brian
briand	briand
bricas	brica
brics	bric
bridge	bridge
brigit	brigit
brillamment	brillamment
brillance	brillance
brillants	brillant
brin	brin
brins	brin
brio	brio
brique	brique
briques	brique
brisant	briser
brise	bris
briser	briser
bristol	bristol
brisé	briser
britannique	britannique
brièvement	brièvemer
brochet	brochet
bronchite	bronchite
brosser	brosser
brouillard	brouillard
brousse	brousse
broyage	broyage
bru	bru
bruit	bruit
bruits	bruit
bruneau	bruneau
bruno	bruno
brut	brut
brutes	brute
bruxelles	bruxelle
bruyant	bruyant
bruyères	bruyère
brésil	brésil
brésilien	brésilien
brésiliens	brésilien
brûle	brûle
brûler	brûler
brûleurs	brûleur
btob	btob
btp	btp
bts	bts
bucco	bucco
buck	buck
budget	budget
budgétaire	budgétaire
budgétaires	budgétaire
bugat	bugat
bugey	bugey
bulbes	bulbe
bulgarie	bulgarie
bull	bull
bulles	bulle
bulletin	bulletin
bulletins	bulletin
bureau	bureau
bureaux	bureau
bures	bure
burkina	burkina
bus	bus
business	business
busson	busson
but	but
buvaient	boire
buveurs	buveur
buy	buy
bv	bv
by	by
bâti	bâti
bâtie	bâtie
bâtiment	bâtiment
bâtiments	bâtiment
bâtir	bâtir
bâtissant	bâtir
bâtit	bâtit
bébé	bébé
bébés	béber
bécoulet	bécoulet
béhar	béhar
bénigne	bénin
béninoise	béninois
bénins	bénin
bénéfice	bénéfice
bénéfices	bénéfice
bénéficiant	bénéficier
bénéficie	bénéficie
bénéficient	bénéficier
bénéficier	bénéficier
bénéficiera	bénéficier
bénéficieront	bénéficier
bénéficions	bénéficion
bénéficié	bénéficier
bénéfiques	bénéfique
bénévoles	bénévole
bérenger	bérenger
béroud	béroud
béryllium	béryllium
bétail	bétail
béton	béton
bêta	bêta
bêtes	bête
c	c
ca	ca
cabinet	cabinet
cabinets	cabinet
cachan	cachan
cache	cache
cachent	cachent
cadam	cadam
cadarache	cadarache
cadas	cada
cadence	cadence
cadences	cadence
cadmium	cadmium
cadoret	cadoret
cadres	cadre
caen	caen
caffarel	caffarel
café	café
cahier	cahier
caillage	caillage
caillette	caillett
cailloux	caillou
caillé	cailler
caisse	caisse
calais	caler
calcaires	calcaire
calcium	calcium
calcul	calcul
calculateur	calculateur
calculer	calculer
calendrier	calendrier
calibrés	calibrer
california	california
californie	californie
californiens	californien
calme	calme
calorimètre	calorimètre
calorimètres	calorimètre
calorimétrique	calorimétrique
calottes	calotte
caltech	caltech
calvet	calvet
calvé	calver
calédonie	calédonie
calédonien	calédonien
camarades	camarade
cambes	cambe
cambresis	cambresi
camembert	camembert
cameron	cameron
cameroun	cameroun
camerounais	camerounais
camille	camille
camions	camion
campagne	campagne
campagnes	campagner
camphuis	camphuis
campus	campus
caméra	caméra
caméras	caméra
can	can
canada	canader
canadienne	canadien
canal	canal
canaries	canarie
canaux	canal
cancer	cancer
cancers	cancer
cancéreuses	cancéreux
cancérologie	cancérologie
cancéropôle	cancéropôle
candidat	candidat
candidates	candidat
candidats	candidat
candidature	candidature
candidatures	candidature
canne	canne
cantal	cantal
cantogether	cantogether
cantonné	cantonner
cao	cao
caoutchoucs	caoutchouc
cap	cap
capa	capa
capabilities	capabilitie
capable	capable
capables	capable
capacité	capacité
capacités	capacité
capenergie	capenergie
capital	capital
capitale	capital
capitales	capitale
capitaliser	capitaliser
caprine	caprin
caprins	caprin
capsulae	capsulae
capsule	capsule
capsules	capsule
captage	captage
captant	capter
capte	capter
captent	capter
capter	capter
capteurs	capteur
captivité	captivité
capturant	capturer
capture	captur
capturer	capturer
capturera	capturera
capté	capté
capénergies	capénergie
caquette	caquett
car	car
caractère	caractère
caractères	caractère
caractérisation	caractérisation
caractérise	caractériser
caractériser	caractériser
caractéristique	caractéristique
caractéristiques	caractéristique
caractérisé	caractérisé
caractérisées	caractérisée
caractérisés	caractériser
carbon	carbon
carbonate	carbonate
carbonates	carbonate
carbone	carbone
carbonique	carbonique
carburant	carburer
carburants	carburant
carbure	carbure
carcinome	carcinome
cardiaque	cardiaque
cardio	cardiologie
cardiométabolime	cardiométabolim
cardiométabolisme	cardiométabolisme
cardiovasculaires	cardiovasculaires
cardons	cardon
caressait	caresser
cargill	cargill
caricaturales	caricatural
caries	carie
carignan	carignan
cariou	cariou
carlo	carlo
carmejane	carmejane
carminatti	carminatti
carnet	carnet
carnot	carnot
caroline	caroline
carraro	carraro
carreau	carreau
carrefour	carrefour
carril	carril
carrière	carrière
carrières	carrière
carroll	carroll
carré	carré
carrée	carrer
carrés	carré
carte	carte
cartes	carte
cartier	cartier
cartogaphier	cartogaphier
cartographie	cartographi
cartographient	cartographier
cartographier	cartographier
cartographies	cartographie
cartographique	cartographique
cartons	carton
carène	carène
caréné	caréner
cas	cas
casablanca	casablanca
cascade	cascade
case	case
casque	casqu
casquette	casquette
cassable	cassable
cassent	casser
casser	casser
cassis	cassis
cassé	cassé
castillon	castillon
cataclysme	cataclysme
catalinas	catalina
catalogne	catalogn
catalogue	catalogu
catalyse	catalyse
catalyseurs	catalyseur
catalyzer	catalyzer
catar	catar
catastrophe	catastrophe
catastrophes	catastrophe
cathare	cathare
catherine	catherine
catholique	catholique
cations	cation
catopsys	catopsys
catégorie	catégorie
catégories	catégorie
causalité	causalité
cause	cause
causes	cause
causse	causse
causée	causer
causées	causer
caution	caution
caviar	caviar
cavité	cavité
cavités	caviter
cayot	cayot
cazenave	cazenav
cbb	cbb
cbd	cbd
cbmn	cbmn
cbs	cbs
cci	cci
ccip	ccip
ccj	ccj
ccl	ccl
ccrt	ccrt
cd	cd
cdc	cdc
cdio	cdio
cdte	cdt
cdti	cdti
cea	ceer
cecalait	cecaler
ceci	ceci
ceinture	ceinture
ceintures	ceinture
cela	celer
celia	celier
cell	cell
celle	celui
celles	celle
celllules	celllule
cellulaire	cellulaire
cellulaires	cellulaire
cellule	cellule
cellules	cellule
cellulose	cellulose
celui	celui
celuii	celuii
cemafroid	cemafroid
cemagref	cemagref
cemes	ceme
cen	cen
cenaero	cenaero
censés	censé
cent	cent
centaine	centaine
centaines	centaine
centenaire	centenaire
center	center
centimètre	centimètre
centimètres	centimètre
centiv	centiv
central	central
centrale	centrale
centrales	central
centralien	centralien
centralienne	centralien
centraliens	centralien
centre	centre
centres	centre
centrifugation	centrifugation
centré	centré
centrée	centrer
centrées	centrée
centrés	centré
cependant	cependant
ceramic	ceramic
cercle	cercle
cerface	cerface
cerfacs	cerfac
cerise	cerise
cerises	cerise
cermav	cermav
cern	cern
certain	certain
certaine	certain
certainement	certainement
certaines	certain
certains	certain
certes	certes
certification	certification
certifié	certifier
certifiés	certifier
cerveau	cerveau
cessait	cesser
cessant	cessant
cesse	cesse
cessent	cesser
cesser	cesser
cession	cession
cessé	cesser
cet	ce
ceti	ceti
cetilab	cetilab
cetp	cetp
ceux	celui
cfm	cfm
cfp	cfp
cgns	cgn
chablis	chablis
chacun	chacun
chacune	chacun
chain	chain
chair	chair
chaire	chaire
chaires	chaire
chaleur	chaleur
chaleureux	chaleureu
challenge	challenge
challenges	challenge
chamard	chamard
chambre	chambre
chambres	chambre
chameau	chameau
champ	champ
champagne	champagne
champignon	champignon
champignons	champignon
champion	champion
championship	championship
champs	champ
chance	chance
chances	chance
change	change
changement	changement
changements	changement
changer	changer
changing	changing
changé	changer
chantier	chantier
chantiers	chantier
chanvre	chanvre
chaotique	chaotique
chapdaniel	chapdaniel
chapelle	chapelle
chapitre	chapitre
chapitres	chapitre
chaque	chaque
charbon	charbon
charcuterie	charcuterie
charcutiers	charcutier
chardonnay	chardonnay
charente	charente
charenton	charenton
charge	charge
chargent	charger
charger	charger
charges	charge
chargé	charger
chargée	charger
chargés	chargé
charles	charle
charmeil	charmeil
charpak	charpak
charpentiers	charpentier
chars	char
chasse	chasser
chassent	chasser
chasser	chasser
chaud	chaud
chaude	chaude
chaudes	chaude
chaudière	chaudièr
chauds	chaud
chauffage	chauffage
chauffé	chauffer
chauffées	chauffer
chazal	chazal
chaîne	chaîne
chaînes	chaîner
chef	chef
chefs	chef
cheikh	cheikh
chemcam	chemcam
chemical	chemical
chemie	chemie
chemin	chemin
cheminement	cheminemer
chemistry	chemistry
chemoecology	chemoecology
chemosens	chemosen
chenilles	chenille
cher	cher
cherchait	chercher
cherche	cherche
cherchent	chercher
chercher	chercher
chercheur	chercheur
chercheuse	chercheur
chercheuses	chercheur
cherchez	chercher
cherchons	cherchon
cherché	chercher
cherenkov	cherenkov
cheval	cheval
chevaux	cheval
chevelure	chevelure
cheveu	cheveu
cheveux	cheveux
chevilles	cheville
chez	chez
chiens	chien
chiffre	chiffre
chiffres	chiffre
chili	chili
chilien	chilien
chilienne	chilien
chimie	chimie
chimio	chimio
chimioembolisation	chimioembolisation
chimiokine	chimiokine
chimiokines	chimiokine
chimiométrie	chimiométrie
chimiométriques	chimiométrique
chimiothérapie	chimiothérapie
chimiothérapies	chimiothérapie
chimique	chimique
chimiquement	chimiquement
chimiques	chimique
chimiste	chimist
chimistes	chimiste
china	china
chine	chine
chinois	chinois
chinoises	chinois
chirac	chirac
chirped	chirped
chirurgical	chirurgical
chirurgicale	chirurgical
chirurgicales	chirurgicale
chirurgie	chirurgie
chirurgien	chirurgien
chirurgiens	chirurgien
chloroplastes	chloroplaste
choc	choc
chocolats	chocolat
chocs	choc
choisi	choisir
choisies	choisie
choisir	choisir
choisira	choisir
choisis	choisir
choisissent	choisir
choix	choix
cholesterol	cholesterol
cholesteryl	cholesteryl
cholestérol	cholestérol
cholestérolémie	cholestérolémie
choquer	choquer
chose	chose
choses	chose
chris	chris
christelle	christell
christian	christian
christine	christine
christophe	christophe
christèle	christèle
chromatographie	chromatographie
chrome	chrom
chromophore	chromophore
chronique	chronique
chroniques	chronique
chrono	chrono
chronologie	chronologie
chu	choir
chuter	chuter
chymosine	chymosin
chypriotes	chypriote
châlons	châlon
château	château
châteauroux	châteaurou
châtel	châtel
châtenay	châtenay
chèvres	chèvre
chêne	chêne
chômé	chômé
ciat	ciat
cible	cibl
ciblent	cibler
cibler	cibler
cibles	cible
ciblé	cibler
ciblée	cibler
ciblées	ciblée
ciblés	cibler
cic	cic
cicatrisation	cicatrisation
cie	cie
ciel	ciel
cigs	cig
ciliaire	ciliaire
ciment	cimer
ciments	ciment
cinq	cinq
cinquantaine	cinquantaine
cinquante	cinquant
cinquantenaire	cinquantenaire
cinquième	cinquième
cinéma	cinéma
cinétique	cinétique
cipan	cipan
cirad	cirad
circle	circle
circonstance	circonstance
circuit	circuit
circuits	circuit
circulaire	circulaire
circulante	circulant
circulantes	circulante
circulation	circulation
circulations	circulation
circule	circuler
circumnavigation	circumnavigation
cirimat	cirimat
cis	cis
cisaillement	cisaillemer
citadelles	citadelle
citadin	citadin
citations	citation
citer	citer
citoyen	citoyen
citoyenne	citoyen
citoyens	citoyen
citroën	citroën
cité	cité
civil	civil
civile	civil
civiles	civil
civilisations	civilisation
civils	civil
cjd	cjd
clair	clair
clairance	clairance
claire	clair
clairement	clairement
clara	clara
class	clas
classe	classe
classement	classemer
classements	classement
classent	classer
classes	classe
classification	classification
classique	classique
classiquement	classiquement
classiques	classique
classé	classer
classés	classer
claude	claude
claustres	claustre
clef	clef
clermont	clermont
clichés	cliché
client	client
clients	client
clientèle	clientèle
clignotant	clignotant
climat	climat
climate	climate
climatique	climatique
climatiques	climatique
climatisation	climatisation
climatisées	climatisée
climatologie	climatologie
climatologues	climatologue
climats	climat
climb	climb
clinical	clinical
cliniciens	clinicien
clinique	clinique
cliniquement	cliniquement
cliniques	clinique
cloche	cloche
cloud	cloud
cls	cl
club	club
clubs	club
clubtex	clubtex
cluster	cluster
clusters	cluster
clé	cler
clés	cler
clôturera	clôturer
clôturée	clôturer
cm	cm
cmip	cmip
cnam	cnam
cnaol	cnaol
cnes	cnes
cniel	cniel
cnr	cnr
cnrm	cnrm
cnrs	cnr
cnrst	cnrst
co	co
coaching	coaching
coag	coag
coagulant	coagulant
coagulante	coagulant
coagulantes	coagulante
coagulants	coagulant
coagulation	coagulation
coaguler	coaguler
coalescence	coalescence
cobot	cobot
cocagne	cocagn
coche	coche
cochon	cochon
cocotier	cocotier
cocotte	cocotte
codant	coder
code	code
codes	code
codée	coder
coefficient	coefficient
coeur	coeur
cofinancés	cofinancer
cogitation	cogitation
cogiter	cogiter
cognet	cognet
cognimem	cognimem
cognitifs	cognitif
cognition	cognition
cognitive	cognitif
cognitives	cognitive
cohabitent	cohabiter
coherent	coherent
cohorte	cohorte
cohortes	cohorte
cohérence	cohérence
cohérente	cohérent
cohérentes	cohérent
cohérents	cohérent
cohésion	cohésion
coiffant	coiffant
coiffe	coiffe
coiffées	coiffer
coindreau	coindreau
col	col
colasse	colasse
cold	cold
coli	coli
colin	colin
collaborant	collaborant
collaborateur	collaborateur
collaborateurs	collaborateur
collaboratif	collaboratif
collaboratifs	collaboratif
collaboration	collaboration
collaborations	collaboration
collaborative	collaboratif
collabore	collabore
collaborent	collaborer
collaborer	collaborer
collaborons	collaboron
collagène	collagène
collantes	collante
colleaux	colleau
collecte	collecte
collecter	collecter
collectif	collectif
collectifs	collectif
collection	collection
collective	collectif
collectivement	collectivement
collectives	collective
collectivité	collectiviter
collectivités	collectivité
collectées	collectée
coller	coller
collision	collision
colloque	colloqu
colloques	colloque
colloïdale	colloïdal
collège	collège
collègue	collègue
collègues	collègue
collégiens	collégien
collés	coller
colmar	colmar
colo	colo
colombie	colombie
colonel	colonel
colonies	colonie
colonisation	colonisation
colonne	colonne
colonnes	colonne
colorant	colorer
colorants	colorant
colorimétrie	colorimétrie
colossal	colossal
colossale	colossal
colporter	colporter
colza	colza
colzauprot	colzauprot
com	com
comac	comac
comanche	comanche
combat	combat
combattre	combattre
combes	combe
combien	combien
combinaison	combinaison
combinaisons	combinaison
combinant	combiner
combinatoire	combinatoire
combine	combine
combiner	combiner
combiné	combiner
combinée	combiner
combinées	combiner
combler	combler
combustible	combustible
combustibles	combustible
combustion	combustion
comité	comité
comités	comiter
commande	commande
commandement	commandement
commandes	commande
commandé	commander
commandées	commandée
commelin	commelin
commence	commence
commencent	commencer
commencer	commencer
commencera	commencer
commencions	commencion
commencèrent	commencèrent
commencé	commencer
commencée	commencer
comment	comment
commençaient	commençaient
commençait	commencer
commençant	commencer
commençons	commençon
commerce	commerce
commercer	commercer
commerces	commerce
commercial	commercial
commerciale	commercial
commerciales	commercial
commercialisation	commercialisation
commercialise	commercialiser
commercialiser	commercialiser
commercialisé	commercialiser
commercialisée	commercialiser
commercialisés	commercialiser
commerciaux	commercial
commettaient	commettre
commis	commettre
commission	commission
commissions	commission
commun	commun
communauté	communauté
communautés	communauter
commune	commun
communes	commune
communication	communication
communications	communication
communiquer	communiquer
communs	commun
communément	communément
compact	compact
compacte	compacte
compactes	compacte
compacts	compact
compagnie	compagnie
compagnies	compagnie
compagnon	compagnon
compagnons	compagnon
companies	companie
comparable	comparable
comparables	comparable
comparaison	comparaison
comparaisons	comparaison
comparant	comparer
compare	comparer
comparer	comparer
comparé	comparer
comparée	comparer
compatible	compatible
compatibles	compatible
compensation	compensation
compenser	compenser
compilant	compiler
compiler	compiler
complet	complet
complets	complet
complexe	complexe
complexes	complexe
complexité	complexité
complication	complication
complications	complication
compliqué	compliqué
complète	complet
complètement	complètement
complètent	complètent
complètes	complète
complément	complément
complémentaire	complémentaire
complémentaires	complémentaire
complémentarité	complémentarité
complémentarités	complémentarité
compléments	complément
compléter	compléter
complété	complété
complétée	compléter
comportait	comporter
comportant	comporter
comporte	comporte
comportement	comportement
comportementales	comportementale
comportements	comportement
comportent	comporter
comporter	comporter
composant	composer
composante	composant
composantes	composant
composants	composant
compose	composer
composent	composer
composite	composite
composites	composite
composition	composition
composé	composer
composée	composer
composées	composée
composés	composer
comprenant	comprendre
comprend	comprendre
comprendre	comprendre
comprenez	comprendre
comprenons	comprenon
compresseur	compresseur
compression	compression
compris	compris
comprise	comprise
compromis	compromettre
compréhension	compréhension
comptabilité	comptabilité
comptable	comptable
comptait	compter
comptant	compter
compte	compte
comptent	compter
compter	compter
comptera	compter
compterait	compter
comptes	compte
comptons	compton
compté	compter
computational	computational
computer	computer
computing	computing
compétences	compétence
compétent	compétent
compétitifs	compétitif
compétition	compétition
compétitives	compétitif
compétitivité	compétitivité
comte	comte
comtois	comtois
comtoise	comtoise
comtoises	comtoise
comté	comté
comète	comèt
concentration	concentration
concentrations	concentration
concentre	concentre
concentrent	concentrer
concentrer	concentrer
concentré	concentré
concentrée	concentrer
concentrés	concentrer
concept	concept
concepteur	concepteur
concepteurs	concepteur
conception	conception
concepts	concept
conceptuelle	conceptuel
concernait	concerner
concernant	concerner
concerne	concerner
concernent	concerner
concerneront	concerner
concerné	concerner
concernée	concerner
concernées	concerner
concernés	concerner
concession	concession
concevoir	concevoir
concevons	concevon
conchyculteurs	conchyculteur
concilier	concilier
concitoyens	concitoyen
conclu	conclure
concluent	conclure
conclusion	conclusion
conclusions	conclusion
conclut	conclure
concombres	concombre
concourant	concourir
concourir	concourir
concours	concours
concret	concret
concrète	concret
concrètement	concrètement
concrètes	concrète
concrétise	concrétis
concrétisent	concrétisent
concrétiser	concrétiser
concrétisé	concrétiser
concrétisée	concrétiser
concurrence	concurrence
concurrencer	concurrencer
concurrent	concurrent
concurrentes	concurrente
concurrentiel	concurrentiel
concurrents	concurrent
condensée	condenser
condes	conde
condiments	condiment
condition	condition
conditionne	conditionner
conditionnement	conditionnement
conditionneurs	conditionneur
conditionnées	conditionnée
conditions	condition
conducteur	conducteur
conducteurs	conducteur
conduction	conduction
conductivité	conductivité
conductrices	conducteur
conduira	conduire
conduire	conduire
conduisait	conduire
conduisant	conduire
conduisent	conduire
conduit	conduire
conduite	conduite
conduites	conduire
conduits	conduit
conference	conference
confiance	confiance
confiant	confier
confiants	confiant
confidentialité	confidentialité
confient	confient
configuration	configuration
configurations	configuration
configuré	configurer
confinement	confinemer
confinée	confiner
confirmant	confirmant
confirmation	confirmation
confirme	confirmer
confirment	confirmer
confirmer	confirmer
confirmé	confirmer
confirmée	confirmer
confié	confier
confiées	confiée
conflits	conflit
confondre	confondre
confondues	confondre
conformation	conformation
conformer	conformer
conformité	conformité
conformément	conformément
confort	confort
confortables	confortable
confronter	confronter
confrontons	confronton
confronté	confronté
confrontée	confronter
confrontées	confrontée
confrontés	confronter
confrères	confrère
confèrent	conférer
conférant	conférer
conférence	conférence
conférences	conférence
conférenciers	conférencier
congo	congo
congress	congress
congrès	congrès
congé	conger
congélation	congélation
congénitale	congénital
congénères	congénère
conique	conique
conjoint	conjoint
conjointement	conjointement
conjointes	conjoint
conjonction	conjonction
conjuguer	conjuguer
connaissaient	connaître
connaissais	connaissai
connaissait	connaître
connaissance	connaissance
connaissances	connaissance
connaissant	connaître
connaissent	connaître
connaisseurs	connaisseur
connaissez	connaître
connaissions	connaission
connaissons	connaisson
connaît	connaître
connaître	connaître
connected	connected
connecting	connecting
connectique	connectiqu
connecté	connecter
connectée	connecter
connectées	connectée
connectés	connecté
connexion	connexion
connexions	connexion
connu	connaître
connue	connaître
connues	connu
connus	connaître
conquièrent	conquérir
conquérir	conquérir
conquête	conquêt
consacre	consacrer
consacrent	consacrent
consacrer	consacrer
consacré	consacrer
consacrée	consacrer
consacrées	consacrée
consacrés	consacrer
conscience	conscience
conscient	conscient
consciente	conscient
conscients	conscient
conseil	conseil
conseille	conseill
conseiller	conseiller
conseillère	conseiller
conseillée	conseiller
conseils	conseil
conservant	conserver
conservateurs	conservateur
conservation	conservation
conservatoire	conservatoire
conserver	conserver
conservions	conservion
conservées	conserver
considère	considérer
considèrent	considèrent
considérable	considérable
considérablement	considérablemer
considérables	considérable
considérant	considérer
considération	considération
considérer	considérer
considéré	considérer
considérée	considérer
considérées	considérer
considérés	considérer
consignes	consigne
consistance	consistance
consistant	consister
consiste	consister
consister	consister
consistera	consister
consisté	consister
consoles	console
consolide	consolider
consolider	consolider
consommables	consommable
consommaient	consommaient
consommant	consommant
consommateur	consommateur
consommateurs	consommateur
consommation	consommation
consommations	consommation
consommatrices	consommateur
consomme	consommer
consomment	consomment
consommer	consommer
consommé	consommé
consommée	consommer
consommés	consommé
consortium	consortium
constamment	constamment
constant	conster
constants	constant
constat	constat
constatant	constater
constate	constater
constatent	constatent
constater	constater
constats	constat
constaté	constater
constatée	constater
constellium	constellium
constituait	constituer
constituant	constituer
constituants	constituant
constitue	constituer
constituent	constituer
constituer	constituer
constituera	constituer
constituerait	constituer
constitution	constitution
constitué	constituer
constituée	constitué
constituées	constituer
constitués	constituer
constructeur	constructeur
constructeurs	constructeur
constructibilité	constructibilité
construction	construction
constructions	construction
construire	construire
construisent	construire
construisons	construison
construit	construit
construite	construire
construites	construire
construits	construit
consultant	consulter
consultants	consultant
consultation	consultation
consulter	consulter
consumer	consumer
conséquence	conséquence
conséquences	conséquence
conséquent	conséquent
conséquents	conséquent
contact	contact
contacter	contacter
contacts	contact
contacté	contacté
contactée	contacter
contaminants	contaminant
contamination	contamination
contaminent	contaminent
contaminé	contaminer
contaminée	contaminer
contaminées	contaminer
contenant	contenir
conteneur	conteneur
contenir	contenir
contente	content
contenter	contenter
contents	content
contenu	contenu
contenus	contenir
contest	contest
conteste	conteste
contester	contester
contexte	contexte
contiennent	contenir
contient	contenir
continent	continent
continentale	continental
continentales	continental
continentaux	continental
continents	continent
contingent	continger
continu	continu
continue	continuer
continuer	continuer
continues	continu
continuité	continuité
continus	continu
continuum	continuum
contourner	contourner
contours	contour
contraction	contraction
contradictoires	contradictoire
contrainte	contraindre
contraintes	contraindre
contraire	contraire
contrairement	contrairement
contraste	contrast
contrastées	contrastée
contrastés	contraster
contrat	contrat
contrats	contrat
contre	contre
contrecarrer	contrecarrer
contrer	contrer
contribuant	contribuer
contribue	contribuer
contribuent	contribuent
contribuer	contribuer
contribuera	contribuer
contribueront	contribuer
contribution	contribution
contributions	contribution
contribué	contribuer
control	control
controverse	controverse
controverses	controverse
contrées	contrée
contrôle	contrôle
contrôlent	contrôler
contrôler	contrôler
contrôlé	contrôler
contrôlée	contrôler
contrôlées	contrôler
convaincre	convaincre
convaincu	convaincre
convaincus	convaincre
convection	convection
convections	convection
convention	convention
conventionnel	conventionnel
conventionnels	conventionnel
conventions	convention
convenu	convenir
convergence	convergence
convergences	convergence
conversationnel	conversationnel
conversations	conversation
conversion	conversion
converties	converti
convertir	convertir
convertissant	convertir
conviction	conviction
convivial	convivial
convoité	convoité
convoyeurs	convoyeur
convoyées	convoyée
conçoit	conçoit
conçoivent	concevoir
conçu	concevoir
conçue	conçue
conçus	concevoir
cook	cook
cookies	cookie
coop	coop
coopérants	coopérant
coopératif	coopératif
coopération	coopération
coopérations	coopération
coopérative	coopératif
coopératives	coopérative
coordinateur	coordinateur
coordination	coordination
coordinatrice	coordinateur
coordonnant	coordonner
coordonne	coordonne
coordonner	coordonner
coordonné	coordonner
coordonnée	coordonner
coordonnés	coordonner
copenhague	copenhague
copies	copie
copolymère	copolymère
copolymères	copolymère
copper	copper
coque	coqu
coqueugniot	coqueugniot
coquille	coquill
coquilles	coquille
corde	corde
cordier	cordier
corinne	corinne
corino	corino
coriolis	coriolis
cornet	cornet
cornée	corné
cornées	corner
coronographes	coronographe
coronographiques	coronographique
corps	corps
corpusculaire	corpusculaire
correctement	correctement
correctives	correctif
correspond	correspondre
correspondait	correspondre
correspondant	correspondre
correspondants	correspondant
corresponde	correspondre
correspondent	correspondent
corriger	corriger
corrigé	corriger
corrélation	corrélation
corrélations	corrélation
corrélé	corréler
corrélée	corréler
corse	corse
cortex	cortex
cortico	cortico
cortège	cortège
corvaja	corvaja
corvée	corvée
corée	corer
coréen	coréen
coréens	coréen
cosmetic	cosmetic
cosmetics	cosmetic
cosmeto	cosmeto
cosmiques	cosmique
cosmologie	cosmologie
cosmétique	cosmétique
cosmétiques	cosmétique
cosmétologie	cosmétologie
cote	cote
cou	cou
couche	couche
couches	couche
coucous	coucou
couler	couler
couleur	couleur
couleurs	couleur
coulisses	coulisse
coulées	couler
council	council
councils	council
coup	coup
coupe	coupe
couper	couper
couplage	couplage
couplant	coupler
couple	couple
coupler	coupler
couplé	coupler
couplée	coupler
couplées	coupler
couplés	coupler
coupure	coupure
coupée	coupée
coupés	couper
courage	courage
courait	courir
couramment	couramment
courant	courir
courante	courer
courantes	courante
courants	courant
courbes	courbe
courbure	courbure
coureaud	coureaud
coureur	coureur
couronne	couronn
courons	couron
courrons	courron
course	course
courses	course
court	court
courtes	courte
courts	court
couse	coudre
cousu	cousu
cousus	cousu
couvercle	couvercle
couvert	couvert
couverte	couvert
couvertes	couvert
couverts	couvert
couverture	couvertur
couvrait	couvrir
couvrant	couvrant
couvre	couvre
couvrent	couvrir
couvrir	couvrir
couvrira	couvrir
couvriront	couvrir
cova	cova
covariances	covariance
coventry	coventry
coïncidé	coïncider
coût	coût
coûte	coûter
coûtent	coûter
coûteuse	coûteux
coûteux	coûteux
coûts	coût
cpa	cpa
crayon	crayon
crci	crci
crea	crea
creathes	creathe
creuse	creux
creusot	creusot
creux	creux
criant	crier
criblage	criblage
crier	crier
criminalité	criminalité
criquet	criquet
crise	crise
crises	crise
cristal	cristal
cristalline	cristallin
cristallines	cristallin
cristallins	cristallin
cristalliser	cristalliser
cristaux	cristal
critique	critique
critiques	critique
critère	critère
critères	critère
croirait	croire
croire	croire
crois	croire
croise	crois
croisement	croisement
croisements	croisement
croisière	croisière
croissance	croissance
croissant	croître
croissante	croissant
croissants	croissant
croisé	croiser
croisés	croisé
croit	croit
crops	crops
croquettes	croquette
croyez	croyez
croître	croîtr
croûte	croût
cru	croire
crucial	crucial
cruciale	crucial
cruciales	crucial
crues	crue
crus	cru
crusta	crusta
crustacés	crustacer
crvm	crvm
cryosat	cryosat
cryosphère	cryosphère
cryptographie	cryptographie
crânien	crânien
crâniennes	crânienne
crâniens	crânien
crèche	crèche
crèches	crèche
créant	créer
créateur	créateur
créateurs	créateur
créatif	créatif
créatifs	créatif
création	création
créative	créatif
créativité	créativité
créatrice	créateur
crédibilité	crédibilité
crédible	crédible
crédibles	crédible
crédit	crédit
crée	crée
créent	créer
créer	créer
créneaux	créneau
créteil	créteil
créé	créer
créée	créée
créées	créée
créés	créer
csa	csa
csc	csc
csga	csger
cst	cst
cta	cta
ctfc	ctfc
cube	cube
cubesat	cubesat
cubiculum	cubiculum
cuire	cuir
cuisine	cuisine
cuisiner	cuisiner
cuisines	cuisine
cuisinier	cuisinier
cuisiniers	cuisinier
cuisinières	cuisinière
cuisson	cuisson
cuissons	cuisson
cuivre	cuivre
culinaire	culinaire
culinaires	culinaire
culot	culot
cultivent	cultivent
cultiver	cultiver
cultivé	cultivé
cultivée	cultiver
cultivées	cultiver
cultivés	cultiver
culturale	cultural
culturales	culturale
culture	culture
culturel	culturel
culturelle	culturel
culturellement	culturellemer
culturelles	culturelle
culturels	culturel
cultures	culture
cumulant	cumulant
cumuler	cumuler
cuoq	cuoq
curatif	curatif
curie	curie
curien	curien
curieusement	curieusemer
curieux	curieux
curiosité	curiosité
curiosités	curiositer
cursus	cursu
customiser	customiser
cutanées	cutané
cuve	cuv
cuves	cuve
cuvillier	cuvillier
cuvée	cuver
cv	cv
cvg	cvg
cyaa	cyaa
cyan	cyan
cyanobactéries	cyanobactérie
cyber	cyber
cybersécurité	cybersécurité
cyceron	cyceron
cycle	cycle
cycles	cycle
cyclique	cyclique
cyclo	cyclo
cyclones	cyclone
cyclonique	cyclonique
cylindres	cylindre
cyril	cyril
cytokines	cytokine
câblage	câblage
câbles	câble
câblé	câblé
câblées	câbler
câblés	câblé
cécité	cécité
cédant	cédant
céder	céder
cédric	cédric
cédée	céder
célestes	céleste
célia	célia
célibataire	célibataire
célèbre	célèbre
célébrer	célébrer
cépage	cépage
cépages	cépage
céramique	céramique
céramiques	céramique
céréales	céréale
cérébral	cérébral
cérébrale	cérébral
cérébrales	cérébral
cérémonie	cérémonie
cérémonies	cérémonie
césure	césure
cévennes	cévenne
côte	côte
côtes	côte
côtier	côtier
côtière	côtier
côtières	côtier
côté	côté
côtés	côté
d	d
dakar	dakar
dam	dam
danemark	danemark
danger	danger
dangereux	dangereu
dangerosité	dangerosité
dangers	danger
dangla	dangla
danguin	danguin
daniel	daniel
danois	danois
danone	danone
danube	danube
dao	dao
darwin	darwin
darwinien	darwinien
darwinienne	darwinienne
darwiniennes	darwinienne
dassault	dassault
data	dater
datant	datant
datar	datar
date	date
dates	date
dattier	dattier
dattiers	dattier
daté	dater
datée	dater
davantage	davantage
davi	davi
david	david
days	day
daïchi	daïchi
dbi	dbi
dcns	dcn
dea	dea
debout	debout
debry	debry
debré	debré
deexbio	deexbio
defccs	defcc
defense	defense
deficit	deficit
deficits	deficit
deformation	deformation
degré	degré
degrés	degrer
dehecq	dehecq
dehli	dehli
dehors	dehors
delair	delair
delaunay	delaunay
delcroix	delcroi
delphine	delphin
dels	del
delta	delter
delà	delà
demain	demain
demand	demand
demande	demande
demandent	demander
demander	demander
demandera	demander
demandes	demande
demandeur	demandeur
demandé	demander
demay	demay
demeter	demeter
demeure	demeure
demi	demi
dendroapsis	dendroapsi
dengue	dengue
denhaut	denhaut
denier	denier
denis	denis
denmann	denmann
denovo	denovo
denrée	denrer
dense	dense
denses	dense
densification	densification
densifier	densifier
densité	densité
densités	densiter
dent	dent
dentaire	dentaire
dentaires	dentaire
denver	denver
department	departmer
depaulis	depauli
depe	depe
depos	depo
derepas	derepas
dermatologie	dermatologie
dermatologues	dermatologue
derniers	dernier
dernière	dernier
dernières	dernier
derrière	derrière
desbarats	desbarat
descartes	descarte
descendre	descendre
descendu	descendre
descente	descente
description	description
design	design
designer	designer
designers	designer
desquelles	desquelle
desquels	desquel
dessinent	dessiner
dessiner	dessiner
dessiné	dessiner
dessous	dessous
dessus	dessus
destination	destination
destiné	destiner
destinée	destiner
destinées	destinée
destinés	destiner
destructif	destructif
destructifs	destructif
destruction	destruction
destructive	destructif
destructuration	destructuration
desy	desy
detection	detection
deutsches	deutsche
deutérium	deutérium
deuxième	deuxième
devaient	devoir
devait	devoir
devant	devant
development	developmer
devenant	devenir
devenir	devenir
devenu	devenir
devenue	devenir
devenues	devenir
devices	device
deviendra	deviendra
deviendrait	devenir
deviendront	devenir
devienne	devenir
deviennent	devenir
devient	devenir
deville	devill
devis	devis
devise	devise
devoir	devoir
devons	devon
devra	devoir
devraient	devoir
devrait	devoir
devront	devoir
dga	dger
dgac	dgac
dgcis	dgci
dge	dge
dhc	dhc
dhet	dhet
di	di
diabète	diabète
diabètes	diabète
diabétique	diabétique
diabétiques	diabétique
diagana	diaganer
diagnostic	diagnostic
diagnostics	diagnostic
diagnostiquer	diagnostiquer
diagnostiqué	diagnostiquer
diagnostiquée	diagnostiquer
diagnostiquées	diagnostiquée
diagnostiqués	diagnostiquer
dialogue	dialogue
dialoguent	dialoguer
dialoguer	dialoguer
diamètre	diamètr
diamètres	diamètre
diapason	diapason
diaphyse	diaphyse
diasi	diasi
didactique	didactique
didactiques	didactique
diderot	diderot
didier	didier
difficile	difficile
difficilement	difficilement
difficiles	difficile
difficulté	difficulter
difficultés	difficulté
diffraction	diffraction
diffractions	diffraction
diffractés	diffracté
diffus	diffu
diffuser	diffuser
diffusion	diffusion
diffusée	diffuser
diffère	diffèr
diffèrent	diffèrent
différemment	différemment
différence	différence
différences	différence
différenciation	différenciation
différent	différent
différente	différent
différentes	différents
différents	différent
digestif	digestif
digestion	digestion
digestive	digestif
digestives	digestif
digital	digital
digitale	digital
digne	digne
dijon	dijon
dijonnais	dijonner
dijonnaise	dijonnais
dijonnaises	dijonnais
dilatation	dilatation
dimension	dimension
dimensionnement	dimensionnemer
dimensionné	dimensionner
dimensions	dimension
diminuant	diminuer
diminuent	diminuer
diminuer	diminuer
diminution	diminution
diminué	diminuer
dimères	dimère
dinasolar	dinasolar
diode	diode
diodes	diode
diop	diop
dior	dior
dioxyde	dioxyde
diplomatique	diplomatique
diplôme	diplôme
diplômes	diplômer
diplômé	diplômé
diplômée	diplômer
diplômés	diplômer
dira	dira
dire	dire
direct	direct
directe	direct
directement	directement
directes	directe
directeur	directeur
directeurs	directeur
direction	direction
directions	direction
directives	directif
directrice	directrice
directs	direct
dires	dire
dirige	dirige
dirigeait	diriger
dirigeant	dirigeant
dirigeante	dirigeant
dirigeants	dirigeant
diriger	diriger
dirigiez	diriger
dirigé	diriger
dirigée	diriger
dirigées	dirigée
dirigés	dirigé
dis	dire
disa	disa
disait	dire
disant	dire
disasolar	disasolar
discerner	discerner
disciplinarité	disciplinarité
discipline	discipline
disciplines	discipline
discours	discours
discovery	discovery
discrimination	discrimination
discrètes	discret
discussion	discussion
discussions	discussion
discuter	discuter
disdier	disdier
diseases	diseaser
disney	disney
disparaissant	disparaissant
disparaissent	disparaître
disparaît	disparaître
disparaître	disparaître
disparition	disparition
disparités	disparité
disparu	disparu
disparue	disparaître
dispensaire	dispensair
dispense	dispense
dispensent	dispenser
dispenser	dispenser
dispensing	dispensing
dispensons	dispenson
dispensé	dispensé
dispensée	dispenser
dispensées	dispenser
dispensés	dispenser
disperse	disperse
disperser	disperser
dispersion	dispersion
dispersées	dispersée
dispersés	disperser
disponibilité	disponibilité
disponible	disponible
disponibles	disponible
disposaient	disposer
disposait	disposer
disposant	disposer
dispose	dispose
disposent	disposer
disposer	disposer
disposera	disposer
disposeront	disposer
disposez	disposer
disposions	disposion
dispositif	dispositif
dispositifs	dispositif
disposition	disposition
disposons	disposon
disques	disque
dissection	dissection
dissertent	disserter
disserter	disserter
dissociation	dissociation
dissociée	dissocier
dissoute	dissoudre
dissuasif	dissuasif
disséminera	disséminer
distance	distance
distances	distance
distinction	distinction
distincts	distinct
distinguer	distinguer
distingueront	distinguer
distingué	distingué
distorsion	distorsion
distribuer	distribuer
distributeurs	distributeur
distributing	distributing
distribution	distribution
distribué	distribuer
dit	dire
dite	dire
dites	dire
dits	dit
divers	divers
diverses	divers
diversification	diversification
diversifier	diversifier
diversifiée	diversifier
diversifiées	diversifiée
diversifiés	diversifié
diversité	diversité
diversités	diversiter
divertor	divertor
diviser	diviser
divisée	diviser
divisés	divisé
dix	dix
dizaine	dizaine
dizaines	dizaine
diète	dièt
diététique	diététique
djibouti	djibouti
dlr	dlr
dluo	dluo
dmla	dmla
doc	doc
docteur	docteur
docteurs	docteur
doctoral	doctoral
doctorales	doctoral
doctorant	doctorer
doctorantes	doctorant
doctorants	doctorant
doctorat	doctorat
documentation	documentation
documents	document
dodaro	dodaro
doigts	doigt
doigté	doigté
doit	devoir
doivent	devoir
dollars	dollar
domaine	domaine
domaines	domaine
domicile	domicile
domiciles	domicile
dominantes	dominante
dominique	dominique
dommages	dommage
domomédecine	domomédecine
domotique	domotiqu
donnait	donner
donnant	donner
donne	donne
donnent	donner
donner	donner
donnera	donner
donnet	donnet
donneurs	donneur
donné	donner
donnée	donner
données	donnée
donnés	donner
dopage	dopage
dopamine	dopamine
doper	doper
dopé	doper
dordogne	dordogne
doris	doris
dorn	dorn
dornier	dornier
dorsale	dorsal
dorso	dorso
dorée	dorer
dosage	dosage
dose	dose
doser	doser
doses	dose
dosimétrie	dosimétrie
dossier	dossier
dossiers	dossier
dotait	doter
dotant	dotant
dotations	dotation
doter	doter
doté	doté
dotée	doter
dotées	doter
dotés	doté
douai	douai
douarnenez	douarnenez
double	double
doublement	doublement
doubler	doubler
doubs	doubs
douce	doux
doudin	doudin
douleurs	douleur
doutait	douter
doute	doute
douter	douter
douzaine	douzaine
douze	douze
douée	douer
doxorubicine	doxorubicine
doyen	doyen
drastiques	drastique
dresde	dresde
dressage	dressage
dresse	dress
dresser	dresser
dressez	dresser
dressé	dresser
drire	drir
driven	driven
drobinski	drobinski
drogues	drogue
droit	droit
droite	droite
droits	droit
drone	drone
drones	drone
dropsondes	dropsondes
drosophile	drosophile
druon	druon
dryade	dryade
dsf	dsf
dsm	dsm
dsp	dsp
dsv	dsv
dt	dt
dual	dual
dualine	dualine
ducourneau	ducourneau
ducrocq	ducrocq
ductilité	ductilité
due	devoir
dues	devoir
duflo	duflo
dunes	dune
dunod	dunod
duquel	duquel
dur	dur
durabilité	durabilité
durable	durable
durablement	durablement
durables	durable
durait	durer
durant	durer
durcir	durcir
durcissement	durcissemer
durcisseurs	durcisseur
durcit	durcit
durcourneau	durcourneau
dure	dur
dures	dur
durée	durée
durées	durée
dus	devoir
dusko	dusko
dut	devoir
dutailly	dutailly
dutour	dutour
duval	duval
duvernois	duvernoi
dynacomp	dynacomp
dynamique	dynamique
dynamiquement	dynamiquement
dynamiques	dynamique
dynamiser	dynamiser
dynamisme	dynamisme
dysfonctionnements	dysfonctionnement
dysfonctions	dysfonction
dyskinésie	dyskinési
dyskinésies	dyskinésie
dyslipidémie	dyslipidémie
dès	dès
débarque	débarqu
débarrassons	débarrasson
débat	débat
débats	débat
débattre	débattre
débattront	débattre
débattu	débattre
débit	débit
déboucher	déboucher
débris	débris
débusquer	débusquer
début	début
débute	débuter
débuteront	débuter
débuté	débuter
décalage	décalage
décantation	décantation
décarboner	décarboner
décarbonée	décarboner
décelables	décelable
décelé	déceler
décembre	décembre
décennie	décennie
décennies	décennie
décentralisée	décentraliser
décernait	décerner
décerne	décerner
décernent	décernent
décerner	décerner
décerné	décerner
décernée	décernée
décernés	décerné
décharges	décharge
déchets	déchet
déchiffrer	déchiffrer
déchirure	déchirure
décide	décider
décident	décider
décider	décider
décideur	décideur
décideurs	décideur
décidé	décider
décidément	décidément
décimètre	décimètre
décisif	décisif
décision	décision
décisions	décision
décisives	décisive
déclare	déclarer
déclarent	déclarer
déclarer	déclarer
déclaré	déclarer
déclarés	déclarer
déclenchant	déclenchant
déclenche	déclench
déclencher	déclencher
déclencheur	déclencheur
déclenché	déclenché
déclin	déclin
décliné	décliner
déclinée	déclinée
déclinées	décliner
décollage	décollage
décollés	décoller
décomposer	décomposer
déconcertante	déconcertant
déconstruction	déconstruction
décontamination	décontamination
décor	décor
décoration	décoration
décortiquant	décortiquer
décortiquer	décortiquer
décortiqués	décortiqué
découle	découle
découpe	découpe
découper	découper
découpées	découper
découvert	découvrir
découverte	découverte
découvertes	découverte
découverts	découvert
découvre	découvrir
découvrent	découvrir
découvrir	découvrir
découvrirez	découvrir
décrire	décrir
décrit	décrire
décrite	décrire
décrivent	décrire
décrocher	décrocher
décroché	décrocher
décroître	décroître
décryptant	décryptant
décrypter	décrypter
décrypté	décrypter
décryptées	décryptée
décrète	décrèt
décès	décès
dédié	dédié
dédiée	dédier
dédiées	dédier
dédiés	dédier
déduire	déduir
déduit	déduire
défaut	défaut
défauts	défaut
défectueux	défectueux
défend	défendre
défendent	défendre
défendra	défendra
défendre	défendre
défendue	défendre
défense	défense
défenses	défense
défi	défi
déficience	déficience
déficiences	déficience
déficient	déficient
déficit	déficit
déficitaire	déficitaire
déficits	déficit
défini	définir
définie	définie
définies	définie
définir	définir
définissant	définir
définit	définir
définitif	définitif
définition	définition
définitive	définitif
définitivement	définitivement
définitives	définitive
défis	défaire
déforestation	déforestation
déformable	déformable
déformation	déformation
déformée	déformée
défunt	défunt
dégager	dégager
dégagées	dégager
déglutition	déglutition
dégradation	dégradation
dégrade	dégrade
dégradent	dégradent
dégrader	dégrader
dégrossir	dégrossir
dégustateur	dégustateur
dégustateurs	dégustateur
dégustation	dégustation
dégâts	dégât
dégénératives	dégénératif
dégénérescence	dégénérescence
dégénérescences	dégénérescence
déjà	déjà
délais	délai
délaissé	délaissé
délibérée	délibérée
délibérément	délibérément
délicat	délicat
délicats	délicat
délimité	délimité
délivrance	délivrance
délivrent	délivrer
délivrer	délivrer
délivré	délivrer
délivrée	délivrer
délocalisée	délocaliser
délégation	délégation
délégations	délégation
délégué	déléguer
déléguée	déléguer
démantèlement	démantèlemer
démarche	démarch
démarches	démarche
démarrage	démarrage
démarre	démarr
démarrent	démarrer
démarrer	démarrer
démarré	démarrer
dématérialisation	dématérialisation
démences	démence
démocratisation	démocratisation
démocratise	démocratis
démocratisons	démocratison
démographie	démographie
démographique	démographique
démographiques	démographique
démonstrateur	démonstrateur
démonstrateurs	démonstrateur
démonstration	démonstration
démonstrations	démonstration
démonter	démonter
démontre	démontrer
démontrer	démontrer
démontré	démontrer
démystifie	démystifier
dénicher	dénicher
dénombrement	dénombremer
dénombrer	dénombrer
dénomination	dénomination
dénommé	dénommer
dénommée	dénommer
dénutrition	dénutrition
départ	départ
département	départemer
départements	département
dépasse	dépasse
dépassement	dépassement
dépassent	dépasser
dépasser	dépasser
dépassera	dépasser
dépasserait	dépasser
dépend	dépendre
dépendaient	dépendaient
dépendance	dépendance
dépendant	dépendant
dépendante	dépendant
dépendantes	dépendant
dépendent	dépendre
dépendons	dépendon
dépendre	dépendre
dépens	dépen
dépenser	dépenser
dépenses	dépense
dépistage	dépistage
dépister	dépister
dépit	dépit
déplace	déplacer
déplacement	déplacement
déplacements	déplacement
déplacent	déplacer
déplacer	déplacer
déplacé	déplacer
déplacée	déplacer
déplaire	déplair
déplass	déplas
déploiement	déploiemer
déplorable	déplorable
déplore	déplore
déploré	déplorer
déployer	déployer
déployé	déployer
déployées	déployer
déployés	déployé
dépointage	dépointage
dépolluer	dépolluer
déposant	déposant
déposer	déposer
déposition	déposition
déposé	déposer
déposée	déposer
déposées	déposer
déposés	déposer
dépourvu	dépourvoir
dépourvues	dépourvu
dépression	dépression
dépérissement	dépérissemer
dépôt	dépôt
dépôts	dépôt
dérange	dérange
dérangeant	déranger
dérangeante	dérangeante
dérisoire	dérisoire
dérivants	dérivant
dérive	dériv
dérivé	dérivé
dérivées	dériver
dérivés	dériver
dérober	dérober
déroulant	dérouler
déroule	dérouler
déroulement	déroulement
déroulent	dérouler
dérouler	dérouler
déroulera	dérouler
dérouleront	dérouler
déroulé	dérouler
déroulée	dérouler
désaffection	désaffection
désaisonnaliser	désaisonnaliser
désarmés	désarmer
désert	désert
désertification	désertification
désherbage	désherbage
déshérence	déshérence
désigne	désigner
désigner	désigner
désir	désir
désirs	désir
désole	désole
désorbitation	désorbitation
désordre	désordre
désorganisation	désorganisation
désormais	désormais
désorption	désorption
déstabiliser	déstabiliser
déstructuration	déstructuration
déséquilibres	déséquilibre
déséquilibrée	déséquilibrer
détaché	détacher
détail	détail
détailles	détaille
détaillées	détailler
détails	détail
détatouage	détatouage
détecte	détect
détecter	détecter
détecteur	détecteur
détecteurs	détecteur
détection	détection
détecté	détecté
détectée	détecter
détectées	détecter
détenant	détenir
détenir	détenir
détenu	détenir
détenue	détenir
détergentes	détergente
détergents	détergent
déterminant	déterminer
déterminants	déterminant
déterminent	déterminent
déterminer	déterminer
déterministe	déterministe
déterministes	déterministe
déterminée	déterminer
détiennent	détenir
détient	détient
détour	détour
détracteurs	détracteur
détriment	détrimer
détroit	détroit
détruire	détruire
dévasté	dévasté
développant	développant
développe	développer
développements	développement
développent	développer
développer	développer
développera	développer
développerait	développer
développeurs	développeur
développons	développon
développé	développé
développée	développer
développées	développée
développés	développer
déviés	dévier
dévoilent	dévoiler
dévoiler	dévoiler
dévoilée	dévoiler
déçus	décevoir
dû	devoir
e	e
eads	ead
earth	earth
earthquake	earthquake
east	east
eau	eau
eaux	eau
ebt	ebt
ec	ec
eccp	eccp
ecnu	ecnu
eco	eco
ecolab	ecolab
ecole	ecole
ecoles	ecole
ecologie	ecologie
ecology	ecology
economic	economic
economie	economie
economique	economiqu
economy	economy
ecophyto	ecophyto
ecosse	ecosse
ecosym	ecosym
ecotechnologies	ecotechnologie
ecrire	ecrire
edan	edan
eden	eden
edf	edf
edge	edge
edimbourg	edimbourg
editeur	editeur
editions	edition
edmond	edmond
edrip	edrip
education	education
edwige	edwige
effacement	effacement
effectif	effectif
effectifs	effectif
effective	effectif
effectivement	effectivement
effectuait	effectuer
effectuant	effectuer
effectue	effectuer
effectuent	effectuer
effectuer	effectuer
effectuera	effectuer
effectuerons	effectueron
effectueront	effectuer
effectué	effectuer
effectuées	effectuer
effectués	effectuer
effervescence	effervescence
effets	effet
efficace	efficace
efficacement	efficacement
efficaces	efficace
efficacité	efficacité
efficience	efficience
efficient	efficient
efficientes	efficiente
efficients	efficient
effinergie	effinergie
effluents	effluent
effondre	effondrer
effondrement	effondrement
effondrées	effondrer
effort	effort
efforts	effort
effrénée	effréner
egalement	egalement
egg	egg
egly	egly
ego	ego
egypte	egypte
egyptiens	egyptien
eh	eh
ehpad	ehpad
ehrlich	ehrlich
eiffel	eiffel
eile	eil
einstein	einstein
ekawatchaow	ekawatchaow
ekhuft	ekhuft
elaboration	elaboration
elaboré	elaboré
elc	elc
elderly	elderly
eldorado	eldorado
electric	electric
electrique	electriqu
electro	electro
electron	electron
electronique	electroniqu
electroniques	electronique
elektronen	elektronen
element	element
elements	element
elevator	elevator
elisa	elisa
elisabeth	elisabeth
elles	lui
elo	elo
elova	elova
else	else
em	em
emac	emac
emballage	emballage
emballages	emballage
emballés	emballer
embarcation	embarcation
embarcations	embarcation
embarque	embarqu
embarquent	embarquer
embarquer	embarquer
embarqué	embarquer
embarquée	embarquer
embarqués	embarquer
embauche	embauche
embaucher	embaucher
embl	embl
emblée	emblé
emblématique	emblématique
emblématiques	emblématique
embouchures	embouchure
embryon	embryon
embûches	embûche
emc	emc
emergence	emergence
emirats	emirat
emissions	emission
emitting	emitting
emlyon	emlyon
emm	emm
emma	emmer
emmanuel	emmanuel
emmanuelle	emmanuell
emmener	emmener
emmènera	emmener
empile	empile
empilement	empilement
empiler	empiler
empirique	empirique
empiriques	empirique
emplacement	emplacement
emploi	emploi
emploie	emploie
emplois	emploi
employés	employé
empois	empoi
emportait	emporter
emporte	emporter
emporter	emporter
emportera	emporter
empreinte	empreindre
empreintes	empreinte
empresse	empresse
emprunt	emprunt
empruntant	emprunter
empruntent	emprunter
emprunter	emprunter
empêchant	empêcher
empêche	empêcher
empêcher	empêcher
enac	enac
encadrement	encadrement
encaissée	encaisser
encapsulation	encapsulation
encapsuler	encapsuler
encapsulé	encapsuler
encapsulés	encapsuler
encastrés	encastrer
enchantement	enchantement
enchaîner	enchaîner
enclavées	enclaver
enclin	enclin
encombrante	encombrante
encourageants	encourageant
encouragent	encourager
encourager	encourager
encouragés	encouragé
encre	encre
encyclopédie	encyclopédie
encéphale	encéphal
encéphalique	encéphalique
end	end
endettement	endettement
endocells	endocells
endocrine	endocrine
endocrines	endocrine
endocrinien	endocrinien
endocriniens	endocrinien
endocrinologie	endocrinologie
endommager	endommager
endommagé	endommager
endommagée	endommager
endoscopique	endoscopique
endroit	endroit
endroits	endroit
endurance	endurance
endémiques	endémique
enea	enea
energie	energie
energies	energie
energy	energy
energétique	energétique
energétiques	energétique
enfance	enfance
enfant	enfant
enfants	enfant
enfermer	enfermer
enfilage	enfilage
enfin	enfin
enflamme	enflamme
engage	engager
engageant	engager
engagement	engagement
engager	engager
engagé	engager
engagée	engager
engagées	engager
engagés	engager
engendrera	engendrer
engendrées	engendrer
engin	engin
engineering	engineering
engins	engin
englobe	englobe
engouement	engouement
engrais	engrai
engranger	engranger
engref	engref
engrenages	engrenage
enil	enil
enils	enil
enitiaa	enitiaa
enjeu	enjeu
enjeux	enjeu
enki	enki
enlever	enlever
enquête	enquête
enregistre	enregistre
enregistrement	enregistremer
enregistrements	enregistrement
enregistrer	enregistrer
enregistré	enregistrer
enregistrés	enregistrer
enrichie	enrichie
enrichies	enrichie
enrichir	enrichir
enrichissant	enrichissant
enrichissante	enrichissant
enrichissants	enrichissant
ens	en
ensait	enser
ensam	ensam
ensaplv	ensaplv
ensbana	ensbana
enseignant	enseigner
enseignants	enseignant
enseigne	enseigne
enseignement	enseignement
enseignements	enseignement
enseigner	enseigner
ensemble	ensemble
ensembliers	ensemblier
ensg	ensg
ensia	ensia
ensiacet	ensiacet
ensica	ensica
ensicaen	ensicaen
ensma	ensma
ensmm	ensmm
ensoleillement	ensoleillement
ensoleillés	ensoleillé
ensta	ensta
ensuite	ensuite
entamant	entamer
entame	entame
entament	entamer
entamer	entamer
entamera	entamer
entamé	entamer
entamés	entamer
entend	entendre
entendais	entendre
entendent	entendent
entendre	entendre
entendu	entendre
entendue	entendre
enterococcus	enterococcu
enterome	enterome
enthousiasme	enthousiasme
enthousiasmés	enthousiasmer
enthousiaste	enthousiaste
enthousiastes	enthousiaste
entier	entier
entiers	entier
entité	entité
entités	entiter
entière	entier
entièrement	entièrement
entourant	entourer
entoure	entoure
entourent	entourer
entourer	entourer
entpe	entpe
entrants	entrant
entraînant	entraîner
entraîne	entraîne
entraînement	entraînement
entraînent	entraîner
entraîner	entraîner
entraînera	entraîner
entraîné	entraîner
entraînée	entraîner
entraînés	entraîné
entrecoupe	entrecoupe
entrent	entrer
entreprendre	entreprendre
entrepreneur	entrepreneur
entrepreneuriale	entrepreneuriale
entrepreneuriat	entrepreneuriat
entrepreneurs	entrepreneur
entrepris	entreprendre
entreprise	entreprise
entreprises	entreprise
entrer	entrer
entrera	entrer
entreront	entreront
entres	entre
entretenir	entretenir
entretenue	entretenir
entretien	entretien
entretiennent	entretenir
entretiens	entretien
entretient	entretenir
entrevoir	entrevoir
entré	entrer
entrée	entrée
entrées	entrée
envahi	envahi
envahit	envahit
enveloppe	enveloppe
envergure	envergure
envers	envers
envie	envie
environ	environ
environment	environmer
environmental	environmental
environnant	environner
environnants	environnant
environnement	environnement
environnemental	environnemental
environnementale	environnemental
environnementales	environnemental
environnementaux	environnementau
environnements	environnement
environnent	environnent
envisage	envisage
envisageable	envisageable
envisageables	envisageable
envisagent	envisagent
envisageons	envisageon
envisager	envisager
envisagé	envisager
envisagée	envisagée
envisagées	envisager
envisagés	envisager
envisat	envisat
envoi	envoi
envoie	envoyer
envol	envol
envoyer	envoyer
envoyons	envoyon
envoyé	envoyer
envoyées	envoyer
envoyés	envoyer
enzymatique	enzymatique
enzymatiques	enzymatique
enzyme	enzyme
enzymes	enzyme
enzymologie	enzymologie
eolienne	eolienn
eoliennes	eolienne
ephe	ephe
epilepsie	epilepsi
epinière	epinièr
eportfolio	eportfolio
epos	epos
eppn	eppn
epsetein	epsetein
epsztein	epsztein
equateur	equateur
equatoriale	equatorial
equilibre	equilibre
equipement	equipement
equipements	equipement
equipex	equipex
equipé	equiper
equitation	equitation
equity	equity
er	er
era	erer
erasmus	erasmu
erc	erc
erectus	erectu
ergonomie	ergonomie
ergonomiques	ergonomiquer
ergothérapeutes	ergothérapeute
eric	eric
erik	erik
erlangen	erlangen
erreur	erreur
erreurs	erreur
erythrée	erythré
esa	eser
esc	esc
escale	escal
escales	escale
escatha	escatha
escherichia	escherichier
escient	escient
escoffier	escoffier
escuela	escuela
esf	esf
esiec	esiec
esiee	esiee
esnouf	esnouf
espace	espace
espaces	espace
espagne	espagne
espagnole	espagnol
espci	espci
espoir	espoir
esprit	esprit
espèce	espèce
espèces	espèce
espère	espèr
espèrent	espèrent
espérance	espérance
espérer	espérer
esquisse	esquisse
esquisser	esquisser
esr	esr
esrc	esrc
esrf	esrf
ess	es
essai	essai
essaimage	essaimage
essais	essai
essayant	essayant
essayent	essayer
essayer	essayer
essayons	essayon
essayé	essayer
essca	esscer
essence	essence
essences	essence
essentiel	essentiel
essentielle	essentiel
essentiellement	essentiellement
essentielles	essentielle
essentiels	essentiel
essex	essex
essonne	essonn
essor	essor
essoufflement	essoufflemer
estaca	estaca
ester	ester
esther	esther
estii	estii
estimant	estimant
estimation	estimation
estimations	estimation
estime	estime
estiment	estimer
estimer	estimer
estimons	estimon
estimé	estimer
estimée	estimer
estivale	estival
estomac	estomac
estompent	estomper
estp	estp
estuaire	estuaire
estuaires	estuaire
esturgeon	esturgeon
esturgeons	esturgeon
etablissement	etablissement
etat	etat
etats	etat
etc	etc
ethiopie	ethiopi
etienne	etienne
etp	etp
etre	etre
etude	etude
etudes	etude
etudiants	etudiant
eu	avoir
euclid	euclid
eumetsat	eumetsat
euphorique	euphorique
euralis	euralis
euratom	euratom
euro	euro
eurobiomed	eurobiomed
eurocentriste	eurocentriste
eurocopter	eurocopter
eurohorcs	eurohorc
euron	euron
europ	europ
europe	europe
european	european
européen	européen
européenne	européen
européennes	européen
européens	européen
eurorégion	eurorégion
euros	euro
eurotrans	eurotrans
eurêka	eurêka
eustache	eustache
eux	lui
evaluation	evaluation
evaluations	evaluation
evaluer	evaluer
evolution	evolution
evolutive	evolutiv
evoquant	evoquer
evry	evry
ex	ex
exacerbée	exacerber
exactement	exactement
exactes	exact
exaflopiques	exaflopique
examen	examen
examens	examen
exawatt	exawatt
excellence	excellence
excellente	excellent
excellentes	excellente
excellents	excellent
exception	exception
exceptionnel	exceptionnel
exceptionnelle	exceptionnelle
exceptionnelles	exceptionnelle
exceptionnels	exceptionnel
excessive	excessif
excitateurs	excitateur
exclame	exclame
exclu	exclu
exclusif	exclusif
exclusive	exclusif
exclusivement	exclusivement
exclusivité	exclusivité
exclut	exclure
excède	excéder
excès	excès
executive	executiv
exemplaire	exemplaire
exemplaires	exemplaire
exemple	exemple
exemples	exemple
exenuc	exenuc
exercent	exercent
exercer	exercer
exercice	exercice
exercices	exercice
exercée	exercé
exerçait	exercer
exerçant	exerçant
exhaustif	exhaustif
exhaustive	exhaustif
exige	exiger
exigeant	exiger
exigeante	exigeant
exigeantes	exigeante
exigeants	exigeant
exigence	exigence
exigences	exigence
exigent	exiger
exigus	exigu
exigés	exigé
existaient	exister
existait	exister
existant	exister
existante	existante
existantes	existant
existants	existant
existe	exister
existence	existence
existent	exister
exister	exister
existera	existera
existerait	exister
exomars	exomar
exosquelette	exosquelette
exotiques	exotique
exoès	exoè
expansion	expansion
expatrié	expatrier
experimental	experimental
expert	expert
expertes	expert
expertise	expertis
expertises	expertise
experts	expert
expiration	expiration
explicatif	explicatif
explication	explication
explicites	explicite
explique	expliquer
expliquent	expliquent
expliquer	expliquer
expliquerait	expliquer
expliqué	expliquer
exploit	exploit
exploitable	exploitable
exploitation	exploitation
exploitations	exploitation
exploite	exploit
exploiter	exploiter
exploité	exploité
exploitée	exploiter
exploitées	exploité
exploités	exploité
explorait	explorer
exploration	exploration
explore	explorer
explorent	explorent
explorer	explorer
explorons	exploron
exploré	explorer
explorée	explorer
explorées	explorer
explose	explose
explosif	explosif
explosifs	explosif
explosé	exploser
expo	expo
exponentielle	exponentiel
export	export
exportait	exporter
exportatrices	exportateur
exportent	exporter
exporter	exporter
exposants	exposant
expose	expose
exposer	exposer
exposera	exposer
exposition	exposition
expositions	exposition
exposé	exposé
exposée	exposer
exposés	exposer
expression	expression
expresso	expresso
expriment	exprimer
exprimer	exprimer
exprimé	exprimer
expédition	expédition
expéditions	expédition
expérience	expérience
expériences	expérience
expérimental	expérimental
expérimentale	expérimental
expérimentalement	expérimentalement
expérimentales	expérimentale
expérimentation	expérimentation
expérimentations	expérimentation
expérimentaux	expérimentau
expérimente	expériment
expérimenter	expérimenter
extension	extension
externalisée	externaliser
externe	externe
extia	extia
extra	extrer
extraction	extraction
extraire	extraire
extrait	extraire
extraite	extraire
extraites	extraire
extraits	extrait
extraordinaire	extraordinaire
extraordinaires	extraordinaire
extrapolation	extrapolation
extrapole	extrapole
extrusion	extrusion
extrémités	extrémité
extrême	extrême
extrêmement	extrêmement
extrêmes	extrême
extérieur	extérieur
extérieures	extérieur
exécuter	exécuter
eye	eye
eyebrain	eyebrain
eyeop	eyeop
eyetechcare	eyetechcare
eyrolles	eyrolle
f	f
fab	fab
fabien	fabien
fablab	fablab
fabmake	fabmake
fabre	fabre
fabricant	fabricant
fabricants	fabricant
fabrication	fabrication
fabrice	fabrice
fabriquant	fabriquer
fabrique	fabriqu
fabriquer	fabriquer
fabriqué	fabriquer
fabriquée	fabriquer
fabriquées	fabriquer
fabriqués	fabriquer
fabry	fabry
fabshop	fabshop
fabulous	fabulous
face	face
facettes	facette
faciale	facial
facile	facile
facilement	facilement
faciles	facile
facilitant	faciliter
facilitateur	facilitateur
facilite	facilit
facilitent	faciliter
faciliter	faciliter
facility	facility
facilité	faciliter
facilités	facilité
facteur	facteur
facteurs	facteur
faculté	faculté
faecalis	faecali
fagni	fagni
faible	faible
faibles	faibler
faiblesse	faiblesse
faiblit	faiblit
failles	faille
failli	failli
faim	faim
faisabilité	faisabilité
faisaient	faire
faisait	faire
faisant	faire
faisceau	faisceau
faisions	faision
faisons	faire
faite	faite
faites	fait
faits	fait
falcon	falcon
falconnier	falconnier
falcoz	falcoz
fallait	falloir
falloir	falloir
fallu	falloir
fameuse	fameux
fameuses	fameuse
fameux	fameux
familiale	familial
familiariser	familiariser
familiaux	familial
famille	famille
familles	famille
fance	fance
fantasmé	fantasmé
fao	fao
far	far
farine	farine
fascicule	fascicul
fascination	fascination
faso	faso
fasse	fasse
fassent	faire
fassions	fassion
fatiguant	fatiguer
fatigue	fatigue
fatiguer	fatiguer
fatty	fatty
faudra	falloir
faudrait	falloir
faunes	faune
faupel	faupel
faurre	faurre
fausse	faux
faut	falloir
faute	faute
fauteuil	fauteuil
fauteuils	fauteuil
faux	faux
faveur	faveur
favorable	favorable
favorablement	favorablement
favorisant	favoriser
favorise	favoriser
favorisent	favoriser
favoriser	favoriser
favorisera	favoriser
façon	façon
façonnable	façonnabl
façons	façon
fcc	fcc
fct	fct
feder	feder
federalimentare	federalimentare
feillet	feillet
feingenbaum	feingenbaum
femelle	femelle
femelles	femelle
femme	femme
femmes	femme
femto	femto
femtosecondes	femtoseconde
fer	fer
fera	faire
feraud	feraud
ferme	ferme
fermentation	fermentation
fermes	ferme
fermeture	fermeture
fermetures	fermeture
fermiers	fermier
fermilab	fermilab
fermières	fermier
fermé	fermé
feront	faire
ferrand	ferrand
ferrant	ferrer
ferrary	ferrary
ferroviaire	ferroviaire
ferroviaires	ferroviaire
ferré	ferrer
fertilisation	fertilisation
fertiliser	fertiliser
fertilité	fertilité
feu	feu
feuillage	feuillage
feuille	feuill
feuilles	feuille
feux	feux
feynman	feynman
ffie	ffi
fgbu	fgbu
fiabilité	fiabilité
fiable	fiable
fiables	fiable
fibre	fibre
fibres	fibre
fibreuses	fibreux
fibrillaires	fibrillaire
fibrée	fibré
fiche	fich
fiches	fiche
fichiers	fichier
fiction	fiction
fidèles	fidèle
field	field
fields	field
fier	fier
fiers	fier
fierté	fierter
figurait	figurer
figure	figurer
figurent	figurent
figures	figure
figés	figer
fijus	fiju
fil	fil
filage	filage
filament	filamer
file	fil
filiale	filiale
filiales	filial
filière	filière
filières	filière
fille	fille
film	film
films	film
filmé	filmer
filmées	filmer
fils	fils
filtration	filtration
filtre	filtre
filtres	filtre
fin	fin
final	final
finale	final
finalement	finalement
finalisation	finalisation
finalise	finalis
finaliser	finaliser
finalité	finalité
finance	finance
financement	financement
financements	financement
financer	financer
financeurs	financeur
financier	financier
financiers	financier
financière	financier
financièrement	financièrement
financières	financier
financé	financer
financée	financer
financés	financer
finançant	finançant
finaux	finau
fine	fine
finement	finement
fines	fin
finesse	finess
fingerprint	fingerprint
fini	finir
finir	finir
finira	finir
finis	fini
finisse	finiss
finit	finit
fink	fink
finlande	finlande
fins	fin
fioraso	fioraso
fip	fip
firmes	firme
fission	fission
fissure	fissure
fissures	fissure
fixant	fixer
fixe	fixe
fixer	fixer
fixes	fixe
fixé	fixer
fixée	fixée
fixées	fixer
fixés	fixé
fièvre	fièvre
fièvres	fièvre
flacon	flacon
flagellées	flageller
flamme	flamme
flash	flash
flavescence	flavescence
flaveur	flaveur
fleurons	fleuron
fleurs	fleur
fleuve	fleuve
fleuves	fleuve
flexibilité	flexibilité
flexible	flexible
flexibles	flexible
flexisécurité	flexisécurité
floralis	florali
flore	flore
flottante	flottante
flottantes	flottante
flottation	flottation
flotteurs	flotteur
floue	flou
fluctuantes	fluctuant
fluctuations	fluctuation
fluide	fluide
fluides	fluide
fluidité	fluidité
fluorescence	fluorescence
fluorescent	fluorescent
fluorescente	fluorescent
fluorescentes	fluorescent
flux	flux
flying	flying
fléau	fléau
focal	focal
focalisation	focalisation
focaliser	focaliser
focalisé	focaliser
focalisées	focalisée
focalisés	focaliser
focus	focus
foetal	foetal
foie	foie
fois	fois
foix	foi
foliaire	foliaire
foliot	foliot
foll	foll
foncier	foncier
fonciers	foncier
fonction	fonction
fonctionnalisation	fonctionnalisation
fonctionnalité	fonctionnalité
fonctionnalités	fonctionnalité
fonctionnant	fonctionner
fonctionne	fonctionner
fonctionnel	fonctionnel
fonctionnelle	fonctionnelle
fonctionnelles	fonctionnel
fonctionnels	fonctionnel
fonctionnement	fonctionnement
fonctionnent	fonctionnent
fonctionner	fonctionner
fonctionnera	fonctionnera
fonctionné	fonctionner
fonctions	fonction
fond	fond
fondaient	fondre
fondamental	fondamental
fondamentale	fondamental
fondamentalement	fondamentalement
fondamentales	fondamentale
fondamentaux	fondamental
fondant	fondre
fondateur	fondateur
fondateurs	fondateur
fondation	fondation
fondatrices	fondatrice
fonde	fond
fondeur	fondeur
fonds	fonds
fondu	fondre
fondé	fonder
fondée	fonder
font	faire
fontaine	fontaine
fontainebleau	fontainebleau
fonte	fonte
fontenay	fontenay
food	food
for	for
force	force
forceps	forceps
forces	force
forcément	forcément
forest	forest
forestier	forestier
forestiers	forestier
forestière	forestier
forestières	forestier
forests	forest
forger	forger
formalise	formaliser
formalisera	formaliser
formalisé	formalisé
formant	former
formateur	formateur
formation	formation
formations	formation
formats	format
forme	forme
formellement	formellement
forment	former
former	former
formes	forme
formidable	formidable
formidables	formidable
formons	formon
formulateur	formulateur
formulation	formulation
formulations	formulation
formule	formule
formuler	formuler
formulés	formuler
formé	former
formée	formé
formées	formée
formés	former
fort	fort
forte	fort
fortement	fortement
fortes	fort
fortiori	fortiori
forts	fort
forum	forum
forums	forum
forêt	forêt
forêts	forêt
fos	fo
fossile	fossile
fossiles	fossile
fossilisation	fossilisation
fou	fou
fouchecour	fouchecour
foudre	foudre
fouilles	fouille
foules	foule
foulon	foulon
foulée	fouler
foundation	foundation
four	four
fourier	fourier
fourmillant	fourmiller
fourmille	fourmill
fournaison	fournaison
fourni	fournir
fournie	fournie
fournies	fourni
fournir	fournir
fournira	fournir
fourniront	fournir
fournis	fournir
fournissent	fournir
fournisseur	fournisseur
fournisseurs	fournisseur
fournit	fournir
fourniture	fourniture
fours	four
foyer	foyer
fp	fp
fpga	fpga
fr	fr
frachet	frachet
fraction	fraction
fractionnement	fractionnement
fracture	fracture
fragile	fragile
fragiles	fragile
fragilise	fragilis
fragilité	fragilité
fragment	fragment
fragmentation	fragmentation
fragmenter	fragmenter
fragmenté	fragmenté
frais	frais
fraise	fraise
frama	frama
framatome	framatome
franc	franc
francfort	francfort
franche	franc
franchi	franchi
franchir	franchir
franchit	franchit
francilien	francilien
francilienne	francilien
franciliennes	francilienne
franciliens	francilien
francin	francin
francis	francis
francisco	francisco
franco	franco
francois	francoi
francophone	francophone
francophones	francophone
francs	franc
français	français
française	français
françaises	français
françois	françois
frappant	frappant
frapper	frapper
frappé	frappé
frappés	frapper
fraternité	fraternité
fraunhofer	fraunhofer
frayères	frayère
frein	frein
freinage	freinage
freinant	freinant
freiner	freiner
freins	frein
french	french
fresnel	fresnel
freturb	freturb
freund	freund
freya	freya
friends	friend
frigorifiques	frigorifique
frigorigènes	frigorigène
frileux	frileux
frisbee	frisbee
froid	froid
froides	froid
from	from
fromage	fromage
fromager	fromager
fromagerie	fromagerie
fromages	fromage
fromagère	fromager
fromagères	fromager
fromsante	fromsant
front	front
frontale	frontal
frontière	frontièr
frontières	frontière
fronts	front
frotte	frott
fructueux	fructueux
fruit	fruit
fruits	fruit
frère	frère
frédéric	frédéric
frémissements	frémissement
fréquemment	fréquemment
fréquence	fréquence
fréquences	fréquence
fréquentait	fréquenter
fréquente	fréquent
fréquentées	fréquenter
frérot	frérot
frésillon	frésillon
frôler	frôler
fs	f
fsi	fsi
fui	fuir
fuir	fuir
fuite	fuite
fuites	fuite
fukushima	fukushima
fumée	fumée
fumées	fumer
fundamental	fundamental
funds	fund
fur	fur
furent	être
furtives	furtif
fuselage	fuselage
fusia	fusia
fusible	fusible
fusion	fusion
fusionnant	fusionner
fusionnent	fusionner
fusionner	fusionner
fusée	fuser
fut	être
futur	futur
future	future
futures	future
futurol	futurol
futurotextiles	futurotextile
futurs	futur
fw	fw
fécondation	fécondation
fédère	fédèr
fédéral	fédéral
fédérant	fédérer
fédérateurs	fédérateur
fédération	fédération
fédérations	fédération
fédératrice	fédérateur
fédérer	fédérer
fées	fée
félicite	félicit
félicité	félicité
fémorale	fémoral
fémur	fémur
février	février
fête	fête
fêter	fêter
fêtera	fêter
fêté	fêter
für	für
g	gramme
gabarit	gabarit
gabon	gabon
gabonais	gabonais
gabonaise	gabonais
gabriel	gabriel
gadella	gadella
gadzarts	gadzarts
gadzartz	gadzartz
gageure	gageure
gagnant	gagnant
gagne	gagne
gagner	gagner
gagnieu	gagnieu
gagné	gagner
gain	gain
gains	gain
gairdner	gairdner
galactolipides	galactolipide
galaxie	galaxie
galaxies	galaxie
galerie	galerie
galettes	galette
galien	galien
galileo	galileo
galles	galle
gallium	gallium
galvestine	galvestin
gam	gam
game	game
gamma	gamma
gamme	gamme
gammes	gamme
gand	gand
ganil	ganil
gants	gant
gaps	gaps
garanti	garanti
garantie	garantie
garanties	garantie
garantir	garantir
garantira	garantir
garantis	garanti
garantissait	garantir
garantissant	garantir
garantit	garantit
garches	garche
gard	gard
gardent	garder
garder	garder
garonne	garonne
gars	gars
gaspillage	gaspillage
gaspillé	gaspiller
gaston	gaston
gastro	gastro
gastronomes	gastronome
gastronomie	gastronomie
gate	gat
gauche	gauche
gaulle	gaulle
gayon	gayon
gaz	gaz
gazeuse	gazeux
gazeuses	gazeuse
gazeux	gazeux
gazoducs	gazoduc
gazéification	gazéification
gcn	gcn
gdf	gdf
geapsi	geapsi
gel	gel
gels	gel
gelés	geler
gemtex	gemte
genay	genay
genci	genci
gendarmerie	gendarmerie
gene	gene
genepi	genepi
general	general
generation	generation
generis	generis
genet	genet
genevieve	genevieve
geneviève	genevièv
gennes	genne
genopole	genopole
genosol	genosol
genou	genou
genre	genr
gens	gens
gent	gent
genticel	genticel
gentille	gentil
gentleman	gentleman
genèse	genèse
genève	genèv
genérateur	genérateur
geo	geo
geodata	geodata
geoinformation	geoinformation
georges	georges
geoss	geoss
geosud	geosud
germe	germ
germes	germe
germination	germination
germinet	germinet
germé	germer
gers	ger
gervais	gervai
gestation	gestation
geste	geste
gestes	geste
gestion	gestion
gestionnaire	gestionnaire
gestionnaires	gestionnaire
gev	gev
gewurztraminer	gewurztraminer
ghisolfo	ghisolfo
gibaru	gibaru
gie	gie
giec	giec
giens	gien
gif	gif
gifas	gifas
giga	giga-octet
gigantesque	gigantesque
gigantesques	gigantesque
gigaoctets	gigaoctet
gilbert	gilbert
gilles	gille
gin	gin
giorgio	giorgio
gipc	gipc
giron	giron
gironde	girond
gis	gésir
gisement	gisement
gisements	gisement
giuseppone	giuseppone
glace	glace
glaces	glace
glaciaires	glaciaire
glandes	glande
glanées	glaner
glaucome	glaucome
glaux	glal
gliales	glial
glider	glider
gliders	gliders
global	global
globale	global
globalement	globalement
globales	global
globalité	globalité
globaux	global
globe	glob
globules	globule
glucagon	glucagon
glucides	glucide
glycochimie	glycochimie
glycofilms	glycofilm
glycopolymère	glycopolymère
glycémie	glycémie
gmbh	gmbh
gmes	gme
gmv	gmv
gns	gn
gobain	gobain
goce	goc
godefroy	godefroy
goettmann	goettmann
golf	golf
golfe	golfe
gombert	gombert
gomme	gomme
google	googl
gorgé	gorger
goubet	goubet
gouillou	gouillou
gourm	gourm
gourmands	gourmand
goutte	goutte
gouttelettes	gouttelette
gouvernance	gouvernance
gouvernances	gouvernance
gouvernant	gouverner
gouvernants	gouvernant
gouvernement	gouvernement
gouvernementale	gouvernemental
gouvernementales	gouvernemental
gouvernements	gouvernement
gouvernent	gouvernent
goût	goût
goûte	goûter
goûtent	goûter
goûter	goûter
goûts	goût
gpan	gpan
gpao	gpao
gpm	gpm
gps	gp
gradients	gradient
graduate	graduate
grain	grain
graine	graine
graines	graine
grains	grain
gram	gram
grameen	grameen
grammes	gramme
grand	grand
grande	grand
grandement	grandement
grandes	grand
grandeur	grandeur
grandir	grandir
grandissant	grandissant
grandissante	grandissant
grandissent	grandir
grands	grand
granitiques	granitique
granulaires	granulaire
granulats	granulat
grappe	grapp
grappes	grappe
gras	gras
grasse	grasse
grasses	gras
grasset	grasset
gratuitement	gratuitement
gratuits	gratuit
grave	grave
graves	grave
gravez	graver
gravimètres	gravimètre
gravir	gravir
gravitation	gravitation
gravitationnel	gravitationnel
gravitent	gravitent
gravité	gravité
gravures	gravure
grdf	grdf
grec	grec
greciet	greciet
grecque	grec
grecques	grec
grecs	grec
green	green
greenstar	greenstar
greffe	greff
greffer	greffer
greffon	greffon
greffé	greffer
greffées	greffer
grenelle	grenelle
grenoble	grenobl
grenoblois	grenoblois
grenobloise	grenoblois
grenobloises	grenoblois
grid	grid
griffe	griff
grille	grill
grilles	grille
grises	grise
groenland	groenland
gros	gros
grosse	gros
grosses	gros
grossir	grossir
grosso	grosso
group	group
groupe	groupe
groupement	groupement
groupements	groupement
groupes	groupe
grâce	grâce
grèce	grèce
grêle	grêle
gsi	gsi
gst	gst
gtm	gtm
guadeloupe	guadeloupe
guez	guez
guichard	guichard
guichet	guichet
guidage	guidage
guide	guide
guidon	guidon
guidée	guider
guidées	guidée
guidés	guider
guillaume	guillaume
guillou	guillou
guimet	guimet
guinevere	guinevere
guinée	guinée
guise	guise
guissé	guisser
gustatifs	gustatif
gustation	gustation
gustative	gustatif
gustatives	gustative
gustave	gustav
guy	guy
guyane	guyane
guyot	guyot
guère	guère
guérir	guérir
guérison	guérison
gy	gy
gyptis	gypti
gyroscopiques	gyroscopique
gâteau	gâteau
gâteaux	gâteau
gèle	gèl
gène	gèn
gènes	gène
gère	gérer
gèrent	gèrent
géant	géant
géantes	géant
géniale	génial
géniaux	génial
génie	génie
génique	génique
génome	génome
génomes	génome
génomique	génomique
génotypage	génotypage
génotypes	génotype
génère	génère
génèrent	générer
général	général
générale	général
généralement	généralement
générales	général
généraliser	généraliser
généralistes	généraliste
généralisé	généraliser
générant	générer
générateur	générateur
génération	génération
générations	génération
généraux	général
générer	générer
générique	générique
génériques	générique
généré	généré
générée	générer
générées	générée
générés	générer
génétique	génétique
génétiquement	génétiquement
génétiques	génétique
géo	géo
géochimiste	géochimiste
géoconcept	géoconcept
géodésie	géodésie
géodésiens	géodésien
géodésique	géodésique
géographes	géographe
géographie	géographie
géographique	géographique
géographiques	géographique
géolocalisation	géolocalisation
géologie	géologie
géologique	géologique
géologues	géologue
géomatique	géomatique
géométrie	géométrie
géométries	géométrie
géométrique	géométrique
géométriques	géométrique
géophysiciens	géophysicien
géophysique	géophysique
géophysiques	géophysique
géosciences	géoscience
géosystèmes	géosystème
géothermale	géothermal
géothermie	géothermie
géraniums	géranium
gérant	gérant
gérante	gérant
gérard	gérard
gérer	gérer
gériatrie	gériatrie
gérontechnologies	gérontechnologie
gérontologie	gérontologie
géré	gérer
gérés	gérer
gêné	gêné
gödel	gödel
h	heure
habeat	habeat
habilité	habilité
habitacle	habitacle
habitant	habiter
habitants	habitant
habitat	habitat
habitation	habitation
habite	habiter
habitent	habiter
habitude	habitude
habitudes	habitude
habituelle	habituel
habituellement	habituellement
habituées	habituer
habitués	habitué
habitées	habitée
haida	haider
haies	haie
hainaut	hainaut
haleine	haleine
hall	hall
hallucinante	hallucinant
hamac	hamac
hambourg	hambourg
hammer	hammer
han	han
handicap	handicap
handicapante	handicapant
handicapée	handicapé
handicapées	handicaper
handicapés	handicapé
hard	hard
hardware	hardwar
harmattan	harmattan
harmonisés	harmoniser
hart	hart
has	has
hasard	hasard
haumont	haumont
hausse	hausse
haut	haut
haute	haute
hautement	hautement
hautes	haute
hauteur	hauteur
hauts	haut
head	head
heads	heads
health	health
hec	hec
hectare	hectare
hectares	hectare
hectolitres	hectolitre
heh	heh
henri	henri
heptanone	heptanone
heracles	heracle
herbacées	herbacée
herbe	herbe
herbicides	herbicide
herbrand	herbrand
hercule	hercule
heritage	heritage
hermès	hermès
hermétiques	hermétique
hertz	hertz
hertziennes	hertzienne
hervé	hervé
heure	heure
heures	heure
heureuse	heureux
heureusement	heureusement
heureux	heureux
heurte	heurte
hewlett	hewlett
hexagonal	hexagonal
hexagonale	hexagonal
hexagone	hexagone
hier	hier
hifu	hifu
high	high
hindi	hindi
hipercom	hipercom
hippocampe	hippocamp
histoire	histoire
histoires	histoire
histol	histol
historique	historique
historiques	historique
hiver	hiver
hiérarchique	hiérarchique
hiérarchiser	hiérarchiser
hoffmann	hoffmann
hollandais	hollandais
hollande	hollande
holothuries	holothurie
hommage	hommage
homme	homme
hommes	homme
homo	homo
homogène	homogène
homogénéisation	homogénéisation
homologation	homologation
homologues	homologue
homéopathiques	homéopathique
hong	hong
hongrie	hongrie
honneur	honneur
honoraire	honoraire
honorer	honorer
hoplias	hoplias
hoppe	hoppe
horaires	horaire
horizon	horizon
horizons	horizon
horizontaux	horizontal
horlogerie	horlogerie
hormis	hormis
hormone	hormone
hormones	hormone
horowitz	horowitz
hors	hors
hospitalier	hospitalier
hospitaliers	hospitalier
hospitalisation	hospitalisation
hospitalisées	hospitalisé
hospitalière	hospitalier
hostile	hostile
houle	houle
houllier	houllier
howard	howard
hp	hp
hpc	hpc
hpv	hpv
htm	htm
http	http
hubble	hubbl
hubert	hubert
hugo	hugo
hugues	hugue
huile	huile
huiles	huile
huilier	huilier
huit	huit
huitième	huitième
humain	humain
humaine	humain
humaines	humain
humains	humain
humanisme	humanisme
humanité	humanité
humanités	humaniter
humanoïde	humanoïde
humble	humble
humbles	humble
humboldt	humboldt
humeur	humeur
humide	humide
humidité	humidité
humour	humour
hybride	hybride
hybrides	hybride
hybris	hybris
hyderabad	hyderabad
hydraulique	hydraulique
hydraviation	hydraviation
hydravion	hydravion
hydravions	hydravion
hydrique	hydrique
hydro	hydro
hydrocarbure	hydrocarbure
hydrocarbures	hydrocarbure
hydrodynamique	hydrodynamique
hydrodynamiques	hydrodynamique
hydrographie	hydrographie
hydrographique	hydrographique
hydrogène	hydrogène
hydrogénées	hydrogéner
hydroliennes	hydrolienne
hydrologique	hydrologique
hydrologiques	hydrologique
hydrométallurgie	hydrométallurgie
hydrométéorologie	hydrométéorologie
hydrométéorologiques	hydrométéorologique
hydrophiles	hydrophile
hydrophobes	hydrophobe
hydroxy	hydroxy
hymex	hyme
hyper	hyper
hypertension	hypertension
hypophysaires	hypophysaire
hypostyle	hypostyle
hypothalamus	hypothalamu
hypothèse	hypothèse
hypothèses	hypothèse
hypothétique	hypothétique
hyènes	hyène
hébergeant	héberger
hébergement	hébergemer
hébergera	héberger
hébergé	héberger
hébergée	héberger
hébergés	héberger
hédonique	hédonique
hédoniques	hédonique
hélas	héler
hélice	hélice
hélicoptère	hélicoptère
hélicoptères	hélicoptère
hélio	hélio
héliobiotec	héliobiotec
hélion	hélion
hélios	hélios
héliosynchrone	héliosynchrone
hélium	hélium
hélène	hélène
hémangiome	hémangiome
hémangiomes	hémangiome
hémato	hémato
hématologie	hématologie
hématopoïèse	hématopoïèse
hémorragies	hémorragie
hémorragiques	hémorragique
hépatique	hépatique
hépatite	hépatite
hépatocellulaire	hépatocellulaire
hérault	hérault
hérauts	héraut
héros	héros
hésitant	hésiter
hésite	hésiter
hésitent	hésitent
hésitez	hésiter
hésité	hésité
hêtre	hêtre
hôpital	hôpital
hôpitaux	hôpital
hôte	hôte
hôtel	hôtel
hôtellerie	hôtellerie
i	i
iar	iar
iasi	iasi
iasp	iasp
ibitec	ibitec
ibm	ibm
ic	ic
ican	ican
iccc	iccc
icebergs	iceberg
ici	ici
icmmo	icmmo
icmp	icmp
icmub	icmub
icos	ico
icv	icv
id	id
idea	idea
idefi	idefi
identifiables	identifiable
identification	identification
identifie	identifi
identifier	identifier
identifié	identifier
identifiée	identifier
identifiées	identifiée
identifiés	identifié
identique	identique
identiques	identique
identité	identité
idest	idest
idinvest	idinvest
idiopathique	idiopathique
idriss	idris
idé	idé
idéal	idéal
idéale	idéal
idéalisés	idéaliser
idée	idée
idées	idée
ieh	ieh
iesf	iesf
ifcam	ifcam
ifce	ifc
ifm	ifm
ifma	ifma
ifremer	ifremer
ifris	ifris
ifsttar	ifsttar
ift	ift
ifts	ifts
ifv	ifv
igf	igf
igm	igm
ign	ign
ignorant	ignorant
ignoriez	ignorer
ignorons	ignoron
ignoré	ignorer
igpsc	igpsc
ihes	ihe
ii	ii
iii	iii
iil	iil
iir	iir
iisb	iisb
ijcci	ijcci
ile	il
iles	ile
illuminer	illuminer
illuminée	illuminée
illusion	illusion
illusoire	illusoire
illustrant	illustrer
illustration	illustration
illustrations	illustration
illustre	illustre
illustrer	illustrer
illustres	illustre
illustré	illustrer
illustrée	illustré
illustrés	illustrer
illégales	illégal
ilm	ilm
ilsa	ilser
image	image
imager	imager
imagerie	imagerie
imageries	imagerie
images	image
imageur	imageur
imageurs	imageur
imaginaient	imaginer
imaginait	imaginer
imagination	imagination
imagine	imagine
imaginer	imaginer
imaginez	imaginer
imaginove	imaginove
imaginé	imaginer
imaginée	imaginer
imaginées	imaginer
imaginés	imaginer
imagées	imagée
imarin	imarin
imitent	imiter
immanquablement	immanquablemer
immense	immense
immenses	immense
immergé	immergé
immergés	immergé
immersion	immersion
immersive	immersif
immi	immi
imminente	imminent
immiscent	immiscer
immobilisation	immobilisation
immobilisé	immobiliser
immobilisée	immobiliser
immobilière	immobilier
immortalisant	immortalisant
immune	immune
immunes	immune
immunitaire	immunitaire
immunitaires	immunitaire
immunité	immunité
immuno	immuno
immunochimique	immunochimique
immunodéficiente	immunodéficiente
immunodépression	immunodépression
immunoglobuline	immunoglobuline
immunologie	immunologie
immunologiste	immunologist
immunologistes	immunologiste
immunosuppresseur	immunosuppresseur
immunothérapie	immunothérapie
immédiat	immédiat
immédiate	immédiat
immédiates	immédiate
impact	impact
impactant	impacter
impacte	impact
impacter	impacter
impacts	impact
impacté	impacté
impartis	impartir
impatiemment	impatiemment
impatients	impatient
imperfections	imperfection
imperméable	imperméable
imperturbable	imperturbable
implantables	implantable
implantation	implantation
implantations	implantation
implante	implant
implanter	implanter
implantologie	implantologie
implants	implant
implanté	implanté
implantée	implantée
implantées	implanter
implantés	implanter
implication	implication
implications	implication
impliquant	impliquer
implique	impliquer
impliquent	impliquent
impliquer	impliquer
impliqué	impliquer
impliquée	impliquer
impliquées	impliquer
impliqués	impliquer
importance	importance
important	important
importante	important
importantes	important
importants	important
importation	importation
importe	importer
imposant	imposant
impose	impos
imposer	imposer
impossibilité	impossibilité
impossible	impossible
imposé	imposer
imposés	imposé
impression	impression
impressionnante	impressionnant
impressionnants	impressionnant
imprimante	imprimant
imprimantes	imprimante
imprimé	imprimer
imprimée	imprimer
imprimées	imprimée
imprimés	imprimé
impropre	impropre
impulser	impulser
impulsion	impulsion
impulsions	impulsion
impute	imput
impératif	impératif
impérativement	impérativement
impératives	impérative
impôt	impôt
imt	imt
in	in
ina	ina
inaccessible	inaccessible
inaccessibles	inaccessible
inattendu	inattendu
inattendus	inattendu
inaugurait	inaugurer
inaugural	inaugural
inauguration	inauguration
inauguré	inaugurer
inaugurée	inaugurer
inc	inc
inca	inca
incapable	incapable
incapacité	incapacité
incendie	incendie
incendies	incendie
incertain	incertain
incertaine	incertain
incertitudes	incertitude
incessant	incesser
incidence	incidence
incident	incident
incidente	incident
incision	incision
incitent	inciter
inciter	inciter
inclassable	inclassable
inclinaison	inclinaison
incliné	incliné
incluant	inclure
incluent	incluent
incluses	inclus
incognita	incogniter
incompressibles	incompressible
incompréhensibles	incompréhensible
incongru	incongru
inconnues	inconnu
inconnus	inconnu
inconscient	inconscier
incontestable	incontestable
incontournable	incontournable
incontournables	incontournable
incontrôlables	incontrôlable
inconvénient	inconvénient
inconvénients	inconvénient
incorporation	incorporation
incorporé	incorporé
incorporés	incorporer
increased	increased
incuballiance	incuballiance
incubateur	incubateur
incubation	incubation
inde	ind
independence	independence
indes	inde
index	index
indian	indian
indica	indica
indicateur	indicateur
indicateurs	indicateur
indications	indication
indices	indice
indien	indien
indienne	indien
indiens	indien
indifféremment	indifféremment
indifférents	indifférent
indigo	indigo
indiquait	indiquer
indiquant	indiquer
indique	indique
indiquent	indiquer
indiquer	indiquer
indiqué	indiquer
indiquée	indiquer
indiquées	indiquer
indirects	indirect
indispensable	indispensable
indispensables	indispensable
indium	indium
individu	individu
individuel	individuel
individuelle	individuel
individuellement	individuellement
individuelles	individuel
individuels	individuel
individus	individu
indo	indo
indre	indr
induced	induced
induisait	induire
induisant	induire
induisent	induire
induit	induit
induite	induire
induites	induire
induits	induit
indusriels	indusriel
industriales	industriale
industrialisation	industrialisation
industrialiser	industrialiser
industrialisé	industrialiser
industrialisés	industrialiser
industrie	industrie
industriel	industriel
industrielle	industriel
industriellement	industriellemer
industrielles	industriel
industriels	industriel
industries	industrie
indéniables	indéniable
indépendamment	indépendammer
indépendance	indépendance
indépendante	indépendant
indépendantes	indépendant
indésirables	indésirable
ine	ine
inee	inee
inefficace	inefficace
ineris	ineri
inertie	inertie
inertielle	inertiel
ines	ine
inexplicable	inexplicable
infantile	infantile
infantiles	infantile
infarctus	infarctus
infatigable	infatigable
infecter	infecter
infectieuses	infectieuser
infectieux	infectieux
infectiologie	infectiologie
infection	infection
infections	infection
infectées	infectée
infernal	infernal
infestés	infesté
infime	infime
infimes	infime
infinies	infinie
infirmière	infirmier
infirmières	infirmier
inflammation	inflammation
inflammatoire	inflammatoire
inflammatoires	inflammatoire
influe	influer
influence	influence
influencer	influencer
influencés	influencer
influer	influer
infographie	infographie
infographiste	infographist
informaticien	informaticien
information	information
informationnel	informationnel
informationnels	informationnel
informations	information
informatique	informatique
informatiques	informatique
informer	informer
infra	infra
infrared	infrared
infrarouge	infrarouge
infrarouges	infrarouge
infrastructure	infrastructure
infrastructures	infrastructure
inférieur	inférieur
inférieure	inférieur
inférieures	inférieur
ingaas	ingaa
ingenieros	ingeniero
ingrédient	ingrédier
ingrédients	ingrédient
ingénierie	ingénierie
ingénieriste	ingénierist
ingénieur	ingénieur
ingénieure	ingénieur
ingénieurs	ingénieur
ingénérie	ingénérie
ingérer	ingérer
ingérop	ingérop
inhabituelle	inhabituel
inhibe	inhiber
inhibiteur	inhibiteur
inhibiteurs	inhibiteur
initial	initial
initiale	initial
initialement	initialement
initiales	initial
initiateur	initiateur
initiateurs	initiateur
initiation	initiation
initiative	initiative
initiatives	initiative
initie	initier
initier	initier
initié	initier
initiée	initier
initiés	initier
injectable	injectable
injecter	injecter
injection	injection
injecté	injecté
injectée	injecter
injustifiées	injustifier
inlandsis	inlandsis
inlassablement	inlassablement
inn	inn
innobio	innobio
innocuité	innocuité
innoecho	innoecho
innombrables	innombrable
innorobo	innorobo
innov	innov
innovant	innover
innovante	innovant
innovantes	innovant
innovants	innovant
innovateurs	innovateur
innovation	innovation
innovations	innovation
innovatives	innovative
innove	innover
innovent	innover
innover	innover
innovez	innover
inné	inné
innée	inné
inondations	inondation
inoplant	inopler
inopérant	inopérer
inosport	inosport
inoviaflow	inoviaflow
inovsys	inovsy
inp	inp
inpi	inpi
inpt	inpt
inquiètent	inquiéter
inquiètes	inquiet
inquiétude	inquiétude
inra	inrer
inria	inria
insa	inser
insatisfaits	insatisfait
insaturés	insaturé
insb	insb
inscription	inscription
inscriptions	inscription
inscrirait	inscrire
inscrire	inscrire
inscrit	inscrire
inscrite	inscrire
inscrites	inscrit
inscrits	inscrit
inscrivait	inscrire
inscrivent	inscrire
insecte	insecte
insectes	insecte
insecticides	insecticide
insensible	insensible
inserm	inserm
insertion	insertion
inshs	inshs
insistant	insister
insiste	insister
insoluble	insoluble
insomnies	insomnie
insoupçonnés	insoupçonné
inspecter	inspecter
inspecteurs	inspecteur
inspection	inspection
inspirant	inspirer
inspiration	inspiration
inspirer	inspirer
inspiré	inspirer
inspirée	inspirée
inspirées	inspirée
inspirés	inspiré
instabilité	instabilité
installant	installer
installation	installation
installations	installation
installe	installer
installer	installer
installé	installer
installée	installer
installées	installer
installés	installer
instances	instance
instant	instant
instar	instar
instationnaires	instationnaire
instauration	instauration
insticc	insticc
institut	institut
institute	institut
instituteurs	instituteur
institution	institution
institutionnaliser	institutionnaliser
institutionnels	institutionnel
institutions	institution
instituts	institut
instrument	instrument
instrumentation	instrumentation
instruments	instrument
instrumenté	instrumenter
insu	insu
insuffisant	insuffiser
insuffisante	insuffisante
insulaire	insulaire
insulaires	insulaire
insuline	insulin
insulino	insulino
insurmontable	insurmontable
insérer	insérer
inséré	insérer
intact	intact
integrated	integrated
integration	integration
integrations	integration
intellectuel	intellectuel
intellectuelle	intellectuel
intellectuelles	intellectuel
intelligemment	intelligemment
intelligence	intelligence
intelligent	intelliger
intelligente	intelligent
intelligents	intelligent
intelligibilité	intelligibilité
intempéries	intempérie
intense	intense
intenses	intense
intensif	intensif
intensification	intensification
intensifier	intensifier
intensité	intensité
intensive	intensif
intensives	intensif
intention	intention
inter	inter
interactif	interactif
interactifs	interactif
interaction	interaction
interactions	interaction
interactive	interactif
interactives	interactive
interactivité	interactivité
interagir	interagir
interagissent	interagir
interagit	interagir
interarmées	interarmer
interconnexions	interconnexion
interdisciplinaire	interdisciplinaire
interdisciplinaires	interdisciplinaire
interdisciplinarité	interdisciplinarité
interdite	interdire
interface	interface
interfaces	interface
interférence	interférence
interférer	interférer
interféromètre	interféromètr
intergouvernemental	intergouvernemental
intergouvernementales	intergouvernemental
intergénérationnelle	intergénérationnell
interindividuelle	interindividuel
interlaboratoires	interlaboratoire
interlocuteur	interlocuteur
interministériel	interministériel
interministérielle	interministériel
intermittentes	intermittent
intermédiaire	intermédiaire
intermédiaires	intermédiaire
international	international
internationale	international
internationales	international
internationaux	international
interne	interne
internet	internet
interopérabilité	interopérabilité
interprofession	interprofession
interprofessionnel	interprofessionnel
interprofessionnelle	interprofessionnel
interprètes	interprète
interreg	interreg
interroge	interrog
interrogeant	interrogeant
interrogent	interrogent
interroger	interroger
interrogera	interrogera
interrupteur	interrupteur
interruption	interruption
interrégionales	interrégionale
intersection	intersection
intersensorielle	intersensoriell
intertropicales	intertropical
interuniversitaire	interuniversitaire
intervalles	intervalle
intervenant	intervenir
intervenants	intervenant
intervenir	intervenir
intervenons	intervenon
intervention	intervention
interventions	intervention
intervenus	intervenu
interviendra	intervenir
intervient	intervenir
intestin	intestin
intestinal	intestinal
intestinale	intestinal
intestinales	intestinal
intimes	intime
intitulé	intituler
intitulée	intituler
intitulées	intitulée
intoxication	intoxication
intra	intrer
intracellulaire	intracellulaire
intrants	intrant
intrinsèque	intrinsèque
intrinsèquement	intrinsèquement
intrinsèques	intrinsèque
introduction	introduction
introduira	introduire
introduire	introduir
introduit	introduit
introduites	introduire
introduits	introduit
intrus	intrus
intuition	intuition
intègre	intègre
intègrent	intégrer
intègreront	intègrer
intégrant	intégrant
intégrante	intégrant
intégrateur	intégrateur
intégrateurs	intégrateur
intégratif	intégratif
intégration	intégration
intégrer	intégrer
intégrera	intégrer
intégreront	intégrer
intégré	intégré
intégrée	intégrée
intégrées	intégré
intégrés	intégrer
intéressait	intéresser
intéressant	intéressant
intéressante	intéressant
intéressantes	intéressant
intéressants	intéressant
intéresse	intéresser
intéressent	intéresser
intéresser	intéresser
intéressera	intéresser
intéresseront	intéresser
intéressons	intéresson
intéressé	intéresser
intéressée	intéresser
intéressées	intéresser
intéressés	intéresser
intérieur	intérieur
intérieure	intérieure
intérieurs	intérieur
intérêt	intérêt
intérêts	intérêt
inutile	inutile
invalidation	invalidation
invasifs	invasif
invasions	invasion
invasive	invasive
inventaire	inventaire
inventaires	inventaire
inventent	inventent
inventer	inventer
inventeur	inventeur
inventeurs	inventeur
inventifs	inventif
invention	invention
inventé	inventer
inverse	inverse
inversement	inversemer
inverser	inverser
inversée	inverser
invest	invest
investi	investi
investigation	investigation
investigations	investigation
investir	investir
investissant	investissant
investissement	investissement
investissements	investissement
investisseur	investisseur
investisseurs	investisseur
investissons	investisson
investment	investmer
investor	investor
invitation	invitation
invite	invite
invitent	inviter
invité	invité
invités	inviter
invivable	invivable
involontairement	involontairement
inédit	inédit
inédite	inédit
inédites	inédite
inédits	inédit
inéluctable	inéluctable
inévitable	inévitable
inévitables	inévitable
ioi	ioi
ion	ion
ionique	ionique
ioniques	ionique
ionosphère	ionosphèr
ionosphérique	ionosphérique
ionosphériques	ionosphérique
ions	ion
ipcms	ipcm
iphc	iphc
ipno	ipno
ipsen	ipsen
ipsl	ipsl
ipsos	ipso
ira	aller
iramis	iramis
irc	irc
ircam	ircam
ird	ird
irdi	irdi
irfm	irfm
irfu	irfu
irions	irion
iris	iri
irlande	irlande
irm	irm
ironie	ironie
iront	aller
iroqua	iroqua
irradiés	irradier
irrigation	irrigation
irréprochables	irréprochable
irréversibles	irréversible
irstea	irstea
irt	irt
irtsv	irtsv
isab	isab
isae	isae
isba	isba
isbs	isb
isen	isen
isle	isle
iso	iso
isolant	isoler
isolante	isolant
isolants	isolant
isolation	isolation
isolé	isolé
isolée	isolé
isolées	isolé
isolément	isolément
isotopes	isotope
israël	israël
isro	isro
iss	iss
issanchou	issanchou
issu	issu
issue	issue
issues	issu
issus	issu
isère	isère
it	it
italia	italia
italie	italie
italien	italien
italienne	italien
italiens	italien
items	item
iter	iter
itff	itff
itplc	itplc
its	it
itti	itti
iut	iut
iuvv	iuvv
iva	iva
ivry	ivry
izest	izest
iéna	iéner
j	j
jacente	jacent
jacquart	jacquart
jacques	jacques
jalon	jalon
jalonné	jalonner
jalonnées	jalonnée
jamais	jamais
jambe	jambe
jambes	jambe
james	jame
janny	janny
janvier	janvier
japon	japon
japonais	japonais
japonaise	japonais
japonaises	japonais
jardins	jardin
jardinées	jardiner
jason	jason
jaune	jaune
java	java
jaxa	jaxa
je	je
jean	jean
jeandel	jeandel
jerphagnon	jerphagnon
jersey	jersey
jet	jet
jeter	jeter
jeté	jeter
jeu	jeu
jeudi	jeudi
jeune	jeune
jeunes	jeune
jeux	jeu
jobs	job
john	john
johor	johor
joie	joie
joindre	joindre
joint	joindre
joliment	joliment
joly	joly
jonction	jonction
jordanie	jordanie
jordi	jordi
josas	josa
joseph	joseph
jouait	jouer
joue	joue
jouent	jouent
jouer	jouer
jouera	jouer
jouerait	jouer
jour	jour
jourdain	jourdain
journal	journal
journaliste	journaliste
journalistes	journaliste
journalière	journalier
journalières	journalier
journée	journée
journées	journer
jours	jour
jouy	jouy
jouzel	jouzel
joué	jouer
joyeuse	joyeux
joël	joël
jri	jri
judiciaire	judiciaire
judicieuses	judicieuse
judicieux	judicieux
judith	judith
juillet	juillet
juin	juin
jules	jule
julien	julien
jullian	jullian
jumelage	jumelage
jumelée	jumeler
jun	jun
junien	junien
junior	junior
juniors	junior
jura	jurer
juridiques	juridique
juristes	juriste
jury	jury
jus	jus
jusqu	jusqu
jusque	jusqu
juste	juste
justement	justement
justifier	justifier
justifiée	justifier
jwst	jwst
jérôme	jérôme
jûlich	jûlich
k	k
kaarsten	kaarsten
kanpur	kanpur
karine	karine
karlsruher	karlsruher
karman	karman
kavli	kavli
kbcc	kbcc
kcalories	kcalorie
kdo	cadeau
kek	kek
keller	keller
kent	kent
kentoh	kentoh
kenya	kenya
kevin	kevin
keyo	keyo
kg	kilogramme
khz	khz
kick	kick
killer	killer
kilo	kilo
kilogramme	kilogramme
kilogrammes	kilogramme
kilomètres	kilomètre
kilos	kilo
kinkingnéhun	kinkingnéhun
kit	kit
klenova	klenova
klorane	klorane
km	kilomètre
knocked	knocked
knockout	knockout
knowledge	knowledg
kobilka	kobilka
kong	kong
kontsevich	kontsevich
kourou	kourou
koweit	koweit
krl	krl
kurma	kurma
kurosh	kurosh
kurt	kurt
kw	kw
kwh	kwh
kyoto	kyoto
kyushu	kyushu
l	l
laad	laad
laas	laa
lab	lab
label	label
labellisation	labellisation
labelliser	labelliser
labellisé	labellisé
labellisée	labelliser
labellisés	labelliser
labex	labex
laboratoire	laboratoir
laboratoires	laboratoire
laboratory	laboratory
labri	labri
labrèze	labrèze
labs	lab
labège	labège
lac	lac
lacs	lac
lactalis	lactalis
lactation	lactation
lactobacilles	lactobacille
lactée	lacter
ladhyx	ladhy
lafarge	lafarge
lafaye	lafaye
lafont	lafont
lagarde	lagard
lagons	lagon
lagrost	lagrost
laissant	laisser
laisse	laisse
laissent	laissent
laisser	laisser
laissé	laisser
laissée	laisser
laissées	laisser
lait	ler
laitier	laitier
laitiers	laitier
laitière	laitière
laitières	laitier
laits	lait
laitère	laitère
lamarck	lamarck
lamarckienne	lamarckien
lambert	lambert
lame	lame
lamellée	lamellé
lames	lame
lamour	lamour
lampe	lamper
lamprecht	lamprecht
lamure	lamur
lance	lance
lancement	lancement
lancements	lancement
lancent	lancer
lancer	lancer
lances	lance
lanceur	lanceur
lanceurs	lanceur
lancé	lancer
lancée	lancée
lancées	lancée
lancés	lancer
land	land
landauer	landauer
landowner	landowner
langerhans	langerhans
langevin	langevin
langue	langue
languedoc	languedoc
laniak	laniak
lanréotide	lanréotid
lanthanides	lanthanide
lanvéoc	lanvéoc
lançons	lançon
lao	lao
laos	lao
lapines	lapine
laplace	laplac
laporte	laporte
laquelle	lequel
lara	lara
larchey	larchey
lares	lare
larf	larf
large	large
largement	largement
larges	large
largeur	largeur
larguera	larguer
largué	larguer
lariboisière	lariboisièr
larivière	larivière
larrieu	larrieu
larvaires	larvaire
larve	larv
larves	larve
laryngectomie	laryngectomie
laryngectomies	laryngectomie
laryngologie	laryngologie
larynx	larynx
las	las
lasagyl	lasagyl
laser	laser
lasers	laser
lasik	lasik
latente	latente
latin	latin
latine	latin
latruffe	latruffe
latécoère	latécoère
latérale	latéral
latéralement	latéralement
launchers	launchers
laurence	laurence
laurent	laurent
laurier	laurier
lauriers	laurier
lauréat	lauréat
lauréate	lauréat
lauréates	lauréat
lauréats	lauréat
laval	laval
lavande	lavande
lavandin	lavandin
lavet	lavet
law	law
lb	lb
lbmn	lbmn
lcb	lcb
lcpo	lcpo
lead	lead
leader	leader
leaders	leader
leadership	leadership
leading	leading
lean	lean
leap	leap
learning	learning
learninglab	learninglab
leb	leb
leblanc	leblanc
leca	leca
lecomte	lecomte
lecteur	lecteur
lecteurs	lecteur
lectoure	lectour
lecture	lecture
led	led
ledrappier	ledrappier
lee	lee
lefkowitz	lefkowitz
legionella	legioneller
legos	lego
legs	legs
leibler	leibler
leiv	leiv
lem	lem
lemaître	lemaîtr
lempe	lempe
lendemain	lendemain
lensing	lensing
lent	lent
lentement	lentement
lentes	lent
leprince	leprince
lequel	lequel
lesia	lesia
lesieur	lesieur
lesquelles	lequel
lesquels	lesquel
lessac	lessac
lessivage	lessivage
leti	leti
letters	letter
lettre	lettre
lettres	lettre
leucocytes	leucocyte
leucodystrophies	leucodystrophie
leungchopan	leungchopan
leurre	leurre
leurrer	leurrer
leurrées	leurrer
leurs	leur
levage	levage
levallois	levallois
levang	levang
levant	levant
lever	lever
leveraged	leveraged
levier	levier
leviers	levier
levodopa	levodopa
levé	lever
levée	levée
levés	lever
lewiner	lewiner
lewis	lewis
lfc	lfc
lhc	lhc
lheea	lheeer
lhoste	lhoste
liaison	liaison
liaisons	liaison
liberté	liberté
libre	libre
libres	libre
libreville	librevill
libye	liby
libérant	libérant
libération	libération
libérer	libérer
libéré	libérer
libérée	libérer
licence	licence
licences	licence
licenciés	licencié
lidars	lidar
lidocaine	lidocaine
lie	li
lien	lien
liens	lien
lient	lier
lier	lier
liera	lier
lieu	lieu
lieues	lieue
lieux	lieux
life	life
ligands	ligand
ligature	ligature
ligatures	ligature
light	light
ligne	ligne
lignes	ligne
lignées	ligner
ligue	ligue
ligurie	ligurie
like	lik
lille	lill
limitant	limiter
limitation	limitation
limitations	limitation
limite	limite
limitent	limiter
limiter	limiter
limiterait	limiter
limites	limite
limitrophes	limitrophe
limité	limité
limitée	limité
limitées	limiter
limoges	limoge
limoneux	limoneux
limons	limon
limousin	limousin
limsi	limsi
lin	lin
linda	linda
lines	line
lingual	lingual
linéaire	linéaire
linéaires	linéaire
lion	lion
lionel	lionel
lipid	lipid
lipides	lipide
lipidique	lipidique
lipidiques	lipidique
lipido	lipido
lipidoprotéique	lipidoprotéiqu
lipidots	lipidots
lipoproteins	lipoprotein
lipoprotéine	lipoprotéine
lipoprotéines	lipoprotéine
liposoluble	liposoluble
lipstic	lipstic
liquide	liquide
liquides	liquide
lire	lire
lirmm	lirmm
lisant	lire
lisière	lisière
lissant	lisser
lisses	lisse
lissi	lissi
list	list
listeria	listeria
lit	lit
liten	liten
lithium	lithium
lithographie	lithographie
lithographiques	lithographique
litres	litre
lits	lit
littorale	littoral
littéralement	littéralement
littérature	littérature
lituanie	lituanie
livatag	livatag
livraison	livraison
livre	livre
livrent	livrer
livrer	livrer
livres	livre
livret	livret
livré	livrer
livrée	livrée
livrés	livrer
liège	liège
lié	lier
liée	lier
liées	lier
liés	lier
lmbo	lmbo
lmd	lmd
lnc	lnc
lobby	lobby
local	local
locale	local
localement	localement
locales	local
localisation	localisation
localiser	localiser
localisé	localiser
localisée	localiser
localisées	localiser
localisés	localiser
localité	localité
localités	localiter
locaux	local
locean	locean
locomotive	locomotif
lodz	lodz
loft	loft
logements	logement
loger	loger
logiciel	logiciel
logicielle	logiciel
logicielles	logiciel
logiciels	logiciel
login	login
logique	logique
logiques	logique
logistique	logistique
logistiques	logistique
loi	loi
loin	loin
lointain	lointain
lointaine	lointaine
lointaines	lointain
lointains	lointain
loire	loir
lois	loi
loisir	loisir
loisirs	loisir
lombalgies	lombalgie
long	long
longitudinalement	longitudinalement
longs	long
longtemps	longtemps
longue	long
longues	long
longueur	longueur
longueurs	longueur
longé	longé
longévité	longévité
look	look
lorenceau	lorenceau
lorgnette	lorgnette
lorient	lorier
lorraine	lorrain
lors	lors
lorsqu	lorsqu
lorsque	lorsque
lot	lot
lou	lou
louis	louis
lourd	lourd
lourde	lourde
lourdes	lourde
lourdeurs	lourdeur
lourds	lourd
loyale	loyale
loyaux	loyal
loïc	loïc
lpcc	lpcc
lpcv	lpcv
lpem	lpem
lpo	lpo
lpsc	lpsc
lsce	lsce
lsi	lsi
lt	lt
ltds	ltd
lu	lire
lucent	lucent
lucratif	lucratif
ludwik	ludwik
lueur	lueur
lufthansa	lufthansa
lui	luire
luminance	luminance
luminescentes	luminescente
lumineuse	lumineux
lumineuses	lumineuse
lumineux	lumineux
luminosité	luminosité
luminy	luminy
lumière	lumière
lunbeckfond	lunbeckfond
lutte	lutte
lutter	lutter
luxe	luxe
luxembourg	luxembourg
luxembourgeoise	luxembourgeois
lycée	lycer
lycéens	lycéen
lycées	lycer
lyon	lyon
lyonbiopôle	lyonbiopôle
lyonnais	lyonnais
lyonnaise	lyonnais
lyophilisat	lyophilisat
là	là
lâche	lâche
lâcher	lâcher
lâchée	lâcher
lègue	lègu
lève	lever
léauté	léauté
légale	légal
légende	légend
léger	léger
légers	léger
légine	légine
légitime	légitime
légitimes	légitime
légitimité	légitimité
légitimées	légitimer
légume	légum
légumes	légume
légumineuses	légumineuse
légère	léger
légères	légère
légèreté	légèreté
lésion	lésion
lésions	lésion
lévêque	lévêqu
m	m
ma	mon
mabimprove	mabimprov
mace	mac
machine	machine
machines	machine
macromoléculaire	macromoléculaire
macromolécules	macromolécule
macroscopique	macroscopique
maculaire	maculaire
maculia	maculia
madagascar	madagascar
madani	madani
made	made
madras	madras
madrid	madrid
madère	madèr
magasin	magasin
magazine	magazine
magique	magique
magistrales	magistral
magnetic	magnetic
magnifique	magnifique
magnifiques	magnifique
magnétique	magnétique
magnétiques	magnétique
magnéto	magnéto
magnétomètres	magnétomètre
maguin	maguin
magéo	magéo
mai	mai
maia	maia
maille	maill
main	main
mains	main
maintenance	maintenance
maintenant	maintenant
maintenir	maintenir
maintien	maintien
maintient	maintenir
maire	maire
mairie	mairie
maison	maison
maisondelasimulation	maisondelasimulation
maisonnier	maisonnier
maisons	maison
majeur	majeur
majeure	majeur
majeures	majeur
majeurs	majeur
majoritaire	majoritaire
majoritairement	majoritairement
majorité	majorité
makers	maker
mal	mal
malabry	malabry
malade	malade
malades	malade
maladie	maladie
maladies	maladie
malaisie	malaisi
malbec	malbec
malbouffe	malbouff
malbrunot	malbrunot
malfaiteurs	malfaiteur
malgré	malgré
mali	mali
malier	malier
mallette	mallette
malléable	malléable
malvie	malvie
malymas	malyma
maman	maman
mamba	mamba
mambas	mamba
mamirolle	mamirolle
mammifère	mammifère
mammifères	mammifère
management	management
manager	manager
manche	manche
manchester	manchester
mancini	mancini
mandataires	mandataire
mandibulaires	mandibulaire
mandibule	mandibul
manganèse	manganèse
mange	mange
mangent	manger
mangeons	mangeon
manger	manger
mangeur	mangeur
mangeurs	mangeur
manifestation	manifestation
manifestations	manifestation
manifeste	manifeste
manifestement	manifestement
manip	manip
manips	manipulation
manipulation	manipulation
manipulations	manipulation
manipuler	manipuler
manière	manière
manières	manière
mannequin	mannequin
manque	manqu
manquent	manquer
manquer	manquer
manques	manque
manquons	manquon
manteau	manteau
manuel	manuel
manufacturing	manufacturing
manufacturées	manufacturée
manuscrit	manuscrit
manutention	manutention
map	map
mapi	mapi
maquette	maquette
maquettes	maquette
marathon	marathon
maraîchage	maraîchage
maraîcher	maraîcher
marc	marc
marcel	marcel
marcellan	marcellan
marchais	marchai
marchand	marchand
marchandises	marchandise
marche	marche
marché	marché
marchés	marché
marcoule	marcoule
mardi	mardi
marge	marge
mari	mari
maria	maria
mariage	mariage
mariani	mariani
marie	marie
marier	marier
mariette	mariette
marin	marin
marine	marine
marines	marine
marins	marin
marion	marion
maritime	maritime
maritimes	maritime
marius	marius
mariée	marier
mark	mark
marketers	marketer
marketing	marketing
marle	marle
marmite	marmit
marne	marne
maroc	maroc
marocain	marocain
marocains	marocain
maron	maron
marquage	marquage
marquantes	marquante
marquants	marquant
marque	marqu
marques	marque
marqueurs	marqueur
marqué	marquer
marquée	marquer
marqués	marqué
marron	marron
mars	mars
marseille	marseill
marteau	marteau
martin	martin
martèle	martèle
maruho	maruho
marx	mar
marées	marer
masa	masa
masculin	masculin
masquer	masquer
masques	masque
massachusetts	massachusetts
massard	massard
masse	masse
masses	masse
massif	massif
massifs	massif
massive	massif
massivement	massivemer
massy	massy
master	master
masters	master
masticateur	masticateur
mastères	mastère
masurca	masurca
mat	mat
materials	material
maternel	maternel
maternelle	maternel
mathematical	mathematical
mathematics	mathematic
matheron	matheron
mathias	mathia
maths	math
mathématicien	mathématicien
mathématicienne	mathématicienn
mathématiciens	mathématicien
mathématique	mathématique
mathématiques	mathématique
matin	matin
matinée	matiner
matière	matière
matières	matière
mato	mato
matri	matri
matrice	matrice
matrices	matrice
maturation	maturation
matures	mature
maturité	maturité
matérialiser	matérialiser
matériau	matériau
matériaux	matériau
matériel	matériel
matérielles	matériel
matériels	matériel
maurice	maurice
maurille	maurill
mauritania	mauritania
mauritanie	mauritanie
mauvais	mauvais
mauvaise	mauvais
mauvaises	mauvais
maux	mal
maxi	maxi
maxillo	maxillo
maximal	maximal
maximale	maximal
maxime	maxim
maximum	maximum
maximus	maximu
maya	mayer
mayas	maya
mayenne	mayenn
mayonnaise	mayonnaise
mazars	mazar
maître	maître
maîtresse	maîtresse
maîtrisant	maîtrisant
maîtrise	maîtris
maîtrisent	maîtriser
maîtriser	maîtriser
maîtrisé	maîtriser
maîtrisée	maîtriser
mba	mba
mbfh	mbfh
me	me
measurement	measuremer
mechanical	mechanical
mechanics	mechanics
mechatronics	mechatronic
med	med
medellin	medellin
media	media
medias	media
mediazioni	mediazioni
medicen	medicen
medtec	medtec
medtech	medtech
meeting	meeting
meetings	meeting
megamark	megamark
megamix	megami
megha	megher
megève	megève
mehg	mehg
meilleur	meilleur
meilleure	meilleur
meilleures	meilleur
meilleurs	meilleur
melbourne	melbourn
mellier	mellier
meltblown	meltblown
melun	melun
membranaire	membranaire
membranaires	membranaire
membrane	membrane
membranes	membrane
membre	membre
membres	membre
memolap	memolap
memory	memory
menace	menacer
menaces	menace
menant	menant
mener	mener
menons	menon
mensuel	mensuel
mensurations	mensuration
mentalités	mentaliter
mention	mention
menu	menu
menus	menu
mené	mener
menée	mener
menées	mener
menés	mener
mer	mer
mercator	mercator
merck	merck
mercredi	mercredi
mercure	mercur
mers	mer
merveille	merveill
merveilles	merveille
mes	mon
message	message
messages	message
mesurant	mesurer
mesure	mesure
mesurent	mesurent
mesurer	mesurer
mesurera	mesurera
mesures	mesure
mesuré	mesurer
mesurée	mesurer
mesurés	mesurer
met	mettre
metabrain	metabrain
metafun	metafun
metagenopolis	metagenopolis
metahit	metahit
metaquant	metaquant
metop	metop
mets	mets
mettant	mettre
mettent	mettre
mettez	mettre
mettra	mettre
mettre	mettre
mettrons	mettron
metz	metz
meurent	mourir
meurtrières	meurtrière
meute	meute
mexique	mexiqu
meyer	meyer
mgd	mgd
mgdg	mgdg
mgp	mgp
mi	mi
micalis	micali
mice	mice
micelles	micelle
michael	michael
michaël	michaël
michel	michel
michelin	michelin
michèle	michèle
mici	mici
micro	micro
microalgues	microalgue
microbe	microbe
microbien	microbien
microbienne	microbien
microbiennes	microbien
microbiologie	microbiologie
microbiologique	microbiologique
microbiologiques	microbiologique
microbiote	microbiote
microbolomètres	microbolomètre
microcapsules	microcapsule
microcircuit	microcircuit
microcrédit	microcrédit
microdomaines	microdomaine
microencapsulation	microencapsulation
microenvironnement	microenvironnement
microfissure	microfissure
microfissures	microfissure
microfluidique	microfluidiqu
microglies	microglie
micromètre	micromètre
micromètres	micromètre
micrométrique	micrométrique
micron	micron
microns	micron
microorganisme	microorganisme
microorganismes	microorganisme
microprocesseurs	microprocesseur
microsatellite	microsatellite
microsatellites	microsatellite
microscope	microscope
microscopes	microscope
microscopie	microscopie
microscopique	microscopique
microscopiques	microscopique
microsoft	microsoft
microsymbionte	microsymbiont
microsystèmes	microsystème
microtechniques	microtechnique
microélectronique	microélectronique
mid	mid
midi	midi
midinnov	midinnov
mieux	mieux
migrateur	migrateur
migration	migration
migrer	migrer
mil	mil
milan	milan
mildiou	mildiou
miles	mile
miliaires	miliaire
milieu	milieu
milieux	milieu
militaire	militaire
militaires	militaire
militante	militant
militaro	militaro
millba	millba
mille	mill
milles	mille
milliard	milliard
milliards	milliard
millier	millier
milliers	millier
millilitres	millilitre
millimètre	millimètre
millimètres	millimètre
million	million
millionièmes	millionième
millions	million
millipol	millipol
millième	millième
millons	millon
millénaires	millénaire
mimer	mimer
mimétiques	mimétique
min	min
mince	mince
minces	mince
mine	min
minerais	minerai
mines	mine
minet	minet
mini	mini
miniaturisation	miniaturisation
miniaturisée	miniaturiser
miniaturisés	miniaturiser
minier	minier
miniers	minier
minimal	minimal
minimale	minimal
minimiser	minimiser
minimum	minimum
ministre	ministre
ministres	ministre
ministère	ministère
ministériel	ministériel
minière	minière
minute	minute
minutes	minute
minutieux	minutieux
minérale	minéral
minérales	minérale
minéraux	minéral
miracle	miracle
miri	miri
mirim	mirim
miroir	miroir
miroirs	miroir
mis	mettre
mise	mise
miser	miser
mises	mise
missiles	missile
mission	mission
missions	mission
mistral	mistral
mistrals	mistral
mit	mettre
mixte	mixte
mixtes	mixter
mk	mk
mm	millimètre
mmc	mmc
mnhn	mnhn
mobile	mobile
mobiles	mobile
mobilier	mobilier
mobilisation	mobilisation
mobilise	mobilise
mobiliser	mobiliser
mobilisé	mobiliser
mobilisée	mobiliser
mobilisées	mobiliser
mobilité	mobilité
mobilités	mobiliter
mobisic	mobisic
modalité	modalité
modalités	modalité
mode	mode
modeler	modeler
modem	modem
moderne	moderne
modernes	moderne
modernisation	modernisation
modernité	modernité
modes	mode
modestie	modestie
modifiant	modifier
modification	modification
modifications	modification
modifie	modifi
modifier	modifier
modifié	modifier
modifiée	modifier
modifiées	modifiée
modulables	modulable
modulation	modulation
module	module
modulent	modulent
moduler	moduler
modules	module
modèle	modèle
modèles	modèle
modélisateurs	modélisateur
modélisation	modélisation
modéliser	modéliser
modéré	modérer
modérée	modérer
modérées	modérer
moelle	moelle
mohamed	mohamed
mohammad	mohammad
moho	moho
moi	moi
moindre	moindre
moindres	moindre
moins	moins
mois	mois
moisson	moisson
moitié	moitié
mol	mol
molecular	molecular
mollard	mollard
molle	molle
moltech	moltech
moléculaire	moléculaire
moléculaires	moléculaire
molécule	molécule
molécules	molécule
moment	moment
moments	moment
mon	mon
monaco	monaco
monate	monate
monde	monde
mondelez	mondeler
mondes	monde
mondial	mondial
mondiale	mondial
mondialement	mondialement
mondiales	mondial
mondialisation	mondialisation
mondialisée	mondialiser
mondiaux	mondiau
monitoring	monitoring
monnet	monnet
mono	mono
monoclonaux	monoclonau
monocorps	monocorp
monocouloirs	monocouloir
monoculture	monoculture
monocytogenes	monocytogene
monod	monod
monolithique	monolithique
monomodes	monomode
monopolisés	monopoliser
monsieur	monsieur
montage	montage
montagnardes	montagnard
montagne	montagn
montagnes	montagne
montaient	montaient
montant	montant
montante	montant
montbard	montbard
monte	mont
montebourg	montebourg
monteils	monteil
montent	monter
monter	monter
montlouis	montloui
montpellier	montpellier
montpelliéraine	montpelliérain
montrait	montrer
montrant	montrant
montre	montre
montrent	montrer
montrer	montrer
montré	montrer
montrée	montrer
monté	monté
montée	monter
monumental	monumental
monumentale	monumental
mooc	mooc
moodboard	moodboard
moore	moore
morceaux	morceal
mordre	mordre
mordus	mordu
mori	mori
morpho	morpho
morphologie	morphologie
morphologique	morphologique
morro	morro
mort	mort
mortalité	mortalité
morts	mort
mosaïque	mosaïque
moscou	moscou
mosseri	mosseri
mot	mot
moteur	moteur
moteurs	moteur
motif	motif
motifs	motif
motion	motion
motivantes	motivante
motiver	motiver
motivée	motiver
motorisation	motorisation
motorisations	motorisation
motoriste	motorist
motoristes	motorister
motrices	motrice
motricité	motricité
mots	mot
mouche	mouche
mouches	mouche
mougin	mougin
mouiller	mouiller
moules	moule
mourait	mourir
mourir	mourir
mourou	mourou
moussantes	moussante
mousse	mousse
mousses	mousse
mousson	mousson
moustique	moustiqu
moustiques	moustique
moutons	mouter
mouvant	mouvoir
mouvement	mouvement
mouvements	mouvement
mouvoir	mouvoir
moveo	moveo
moyen	moyen
moyennant	moyennant
moyenne	moyenne
moyennes	moyenne
moyens	moyen
mozambique	mozambique
moûts	moût
mp	mp
mpi	mpi
mraihi	mraihi
ms	m
msh	msh
msl	msl
msu	msu
mt	mt
mturquoise	mturquois
muhammad	muhammad
mulhouse	mulhouse
multi	multi
multicentriques	multicentrique
multiculturelle	multiculturel
multidisciplinaire	multidisciplinaire
multifonctionnels	multifonctionnel
multilicence	multilicence
multimedia	multimedia
multimédia	multimédia
multiplatforme	multiplatforme
multiple	multiple
multiples	multiple
multiplication	multiplication
multiplicité	multiplicité
multiplie	multiplier
multiplient	multiplier
multiplier	multiplier
multiprotéique	multiprotéiqu
multisystématisée	multisystématisée
multitude	multitude
multivalent	multivaler
muni	muni
munich	munich
muon	muon
muqueuse	muqueuse
mur	mur
muraille	muraill
muriel	muriel
murier	murier
murs	mur
muscade	muscade
muscariniques	muscarinique
musculaire	musculaire
musculo	musculo
musicologie	musicologie
musique	musiqu
musiques	musique
musée	muser
musées	musée
muséographique	muséographique
muséum	muséum
mutation	mutation
mutations	mutation
muter	muter
mutualistes	mutualiste
mutualisée	mutualiser
mutuel	mutuel
mutée	muter
mw	mw
myocarde	myocarde
myologie	myologie
myriade	myriad
myriades	myriade
myrrha	myrrha
myrte	myrt
myrtille	myrtill
mystère	mystère
mystérieuse	mystérieux
mystérieux	mystérieux
mythique	mythique
mâcon	mâcon
mâle	mâle
mâles	mâle
mène	mener
mènent	mener
mère	mère
mères	mère
mètre	mètre
mètres	mètre
mécanique	mécanique
mécaniques	mécanique
mécanisme	mécanisme
mécanismes	mécanisme
mécatronique	mécatronique
mécatroniques	mécatronique
méchante	méchant
méconnues	méconnu
mécénat	mécénat
médaille	médaill
médailles	médaille
médaillon	médaillon
médecin	médecin
médecine	médecine
médecins	médecin
média	média
médiane	médian
médias	média
médiateur	médiateur
médical	médical
médicale	médical
médicales	médical
médicament	médicament
médicaments	médicament
médication	médication
médicaux	médicau
médicinales	médicinale
médiocre	médiocre
méditer	méditer
méditerranée	méditerraner
méditerranéen	méditerranéen
méditerranéenne	méditerranéen
méditerranéennes	méditerranéen
méfiance	méfiance
méga	méga
mégha	mégha
mélange	mélange
mélanges	mélange
mélangé	mélanger
mémoire	mémoire
mémoires	mémoire
mémorisation	mémorisation
mémorise	mémoriser
mémoriser	mémoriser
mémorisé	mémoriser
mémorisées	mémoriser
ménaché	ménacher
ménage	ménage
ménagers	ménager
ménagé	ménager
ménopausée	ménopauser
mérieux	mérieux
mérite	mérite
méritons	mériton
métabolique	métabolique
métaboliques	métabolique
métaboliser	métaboliser
métabolisme	métabolisme
métabolome	métabolome
métagénomique	métagénomique
métal	métal
métalliques	métallique
métallurgie	métallurgie
métallurgique	métallurgique
métallurgistes	métallurgiste
métaux	métal
méteo	méteo
méthane	méthane
méthanisation	méthanisation
méthaniseur	méthaniseur
méthode	méthod
méthodes	méthode
méthodologie	méthodologie
méthodologies	méthodologie
méthylmercure	méthylmercur
méthylène	méthylène
méticuleuses	méticuleux
métier	métier
métiers	métier
métrologie	métrologie
métrologiques	métrologique
métropole	métropole
métropolisé	métropoliser
métropolitaine	métropolitain
métropolitains	métropolitain
météo	météo
météorologie	météorologie
météorologique	météorologique
météorologiques	météorologique
mêlent	mêler
même	même
mêmes	même
mûrir	mûrir
nacl	nacl
naco	naco
nacre	nacre
nahum	nahum
naissait	naître
naissance	naissance
naissante	naissante
naissent	naître
nalini	nalini
nancy	nancy
nano	nano
nanobiotechnologies	nanobiotechnologie
nanobiotix	nanobioti
nanochargé	nanochargé
nanoconstruction	nanoconstruction
nanocristaux	nanocristal
nanoelectromechanical	nanoelectromechanical
nanofil	nanofil
nanofils	nanofil
nanoformulation	nanoformulation
nanoh	nanoh
nanomanipulation	nanomanipulation
nanomatériaux	nanomatérial
nanomètre	nanomètr
nanomètres	nanomètre
nanomédecine	nanomédecine
nanomédicaments	nanomédicament
nanométrique	nanométrique
nanométriques	nanométrique
nanoobjets	nanoobjet
nanoparticules	nanoparticule
nanosatellite	nanosatellite
nanoscale	nanoscal
nanoscience	nanoscience
nanosciences	nanoscience
nanoscopiques	nanoscopique
nanostructures	nanostructure
nanostructuré	nanostructurer
nanosystems	nanosystem
nanosystèmes	nanosystème
nanotechmap	nanotechmap
nanotechnologie	nanotechnologie
nanotechnologies	nanotechnologie
nanotechnology	nanotechnology
nanothinking	nanothinking
nanotube	nanotube
nanotubes	nanotube
nanoélectronique	nanoélectronique
nantes	nante
nao	nao
naples	naple
napoléon	napoléon
nappes	nappe
narbonne	narbonn
nasa	nasa
nasale	nasal
nasales	nasal
nash	nash
naskéo	naskéo
natale	natale
nathalie	nathalie
natif	natif
nation	nation
national	national
nationale	national
nationales	national
nationalités	nationaliter
nationaux	national
nations	nation
natixis	natixis
naturaliste	naturaliste
naturalisé	naturaliser
nature	nature
naturel	naturel
naturelle	naturel
naturellement	naturellement
naturelles	naturel
naturels	naturel
nausicaa	nausicaa
nautique	nautique
nautiques	nautique
naval	naval
navale	naval
navigante	navigant
navigateur	navigateur
navigation	navigation
navigations	navigation
naviguant	naviguer
naviguent	naviguent
naviguer	naviguer
navire	navire
navires	navire
nazaire	nazair
naît	naître
naître	naître
naïo	naïo
ncbir	ncbir
necker	necker
neige	neige
nems	nem
neo	neo
nerf	nerf
nerveuse	nerveux
nerveuses	nerveux
nerveux	nerveux
nestlé	nestlé
net	net
netsis	netsi
nette	nette
nettement	nettement
nettoyer	nettoyer
network	network
networking	networking
neuf	neuf
neufs	neuf
neumann	neumann
neuro	neurologie
neurobiologie	neurobiologie
neurobiologiste	neurobiologiste
neurochirurgie	neurochirurgie
neurodégénérative	neurodégénératif
neurodégénératives	neurodégénérative
neurofpga	neurofpger
neurologique	neurologique
neurologiques	neurologique
neurologue	neurologue
neurologues	neurologue
neuromédiateur	neuromédiateur
neuronal	neuronal
neuronale	neuronal
neuronales	neuronal
neuronaux	neuronau
neurone	neurone
neurones	neurone
neuropic	neuropic
neuroprotecteur	neuroprotecteur
neuropsychologie	neuropsychologie
neuropsychologues	neuropsychologue
neuropsychopharmacology	neuropsychopharmacology
neurosciences	neuroscience
neurosensorielles	neurosensoriel
neurotoxicité	neurotoxicité
neurotoxicté	neurotoxicter
neurotoxiques	neurotoxique
neurotransmetteur	neurotransmetteur
neutraliser	neutraliser
neutre	neutre
neutrinos	neutrino
neutron	neutron
neutroniques	neutronique
neutrons	neutron
neuve	neuf
neuville	neuvill
nevers	nevers
new	new
newvectys	newvecty
ng	ng
ngl	ngl
ni	ni
niccolaï	niccolaï
nice	nice
niche	niche
niches	niche
nicklaus	nicklaus
nicolas	nicolas
nicole	nicole
niger	niger
nigeria	nigeria
nigérian	nigérian
nii	nii
nilotica	nilotica
niobium	niobium
nist	nist
nitroglycérine	nitroglycérine
nitrure	nitrure
nitry	nitry
niveau	niveau
niveaux	niveau
nivens	niven
nizo	nizo
niçoise	niçoise
nm	nm
noaa	noaa
nobel	nobel
nodosités	nodositer
noeton	noeton
noetontexrank	noetontexrank
nofima	nofima
noir	noir
noire	noir
noires	noir
noisy	noisy
nom	nom
nombre	nombre
nombreuses	nombreux
nombreux	nombreux
nominal	nominal
nominale	nominal
nommer	nommer
nommé	nommer
nommée	nommer
noms	nom
non	non
nontissés	nontisser
norbert	norbert
nord	nord
normal	normal
normale	normal
normalement	normalement
normales	normal
normalisation	normalisation
normandie	normandie
normes	norme
norvège	norvèg
nos	notre
nota	nota
notable	notable
note	note
noter	noter
notion	notion
notoires	notoire
notons	noton
notoriété	notoriéter
notre	notre
notz	notz
noté	noté
nouer	nouer
nouffert	nouffert
nouméa	nouméa
nourricière	nourricier
nourrir	nourrir
nourrissant	nourrir
nourrissent	nourrir
nourrisson	nourrisson
nourrissons	nourrisson
nourrit	nourrir
nourriture	nourriture
nouveau	nouveau
nouveautés	nouveauter
nouveaux	nouveau
nouvel	nouveau
nouvelle	nouveau
nouvellement	nouvellement
nouvelles	nouveau
noué	nouer
novachim	novachim
novaqt	novaqt
novateur	novateur
novembre	novembre
novice	novice
novices	novice
nox	no
noyau	noyau
noyaux	noyal
ns	ns
nse	nse
nu	nu
nuage	nuage
nuages	nuage
nuageuse	nuageux
nuance	nuance
nucadvisor	nucadvisor
nuclear	nuclear
nucléaire	nucléaire
nucléaires	nucléaire
nucléart	nucléart
nucléation	nucléation
nuisibles	nuisible
nuit	nuit
nul	nul
nullement	nullemer
numérique	numérique
numériques	numérique
numéro	numéro
nuptiale	nuptial
nuremberg	nuremberg
nutox	nutox
nutraceutiques	nutraceutique
nutriment	nutriment
nutriments	nutriment
nutrineuro	nutrineuro
nutrition	nutrition
nutritionnel	nutritionnel
nutritionnelle	nutritionnel
nutritionnellement	nutritionnellement
nutritionnelles	nutritionnel
nutritionnels	nutritionnel
nutritionniste	nutritionnist
né	naître
néanmoins	néanmoins
nécessaire	nécessaire
nécessairement	nécessairement
nécessaires	nécessaire
nécessitant	nécessiter
nécessite	nécessiter
nécessitent	nécessiter
nécessiter	nécessiter
nécessitera	nécessitera
nécessité	nécessité
née	née
néel	néel
néfastes	néfaste
négatif	négatif
négatifs	négatif
négative	négatif
négatives	négative
négligeable	négligeable
négligeables	négligeable
négliger	négliger
négligé	négliger
négociation	négociation
négocier	négocier
négocié	négocier
négrette	négrette
nématodes	nématode
néoformés	néoformer
néolithique	néolithique
néon	néon
néophytes	néophyte
néovins	néovins
nés	naître
nîmes	nîme
nôtre	nôtre
obasanjo	obasanjo
obese	obese
objectifs	objectif
objective	objectif
objet	objet
objets	objet
obligataire	obligataire
obligation	obligation
obligations	obligation
obligatoirement	obligatoirement
oblige	oblige
obliger	obliger
obligé	obligé
obligés	obliger
obscurité	obscurité
observable	observable
observables	observable
observait	observer
observant	observer
observateur	observateur
observation	observation
observations	observation
observatoire	observatoir
observe	observer
observent	observer
observer	observer
observing	observing
observé	observer
observée	observer
observées	observer
observés	observer
obstacles	obstacle
obtenait	obtenir
obtenant	obtenant
obtenir	obtenir
obtention	obtention
obtentions	obtention
obtenu	obtenir
obtenue	obtenir
obtenues	obtenir
obtenus	obtenir
obtiendront	obtenir
obtiennent	obtiennent
obtient	obtenir
obèses	obèse
obésité	obésité
ocari	ocari
occasion	occasion
occasionnant	occasionner
occident	occider
occidental	occidental
occidentale	occidental
occidentaux	occidental
occultation	occultation
occupait	occuper
occupant	occuper
occupe	occupe
occupent	occuper
occuper	occuper
occupera	occuper
occupiez	occuper
occupé	occuper
occupée	occuper
occurrence	occurrence
ocde	ocde
ocean	ocean
oceanic	oceanic
oceans	oceans
ockham	ockham
octapeptide	octapeptid
octets	octet
octobre	octobre
oculaire	oculaire
oculaires	oculaire
oculomoteurs	oculomoteur
oculomotricité	oculomotricité
oculomètre	oculomètre
oculométrie	oculométrie
océan	océan
océanie	océani
océanique	océanique
océaniques	océanique
océanographe	océanographe
océanographes	océanographe
océanographie	océanographie
océanographique	océanographique
océanographiques	océanographiquer
océans	océan
odeur	odeur
odeurs	odeur
odontologie	odontologie
odorantes	odorante
odorants	odorant
oeil	oeil
oem	oem
oenologie	oenologie
oesophage	oesophage
oeuf	oeuf
oeuvrant	oeuvrer
oeuvre	oeuvre
oeuvrer	oeuvrer
oeuvres	oeuvre
of	of
off	off
offertes	offrir
officialisant	officialiser
officialiser	officialiser
officiel	officiel
officielle	officiel
officiellement	officiellement
officielles	officiel
officiels	officiel
officier	officier
officiers	officier
offraient	offraient
offrait	offrir
offrant	offrir
offre	offrir
offrent	offrir
offres	offre
offreurs	offreur
offrir	offrir
offrira	offrir
offriront	offrir
ogooué	ogoouer
oh	oh
ohio	ohio
ohm	ohm
ohmi	ohmi
oie	ouïr
oiseaux	oiseau
olfactifs	olfactif
olfaction	olfaction
olfactive	olfactif
olfactives	olfactif
olive	olive
oliver	oliver
olives	olive
olivier	olivier
olusegun	olusegun
oléagineuse	oléagineux
oléagineuses	oléagineux
oléagineux	oléagineux
omar	omar
ombistocking	ombistocking
ombre	ombre
omnt	omnt
omp	omp
oms	oms
onde	onde
ondes	onde
ondimba	ondimber
one	one
onera	onerer
ong	ong
oniris	oniri
online	online
ontario	ontario
onu	onu
onze	onze
onzième	onzième
onéreux	onéreu
opacité	opacité
opaline	opalin
open	open
openlab	openlab
openlabs	openlab
ophtalmologie	ophtalmologie
ophtalmologues	ophtalmologue
opinion	opinion
opinions	opinion
oppenheimer	oppenheimer
opportun	opportun
opportunité	opportunité
opportunités	opportunité
opposé	opposer
opte	opte
opter	opter
optera	opter
optifel	optifel
optimale	optimal
optimisant	optimiser
optimisation	optimisation
optimise	optimiser
optimised	optimised
optimisent	optimiser
optimiser	optimiser
optimisme	optimisme
optimiste	optimiste
optimisées	optimisée
optimisés	optimiser
optimization	optimization
option	option
optionnels	optionnel
optique	optique
optiques	optique
optitec	optitec
opto	opto
optoélectronique	optoélectronique
optronique	optroniqu
opté	opter
opv	opv
opèrent	opérer
opérant	opérer
opérateur	opérateur
opérateurs	opérateur
opération	opération
opérationnel	opérationnel
opérationnelle	opérationnel
opérationnelles	opérationnel
opérationnels	opérationnel
opérations	opération
opératoire	opératoire
opératoires	opératoire
opérer	opérer
opérés	opérer
or	or
orageuse	orageux
orageux	orageux
orale	oral
orales	orale
orbitaux	orbital
orbite	orbite
orbites	orbite
ordinaire	ordinaire
ordinateur	ordinateur
ordinateurs	ordinateur
ordonnancement	ordonnancemer
ordre	ordre
ordres	ordre
oreille	oreille
oreilles	oreille
ores	ore
org	org
organe	organ
organes	organe
organic	organic
organique	organique
organiques	organique
organisait	organiser
organisateurs	organisateur
organisation	organisation
organisationnelle	organisationnelle
organisations	organisation
organise	organis
organisent	organiser
organiser	organiser
organisera	organiser
organiseront	organiser
organisme	organisme
organismes	organisme
organisé	organiser
organisée	organiser
organisées	organisée
organisés	organiser
organization	organization
organoleptique	organoleptique
organoleptiques	organoleptique
orgue	orgue
oriano	oriano
orient	orient
orientation	orientation
orientations	orientation
oriente	oriente
oriented	oriented
orientent	orientent
orienter	orienter
orienté	orienter
orientée	orientée
orientées	orienter
orientés	orienter
originaire	originaire
original	original
originale	original
originales	original
originalité	originalité
originalités	originalité
originaux	original
origine	origine
originelle	originelle
origines	origine
orl	orl
orléans	orléan
ormeaux	ormeau
ornementaux	ornemental
oro	oro
orpaillage	orpaillag
orphelines	orphelin
orpheon	orpheon
orsay	orsay
orthophonistes	orthophoniste
orthoptistes	orthoptiste
orthopédique	orthopédique
orval	orval
oréal	oréal
orée	orer
os	os
oscillant	osciller
oscillation	oscillation
oscillations	oscillation
ose	ose
oseo	oseo
oser	oser
osiris	osiris
oslo	oslo
osmotique	osmotique
osmotiques	osmotique
ossements	ossement
osseuse	osseux
osseuses	osseux
osseux	osseux
ostéo	ostéo
ostéoclastes	ostéoclaste
ostéoporose	ostéoporose
osé	osé
oséo	oséo
otc	otc
oto	oto
ouagadougou	ouagadougou
oublier	oublier
oublions	oublier
oudghiri	oudghiri
ouest	ouest
ouf	ouf
ougadougou	ougadougou
oui	oui
ouragans	ouragan
out	out
outcomes	outcome
outdoor	outdoor
outil	outil
outillage	outillage
outils	outil
outre	outre
ouvert	ouvert
ouverte	ouvert
ouvertes	ouverte
ouverture	ouverture
ouvrage	ouvrage
ouvrages	ouvrage
ouvrant	ouvrir
ouvre	ouvrir
ouvrent	ouvrent
ouvriers	ouvrier
ouvrir	ouvrir
ouvrira	ouvrira
ouvrons	ouvron
ovations	ovation
ovoïde	ovoïde
oxford	oxford
oxy	oxy
oxydant	oxydant
oxydantes	oxydante
oxydants	oxydant
oxydatif	oxydatif
oxydatifs	oxydatif
oxyde	oxyde
oxyder	oxyder
oxydes	oxyde
oxydo	oxydo
oxydoréduction	oxydoréduction
oxygène	oxygène
oz	oz
ozone	ozone
oïdium	oïdium
p	p
pac	pac
paca	paca
pacea	pacea
pacifique	pacifique
packages	package
packaging	packaging
packard	packard
packs	pack
pacte	pacte
pactole	pactole
page	page
pages	page
pain	pain
paindavoine	paindavoine
paisible	paisible
paix	paix
palais	palais
palaiseau	palaiseau
paleo	paleo
pales	pale
palette	palette
paliers	palier
pallier	pallier
palme	palme
palmier	palmier
palmiers	palmier
palmivore	palmivor
paludisme	paludisme
paléoanthropologue	paléoanthropologu
paléoenvironnements	paléoenvironnement
paléopathologie	paléopathologie
paléopathologiste	paléopathologiste
pam	pam
pamatec	pamatec
pan	pan
panache	panache
panaches	panache
pancréas	pancréas
pancréatique	pancréatique
pancréatiques	pancréatique
panel	panel
panne	pann
panneaux	panneau
panoplie	panoplie
panorama	panorama
pape	pape
papier	papier
papiers	papier
papilles	papille
papillome	papillome
papillon	papillon
papillons	papillon
parachevant	parachever
parade	parade
paraissait	paraître
parallèle	parallèle
parallèlement	parallèlement
paralyse	paralyse
paralysie	paralysi
paramètres	paramètre
paramétrable	paramétrable
paramétrer	paramétrer
parasite	parasite
parasitoïdes	parasitoïde
paraît	paraître
paraître	paraître
parc	parc
parce	parce
parcellaires	parcellaire
parcelle	parcell
parcelles	parcelle
parcourant	parcourir
parcourir	parcourir
parcours	parcours
parcouru	parcourir
parcourues	parcourir
parcourus	parcouru
pare	parer
pareil	pareil
parentales	parental
parentalité	parentalité
parenthèse	parenthès
parents	parent
parfait	parfaire
parfaite	parfait
parfaitement	parfaitement
parfaits	parfait
parfois	parfois
parfum	parfum
parfumerie	parfumerie
parfums	parfum
pari	pari
parietal	parietal
parieurs	parieur
paris	pari
parisien	parisien
parisienne	parisien
paristech	paristech
parkinson	parkinson
parkinsoniens	parkinsonien
parle	parl
parlent	parler
parler	parler
parlera	parler
parlez	parler
parlé	parler
parmi	parmi
paroi	paroi
parois	paroi
parole	parole
paroles	parole
parrain	parrain
parrainé	parrainer
part	part
partage	partage
partageant	partager
partagent	partager
partager	partager
partagé	partager
partagée	partager
partagées	partagée
partagés	partager
partant	partir
partenaire	partenaire
partenaires	partenaire
partenariale	partenarial
partenariales	partenarial
partenariat	partenariat
partenariats	partenariat
parti	parti
participait	participer
participant	participant
participantes	participant
participants	participant
participation	participation
participations	participation
participe	participe
participent	participer
participer	participer
participera	participer
participeront	participer
participons	participon
participé	participer
particularité	particularité
particule	particule
particules	particule
particulier	particulier
particuliers	particulier
particulière	particulière
particulièrement	particulièrement
partie	partie
partielle	partiel
partielles	partiel
parties	party
partir	partir
partition	partition
partnering	partnering
partners	partner
partout	partout
parts	part
parution	parution
parvenir	parvenir
parvenons	parvenon
parvenu	parvenir
parvenus	parvenir
parvient	parvient
pasadena	pasadener
pasadéna	pasadéner
pascal	pascal
pascale	pascal
pass	pass
passage	passage
passagers	passager
passages	passage
passagère	passager
passagères	passager
passant	passer
passe	passer
passent	passer
passer	passer
passera	passer
passeront	passer
passif	passif
passion	passion
passionnant	passionner
passionnante	passionnant
passionnantes	passionnante
passionnants	passionnant
passionne	passionn
passionnent	passionnent
passionné	passionner
passionnés	passionné
passé	passer
passée	passer
passées	passée
passés	passer
pastel	pastel
pasteur	pasteur
pasteurs	pasteur
paternité	paterniter
pathogène	pathogène
pathogènes	pathogène
pathologie	pathologie
pathologies	pathologie
pathologiques	pathologique
pathoquest	pathoquest
pathways	pathway
paticipants	paticipant
patient	patient
patientes	patient
patients	patient
patrice	patrice
patricia	patricia
patrick	patrick
patrie	patrie
patrimoine	patrimoine
patronage	patronage
patrons	patron
patte	patte
pattes	patte
pau	pau
paul	paul
paulo	paulo
pauses	pause
pauvre	pauvre
pauvres	pauvre
pauvreté	pauvreter
pavillon	pavillon
payantes	payante
payraud	payraud
pays	pays
paysage	paysage
paysagère	paysager
paysandisia	paysandisia
paysanne	paysan
paysans	paysan
pc	pc
pcd	pcd
pcr	pcr
pcrd	pcrd
pdcs	pdc
pdg	pdg
peau	peau
peaux	peau
pech	pech
pect	pect
pecten	pecten
pegase	pegase
peine	peine
peinture	peintur
peintures	peinture
pelco	pelco
peltier	peltier
penant	pener
pencher	pencher
penchées	pencher
pendant	pendant
pensait	penser
pense	pense
penser	penser
penserons	penseron
pensons	penson
pensé	penser
pensée	penser
pensées	penser
pente	pent
pentrite	pentrite
pepsine	pepsin
peptide	peptid
peptides	peptide
per	per
perceptible	perceptible
perceptibles	perceptible
perception	perception
perceptions	perception
perceptives	perceptive
percevez	percevoir
percevoir	percevoir
percée	percer
percées	percer
perdent	perdre
perdre	perdre
perdu	perdu
perdues	perdre
perdus	perdu
perfectionner	perfectionner
perforation	perforation
performance	performance
performances	performance
performant	performer
performantes	performant
performants	performant
perfumes	perfume
peri	peri
perig	perig
permanence	permanence
permanent	permanent
permanente	permanente
permanents	permanent
permet	permettre
permettait	permettre
permettant	permettre
permette	permette
permettent	permettre
permettra	permettra
permettraient	permettre
permettrait	permettre
permettre	permettre
permettront	permettre
permis	permettre
permise	permettre
perméabilité	perméabilité
perméable	perméable
perméables	perméable
peroxysomes	peroxysome
perpétuel	perpétuel
perpétuent	perpétuer
perret	perret
perrier	perrier
persistance	persistance
persistant	persister
persistante	persistante
persistent	persistent
personnage	personnage
personnalisé	personnaliser
personnalisée	personnaliser
personnalisés	personnaliser
personnalités	personnalité
personne	personn
personnel	personnel
personnelle	personnel
personnels	personnel
personnes	personne
perspective	perspectif
perspectives	perspective
persuadé	persuader
persuadés	persuader
perte	perte
pertes	perte
pertinence	pertinence
pertinente	pertinent
pertinents	pertinent
perturbation	perturbation
perturbations	perturbation
perturbe	perturbe
perturbée	perturber
perçoit	percevoir
perçu	perçu
perçue	percevoir
perçues	percevoir
pesant	pesant
peser	peser
pessimisme	pessimisme
pessimiste	pessimiste
pesticides	pesticide
pesée	peser
pesées	pesée
petawatt	petawatt
petawatts	petawatt
peter	peter
petit	petit
petite	petit
petites	petit
petits	petit
peu	peu
peugeot	peugeot
peuple	peuple
peuplent	peupler
peupler	peupler
peuples	peuple
peuplé	peupler
peur	peur
peut	pouvoir
peuvent	pouvoir
peyne	peyn
ph	ph
phare	phare
phares	phare
pharma	pharma
pharmaceutique	pharmaceutique
pharmaceutiques	pharmaceutique
pharmacie	pharmacie
pharmaciens	pharmacien
pharmacologie	pharmacologie
pharmacologique	pharmacologique
pharmacologiques	pharmacologique
pharmacologue	pharmacologu
pharmacotechnie	pharmacotechnie
phase	phase
phases	phase
phea	phea
phenome	phenome
phenotyping	phenotyping
phi	phi
philip	philip
philippe	philippe
philippines	philippine
philosophe	philosophe
philosophes	philosophe
philosophie	philosophie
phone	phone
phosphate	phosphat
phosphates	phosphate
phosphatés	phosphaté
phospholipid	phospholipid
phospholipides	phospholipide
photo	photo
photocoagulation	photocoagulation
photocopie	photocopie
photodetector	photodetector
photodétecteurs	photodétecteur
photographie	photographie
photographiques	photographique
photomultiplicateurs	photomultiplicateur
photonics	photonic
photonique	photonique
photons	photon
photophysique	photophysique
photos	photo
photosynthèse	photosynthèse
photosynthétiques	photosynthétique
photothèque	photothèque
photovoltaics	photovoltaic
photovoltaïque	photovoltaïque
photovoltaïques	photovoltaïque
phovoir	phovoir
phrases	phrase
phy	phy
physco	physco
physical	physical
physicien	physicien
physiciens	physicien
physico	physico
physics	physic
physiologie	physiologie
physiologique	physiologique
physiologiques	physiologique
physionomies	physionomie
physiopathologie	physiopathologie
physiopathologies	physiopathologie
physiopathologique	physiopathologique
physique	physique
physiques	physique
phyto	phyto
phytochip	phytochip
phytosanitaire	phytosanitaire
phénix	phénix
phénoarch	phénoarch
phénoliques	phénolique
phénomène	phénomène
phénomènes	phénomène
phénoménale	phénoménal
phénotypage	phénotypage
phénotype	phénotyp
phénotypes	phénotyper
phénotypiques	phénotypique
phéromone	phéromone
phéromones	phéromone
piano	piano
pib	pib
pic	pic
picf	picf
picosatellite	picosatellite
picosatellites	picosatellite
picot	picot
picq	picq
picqué	picquer
pics	pic
pied	pied
pieds	pied
piercan	piercan
pierre	pierre
pierrot	pierrot
pieux	pieu
pigment	pigment
pigments	pigment
pigniez	pigniez
pile	pile
piles	pile
piliers	pilier
pilotables	pilotable
pilotage	pilotage
pilotant	pilotant
pilote	pilote
piloter	piloter
pilotes	pilote
piloté	piloter
pin	pin
pince	pince
pionnier	pionnier
pionniers	pionnier
pionnière	pionnier
pionnières	pionnier
pipe	pip
piquer	piquer
piqué	piquer
piraterie	piraterie
pire	pire
piste	pist
pistes	piste
pitié	pitier
pixels	pixel
pizza	pizzer
pièce	pièce
pièces	pièce
piège	piège
piégeage	piégeage
piéger	piéger
piégé	piéger
piétiné	piétiner
piézométriques	piézométrique
pla	pla
place	place
placebo	placebo
placer	placer
placera	placera
places	place
placé	placer
placée	placer
placées	placer
placés	placer
plaine	plaine
plaines	plaine
plaisir	plaisir
plan	plan
planaire	planaire
planche	planch
planchent	planchent
plancher	plancher
planches	planche
plancton	plancton
planctonique	planctonique
planctoniques	planctonique
plane	plane
planet	planet
planification	planification
planifier	planifier
plans	plan
plant	pler
plante	plante
planter	planter
plantes	plante
planteurs	planteur
plants	plant
plantules	plantule
plantée	planter
plantés	planté
planète	planèt
planètes	planète
planétaire	planétaire
planétaires	planétaire
planétologie	planétologie
plaques	plaque
plaquettes	plaquette
plasma	plasma
plasmas	plasma
plasmique	plasmique
plasticité	plasticité
plastilax	plastilax
plastipolis	plastipolis
plastique	plastique
plastiques	plastique
plasturgie	plasturgie
plasturgiste	plasturgist
plat	plat
plate	plate
plateau	plateau
plateaux	plateal
plateforme	plateform
plateformes	plateforme
plates	plate
platform	platform
plats	plat
plausibles	plausible
plaçant	placer
plaît	plaît
plein	plein
pleine	pleine
pleinement	pleinement
pleines	plein
plexiglas	plexigla
plomb	plomb
plonger	plonger
plongeur	plongeur
plongée	plonger
plos	plos
ployage	ployag
ployages	ployage
pltp	pltp
pluie	plui
pluies	pluie
plupart	plupart
pluri	pluri
pluriannuelle	pluriannuelle
pluridisciplinaire	pluridisciplinaire
pluridisciplinarité	pluridisciplinarité
plurielle	pluriel
plusieurs	plusieurs
plutonium	plutonium
plutôt	plutôt
pluviométrie	pluviométrie
pléiade	pléiade
pléiades	pléiade
plénière	plénier
plénières	plénière
pléïades	pléïade
pme	pme
pmi	pmi
pmrc	pmrc
pnas	pner
pnb	pnb
pneumophila	pneumophila
pnra	pnrer
poca	poca
poche	poch
poids	poids
poignée	poigner
poincaré	poincarer
point	point
pointe	pointe
pointes	pointe
pointillé	pointiller
points	point
pointu	pointu
pointue	pointu
pointues	pointue
pointus	pointu
poinçon	poinçon
poisson	poisson
poissons	poisson
poitiers	poitiers
polaire	polaire
polaires	polaire
polar	polar
polarisée	polariser
polarité	polarité
police	police
poligny	poligny
politique	politique
politiques	politique
pollen	pollen
pollens	pollen
pollinique	pollinique
polluantes	polluante
polluants	polluant
pollution	pollution
pollutions	pollution
polluée	polluer
pologne	pologne
polonais	poloner
poloïdal	poloïdal
poly	poly
polygones	polygone
polymorphe	polymorphe
polymère	polymère
polymères	polymère
polymérase	polymérase
polynésie	polynésie
polyphasiques	polyphasique
polyphenols	polyphenol
polyphénol	polyphénol
polyphénols	polyphénol
polysaccharide	polysaccharide
polystyrène	polystyrène
polytechnicien	polytechnicien
polytechniciens	polytechnicien
polytechnique	polytechnique
polythiophène	polythiophène
polyvalence	polyvalence
polyvalents	polyvalent
polyéthylène	polyéthylène
pomey	pomey
pommes	pomme
pommier	pommier
pompage	pompag
pompe	pomper
pompier	pompier
pompiers	pompier
pompéi	pompéi
poncelet	poncelet
ponchon	ponchon
ponctuelle	ponctuel
ponctuelles	ponctuel
ponctuent	ponctuer
ponctuée	ponctuer
ponctuées	ponctuer
ponctués	ponctuer
pont	pont
pontes	ponte
ponts	pont
population	population
populations	population
pores	pore
poreux	poreux
porosité	porosité
port	port
portable	portable
portables	portable
portage	portage
portail	portail
portant	porter
porte	porte
portefeuille	portefeuille
portent	porter
porter	porter
portera	porter
porteront	porter
portes	porte
porteur	porteur
porteurs	porteur
porteuse	porteur
porteuses	porteuse
portions	portion
portière	portière
portraits	portrait
portugal	portugal
portzamparc	portzamparc
porté	porter
portée	porter
portées	porter
portés	porter
posant	poser
pose	pose
posent	poser
poser	poser
positif	positif
positifs	positif
position	position
positionnant	positionner
positionne	positionn
positionnement	positionnement
positionner	positionner
positionnée	positionnée
positionnées	positionner
positionnés	positionner
positions	position
positive	positif
positivement	positivement
positives	positif
positrons	positron
possibilité	possibilité
possibilités	possibilité
possible	possible
possibles	possible
possède	posséder
possèdent	possèdent
possédant	posséder
posséder	posséder
possédons	possédon
post	post
postbac	postbac
postdoctoraux	postdoctoral
poste	poste
posteriori	posteriori
posters	poster
postes	poste
postface	postface
postulat	postulat
postuler	postuler
postures	posture
posé	poser
posée	poser
poséidon	poséidon
posés	poser
pot	pot
potentialités	potentialité
potentiel	potentiel
potentielle	potentielle
potentiellement	potentiellement
potentielles	potentiel
potentiels	potentiel
pots	pot
poudre	poudre
poudres	poudre
poughon	poughon
pouls	pouls
poumon	poumon
pourcentage	pourcentage
pourcentages	pourcentage
pourquoi	pourquoi
pourra	pouvoir
pourraient	pouvoir
pourrait	pouvoir
pourrions	pourrion
pourrons	pourron
pourront	pouvoir
poursuit	poursuivre
poursuite	poursuite
poursuivant	poursuivre
poursuivent	poursuivre
poursuivi	poursuivre
poursuivions	poursuivion
poursuivis	poursuivre
poursuivons	poursuivon
poursuivra	poursuivre
poursuivre	poursuivre
pourtant	pourtant
pourtour	pourtour
pourvoyeuse	pourvoyeur
poussaient	pousser
poussant	pousser
pousse	pouss
pousser	pousser
poussière	poussiérer
poussières	poussière
poussé	pousser
poussée	pousser
poussées	poussée
poutine	poutin
poutre	poutre
pouvaient	pouvoir
pouvait	pouvoir
pouvant	pouvoir
pouvez	pouvoir
pouvoir	pouvoir
pouvoirs	pouvoir
pouvons	pouvon
ppb	ppb
pphd	pphd
ppq	ppq
prace	prac
practical	practical
prairie	prairie
prairies	prairie
praticien	praticien
praticité	praticité
pratiquant	pratiquer
pratique	pratique
pratiquement	pratiquemer
pratiquent	pratiquer
pratiquer	pratiquer
pratiques	pratique
pratiqué	pratiquer
pratiquées	pratiquée
pratiqués	pratiquer
precisio	precisio
prefalc	prefalc
premice	premice
premier	premier
premiers	premier
premières	premier
prenant	prendre
prenante	prenante
prenantes	prenant
prenants	prenant
prend	prendre
prendra	prendra
prendre	prendre
prenez	prendre
prenne	prendre
prennent	prennent
prenons	prenon
pres	pre
prescrire	prescrir
prescrite	prescrire
presentations	presentation
president	presider
presqu	presqu
presque	presque
presse	presse
pressent	pressent
pressenti	pressenti
pression	pression
pressé	presser
pressés	pressé
prestataires	prestataire
prestation	prestation
prestations	prestation
prestige	prestige
prestigieuse	prestigieux
prestigieuses	prestigieuse
prestigieux	prestigieux
preuve	preuve
prides	pride
priest	priest
primaire	primaire
primaires	primaire
prime	prime
primitif	primitif
primordiale	primordiale
primée	primée
prince	prince
princeton	princeton
principal	principal
principale	principal
principalement	principalement
principales	principal
principaux	principal
principe	principe
principes	principe
printemps	printemps
prions	prion
priori	priori
prioritaires	prioritaire
priorité	priorité
priorités	prioriter
pris	prendre
prise	prise
prises	prise
private	private
privilège	privilèg
privilégiant	privilégier
privilégie	privilégie
privilégié	privilégié
privilégiée	privilégier
privilégiés	privilégier
privé	priver
privée	priver
privées	privé
privés	priver
prix	prix
pro	pro
probable	probable
probablement	probablement
probante	probante
probiotique	probiotique
probiotiques	probiotique
problème	problème
problèmes	problème
problématique	problématique
problématiques	problématique
proceedings	proceeding
procervix	procervix
process	process
processes	processe
processeur	processeur
processeurs	processeur
processing	processing
processus	processus
prochain	prochain
prochaine	prochain
prochainement	prochainement
prochaines	prochain
prochains	prochain
proche	proche
proches	proche
procure	procure
procurent	procurer
procurer	procurer
procéder	procéder
procéderont	procéder
procédure	procédure
procédures	procédure
procédé	procédé
procédés	procéder
producteur	producteur
producteurs	producteur
productif	productif
production	production
productions	production
productive	productif
productives	productif
productivité	productivité
productrice	producteur
productrices	producteur
products	products
produiraient	produiraient
produire	produire
produisant	produire
produisent	produire
produit	produit
produite	produire
produites	produire
produits	produit
professeur	professeur
professeurs	professeur
profession	profession
professionnalisation	professionnalisation
professionnalisme	professionnalisme
professionnel	professionnel
professionnelle	professionnel
professionnelles	professionnel
professionnels	professionnel
profil	profil
profile	profil
profilent	profilent
profils	profil
profit	profit
profitant	profitant
profitent	profiter
profiter	profiter
profitera	profiter
profiteront	profiter
profité	profiter
profond	profond
profonde	profonde
profondes	profonde
profondeur	profondeur
profondeurs	profondeur
profonds	profond
profondément	profondément
programmable	programmable
programmables	programmable
programmation	programmation
programme	programme
programmer	programmer
programmes	programme
programmé	programmer
programmée	programmer
programmées	programmée
programmés	programmé
progresse	progress
progresser	progresser
progression	progression
progressive	progressif
progressivement	progressivement
progrès	progrès
proie	proie
project	project
projecteurs	projecteur
projectile	projectil
projections	projection
projeter	projeter
projets	projet
projette	projette
projeté	projeter
prolactine	prolactine
prolifère	prolifère
prolifération	prolifération
prolongement	prolongement
prolonger	prolonger
prolongée	prolonger
promesses	promesse
prometteur	prometteur
prometteurs	prometteur
prometteuse	prometteur
prometteuses	prometteur
promoteur	promoteur
promotion	promotion
promotions	promotion
promouvant	promouvoir
promouvoir	promouvoir
promulguant	promulguer
pronostic	pronostic
propack	propack
propagation	propagation
propage	propage
propagent	propagent
propager	propager
propagnent	propagnent
propagé	propager
propergol	propergol
propice	propice
proportion	proportion
proportionnelle	proportionnel
propos	propos
proposant	proposer
propose	proposer
proposent	proposer
proposer	proposer
proposera	proposer
proposeront	proposeront
proposez	proposer
propositions	proposition
proposons	proposon
proposé	proposer
proposée	proposer
proposées	proposer
proposés	proposer
propranolol	propranolol
propre	propre
proprement	proprement
propres	propre
propreté	propreté
propriétaire	propriétaire
propriétaires	propriétaire
propriété	propriété
propriétés	propriété
propulsant	propulser
propulseur	propulseur
propulsion	propulsion
propulsive	propulsif
propulsé	propulsé
propulsée	propulser
prose	prose
prospecte	prospecte
prospecter	prospecter
prospectif	prospectif
prospection	prospection
prospective	prospectif
prospectives	prospectif
prospects	prospect
prost	prost
protecteur	protecteur
protecteurs	protecteur
protection	protection
protectionnisme	protectionnisme
protections	protection
protein	protein
prothèse	prothèse
prothèses	prothèse
protibis	protibi
protip	protip
protocole	protocole
protocoles	protocole
proton	proton
protons	proton
prototypage	prototypag
prototype	prototype
prototypes	prototype
protège	protège
protégeait	protéger
protéger	protéger
protégé	protéger
protégées	protéger
protégés	protéger
protéine	protéine
protéines	protéine
protéique	protéique
protéolytiques	protéolytique
protéomique	protéomiqu
prouesse	prouesse
prouver	prouver
prouvé	prouver
prouvés	prouver
provenaient	provenir
provenance	provenance
provenant	provenir
provence	provence
provenir	provenir
provepharm	provepharm
proviendraient	provenir
proviennent	proviennent
province	province
provinces	province
provoque	provoqu
provoquent	provoquer
provoquer	provoquer
provoquera	provoquer
provoquée	provoquer
proximité	proximité
proximités	proximiter
près	près
pré	pré
préalable	préalable
préalablement	préalablement
précarité	précarité
précaution	précaution
précieux	précieux
précipitants	précipitant
précipitation	précipitation
précipitations	précipitation
précis	précis
précisant	préciser
précise	préciser
précisent	préciser
préciser	préciser
précision	précision
précisions	précision
précisons	précison
précisé	préciser
précisément	précisément
préclinique	préclinique
précliniques	préclinique
précoce	précoce
précocement	précocement
précoces	précoce
préconisations	préconisation
préconise	préconiser
précurseurs	précurseur
précèdent	précéder
précédemment	précédemment
précédent	précédent
précédente	précédent
précédentes	précédente
précédents	précédent
prédation	prédation
prédiag	prédiag
prédiction	prédiction
prédictives	prédictive
prédire	prédir
prédisent	prédire
prédisposées	prédisposée
prédit	prédire
prédomine	prédomine
prédécesseur	prédécesseur
prédécesseurs	prédécesseur
prédéfini	prédéfini
préface	préfacer
préfacer	préfacer
préfacé	préfacer
préfet	préfet
préfigurent	préfigurer
préférable	préférable
préférant	préférer
préférence	préférence
préférences	préférence
préférentiellement	préférentiellement
préféré	préférer
préhistoire	préhistoire
préhistorien	préhistorien
préhistorienne	préhistorienne
préhistoriens	préhistorien
préhistoriques	préhistorique
prélever	prélever
prélevé	prélever
prélevées	prélevée
préliminaire	préliminaire
préliminaires	préliminaire
prélèvement	prélèvement
prélèvements	prélèvement
prémice	prémice
prémices	prémices
prénom	prénom
préoccupant	préoccupant
préoccupante	préoccupant
préoccupants	préoccupant
préoccupation	préoccupation
préoccupations	préoccupation
préoccupe	préoccuper
préoccupent	préoccuper
préoccupé	préoccuper
préparait	préparer
préparant	préparer
préparation	préparation
préparations	préparation
préparatoire	préparatoire
préparatoires	préparatoire
prépare	préparer
préparent	préparer
préparer	préparer
préparons	préparer
préparé	préparer
préparées	préparer
présence	présence
présent	présent
présentaient	présenter
présentait	présenter
présentant	présenter
présentation	présentation
présentations	présentation
présente	présent
présentent	présenter
présenter	présenter
présentera	présenter
présenteront	présenter
présentes	présent
présentiel	présentiel
présents	présent
présenté	présenter
présentée	présenter
présentées	présenter
présentés	présenter
préservant	préserver
préservation	préservation
préserve	préserv
préserver	préserver
préservées	préserver
préside	préside
présidence	présidence
président	président
présidente	président
présidents	président
présidé	présider
présidée	présider
présure	présur
présures	présure
présélectionnés	présélectionner
prétend	prétendre
prétendre	prétendre
prétraitements	prétraitement
prévalence	prévalence
prévenir	prévenir
préventif	préventif
préventifs	préventif
prévention	prévention
préventives	préventive
prévient	prévient
prévisible	prévisible
prévision	prévision
prévisionnistes	prévisionniste
prévisions	prévision
prévoient	prévoient
prévoir	prévoir
prévoit	prévoit
prévoyant	prévoir
prévoît	prévoît
prévu	prévoir
prévue	prévoir
prévues	prévue
prêt	prêt
prête	prêt
prêts	prêt
prônaient	prôner
prônée	prôner
prôtis	prôti
psa	psa
pslv	pslv
psp	psp
pspc	pspc
psychiatres	psychiatre
psychiatriques	psychiatrique
psychologie	psychologie
psychologique	psychologique
psychologues	psychologue
psychosocial	psychosocial
pti	pti
ptychographie	ptychographie
pu	pouvoir
public	public
publication	publication
publications	publication
publics	public
publie	publier
publient	publier
publier	publier
publiera	publier
publique	public
publiquement	publiquement
publiques	public
publié	publier
publiée	publier
publiées	publier
publiés	publier
puce	puce
puces	puce
puis	pouvoir
puisqu	puisqu
puisque	puisque
puissance	puissance
puissances	puissance
puissant	puisser
puissante	puissant
puissantes	puissant
puissants	puissant
puisse	pouvoir
puissent	pouvoir
puissions	puission
puits	puit
pulse	pulse
pulsé	pulsé
pulsée	pulsé
pulvérisation	pulvérisation
pupitre	pupitre
pur	pur
pure	pur
purement	purement
pures	pur
pureté	pureter
purification	purification
purifié	purifier
pusceddu	pusceddu
puteaux	puteal
puzzle	puzzle
pwr	pwr
pyréenes	pyréene
pyrénées	pyréner
pythagore	pythagore
pâteux	pâteux
pâtisserie	pâtisserie
pâturages	pâturage
père	pèr
pèse	peser
pèsera	peser
pécresse	pécresse
pédagogie	pédagogie
pédagogies	pédagogie
pédagogique	pédagogique
pédagogiques	pédagogique
pédiatres	pédiatre
pédiatrique	pédiatrique
pédo	pédo
pédologues	pédologue
pégase	pégase
pékin	pékin
pékn	pékn
pénalisants	pénalisant
pénaliser	pénaliser
pénibilité	pénibilité
pénurie	pénurie
pénètre	pénètr
pénétration	pénétration
pénétrer	pénétrer
pénétré	pénétrer
pépinière	pépinièr
pépinières	pépinière
pépites	pépite
pérennes	pérenne
pérennisation	pérennisation
pérennité	pérennité
péri	péri
périmètre	périmètr
période	période
périodes	période
périodique	périodique
périphérie	périphérie
périphérique	périphérique
périphériques	périphérique
périple	périple
pérou	pérou
péruvienne	péruvien
péta	péta
pétaflopiques	pétaflopique
pétri	pétri
pétrochimie	pétrochimie
pétrole	pétrole
pétroliers	pétrolier
pétrolière	pétrolier
pêche	pêche
pêches	pêche
pêché	pêcher
pôle	pôle
pôles	pôle
qdiv	qdiv
quadrillent	quadriller
quadrillion	quadrillion
quae	quae
qualifiables	qualifiable
qualification	qualification
qualifications	qualification
qualifie	qualifier
qualifient	qualifient
qualifier	qualifier
qualifié	qualifier
qualifiées	qualifiée
qualifiés	qualifié
qualigras	qualigra
qualimed	qualimed
qualiment	qualiment
qualitatif	qualitatif
qualitative	qualitatif
qualitatives	qualitatif
quality	quality
qualité	qualité
qualités	qualité
quand	quand
quant	quant
quantifier	quantifier
quantique	quantique
quantiques	quantique
quantitatif	quantitatif
quantitatifs	quantitatif
quantitative	quantitatif
quantitatives	quantitative
quantité	quantité
quantités	quantité
quantum	quantum
quarantaine	quarantaine
quarante	quarante
quart	quart
quasi	quasi
quasiment	quasiment
quatorze	quatorze
quatre	quatre
quatrième	quatrième
quel	quel
quelle	quell
quelles	quel
quelque	quelque
quelques	quelque
quels	quel
quentin	quentin
quercypôle	quercypôle
querleux	querleux
question	question
questionnaire	questionnair
questionnaires	questionnaire
questions	question
quid	quid
quinolia	quinolier
quinzaine	quinzaine
quinze	quinze
quitter	quitter
quitté	quitter
quiz	quiz
quoi	quoi
quotidien	quotidien
quotidienne	quotidien
quotidiennement	quotidiennement
quotidiennes	quotidien
quotidiens	quotidien
québec	québec
quête	quête
qwip	qwip
r	r
rac	rac
raccourcie	raccourcir
rachat	rachat
rachetant	racheter
racheté	racheter
rachis	rachis
rachitiques	rachitique
rachitisme	rachitisme
racinaire	racinaire
racinaires	racinaire
racine	racine
racines	racine
rack	rack
raczinski	raczinski
radar	radar
radars	radar
raddiana	raddiana
radeaux	radeau
radiatifs	radiatif
radiation	radiation
radiations	radiation
radical	radical
radicalaire	radicalaire
radicalaires	radicalaire
radicalement	radicalemer
radicaux	radical
radio	radio
radioactifs	radioactif
radiologiques	radiologique
radiomètre	radiomètre
radionavigation	radionavigation
radioprotection	radioprotection
radios	radio
radiosondages	radiosondages
radiotoxicité	radiotoxicité
radiotoxiques	radiotoxique
raffolent	raffoler
rafraîchissement	rafraîchissemer
raft	raft
raftomique	raftomiqu
rafts	raft
raid	raid
raisin	raisin
raisins	raisin
raisol	raisol
raison	raison
raisonnable	raisonnable
raisonnables	raisonnable
raisonnement	raisonnement
raisonné	raisonner
raisonnée	raisonner
raisons	raison
ralenti	ralenti
ralentir	ralentir
ralentissement	ralentissement
ralentit	ralentit
rallier	rallier
rallonge	rallonge
rame	rame
ramener	ramener
ramenée	ramener
rames	rame
ramn	ramn
randomisé	randomiser
rang	rang
ranjard	ranjard
rapatrier	rapatrier
rapenne	rapenne
raphael	raphael
raphaël	raphaël
rapide	rapide
rapidement	rapidement
rapides	rapide
rapidité	rapidité
rappelant	rappeler
rappeler	rappeler
rappelle	rappell
rappellent	rappeler
rappelons	rappelon
rappels	rappel
rappelé	rappeler
rapport	rapport
rapporteur	rapporteur
rapports	rapport
rapprochement	rapprochement
rapprocher	rapprocher
rapproché	rapproché
rapprochée	rapprocher
rare	rare
rarement	rarement
rares	rare
raréfaction	raréfaction
rasoir	rasoir
rassemblant	rassembler
rassemble	rassembler
rassemblement	rassemblement
rassembler	rassembler
rassemblera	rassembler
rassemblé	rassembler
rassurant	rassurant
rassurer	rassurer
rat	rat
rater	rater
rationaliser	rationaliser
rattachement	rattachement
rattaché	rattacher
rattraper	rattraper
rattrapera	rattraper
ravage	ravage
ravageur	ravageur
ravassard	ravassard
ravaud	ravaud
ravie	ravir
ravis	ravir
ravitaillement	ravitaillemer
ray	ray
rayleigh	rayleigh
rayon	rayon
rayonnement	rayonnemer
rayonnements	rayonnement
rayons	rayon
rb	rb
rcp	rcp
rcpg	rcpg
rcuk	rcuk
reactor	reactor
rebaptisé	rebaptiser
reboisées	reboiser
rebondir	rebondir
rebondissant	rebondir
recalant	recaler
recensements	recensement
recensé	recenser
recensées	recensée
recentrage	recentrage
recentrant	recentrant
recentre	recentre
recentrer	recentrer
receptors	receptors
recette	recette
recettes	recette
recevaient	recevoir
recevait	recevoir
recevoir	recevoir
recevront	recevoir
rechargement	rechargemer
recherchent	rechercher
rechercher	rechercher
recherches	recherche
recherché	rechercher
recherchée	rechercher
recherchées	rechercher
recoller	recoller
recollés	recollé
recombinants	recombinant
recombinées	recombinée
recommandant	recommander
recommandations	recommandation
recommandé	recommander
recommandés	recommandé
reconduit	reconduire
reconfiguration	reconfiguration
reconfigure	reconfigurer
reconnaissables	reconnaissable
reconnaissance	reconnaissance
reconnaissances	reconnaissance
reconnaissant	reconnaître
reconnaissent	reconnaître
reconnaît	reconnaître
reconnaître	reconnaître
reconnu	reconnaître
reconnue	reconnaître
reconnues	reconnue
reconnus	reconnaître
reconstituer	reconstituer
reconstitution	reconstitution
reconstitué	reconstituer
reconstruction	reconstruction
reconstructions	reconstruction
reconstructrice	reconstructrice
reconstruire	reconstruir
reconstruit	reconstruit
record	record
records	record
recourant	recourir
recourir	recourir
recours	recours
recouverts	recouvrir
recouvre	recouvrir
recrudescence	recrudescence
recrute	recrute
recrutement	recrutemer
recruter	recruter
recrutons	recruton
recruté	recruter
recrutée	recruter
recrutés	recruté
recréer	recréer
recteur	recteur
rectorat	rectorat
rectum	rectum
recueillies	recueillie
recueillir	recueillir
recuites	recuite
recul	recul
reculées	reculée
recyclable	recyclable
recyclage	recyclage
recyclent	recycler
recycler	recycler
recycleurs	recycleur
recèlent	receler
redirectix	redirecti
rednre	rednre
redonner	redonner
redouane	redouane
redoubler	redoubler
redoutable	redoutable
redressement	redressemer
redéfinies	redéfinie
redéfinir	redéfinir
redémarrage	redémarrage
redéveloppez	redéveloppez
refaire	refaire
refaisait	refaire
reflet	reflet
reflow	reflow
refocalisation	refocalisation
reformater	reformater
reforment	reformer
reformulant	reformuler
reformuler	reformuler
reformulés	reformulé
refrigeration	refrigeration
refroidi	refroidir
refroidie	refroidi
refroidies	refroidi
refroidir	refroidir
refroidissement	refroidissemer
regard	regard
regardaient	regarder
regardent	regarder
regarder	regarder
regions	region
registre	registre
regond	regond
regorge	regorge
regorgent	regorger
regret	regret
regrets	regret
regrettable	regrettable
regrette	regretter
regretter	regretter
regroupant	regrouper
regroupe	regrouper
regroupement	regroupement
regrouper	regrouper
regroupera	regrouper
regroupées	regroupée
regroupés	regrouper
reichhart	reichhart
reims	reim
rein	rein
reine	reine
reins	rein
rejeter	rejeter
rejets	rejet
rejeté	rejeter
rejoignent	rejoignent
rejoindra	rejoindre
rejoindre	rejoindre
rejoint	rejoindre
relais	reler
relance	relance
relancer	relancer
relargage	relargage
relarguer	relarguer
relarguée	relarguer
relation	relation
relationnel	relationnel
relations	relation
relative	relatif
relativement	relativement
relatives	relatif
relativité	relativité
relayés	relayer
relevant	relever
relever	relever
relevons	relevon
relevé	relever
reliant	relier
relie	relier
religion	religion
relire	relire
reliées	relier
reliés	relier
relocalisées	relocalisée
relâchant	relâcher
relâchée	relâcher
relâchées	relâchée
relâchés	relâché
relève	relève
relèvent	relever
remaniements	remaniement
remarquable	remarquable
remarquablement	remarquablemer
remarquables	remarquable
remarqué	remarquer
remboursement	remboursement
remercier	remercier
remet	remettre
remettant	remettre
remettent	remettre
remettre	remettre
remettront	remettre
remis	remettre
remise	remettre
remodèle	remodèl
remontant	remonter
remonter	remonter
remontons	remonton
remontées	remonter
remplacement	remplacement
remplacer	remplacer
remplacé	remplacer
remplacés	remplacer
remplie	remplie
remplir	remplir
remplissent	remplir
remportant	remportant
remportent	remporter
remus	remu
renaissance	renaissance
renard	renard
renaut	renaut
rencontre	rencontre
rencontrent	rencontrer
rencontrer	rencontrer
rencontres	rencontre
rencontré	rencontrer
rencontrées	rencontrer
rencontrés	rencontrer
rend	rendre
rendant	rendre
rendement	rendement
rendements	rendement
rendent	rendre
rendez	rendez
rendra	rendre
rendre	rendre
rendu	rendre
rendue	rendre
rendues	rendre
rendus	rendu
renessens	renessen
renfermant	renfermer
renferme	renferm
renferment	renfermer
renfermer	renfermer
renforce	renforcer
renforcement	renforcement
renforcer	renforcer
renforcées	renforcer
renfort	renfort
renforçant	renforçant
rennes	renne
renommée	renommer
renoncer	renoncer
renouveau	renouveau
renouvelable	renouvelable
renouvelables	renouvelable
renouveler	renouveler
renouvellement	renouvellement
renouvelé	renouveler
renseignement	renseignement
renseignements	renseignement
renseignera	renseigner
rentabiliser	rentabiliser
rentables	rentable
rentrée	rentrer
renversement	renversement
rené	renaître
reparti	repartir
repartie	repartie
repartiront	repartir
repas	repa
repenser	repenser
repeuplement	repeuplement
repliée	replier
reported	reported
reporter	reporter
repos	repos
reposant	reposer
repose	repose
reposerait	reposer
repositionnable	repositionnable
repositionnés	repositionner
repousser	repousser
representative	representativ
repris	reprendre
reprise	reprise
reprises	reprise
reproducteurs	reproducteur
reproductibilité	reproductibilité
reproduction	reproduction
reproductions	reproduction
reproductives	reproductive
reproduire	reproduir
reproduisent	reproduire
reproduit	reproduit
reproduits	reproduit
reprogrammation	reprogrammation
représentait	représenter
représentant	représentant
représentante	représentant
représentants	représentant
représentatifs	représentatif
représentation	représentation
représentations	représentation
représentatives	représentatif
représentativité	représentativité
représente	représenter
représentent	représenter
représenter	représenter
représenterait	représenter
représenté	représenter
repérer	repérer
repérions	repérion
requalifier	requalifier
requis	requérir
requise	requérir
requises	requis
rer	rer
research	research
resif	resif
respect	respect
respectant	respecter
respecte	respecte
respectent	respectent
respecter	respecter
respectif	respectif
respectifs	respectif
respectivement	respectivement
respectives	respective
respectueuse	respectueuse
respectueuses	respectueuse
respecté	respecter
respirent	respirer
respirer	respirer
responsabilisation	responsabilisation
responsabiliser	responsabiliser
responsabilité	responsabiliter
responsabilités	responsabilité
responsable	responsable
responsables	responsable
resqme	resqme
ressemblant	ressembler
ressemble	ressemble
ressembler	ressembler
ressent	ressent
ressentions	ressentir
ressentir	ressentir
ressortir	ressortir
ressource	ressource
ressourcer	ressourcer
ressources	ressource
restait	rester
restant	rester
restants	restant
restaurant	restaurer
restauration	restauration
restaurer	restaurer
restauré	restaurer
reste	reste
restent	rester
rester	rester
restera	rester
restes	reste
restituer	restituer
restitution	restitution
restreint	restreindre
restrictions	restriction
restructurer	restructurer
restructurée	restructurer
resté	rester
restée	rester
restés	resté
resvératrol	resvératrol
retard	retard
retarde	retard
retardée	retarder
retenir	retenir
retentissants	retentissant
retenu	retenir
retenue	retenir
retenus	retenir
retiendra	retenir
retient	retenir
retirée	retirer
retombées	retomber
retorik	retorik
retour	retour
retournement	retournement
retourner	retourner
retours	retour
retraite	retraite
retraité	retraité
retranchements	retranchement
retravailler	retravailler
retrouvant	retrouver
retrouve	retrouver
retrouver	retrouver
retrouverait	retrouver
retrouveront	retrouver
retrouvé	retrouver
retrouvés	retrouver
revanche	revanche
revellin	revellin
revendeurs	revendeur
revendiquer	revendiquer
revenir	revenir
revenu	revenir
revenue	revenir
revenus	revenir
reverse	reverse
revienne	revenir
reviens	revien
revient	revenir
review	review
revisite	revisiter
revisiter	revisiter
revisitions	revisition
revisité	revisité
revitaliser	revitaliser
revivre	revivre
revoir	revoir
revue	revue
revues	revoir
revêt	revêt
revêtement	revêtement
rexiaa	rexiaa
reçoit	recevoir
reçoivent	recevoir
reçu	recevoir
reçue	recevoir
reçues	recevoir
reçus	recevoir
rff	rff
rfid	rfid
rhenepi	rhenepi
rhenovia	rhenovier
rhepach	rhepach
rhepatch	rhepatch
rhino	rhino
rhizotron	rhizotron
rhizotrons	rhizotron
rhodia	rhodia
rhônalpin	rhônalpin
rhônalpine	rhônalpine
rhônalpines	rhônalpine
rhône	rhône
rhônes	rhône
ribereau	ribereau
ribon	ribon
richard	richard
riche	riche
riches	riche
richesse	richesse
ricin	ricin
ride	rid
rien	rien
rifler	rifler
rift	rift
rigide	rigide
rigides	rigide
rigidité	rigidité
rigoureuse	rigoureuse
rigueur	rigueur
rihb	rihb
riken	riken
rillieux	rillieux
riment	rimer
ringuet	ringuet
risque	risque
risques	risque
risqué	risquer
risquées	risquer
rivages	rivage
rival	rival
rivaton	rivaton
rivière	rivière
rivières	rivière
riz	riz
rizlene	rizlene
rjh	rjh
rmn	rmn
rmt	rmt
rncp	rncp
road	road
robert	robert
robot	robot
robotic	robotic
roboticien	roboticien
robotics	robotic
robotique	robotique
robotiques	robotique
robotiser	robotiser
robotisée	robotisée
robotisés	robotiser
robots	robot
robusta	robusta
robuste	robuste
robustes	robuste
robustesse	robustesse
roca	rocer
rockefeller	rockefeller
rodin	rodin
rogeaux	rogeau
roger	roger
rogers	roger
roi	roi
rolly	rolly
rom	rom
roma	roma
romain	romain
romaine	romaine
romainville	romainvill
rome	rome
romeo	romeo
ronde	rond
rondes	ronde
rondonopolis	rondonopolis
rongeurs	rongeur
room	room
roquecourbe	roquecourbe
roquette	roquette
ros	ro
rosa	roser
roses	rose
rosym	rosym
rosé	roser
rotation	rotation
rotations	rotation
rothschild	rothschild
rotor	rotor
rotule	rotul
roubaix	roubaix
roucairol	roucairol
roues	roue
rouge	rouge
rouges	rouge
roukes	roukes
roulage	roulage
roulant	rouler
roulants	roulant
roule	roul
rouler	rouler
roumanie	roumanie
rousseaux	rousseal
roussillon	roussillon
route	route
routes	route
routine	routine
routière	routier
rover	rover
royal	royal
royale	royal
royant	royer
royaume	royaume
rt	rt
rubis	rubis
ruche	ruche
rude	rude
rues	rue
rumeurs	rumeur
ruminants	ruminant
rupestre	rupestre
rupestres	rupestre
rupture	rupture
ruptures	rupture
rurales	rural
russe	russe
russel	russel
russes	russe
russie	russie
rustique	rustique
rutherford	rutherford
ruthénium	ruthénium
rvvs	rvvs
rwth	rwth
rythme	rythme
rythment	rythmer
rythmeront	rythmer
rythmée	rythmer
règle	régler
règles	règle
règne	régner
règnent	règnent
ré	ré
réacteur	réacteur
réacteurs	réacteur
réactifs	réactif
réaction	réaction
réactions	réaction
réactives	réactif
réactivité	réactivité
réactivé	réactiver
réactivée	réactiver
réagir	réagir
réagissent	réagir
réagit	réagit
réalisant	réaliser
réalisation	réalisation
réalisations	réalisation
réalise	réalise
réalisent	réalisent
réaliser	réaliser
réaliserons	réaliseron
réaliseront	réaliser
réalisions	réalision
réalisons	réalison
réaliste	réaliste
réalistes	réaliste
réalisé	réaliser
réalisée	réaliser
réalisées	réaliser
réalisés	réaliser
réalité	réalité
réalités	réalité
réapparaître	réapparaître
réassurance	réassurance
récemment	récemment
récente	récent
récentes	récent
récents	récent
récepteur	récepteur
récepteurs	récepteur
réception	réception
réceptive	réceptif
réchauffant	réchauffer
réchauffement	réchauffemer
réchauffer	réchauffer
réclame	réclame
récolte	récolt
récolter	récolter
récoltes	récolte
récompense	récompense
récompenser	récompenser
récompenses	récompense
récompensé	récompensé
récompensée	récompenser
récompensées	récompenser
récompensés	récompenser
récupère	récupère
récupérer	récupérer
récurrente	récurrent
récurrentes	récurrente
rédaction	rédaction
rédactions	rédaction
rédigé	rédiger
rédigés	rédiger
réduction	réduction
réductions	réduction
réduire	réduire
réduisant	réduire
réduisent	réduire
réduit	réduit
réduite	réduire
réduits	réduire
réel	réel
réelle	réel
réellement	réellement
réelles	réel
réels	réel
réeuropéanisation	réeuropéanisation
réeuropéaniser	réeuropéaniser
réflexion	réflexion
réflexions	réflexion
réfléchir	réfléchir
réfléchiront	réfléchir
réfléchissant	réfléchissant
réfléchissent	réfléchissent
réfléchissons	réfléchisson
réfléchit	réfléchit
réformant	réformer
réforme	réform
réfractive	réfractive
réfrigérateur	réfrigérateur
réfrigérateurs	réfrigérateur
référence	référence
références	référence
référentiel	référentiel
régal	régal
régale	régale
régime	régime
régimes	régime
région	région
régional	régional
régionale	régional
régionales	régional
régionaliser	régionaliser
régionaux	régional
régions	région
régis	régir
régissent	régir
réglage	réglage
réglages	réglage
réglementaire	réglementaire
réglementaires	réglementaire
réglementation	réglementation
réglementations	réglementation
régler	régler
régresse	régresse
régularité	régularité
régulateur	régulateur
régulation	régulation
régule	régul
régulent	régulent
réguler	réguler
régulier	régulier
réguliers	régulier
régulièrement	régulièrement
régulières	régulier
régénération	régénération
régénérative	régénératif
réhabilitation	réhabilitation
réhabiliter	réhabiliter
réindustrialisation	réindustrialisation
réinjecter	réinjecter
réinsertion	réinsertion
réintégré	réintégrer
réinvestir	réinvestir
réjouir	réjouir
réjouit	réjouit
rémi	rémi
rémunéré	rémunérer
rémy	rémy
rénovation	rénovation
rénové	rénover
rénovée	rénover
réorganisant	réorganisant
réorganisation	réorganisation
réorganise	réorganis
réorganiser	réorganiser
réorganisé	réorganiser
répandu	répandre
répandue	répandre
réparation	réparation
réparer	réparer
réparti	répartir
réparties	répartie
répartis	répartir
répartissent	répartissent
répartition	répartition
répartitions	répartition
répercussions	répercussion
répertorier	répertorier
réplique	répliqu
répond	répondre
répondant	répondre
répondent	répondre
répondre	répondre
répondront	répondre
répondu	répondu
réponse	réponse
réponses	réponse
république	république
réputation	réputation
réputé	réputé
réputée	réputer
réputées	réputée
réputés	réputé
répète	répéter
répéter	répéter
répétition	répétition
répété	répéter
répétée	répéter
réseau	réseau
réseaux	réseau
résection	résection
réserve	réserv
réserver	réserver
réservoir	réservoir
réservoirs	réservoir
réservée	réserver
réside	résider
résidence	résidence
résident	résident
résidentiel	résidentiel
résidu	résidu
résidus	résidu
résilience	résilience
résine	résin
résines	résine
résistance	résistance
résistances	résistance
résistant	résistant
résistante	résistant
résistantes	résistant
résistants	résistant
résiste	résist
résistent	résister
résister	résister
résolue	résoudre
résolument	résolument
résolution	résolution
résonance	résonance
résonnante	résonnant
résorbable	résorbable
résorbables	résorbables
résorber	résorber
résoudre	résoudre
résultant	résulter
résultat	résultat
résultats	résultat
résultent	résulter
résumant	résumer
résume	résumer
résument	résumer
résumer	résumer
résumé	résumé
résumée	résumée
réséda	réséder
rétine	rétine
rétinienne	rétinien
rétinopathie	rétinopathi
rétorque	rétorqu
rétorqueront	rétorquer
rétractable	rétractable
rétrocontrôle	rétrocontrôle
rétrospective	rétrospectif
rétrospectivement	rétrospectivement
rétrospectives	rétrospective
réuni	réunir
réunion	réunion
réunir	réunir
réunira	réunira
réuniront	réunir
réunis	réuni
réunissant	réunir
réunit	réunit
réussi	réussir
réussie	réussie
réussir	réussir
réussissant	réussissant
réussissent	réussir
réussit	réussir
réussite	réussite
réutilisation	réutilisation
réutiliser	réutiliser
réversible	réversible
révolution	révolution
révolutionnaire	révolutionnaire
révolutionnaires	révolutionnaire
révolutionner	révolutionner
révolutionné	révolutionner
révolutions	révolution
révèlent	révéler
révélateurs	révélateur
révélatrice	révélateur
révélatrices	révélateur
révélé	révéler
révélées	révéler
rééducation	rééducation
réémettre	réémettre
rêvait	rêver
rêve	rêve
rêvons	rêvon
rêvé	rêvé
rôdé	rôdé
rôle	rôle
s	s
sabatier	sabatier
sable	sable
sables	sable
saccades	saccade
saccadées	saccader
sachant	savoir
sachets	sachet
sachez	savoir
saclay	saclay
sacrifier	sacrifier
sad	sad
sadron	sadron
saf	saf
safire	safir
safran	safran
sagem	sagem
sahara	sahara
sahélosahariens	sahélosaharien
saida	saider
sailing	sailing
sain	sain
saine	sain
sains	sain
saint	saint
sainte	saint
saisie	saisie
saisir	saisir
saison	saison
saisonnières	saisonnier
sait	savoir
salaires	salaire
salaisons	salaison
salarié	salarier
salariés	salarier
salem	salem
salinité	salinité
salins	salin
salivaire	salivaire
salle	salle
salles	salle
salmonella	salmonella
salon	salon
salons	salon
salpêtrière	salpêtrière
salsifis	salsifis
saluer	saluer
saluée	saluer
salzbourg	salzbourg
salé	salé
salée	saler
samedi	samedi
san	san
sandra	sandrer
sandralise	sandralis
sandy	sandy
sang	sang
sanguin	sanguin
sanguine	sanguine
sanguins	sanguin
sanitaire	sanitaire
sanitaires	sanitaire
sanofi	sanofi
sans	sans
santa	santer
santé	santé
sao	sao
sap	sap
sapeurs	sapeur
saphir	saphir
saragosse	saragosse
saral	saral
sarcob	sarcob
sarcopénique	sarcopéniqu
sarix	sari
sarkozy	sarkozy
sarments	sarment
sarnak	sarnak
sas	sa
satellitaire	satellitaire
satellitaires	satellitaire
satellite	satellite
satellites	satellite
satisfaction	satisfaction
satisfaire	satisfaire
satisfaisant	satisfaisant
satisfaisante	satisfaisant
satisfait	satisfaire
satisfaite	satisfaire
satisfaites	satisfaire
satisfaits	satisfait
satiété	satiété
satt	satt
sauces	sauce
sauf	sauf
saumure	saumure
saura	savoir
saurait	savoir
saut	saut
sautelet	sautelet
sauter	sauter
sauvegarde	sauvegarde
sauver	sauver
sauveteur	sauveteur
sauvignon	sauvignon
sauvé	sauver
savait	savoir
savants	savant
savent	savoir
savety	savety
saveur	saveur
saveurs	saveur
savez	savoir
savions	savion
savoie	savoie
savoir	savoir
savoirs	savoir
savon	savon
savons	savon
saxons	saxon
sayette	sayette
saône	saôn
sbr	sbr
sc	sc
sca	sca
scale	scale
scalpel	scalpel
scandium	scandium
scanner	scanner
scanners	scanner
scanné	scanner
scar	scar
scarab	scarab
scarabées	scarabée
scepticisme	scepticisme
sceptique	sceptique
scharfmann	scharfmann
schiste	schist
schneider	schneider
schnell	schnell
scholarship	scholarship
school	school
schull	schull
schuller	schuller
schwartz	schwartz
schéma	schéma
schémas	schéma
schématique	schématique
sciatique	sciatique
scid	scid
science	science
sciences	science
scientifique	scientifique
scientifiquement	scientifiquemer
scientifiques	scientifique
sck	sck
sclérose	sclérose
scolaire	scolaire
scolaires	scolaire
scolarité	scolarité
scorpion	scorpion
scorpions	scorpion
screening	screening
scrupule	scrupul
scrupuleusement	scrupuleusemer
sculpture	sculpture
scène	scène
scénarii	scénario
scénario	scénario
scénarios	scénario
sds	sd
sdsc	sdsc
sea	sea
seb	seb
sec	sec
second	second
secondaire	secondaire
secondaires	secondaire
seconde	second
secondes	seconde
seconds	second
secours	secours
secrets	secret
secrétaire	secrétaire
secrétariat	secrétariat
secteur	secteur
secteurs	secteur
section	section
sectionner	sectionner
security	security
seee	seee
segalen	segalen
segard	segard
segment	segment
seine	seine
seins	sein
sel	sel
selenide	selenid
selles	selle
selon	selon
selongey	selongey
semaine	semaine
semaines	semaine
semblable	semblable
semblait	sembler
semblant	sembler
semble	sembler
semblent	sembler
semblerait	sembler
semblé	sembler
semenciers	semencier
semi	semi
semis	semis
semrev	semrev
semée	semer
senegal	senegal
senior	senior
seniors	senior
senoble	senobl
sens	sens
sensation	sensation
sensations	sensation
senseur	senseur
sensibiliser	sensibiliser
sensibilité	sensibilité
sensible	sensible
sensibles	sensible
sensilles	sensille
sensing	sensing
sensofat	sensofat
sensoriel	sensoriel
sensorielle	sensoriel
sensorielles	sensoriel
sensoriels	sensoriel
sensostat	sensostat
sensée	senser
sent	sentir
sentez	sentir
sentinel	sentinel
sentinelles	sentinelle
sentions	sention
sentir	sentir
sept	sept
septembre	septembre
septentrionaux	septentrionau
sera	être
seraient	être
serait	être
serein	serein
sereine	sereine
sereinement	sereinement
serenade	serenad
serge	serge
sergey	sergey
series	serie
serions	serion
serono	serono
serons	seron
seront	être
serpents	serpent
serrage	serrage
serre	serre
serres	serre
serré	serrer
sert	servir
servadou	servadou
servant	servir
servent	servir
servi	servir
service	service
services	service
servir	servir
serviront	servir
servizi	servizi
sessile	sessile
session	session
sessions	session
seuil	seuil
seul	seul
seule	seul
seulement	seulement
seules	seul
seuls	seul
seurin	seurin
seventure	seventur
sevrage	sevrage
sexuel	sexuel
sgu	sgu
sham	sham
shampoings	shampoing
shanghai	shanghai
shanghaï	shanghaï
shasta	shasta
shaw	shaw
shna	shna
shom	shom
show	show
shs	shs
sicard	sicard
sicoval	sicoval
sidérurgique	sidérurgique
siens	sien
sig	sig
sigle	sigle
signal	signal
signale	signal
signalisation	signalisation
signant	signant
signature	signature
signaux	signal
signe	signe
signent	signer
signer	signer
signifiant	signifier
significatif	significatif
significatifs	significatif
signification	signification
significative	significatif
significativement	significativement
significatives	significative
signifie	signifier
signé	signer
signée	signer
signés	signer
silencieuses	silencieux
silencieux	silencieux
silice	silic
silicium	silicium
silicié	silicier
silico	silico
silicon	silicon
sillage	sillage
sillonner	sillonner
silver	silver
silvereco	silvereco
silxw	silxw
similaire	similaire
similaires	similaire
similarités	similariter
simili	simili
simon	simon
simple	simple
simplement	simplement
simples	simple
simplicité	simplicité
simplifie	simplifier
simplified	simplified
simplifiée	simplifier
simulateur	simulateur
simulateurs	simulateur
simulation	simulation
simulations	simulation
simule	simuler
simulent	simulent
simuler	simuler
simultanée	simultaner
simultanément	simultanément
singapour	singapour
singes	singe
sinon	sinon
sir	sir
sirat	sirat
sisine	sisine
sismicité	sismicité
sismiques	sismique
sismologie	sismologie
sismologique	sismologique
sismomètres	sismomètre
sita	sita
sitac	sitac
site	site
sites	site
sitges	sitge
situ	situ
situaient	situer
situant	situer
situation	situation
situations	situation
situe	situe
situé	situer
située	situer
situées	situer
situés	situer
six	six
siècle	siècle
siècles	siècle
siège	siège
siègent	siéger
sièges	siège
skies	skie
slagmulder	slagmulder
slicom	slicom
slovaque	slovaque
smart	smart
smarter	smarter
smartox	smartox
smartphone	smartphone
smartphones	smartphone
smos	smos
smr	smr
sncf	sncf
snecma	snecmer
soa	soa
social	social
sociale	social
sociales	social
sociaux	social
society	society
socio	socio
sociologique	sociologique
sociologue	sociologue
sociologues	sociologue
sociétal	sociétal
sociétale	sociétal
sociétales	sociétal
sociétaux	sociétal
société	société
sociétés	société
sodexo	sodexo
sodium	sodium
soeur	soeur
sofimac	sofimac
sofiproteol	sofiproteol
sofradir	sofradir
soft	soft
software	software
soi	soi
soient	être
soignants	soignant
soigner	soigner
soin	soin
soins	soin
soirée	soirée
soit	être
soixantaine	soixantaine
soixante	soixant
sol	sol
solaire	solaire
solaires	solaire
solary	solary
soldat	soldat
soldats	soldat
soldées	soldée
soleil	soleil
soler	soler
soliage	soliage
solidages	solidage
solidaire	solidaire
solide	solide
solidement	solidement
solides	solide
solitaire	solitaire
sollicitations	sollicitation
solliciter	solliciter
sollicité	sollicité
sollicitée	solliciter
sols	sol
solteiro	solteiro
solubles	soluble
solution	solution
solutions	solution
solvants	solvant
somatostatine	somatostatine
sombrer	sombrer
somme	somme
sommeil	sommeil
sommes	somme
sommet	sommet
sommets	sommet
sonde	sonde
sonder	sonder
sondes	sonde
sondeur	sondeur
sonne	sonn
sonore	sonore
sonores	sonore
sopagly	sopagly
sophia	sophier
sophie	sophie
sophistiqué	sophistiquer
sophistiquées	sophistiquer
sophistiqués	sophistiquer
soplagy	soplagy
sorafenib	sorafenib
sorigny	sorigny
sorption	sorption
sort	sort
sortants	sortant
sorte	sort
sortent	sortir
sortes	sorte
sortie	sortir
sorties	sortie
sortir	sortir
sortirez	sortir
sortis	sortir
soubresauts	soubresaut
souche	souche
souches	souche
souchothèque	souchothèqu
souci	souci
soudainement	soudainement
soudan	soudan
souffert	souffrir
soufflantes	soufflante
souffler	souffler
soufflerie	soufflerie
souffrance	souffrance
souffrant	souffrir
souffrantes	souffrante
souffre	souffrir
souffrent	souffrir
souhait	souher
souhaitaient	souhaiter
souhaitait	souhaiter
souhaitant	souhaiter
souhaite	souhaiter
souhaitent	souhaiter
souhaiter	souhaiter
souhaitera	souhaiter
souhaiterions	souhaiterion
souhaiteront	souhaiter
souhaitions	souhaition
souhaitons	souhaiton
souhaits	souhait
souhaité	souhaiter
soulagement	soulagement
soulevées	soulever
souligine	souligin
souligne	soulign
souligner	souligner
soulignons	soulignon
souligné	souligner
soulève	soulever
soumettre	soumettre
soumis	soumettre
soumise	soumettre
soumises	soumise
souple	souple
souples	souple
souplesse	souplesse
soupçonnais	soupçonner
source	source
sources	source
sourcés	sourcer
souris	souris
sous	sou
souscrite	souscrite
soutenir	soutenir
soutenu	soutenir
soutenue	soutenue
soutenues	soutenir
soutenus	soutenir
soutien	soutien
soutiendra	soutiendra
soutiennent	soutenir
soutiens	soutien
soutient	soutenir
souvenirs	souvenir
souvent	souvent
souvient	souvient
soviétique	soviétique
soyons	soyon
soyouz	soyouz
spa	spa
space	space
spaghetti	spaghetti
spatial	spatial
spatiale	spatial
spatiales	spatial
spatialisée	spatialiser
spatiaux	spatial
spatio	spatio
spc	spc
speakers	speaker
specimens	specimen
spectral	spectral
spectrale	spectral
spectre	spectr
spectro	spectro
spectromètre	spectromètre
spectroscopie	spectroscopie
spectroscopiques	spectroscopique
speech	speech
speed	speed
sphériques	sphérique
spie	spie
spin	spin
spinale	spinal
spintronique	spintroniqu
spir	spir
spiral	spiral
spirit	spirit
spiritueux	spiritueux
spo	spo
sponsorisé	sponsoriser
spontanée	spontanée
spontanément	spontanément
sporadiquement	sporadiquement
sporaltec	sporaltec
sport	sport
sportif	sportif
sportifs	sportif
sportive	sportif
sportives	sportif
sports	sport
spot	spot
spunbond	spunbond
spé	spé
spécial	spécial
spéciale	spécial
spécialement	spécialemer
spéciales	spécial
spécialisation	spécialisation
spécialiste	spécialiste
spécialistes	spécialiste
spécialisé	spécialiser
spécialisée	spécialiser
spécialisées	spécialisée
spécialisés	spécialiser
spécialité	spécialité
spécialités	spécialiter
spéciation	spéciation
spéciaux	spécial
spécifications	spécification
spécificité	spécificité
spécificités	spécificité
spécifique	spécifique
spécifiquement	spécifiquement
spécifiques	spécifique
spécimens	spécimen
spéculateur	spéculateur
squelette	squelette
squelettiques	squelettique
sriharikota	sriharikota
srl	srl
stabilisation	stabilisation
stabilise	stabiliser
stabilisent	stabiliser
stabiliser	stabiliser
stabilité	stabilité
stable	stable
stables	stable
stade	stade
stades	stade
stage	stage
stages	stage
stagiaire	stagiaire
stand	stand
standard	standard
standardisation	standardisation
standards	standard
stands	stand
stanislas	stanisler
staphylococcus	staphylococcus
staps	staps
start	start
state	state
statines	statine
station	station
stationnaire	stationnaire
stationnaires	stationnaire
stationné	stationner
stations	station
statique	statique
statistique	statistique
statistiques	statistique
stator	stator
statut	statut
steady	steady
stefan	stefan
steve	steve
sti	sti
stigmatiser	stigmatiser
stilla	stiller
stimulant	stimulant
stimuli	stimulus
stimulus	stimulus
stipule	stipule
stmicroelectronics	stmicroelectronic
stockage	stockage
stockent	stocker
stocker	stocker
stockyimages	stockyimage
stocké	stocker
stockée	stocker
stockées	stocker
stockés	stocker
stopper	stopper
stoppée	stoppée
stout	stout
strasbourg	strasbourg
strasbourgeois	strasbourgeois
strasse	strasse
stratification	stratification
stratobus	stratobu
stratosphère	stratosphère
stratosphérique	stratosphérique
stratrobus	stratrobu
stratégie	stratégie
stratégies	stratégie
stratégique	stratégique
stratégiques	stratégique
stress	stress
stressantes	stressant
stricte	strict
strictes	strict
stroppa	stropper
structural	structural
structurale	structural
structurales	structural
structurant	structurer
structurantes	structurant
structurants	structurant
structuration	structuration
structure	structure
structurellement	structurellement
structurelles	structurelle
structurer	structurer
structures	structure
structuré	structurer
structurée	structurer
structurés	structurer
study	study
sturio	sturio
style	style
stéarique	stéarique
stéato	stéato
stéphane	stéphane
stériles	stérile
su	savoir
sub	sub
subatomique	subatomique
subbotina	subbotiner
subcellulaire	subcellulaire
subi	subir
subir	subir
subis	subir
subissait	subir
subissent	subir
subit	subit
subject	subject
subsistait	subsistait
subsistance	subsistance
subsistances	subsistance
subsiste	subsist
subsistent	subsister
substances	substance
substantiel	substantiel
substantielles	substantielle
substantiels	substantiel
substituant	substituant
substitue	substitu
substitution	substitution
substituts	substitut
substrats	substrat
subtil	subtil
subtilement	subtilement
subtilisant	subtilisant
subvention	subvention
succession	succession
successivement	successivement
successives	successive
succinct	succinct
succède	succède
succès	succès
succédé	succéder
succédées	succéder
sucre	sucr
sucres	sucre
sucré	sucrer
sucrés	sucré
sud	sud
suez	suer
suffiront	suffire
suffisait	suffire
suffisamment	suffisamment
suffisante	suffisant
suffisantes	suffisant
suffit	suffire
suggère	suggèr
suggèrent	suggérer
suis	être
suisse	suisse
suit	suivre
suite	suite
suivaient	suivaient
suivant	suivant
suivante	suivant
suivantes	suivant
suivent	suivre
suiveur	suiveur
suivi	suivre
suivies	suivre
suivis	suivre
suivons	suivon
suivra	suivre
suivre	suivre
suivront	suivre
sujet	sujet
sujets	sujet
sunaero	sunaero
sunaéro	sunaéro
sunlabob	sunlabob
sup	sup
supaero	supaero
supagro	supagro
super	super
supercalculateur	supercalculateur
supercalculateurs	supercalculateur
supercomputing	supercomputing
superficie	superficie
superficielle	superficielle
superficielles	superficiel
superficiels	superficiel
superior	superior
supermarché	supermarcher
superposant	superposer
superposition	superposition
supervise	superviser
supméca	supméca
supply	supply
suppléer	suppléer
supplément	supplément
supplémentaire	supplémentaire
supplémentaires	supplémentaire
supplémentant	supplémenter
support	support
supportant	supportant
supports	support
supposaient	supposaient
supposant	supposer
suppose	suppose
supposer	supposer
supputons	supputon
supra	supra
supraconducteur	supraconducteur
supramoléculaire	supramoléculaire
supranational	supranational
supranucléaire	supranucléaire
supélec	supélec
supérieur	supérieur
supérieure	supérieur
supérieures	supérieur
surclasse	surclasse
surexploitation	surexploitation
surface	surface
surfaces	surface
surfaciques	surfacique
surfer	surfer
surgi	surgir
surgical	surgical
surgissent	surgir
surhumains	surhumain
surmonte	surmont
surmonter	surmonter
surnommé	surnommer
surnommée	surnommer
surprenant	surprenant
surprend	surprend
surprendre	surprendre
surpris	surpris
surprise	surprise
surproducteur	surproducteur
surtout	surtout
surveillance	surveillance
surveiller	surveiller
survenant	survenir
survenu	survenu
survenus	survenir
survie	survie
survienne	survenir
survivre	survivre
sus	sus
susceptible	susceptible
suscite	susciter
suscitent	susciter
susciter	susciter
suspendu	suspendre
suspension	suspension
sustainability	sustainability
sustainable	sustainable
suède	suède
suédoise	suédois
sved	sved
svi	svi
swarm	swarm
swot	swot
sydney	sydney
sylvain	sylvain
sylvaine	sylvaine
sylvestre	sylvestre
sylviculture	sylvicultur
sylvie	sylvie
symbiose	symbios
symbiotique	symbiotique
symbiotiques	symbiotique
symboliquement	symboliquement
symbolisé	symboliser
sympathique	sympathique
symphonie	symphonie
symposium	symposium
symptômes	symptôme
synapcell	synapcell
synchrotron	synchrotron
syndicat	syndicat
syndromes	syndrome
syndromiques	syndromique
synergie	synergie
synergies	synergie
syngenta	syngenter
synthase	synthase
synthèse	synthèse
synthèses	synthèse
synthétiques	synthétique
synthétiser	synthétiser
synthétisée	synthétiser
synucléine	synucléine
syphilis	syphilis
syphilitique	syphilitique
syrota	syrota
sysfera	sysferer
sysiass	sysias
sysnav	sysnav
system	system
systematic	systematic
systeme	systeme
systems	system
systerra	systerra
système	système
systèmes	système
systèmess	systèmes
systématique	systématique
systémiques	systémique
sytis	syti
sèche	sec
sème	semer
séances	séance
sébastien	sébastien
sécheresse	sécheresse
sécheresses	sécheresse
sécrétera	sécréter
sécrétée	sécréter
sécurisation	sécurisation
sécuriser	sécuriser
sécurisées	sécuriser
sécurité	sécurité
sédimentation	sédimentation
sédiments	sédiment
séduire	séduir
séduit	séduire
ségalen	ségalen
séisme	séisme
séismes	séisme
séjour	séjour
séjourner	séjourner
séjours	séjour
sélectif	sélectif
sélectifs	sélectif
sélection	sélection
sélectionne	sélectionn
sélectionner	sélectionner
sélectionné	sélectionner
sélectionnés	sélectionner
sélective	sélective
sélectivité	sélectivité
sélénium	sélénium
séminaire	séminair
séminaires	séminaire
sénagral	sénagral
sénart	sénart
sénartaise	sénartais
sénartaises	sénartaise
sénat	sénat
sénégal	sénégal
sénégalais	sénégalais
séoul	séoul
séparant	séparer
séparation	séparation
séparatives	séparatif
sépare	séparer
séparer	séparer
séparées	séparer
séparément	séparément
séquence	séquence
séquences	séquence
séquenceurs	séquenceur
séquençage	séquençage
séquestration	séquestration
série	série
séries	série
sérieuse	sérieux
sérieuses	sérieux
sérieux	sérieux
sérotonine	sérotonin
sévère	sévère
sévères	sévère
sévérité	sévérité
sûr	sûr
sûre	sûre
sûrement	sûremer
sûreté	sûreté
tabagisme	tabagisme
table	table
tableau	tableau
tableaux	tableau
tables	table
tablettes	tablette
tactile	tactile
tactiles	tactile
tahiti	tahiti
taille	taille
tailles	taille
tailleurs	tailleur
tajima	tajimer
talence	talence
talent	talent
talents	talent
talon	talon
tamarindus	tamarindu
tandis	tandis
tango	tango
tanin	tanin
tank	tank
tant	tant
tantale	tantal
tanzanie	tanzanie
tapissant	tapissant
tara	tara
taranis	taranis
tard	tard
tarde	tarde
tarder	tarder
tardive	tardif
tardivement	tardivement
tardives	tardive
tardé	tarder
targuer	targuer
tarn	tarn
tarses	tarse
tarte	tarte
tas	tas
tata	tata
taux	taux
taxibot	taxibot
tcf	tcf
tchad	tchad
tcr	tcr
tech	tech
technicien	technicien
techniciens	technicien
technicité	technicité
technico	technico
technique	technique
techniques	technique
technocampus	technocampu
technolac	technolac
technolgique	technolgiqu
technolgy	technolgy
technologie	technologie
technologies	technologie
technologique	technologique
technologiques	technologique
technologue	technologu
technologues	technologue
technology	technology
technopole	technopol
technopôle	technopôle
tecnalia	tecnalia
tecnica	tecnica
tectonique	tectonique
teigne	teindre
teillet	teillet
teindre	teindre
tekes	teke
tel	tel
telecom	telecom
telescope	telescope
telit	telit
telle	tel
tellement	tellement
telles	tel
tellure	tellur
telluriques	tellurique
tels	tel
temporaire	temporaire
temporel	temporel
temporelle	temporel
temps	temps
température	température
températures	température
tempéré	tempérer
tempérées	tempérée
tempête	tempête
tenace	tenace
tenaces	tenace
tenant	tenant
tend	tendre
tendance	tendance
tendances	tendance
tendent	tendre
tendre	tendre
tenerrdis	tenerrdis
teneur	teneur
teneurs	teneur
tenir	tenir
tensioactifs	tensioactif
tensioactive	tensioactif
tensioactives	tensioactive
tension	tension
tentant	tentant
tentatives	tentative
tentent	tentent
tenter	tenter
tenté	tenter
tenu	tenir
tenue	tenir
tequi	tequi
tera	terer
teractec	teractec
teratec	teratec
terifiq	terifiq
terme	terme
termes	terme
terminait	terminer
terminale	terminal
terminaux	terminal
termine	termine
terminer	terminer
terminera	terminer
terra	terra
terrain	terrain
terralia	terralia
terre	terre
terrena	terrener
terreo	terreo
terres	terre
terrestre	terrestre
terrestres	terrestre
territoire	territoire
territoires	territoire
territorial	territorial
territoriale	territorial
territoriales	territoriale
territoriaux	territorial
terroirs	terroir
tertiaire	tertiaire
test	test
teste	test
testent	tester
tester	tester
testeurs	testeur
tests	test
testé	tester
testée	tester
testées	testée
testés	testé
tetis	tetis
tev	tev
tex	tex
textes	texte
textile	textile
textiles	textile
texturation	texturation
texture	texture
textures	texture
tgcc	tgcc
tgu	tgu
thales	thales
thaliana	thaliana
the	the
theodorus	theodorus
thermique	thermique
thermiques	thermique
thermographie	thermographie
thermomagnétiques	thermomagnétique
thermonuclear	thermonuclear
thermonucléaire	thermonucléaire
thermonucléaires	thermonucléaire
thermoplastique	thermoplastique
thermorégulation	thermorégulation
thermoélectricité	thermoélectricité
thermoélectriques	thermoélectrique
thiengoli	thiengoli
thierry	thierry
thin	thin
think	think
thinking	thinking
thomas	thomas
thoracique	thoracique
through	through
thème	thème
thèmes	thème
thèse	thèse
thèses	thèse
thé	thé
thématique	thématique
thématiques	thématique
théorie	théorie
théories	théorie
théorique	théorique
théoriques	théorique
théorème	théorèm
théorèmes	théorème
thérapeutique	thérapeutique
thérapeutiques	thérapeutique
thérapie	thérapie
thérapies	thérapie
thésame	thésame
thésards	thésard
thétys	théty
théâtre	théâtre
tianjin	tianjin
tic	tic
tiendra	tiendra
tienne	tenir
tiennent	tenir
tient	tenir
tiers	tiers
timbre	timbre
timidité	timidité
tince	tince
tinctoriales	tinctorial
tio	tio
tir	tir
tirant	tirant
tirent	tirer
tirer	tirer
tirs	tir
tirées	tirer
tison	tison
tissu	tissu
tissulaire	tissulaire
tissus	tissu
titan	titan
titane	titane
titanesque	titanesque
titrant	titrer
titre	titre
titres	titre
titulaire	titulaire
titulaires	titulaire
tivmi	tivmi
tld	tld
tlrs	tlr
tm	tm
tms	tms
tnt	tnt
to	to
together	together
tohoku	tohoku
toile	toil
tokamak	tokamak
tokyo	tokyo
toll	toll
tolérance	tolérance
tolérant	tolérant
tolérantes	tolérant
tolérer	tolérer
tomber	tomber
tombé	tomber
tomographie	tomographie
tonal	tonal
tonalité	tonalité
tonne	tonne
tonnes	tonne
top	top
topex	tope
topographie	topographie
topographiques	topographique
topography	topography
topologiques	topologique
tore	tore
toroïdal	toroïdal
torpiller	torpiller
torsion	torsion
tort	tort
toscane	toscan
toshiki	toshiki
total	total
totale	total
totalement	totalement
totales	totale
totalise	totalis
totalisent	totaliser
totalité	totalité
touchant	toucher
touche	touch
touchent	toucher
toucher	toucher
touches	touche
touché	toucher
touchés	toucher
toujours	toujours
toulon	toulon
toulousain	toulousain
toulousaine	toulousaine
toulousains	toulousain
toulouse	toulous
tour	tour
tourbillons	tourbillon
tourbières	tourbier
tourin	tourin
tourisme	tourisme
touristes	touriste
touristique	touristique
touristiques	touristique
tournante	tourner
tourne	tourn
tourner	tourner
tournesol	tournesol
tournis	tournis
tourné	tourner
tournés	tourné
tours	tour
tourte	tourte
tous	tout
tousse	tousser
toute	tout
toutefois	toutefois
toutes	tout
toxicité	toxicité
toxicological	toxicological
toxicologie	toxicologie
toxine	toxine
toxines	toxine
toxique	toxique
toxiques	toxique
toyota	toyota
tpe	tpe
tracer	tracer
traces	trace
trachéale	trachéal
trachéotomie	trachéotomie
tracker	tracker
tracteur	tracteur
tracteurs	tracteur
tractus	tractus
tracté	tracter
tracé	tracer
tracée	tracer
tracés	tracer
tradition	tradition
traditionnel	traditionnel
traditionnelle	traditionnel
traditionnellement	traditionnellement
traditionnelles	traditionnel
traditionnels	traditionnel
traditions	tradition
tradmatik	tradmatik
traduction	traduction
traduira	traduira
traduire	traduire
traduisaient	traduire
traduisent	traduire
traduit	traduire
traduite	traduite
trafic	trafic
trail	trail
train	train
training	training
trains	train
trait	traire
traitance	traitance
traitant	traitant
traitantes	traitante
traite	traite
traitement	traitement
traitements	traitement
traiter	traiter
traitera	traiter
traiteront	traiteront
traits	trait
traitée	traiter
traitées	traiter
traités	traiter
trajectoire	trajectoir
trajectoires	trajectoire
trajet	trajet
trajets	trajet
trame	trame
tramontane	tramontane
tramway	tramway
tranche	tranch
tranchées	tranchée
tranquille	tranquille
transaction	transaction
transactions	transaction
transcontinentale	transcontinental
transcription	transcription
transcriptionnelle	transcriptionnelle
transcriptomes	transcriptome
transcrits	transcrit
transdermique	transdermique
transdisciplinaire	transdisciplinaire
transfer	transfer
transfert	transfert
transferts	transfert
transformant	transformant
transformateurs	transformateur
transformation	transformation
transforme	transforme
transformer	transformer
transformé	transformer
transfère	transfère
transférant	transférant
transférer	transférer
transféré	transférer
transférée	transférer
transférés	transférer
transgéniques	transgénique
transistor	transistor
transistors	transistor
transit	transit
transition	transition
transitoire	transitoire
transitoires	transitoire
translationnelle	translationnell
transmembranaire	transmembranaire
transmettre	transmettre
transmis	transmettre
transmises	transmise
transmission	transmission
transmitted	transmitted
transmutation	transmutation
transmuter	transmuter
transparence	transparence
transpiration	transpiration
transplantait	transplanter
transplantation	transplantation
transplanté	transplanter
transport	transport
transporte	transporter
transportent	transporter
transporter	transporter
transporteur	transporteur
transporteurs	transporteur
transports	transport
transposable	transposable
transposer	transposer
transversales	transversal
transversaux	transversau
transverse	transverse
transverses	transverse
traquer	traquer
traqués	traquer
traumatisme	traumatisme
traumatismes	traumatisme
traumatisé	traumatiser
traumatisés	traumatiser
travail	travail
travaillaient	travailler
travaillait	travailler
travaillant	travailler
travaille	travaill
travaillent	travailler
travailler	travailler
travailleront	travailler
travaillons	travaillon
travaillé	travaillé
travaux	traval
travers	travers
traversant	traverser
traversants	traversant
traverser	traverser
traversée	traverser
traversées	traversée
traçabilité	traçabilité
traînée	traîner
tremblement	tremblement
tremblements	tremblement
tremplin	tremplin
trentaine	trentaine
trente	trente
trentenaire	trentenaire
tri	tri
triarylamines	triarylamine
tribart	tribart
tribologie	tribologie
tribune	tribune
tributaire	tributaire
tricycle	tricycle
tridimensionnels	tridimensionnel
trie	trie
trilingues	trilingue
trimatec	trimatec
trimestre	trimestre
trimestres	trimestre
trimouv	trimouv
trinitrotoluène	trinitrotoluène
trip	trip
triplement	triplemer
triplé	triplé
tritium	tritium
triturer	triturer
triées	triée
troie	troie
trois	trois
troisième	troisième
trompe	trompe
tromper	tromper
tronc	tronc
tronic	tronic
trop	trop
trophée	tropher
trophées	tropher
tropical	tropical
tropicale	tropical
tropicales	tropicale
tropicaux	tropical
tropique	tropique
tropiques	tropique
trossat	trossat
trou	trou
trouble	trouble
troubles	trouble
troupeaux	troupeau
trouvait	trouver
trouvant	trouver
trouve	trouve
trouvent	trouver
trouver	trouver
trouvera	trouver
trouveraient	trouver
trouverez	trouver
trouvons	trouvon
trouvé	trouver
trouvées	trouvée
trouvés	trouver
trustinsoft	trustinsoft
try	try
trystram	trystram
trésorerie	trésorerie
trésorier	trésorier
tseu	tseu
tsinghua	tsinghua
tsunami	tsunami
tsunamis	tsunamis
tsv	tsv
ttc	ttc
tube	tube
tuberculeuses	tuberculeux
tuberculose	tuberculose
tubes	tube
tue	taire
tulipes	tulipe
tumeur	tumeur
tumeurs	tumeur
tumoral	tumoral
tumorales	tumorale
tungsten	tungsten
tungstène	tungstèn
tunisie	tunisie
tunisiens	tunisien
tunnel	tunnel
tunnels	tunnel
turbidité	turbidité
turbine	turbin
turbines	turbine
turbomeca	turbomeca
turboméca	turboméca
turboréacteur	turboréacteur
turbulent	turbulent
turbulentes	turbulent
tutelle	tutelle
tutelles	tutelle
tuyau	tuyau
tué	tuer
type	type
types	type
typhimurium	typhimurium
typique	typique
typologies	typologie
tâche	tâche
tâches	tâche
télescope	télescope
télescopes	télescope
télé	téler
télécom	télécom
télécommunications	télécommunications
télécoms	télécommunication
téléphone	téléphone
téléphones	téléphone
téléphonie	téléphonie
téléphoniques	téléphonique
téléviseurs	téléviseur
télévision	télévision
télévisions	télévision
témoignage	témoignage
témoignages	témoignage
témoignent	témoigner
témoigner	témoigner
témoin	témoin
téraflops	téraflop
téraoctets	téraoctet
térawat	térawat
téssékéré	téssékéré
tétée	tétée
tête	tête
têtes	tête
tôt	tôt
u	u
uag	uag
uas	ua
uc	uc
ucad	ucad
ufr	ufr
ugb	ugb
ujf	ujf
uk	uk
ulcérations	ulcération
ulis	ulis
ulm	ulm
ultime	ultime
ultra	ultra
ultrasons	ultrason
ultraviolet	ultraviolet
ultérieurement	ultérieurement
umami	umami
umi	umi
umpc	umpc
umr	umr
umt	umt
unanimité	unanimité
unes	une
unesco	unesco
uni	uni
unies	unie
uniformes	uniforme
union	union
unique	unique
uniquement	uniquement
uniques	unique
unir	unir
unis	unir
unitaire	unitaire
unitaires	unitaire
united	united
unité	unité
unités	unité
univers	univer
universel	universel
universelles	universel
universitaire	universitaire
universitaires	universitaire
universite	universite
universiteit	universiteit
university	university
universités	université
unmanned	unmanned
unrpa	unrper
uns	un
up	up
upec	upec
upmc	upmc
ups	up
ur	ur
uranium	uranium
urbain	urbain
urbaine	urbain
urbaines	urbaine
urbains	urbain
urbanisation	urbanisation
urbanise	urbanis
urbanistes	urbaniste
urbanisé	urbaniser
urbanisée	urbaniser
urbano	urbano
urgence	urgence
urgences	urgence
urgent	urgent
urgentiste	urgentiste
urgentistes	urgentiste
urgents	urgent
url	url
urtal	urtal
us	us
usage	usage
usages	usage
usagée	usager
use	us
usinage	usinage
usine	usine
usines	usine
usttb	usttb
usure	usur
utile	utile
utiles	utile
utilier	utilier
utilisable	utilisable
utilisables	utilisable
utilisait	utiliser
utilisant	utiliser
utilisateur	utilisateur
utilisateurs	utilisateur
utilisation	utilisation
utilise	utilis
utilisent	utilisent
utiliser	utiliser
utilisera	utiliser
utilisé	utiliser
utilisée	utiliser
utilisées	utiliser
utilisés	utiliser
utilité	utilité
utérus	utérus
uv	uv
uvsq	uvsq
v	v
va	aller
vacccin	vacccin
vaccin	vaccin
vaccination	vaccination
vaccins	vaccin
vague	vague
vagues	vague
vaimos	vaimo
vain	vain
vaines	vaine
vaison	vaison
vaisseau	vaisseau
vaisseaux	vaisseal
val	val
valence	valence
valencia	valencia
valenciennes	valencien
valeur	valeur
valeurs	valeur
validation	validation
valider	valider
validité	validiter
validé	valider
validée	valider
validés	valider
valise	valis
valises	valise
vallette	vallett
valley	valley
vallée	vallée
valo	valo
valoir	valoir
valorial	valorial
valorisant	valorisant
valorisation	valorisation
valoriser	valoriser
valorisé	valoriser
valorisée	valoriser
valorisées	valorisée
valrose	valrose
valu	valu
valves	valve
valérie	valérie
van	van
vannier	vannier
vante	vant
vapeur	vapeur
vapeurs	vapeur
var	var
variabilité	variabilité
variable	variable
variables	variable
variant	varier
variation	variation
variations	variation
varie	varie
varier	varier
variée	varier
variées	varier
variés	varier
variétale	variétal
variétaux	variétau
variété	variété
variétés	variété
varsovie	varsovie
vasculaire	vasculaire
vasculaires	vasculaire
vassal	vassal
vassivière	vassivièr
vaste	vaste
vastes	vaste
vaucluse	vauclus
vaudra	valoir
vaut	vaut
veau	veau
vecteur	vecteur
vecteurs	vecteur
vectoriser	vectoriser
vectorisée	vectoriser
vega	veger
vegepolys	vegepoly
veille	veille
veiller	veiller
veillet	veillet
veillir	veillir
velléité	velléité
venaient	venir
venait	venir
venant	venir
vendanges	vendange
vendangés	vendanger
vendre	vendre
vendu	vendre
vendus	vendu
vendée	vender
venez	venez
venimeux	venimeux
venin	venin
venins	venin
venir	venir
venons	venon
vent	vent
vente	vent
ventes	vente
ventral	ventral
vents	vent
venture	ventur
ventures	venture
venu	venir
venue	venue
venues	venue
venus	venir
veolia	veolia
verbaliser	verbaliser
verbe	verb
vercherand	vercherand
vercueil	vercueil
veritas	veriter
verne	verne
vernejoul	vernejoul
vernissage	vernissage
verra	voir
verrait	voir
verre	verre
verres	verre
verront	voir
verrou	verrou
verrous	verrou
vers	vers
versailles	versaille
version	version
versions	version
versés	verser
vert	vert
verte	verte
vertes	verte
vertical	vertical
verticale	vertical
verticalement	verticalement
verticaux	vertical
vertigo	vertigo
vertueux	vertueux
vertus	vertu
vertébrale	vertébral
verwaerde	verwaerd
very	very
vestiges	vestige
veulent	vouloir
veurey	veurey
veut	vouloir
veux	veux
vho	vho
vi	vi
via	via
viable	viable
viables	viable
viagora	viagora
vialou	vialou
viande	viande
viandes	viande
vias	via
vibration	vibration
vibrations	vibration
vibratoire	vibratoire
vibreurs	vibreur
vice	vice
victimes	victime
victoire	victoire
vidar	vidar
vide	vide
vidéo	vidéo
vidéos	vidéo
vidéosurveillance	vidéosurveillance
vie	vie
vieillir	vieillir
vieillissement	vieillissemer
vieillit	vieillit
viendra	venir
viendront	venir
vienne	venir
viennent	venir
vient	venir
vies	vie
vigne	vigne
vigneron	vigneron
vignerons	vigneron
vignes	vigne
vignoble	vignoble
vignobles	vignoble
vignon	vignon
vikings	viking
vilaine	vilain
vilarem	vilarem
vilhena	vilhener
village	village
villages	village
villain	villain
villani	villani
ville	ville
villeneuve	villeneuve
villes	ville
villette	villette
vilvorde	vilvord
vin	vin
vinci	vinci
vingt	vingt
vingtaine	vingtaine
vini	vini
vinicole	vinicole
vinicoles	vinicole
viniculture	vinicultur
vinification	vinification
vinneo	vinneo
vinnova	vinnova
vins	vin
violents	violent
violette	violette
virage	virage
virages	virage
viral	viral
virale	viral
virales	virale
vircopal	vircopal
virey	virey
virginie	virginie
virtual	virtual
virtuel	virtuel
virtuelle	virtuel
virtuellement	virtuellement
virtuelles	virtuelle
virtuels	virtuel
virures	virure
virus	virus
vis	vis
visage	visage
visant	viser
visco	visco
viscosité	viscosité
vise	vise
visent	viser
visibilité	visibilité
visible	visible
visiblement	visiblement
visibles	visible
vision	vision
visionnaires	visionnaire
visions	vision
visite	visite
visiter	visiter
visites	visite
visiteurs	visiteur
visitées	visiter
visités	visiter
vissière	vissière
visualisables	visualisable
visualisation	visualisation
visualiser	visualiser
visuelle	visuel
visé	viser
visée	visée
visées	viser
vit	voir
vitagora	vitagorer
vitale	vital
vitales	vitale
vitalité	vitalité
vitamine	vitamine
vitamines	vitaminer
vite	vite
vitesse	vitesse
vitesses	vitesse
viti	viti
viticole	viticole
viticoles	viticole
viticulteurs	viticulteur
viticulture	viticulture
vitivinicole	vitivinicole
vitre	vitre
vitres	vitre
vitreuse	vitreux
vitrine	vitrine
vitro	vitro
vivant	vivant
vivante	vivant
vivantes	vivant
vivants	vivant
vivarais	vivarai
vivent	vivre
viveris	viveris
vives	vive
vivifiant	vivifiant
vivo	vivo
vivons	vivon
vivrait	vivre
vivre	vivre
vivrières	vivrière
vivrons	vivron
vième	vièm
vladimir	vladimir
vlsi	vlsi
vocabulaire	vocabulair
vocal	vocal
vocale	vocal
vocation	vocation
voeux	voeu
voie	voie
voies	voie
voile	voil
voilier	voilier
voiliers	voilier
voilure	voilure
voilà	voilà
voir	voir
voire	voire
voiron	voiron
voisine	voisin
voit	voit
voiture	voiture
voitures	voiture
vol	vol
volant	volant
volants	volant
volatiles	volatil
volatils	volatil
volcaniques	volcanique
volcans	volcan
volent	voler
voler	voler
volet	volet
volets	volet
volgograd	volgograd
volontairement	volontairement
volontaires	volontaire
volonté	volonter
vols	vol
voltage	voltage
volts	volt
volume	volume
volumes	volume
volumineux	volumineux
volée	voler
von	von
vont	aller
voroize	voroize
vos	votre
votre	votre
voulais	voulai
voulez	vouloir
vouliez	vouloir
voulions	voulion
vouloir	vouloir
voulons	voulon
voulu	vouloir
vous	vous
voyage	voyage
voyager	voyager
voyages	voyage
voyageurs	voyageur
voyez	voir
voyons	voyon
vrai	vrai
vraie	vrai
vraies	vraie
vraiment	vraiment
vrais	vrai
vrillage	vrillage
vtt	vtt
vu	voir
vue	vue
vues	voir
vulnérabilité	vulnérabiliter
vulnérable	vulnérable
vulnérables	vulnérable
vécu	vivre
vécues	vivre
vécus	vivre
végétal	végétal
végétale	végétal
végétales	végétale
végétation	végétation
végétaux	végétal
véhiculant	véhiculer
véhicule	véhicule
véhicules	véhicule
véhiculée	véhiculer
vélique	vélique
vélo	vélo
véolia	véolia
vérification	vérification
vérifications	vérification
vérifier	vérifier
vérifions	vérifion
vérifiée	vérifier
vérins	vérin
véritable	véritable
véritablement	véritablement
véritables	véritable
véronique	véroniqu
vétérinaire	vétérinaire
vétérinaires	vétérinaire
vêtements	vêtement
vôtres	vôtre
w	w
waard	waard
wafers	wafer
wageningen	wageningen
wagner	wagner
waldenström	waldenström
walllois	walllois
wallois	walloi
walter	walter
wany	wany
water	water
watier	watier
watt	watt
watts	watt
wavebreakmedia	wavebreakmedia
waynas	wayna
wdi	wdi
weak	weak
web	web
webb	webb
webrest	webrest
weil	weil
welience	welience
well	well
wellington	wellington
west	west
westinghouse	westinghouse
what	what
white	white
whylot	whylot
widou	widou
win	win
windows	windows
winrest	winrest
wipak	wipak
wisea	wisea
wollongong	wollongong
wolton	wolton
work	work
workshop	workshop
workshops	workshops
world	world
wrsc	wrsc
www	www
wymelbeke	wymelbeke
x	x
xavier	xavier
xerox	xero
xiwrite	xiwrite
xix	xix
xixème	xixèm
xvième	xvièm
xxième	xxième
xxème	xxèm
yachts	yacht
yannick	yannick
yaourts	yaourt
yeux	oeil
yonne	yonn
york	york
yttrium	yttrium
yunus	yunus
yurok	yurok
yvelines	yveline
yves	yve
yvette	yvette
z	z
zefiro	zefiro
zetawatt	zetawatt
zetta	zetta
zettawatt	zettawatt
zimmer	zimmer
zirconium	zirconium
ziziphus	ziziphus
zodiac	zodiac
zonal	zonal
zone	zone
zones	zone
zoologie	zoologie
zoologique	zoologique
zuckerberg	zuckerberg
zébus	zébu
zélande	zélande
zéro	zéro
zérodur	zérodur
ß	ß
âge	âge
âges	âge
âgé	âgé
âgée	âger
âgées	âgé
âgés	âgé
âme	âm
ça	cela
è	è
ème	èm
èmes	ème
ère	ère
ébauche	ébauche
ébauches	ébauche
ébauché	ébauché
ébloui	ébloui
écarts	écart
échange	échange
échangeant	échanger
échangent	échanger
échanger	échanger
échanges	échange
échangés	échanger
échantillon	échantillon
échantillonnage	échantillonnage
échantillonner	échantillonner
échantillonnées	échantillonner
échantillons	échantillon
échappent	échapper
échappez	échapper
échec	échec
échecs	échec
échelle	échelle
échelles	échelle
échelonnent	échelonner
échelonneront	échelonner
échelons	échelon
écho	écho
éclairage	éclairage
éclairer	éclairer
éclairés	éclairer
éclater	éclater
éclore	éclore
éco	éco
école	école
écoles	école
écoliers	écolier
écolo	écolo
écologie	écologie
écologique	écologique
écologiques	écologique
écologiste	écologiste
écologistes	écologiste
économe	économe
économes	économe
économie	économie
économies	économie
économique	économique
économiquement	économiquement
économiques	économique
économiser	économiser
économiste	économiste
économistes	économiste
écophysiologiste	écophysiologist
écoproduits	écoproduit
écosystème	écosystèm
écosystèmes	écosystème
écotechnologies	écotechnologie
écotoxicité	écotoxicité
écotoxiques	écotoxique
écoule	écoul
écoulement	écoulement
écouler	écouler
écoute	écoute
écouter	écouter
écran	écran
écrans	écran
écrire	écrir
écrit	écrire
écrits	écrire
écriture	écriture
écrivain	écrivain
écroule	écroul
éditeur	éditeur
éditeurs	éditeur
édition	édition
éditions	édition
éducateurs	éducateur
éducation	éducation
éducative	éducatif
éduquer	éduquer
éduquées	éduquer
égale	égal
égales	égal
égalité	égalité
égalé	égalé
égalés	égaler
égide	égid
éjecter	éjecter
élaboration	élaboration
élabore	élabor
élaborent	élaborer
élaborer	élaborer
élaboré	élaborer
élan	élan
élargi	élargir
élargie	élargie
élargir	élargir
élastiques	élastique
élastographie	élastographie
élastomère	élastomère
élection	élection
électricité	électricité
électrification	électrification
électrique	électrique
électriquement	électriquemer
électriques	électrique
électrochimie	électrochimie
électrode	électrode
électrodes	électrode
électroluminescence	électroluminescence
électroluminescente	électroluminescent
électroluminescentes	électroluminescente
électrolyseur	électrolyseur
électromagnétique	électromagnétique
électromagnétiques	électromagnétique
électromagnétisme	électromagnétism
électromécaniques	électromécanique
électroménager	électroménager
électron	électron
électronique	électronique
électroniques	électronique
électrons	électron
électronucléaire	électronucléaire
élevage	élevage
élevages	élevage
élevant	élever
éleveurs	éleveur
élevé	élevé
élevée	élevé
élevées	élevé
élevés	élevé
élimination	élimination
éliminer	éliminer
éliminé	éliminer
élite	élit
élites	élite
élitiste	élitiste
éloignent	éloigner
éloigné	éloigner
éloignés	éloigné
élu	élu
élucider	élucider
élus	élu
élève	élever
élèvent	élèvent
élèves	élève
élégance	élégance
élégant	éléger
élément	élément
élémentaire	élémentaire
élémentaires	élémentaire
éléments	élément
éléphants	éléphant
élévation	élévation
émanation	émanation
émerge	émerge
émergence	émergence
émergent	émergent
émergente	émergente
émergentes	émergent
émergents	émergent
émerger	émerger
émergé	émergé
émergées	émergé
émet	émet
émettant	émettre
émettent	émettre
émetteur	émetteur
émetteurs	émetteur
émettre	émettre
émeutes	émeute
émis	émettre
émise	émise
émises	émise
émission	émission
émissions	émission
émotion	émotion
émotionnel	émotionnel
émotionnelle	émotionnelle
émotions	émotion
émulation	émulation
émulsionne	émulsionne
émérite	émérite
émérites	émérite
énergie	énergie
énergies	énergie
énergivores	énergivore
énergétique	énergétique
énergétiques	énergétique
énorme	énorme
énormes	énorme
énormément	énormément
énumère	énumère
éolien	éolien
éolienne	éolien
éoliennes	éolien
épaisseur	épaisseur
épave	épav
épaves	épave
éphémère	éphémère
épidémies	épidémier
épidémiologie	épidémiologie
épidémiologique	épidémiologique
épigénétique	épigénétique
épilepsie	épilepsi
épileptiques	épileptique
épingle	épingl
épinière	épinière
épisode	épisode
épisodes	épisode
épitaxie	épitaxie
épithéliales	épithéliale
époque	époque
époxy	époxy
époxyde	époxyde
épreuve	épreuve
épreuves	épreuve
épuisement	épuisement
épuration	épuration
équateur	équateur
équation	équation
équations	équatier
équatorial	équatorial
équatoriale	équatorial
équestres	équestre
équilibre	équilibre
équilibré	équilibré
équilibrés	équilibrer
équine	équine
équipage	équipage
équipe	équipe
équipement	équipemer
équipements	équipement
équipent	équiper
équiper	équiper
équipes	équipe
équipé	équiper
équipée	équipée
équipés	équipé
équitation	équitation
équivalent	équivaloir
équivalente	équivalent
équivalents	équivalent
érosion	érosion
éruptions	éruption
établi	établir
établie	établir
établir	établir
établis	établir
établissaient	établir
établissant	établir
établissement	établissement
établissements	établissement
établissent	établir
établit	établit
étage	étage
étages	étage
étaient	être
étais	étai
était	être
étalant	étalant
étalon	étalon
étalonnage	étalonnage
étalés	étaler
étanche	étanche
étanchéité	étanchéité
étant	être
étape	étape
étapes	étape
état	état
états	état
éteindre	éteindre
étendant	étendre
étendent	étendre
étendre	étendre
étendu	étendre
étendue	étendre
étendues	étendue
éternelle	éternelle
éternité	éternité
éthanol	éthanol
éthique	éthique
éthiques	éthique
étions	être
étiquettes	étiquette
étoffe	étoffe
étoile	étoile
étoiles	étoile
étoilé	étoiler
étonnant	étonnant
étonnante	étonnant
étonnantes	étonnant
étonne	étonne
étonnement	étonnement
étonnera	étonner
étrange	étrange
étranger	étranger
étrangers	étranger
étranges	étrange
étrangère	étranger
étrangères	étranger
étroit	étroit
étroite	étroite
étroitement	étroitement
étroits	étroit
étude	étude
études	étude
étudiant	étudiant
étudiantes	étudiant
étudiants	étudiant
étudie	étudie
étudier	étudier
étudié	étudier
étudiée	étudier
étuver	étuver
évacuation	évacuation
évacuer	évacuer
évaluation	évaluation
évaluations	évaluation
évaluer	évaluer
évalué	évaluer
évaluée	évaluer
évaporation	évaporation
évapotranspiration	évapotranspiration
éventail	éventail
éventuel	éventuel
éventuelle	éventuel
éventuellement	éventuellement
éventuels	éventuel
évidemment	évidemment
évidence	évidence
évident	évident
évitant	évitant
évite	évit
éviter	éviter
évocateur	évocateur
évocation	évocation
évoluant	évoluer
évolue	évoluer
évoluent	évoluer
évoluer	évoluer
évolutif	évolutif
évolution	évolution
évolutions	évolution
évolutive	évolutif
évoluton	évoluton
évolué	évolué
évolués	évolué
évoquant	évoquer
évoque	évoqu
évoquer	évoquer
évoqueront	évoquer
évoqué	évoquer
évoquée	évoquer
évoquées	évoquer
évoqués	évoquer
évènements	évènement
événement	événement
événementielle	événementiel
événements	événement
êtes	être
êtres	être
île	île
îles	île
îlots	îlot
ïles	ïle
