aarhus	68389:1
abandon	67937:1 68645:1 74450:1
abattus	67388:1
abbay	68279:1
abeil	71843:2
abiot	70420:1
ablat	74454:1
abond	67558:1 67943:1 69812:2 70423:1 74173:1
abord	67068:1 67392:1 67555:1 67794:1 67803:1 68274:1 68643:1 68882:1 70169:1 70170:1 70921:1 71362:1 71363:1 72113:1 72114:1 72115:1 72119:1 72120:1 72393:2 72394:1 72398:1 72937:1 72938:2 73182:1 73185:1 73684:1 73879:1 74168:1 74452:1 74746:1 75459:1 76514:1
about	67068:1 67383:1 67939:1 69179:1 70420:1 70749:1 70921:1 71362:1 71612:1 71835:1 72115:1 72393:1 72634:1 73185:1 73187:1 73431:1 73683:1 73876:1 74167:2 74168:1 74169:1 74172:1 74450:3 74454:1 74744:1 74751:1 75069:1 75789:1 76508:2 76511:1
abri	68273:1
abrit	68277:1 68279:1 68387:1 68393:1 69817:1 70743:1 71358:1 71842:1 72393:1 73431:1 73434:1 73687:1 74746:2 75063:1 76207:1 76213:1
abritent	71621:1
absenc	68383:1 69184:1 69816:1 70745:1 70917:1 72117:1 73182:1 73684:1 75065:1
absolu	72119:1
absolus	69177:1
absorb	70425:1 71621:1 74744:1
absorbon	75462:1
absorpt	72631:1 73436:1
abstrair	72932:1
abstrait	70161:1
abstress	69817:1 70420:1
absurd	73684:1
abusent	72401:1
abyssal	73688:1
abîm	68391:1
acaci	75458:4
academ	67386:1 67937:3 67946:1 68278:2 69538:1 70422:1 70429:2 70914:2 71360:1 71612:3 71614:1 72113:22 72117:1 72401:1 72630:1 72932:1 73182:18 73431:1 73432:1 73434:1 73687:1 74168:1 74171:1 75065:1 75067:1 75793:1 75796:1 76213:2
academy	68886:1 69184:1 71619:1
académicien	73182:3
acar	71615:2
acced	68643:1 70161:1 70923:1 71357:1 71619:1 74168:1
accelerator	69178:1
accent	67794:1 70753:1
accept	67555:1 67939:1 68274:1 68276:1 68882:1 69534:1 69535:1 72393:1 74745:1 74749:1 75065:1 75458:1 75790:1 75792:1
acces	67071:1 67387:1 68275:1 68279:1 69817:1 69821:1 70420:1 70914:1 70923:1 71357:1 72630:1 73437:1 73879:1 74452:1 74747:2 75790:1 75793:1
accessibl	68279:1 68882:1 70421:1 70914:1 73431:1 74744:1 75068:1 75788:1 76207:2 76513:1
accident	68274:4 70421:1 70915:2
accidentel	72632:1
acclimat	72630:1
accompagn	67555:1 67556:1 67795:1 67941:1 68274:1 68885:1 69538:1 70422:2 71359:2 71614:1 71837:1 71845:1 72117:1 72121:1 72395:2 72396:1 72634:2 72938:1 73182:1 73184:1 73430:1 73437:1 73685:1 73687:1 73878:1 74167:1 74172:1 74175:1 74455:1 74745:1 74748:2 74749:1 75064:1 75068:1 75459:1 75461:2 76210:1 76509:1 76515:1
accompagnent	72401:1 73876:1 73877:1
accompagnon	74451:1 74749:1
accompl	67795:1
accord	67383:1 67795:1 67796:1 67937:1 67939:3 68274:1 68638:2 68888:3 69536:2 70161:1 70166:1 71838:2 71839:2 72117:3 72392:3 72393:3 72396:4 73878:1 74168:1 74172:1 75067:1 76511:3 76516:1
accostag	69177:1
accroch	70744:1 72119:2
accroissement	67939:1 68887:1 70423:1 74450:1
accroissent	76511:1
accroît	72396:1
accroîtr	67554:1 67794:1 68279:1 68385:1 68642:1 72634:1 72637:1 73182:1 73430:1 74745:1 76207:2 76209:1
accru	69178:1 70420:1 71358:1 74167:1
accrédit	67944:1
accueil	67940:1 67945:1 68392:1 68638:1 68888:1 68889:1 69179:1 69536:2 69542:2 70169:1 70170:2 71358:1 71362:1 71842:2 72122:1 72396:1 72633:1 73430:2 73685:1 73875:1 73883:1 74172:1 74175:1 74748:1 75464:1 75797:1
accumul	67391:3 68385:1 68640:1 69182:1 72392:1
accus	76511:1
accèdent	71358:1
accéler	67799:1 67943:2 68386:1 68638:2 68881:1 69178:6 70429:1 70914:1 70920:1 71615:1 71616:1 71617:1 72117:1 72934:4 72935:1 73183:1 73184:1 73431:1 74450:1 74452:1 74453:1 75065:1 75067:1
accélérometr	69181:1
acetat	68390:1
acharn	69177:1
achat	67794:1 68274:1 68881:3 69534:1 71357:1 76213:1
achemin	75789:1
achet	68274:1 69534:1
achev	67795:1 68283:1 69533:1 69817:1 70421:2 70422:1 70751:1 70920:1 71357:1 72938:1 73683:1 75460:1 76508:1 76516:1
achill	73683:1
achèvent	67557:1
aci	68274:1
acid	67390:6 67558:3 68387:1 72116:1 72630:1 72631:3 73684:2 73877:1 74169:1
acipens	70917:1
acoust	67068:3 68886:1 69820:1 70424:1 71615:1 72933:1 73876:1 75794:4
acoustic	70424:1
acousticien	75794:2
acousto	67068:1
acquer	68391:1 69812:1 71837:1 72395:2 72637:1 73683:1 73881:1 74745:1 75789:1
acquiert	75065:1
acquis	67795:1 68281:1 69534:1 69537:1 69811:1 70915:1 70923:1 72113:1 72114:1 72629:1 72630:1 73184:1 73431:1 73432:2 73686:1 74167:1 74171:1 74451:1 76211:1
acquisit	68275:1 68279:1 71839:1 73431:2 73685:1 73875:2 75790:1
acte	70918:1 71357:1 71621:2 74746:1 76516:1
acteur	67386:1 67388:1 67798:1 67802:1 67803:1 67946:1 68273:1 68275:3 68641:1 69535:1 69817:1 69818:1 69821:2 70161:2 70162:2 70164:3 70166:2 70169:1 70170:1 70921:2 70922:1 71358:1 71619:1 71842:1 71845:1 72392:1 72393:1 72629:1 72634:1 72637:3 73183:1 73185:4 73434:1 73435:1 73690:1 73884:1 74169:2 74172:1 74174:1 74450:1 74455:1 74457:1 74746:2 74751:1 75068:1 75457:1 75466:1 75792:1 75796:1 76207:1 76211:1 76511:1 76512:1
acti	69534:1
actif	67389:1 67946:1 68274:1 70746:1 71360:3 71612:1 72118:1 72629:1 72634:8 73878:1 74167:1 74746:1 75065:1 76514:1
actil	67388:3 68885:13
action	67553:2 67795:1 67938:1 68280:1 68383:1 68386:1 68645:1 68882:1 69184:1 69536:3 70164:1 70167:1 70746:1 70748:1 70914:2 70921:1 71357:1 71366:1 71845:1 72113:1 72395:1 73182:1 73185:1 73435:1 73690:1 74172:1 74450:2 74746:1 74748:1 75458:1 75462:1 76508:1 76511:1
actionnair	71360:1 72114:1 76510:1
actionnarial	73875:1
actionneur	71836:1
actis	75066:1
activ	67388:1 67389:2 67391:1 67553:1 67554:1 67556:1 67800:3 67938:1 67942:3 68274:2 68276:1 68383:1 68385:1 68387:1 68388:2 68392:2 68643:1 68882:1 68885:3 69178:1 69179:1 69184:1 69186:1 69533:1 69535:3 69536:1 69812:1 70161:3 70166:2 70422:1 70426:1 70745:1 70753:2 70915:2 71361:1 71612:1 71614:1 71619:1 71839:1 72114:1 72115:7 72116:1 72392:1 72394:2 72398:2 72629:4 72634:1 72934:1 72937:1 72938:1 73182:2 73183:1 73683:1 73688:3 73691:1 73875:7 73877:1 73878:1 73879:2 73882:1 74168:2 74169:1 74450:2 74749:2 75068:1 75458:1 75459:2 75460:1 75461:1 75462:1 75789:1 75795:1 76212:1 76508:1 76510:1
actual	72113:2 72938:1 76516:2
actualis	74747:1
actualit	70915:1
actuel	67557:1 67794:3 67795:2 67942:1 67943:1 68273:1 68279:1 68383:1 68642:2 68643:1 68646:1 68881:2 68882:2 68883:1 68884:1 69183:1 69186:1 69539:1 69543:1 69814:1 69816:1 69819:1 70167:1 70425:2 70743:1 70751:1 70920:1 71360:1 71366:1 71614:1 71838:1 72113:1 72115:2 72117:1 72119:1 72397:3 72399:1 72631:1 72635:2 72636:1 72932:1 72935:1 73182:3 73187:1 73431:1 73432:1 73436:1 73683:1 73684:1 73690:1 73875:1 73879:2 73880:1 74167:1 74168:1 74169:1 74173:1 74174:1 74450:1 74454:1 74455:1 75065:1 75457:1 75789:2 75792:1 76511:1
acuit	72939:1
acv	71845:1
acétat	68390:5
ad	69178:4
adapt	67071:1 67554:2 67556:1 67803:6 67937:3 67938:2 67939:1 67940:2 68273:1 68277:1 68281:1 68383:1 68387:1 68389:1 68391:1 68642:1 68887:1 69533:1 69813:2 70420:3 70421:1 70425:1 70914:1 70916:2 71835:1 71837:2 72114:1 72116:2 72397:1 72399:1 72630:1 73684:2 73877:1 73879:1 74168:1 75063:2 75066:1 75067:1 75069:2 75458:1 75462:1 75790:1 76211:1 76507:2 76508:3 76512:1
adaptent	67938:1 74451:1
addit	68882:1 74750:1 76511:1
additionnel	71360:1
adecal	73433:3
adem	68389:1 70169:1 73690:1
adept	67383:1
adher	67553:1 73685:1 73879:1 74455:1
adhes	68273:1 69541:1 71358:1 74455:1 74750:4
adhérent	67553:6 68273:2 70166:2 70745:1 71358:1 71616:1 72396:1 73184:1 74172:1 74455:1 74749:1 75063:1 76209:1 76507:1
adjoint	67068:1 67795:1 72630:1
adjonct	76210:1
adjuv	67937:2
administr	68383:1 68885:1 70914:2 71358:2 71838:1 72392:1 72393:1 72629:2 72935:1 73187:1 74167:1 74453:1 75065:1
admir	69542:1 71835:1
admis	73430:1
admiss	75071:1
adn	67802:1 68644:6 70747:2 70922:4 75460:1
adolescent	67937:1
adopt	68280:1 68387:1 69542:2 69814:1 72935:1 76511:1
adoptent	71359:1 72633:1
adoss	67795:2 71842:1
adour	75067:1
adress	67940:1 68273:1 72401:1 72629:1 72939:1 73183:1
adri	69534:1
adriat	70916:1
adrien	73433:1
adsl	70914:1
adsorpt	74750:1
adult	67801:1 67802:1 73876:1 76509:1
advanced	71837:1 72932:4 75068:1
advisor	72394:1
advisory	71615:1
adéquat	68882:1 70920:1 72936:1
ae	68885:1
aed	69813:1
aegypt	69813:1
aegyptiac	75458:2
aer	72634:1
aeri	73687:1
aero	67553:1
aerocampus	69542:1 73687:6
aerokw	71840:2 74167:1
aeronautic	71615:1
aerosol	72120:2
aerospac	72933:1
aerospatial	67068:1
aerowing	71840:1
afam	70422:1
aff	72393:1
affair	68274:2 68276:1 68885:1 70166:2 70170:1 70749:1 70751:1 71361:1 71840:3 72633:1 73875:1 73878:3 73884:1 74746:2 75795:3 75797:1 76508:1 76512:1
affect	67798:1 68646:1 69184:1 70916:1 71357:2 73183:1 74453:2 75063:1 75790:1
affectent	67387:1 69815:1
affich	67553:1 68638:1 71360:1 73430:2 73691:1 73876:1 74172:1 75788:1
affichent	70744:2
affil	68883:1 69177:1
affin	67388:1 70916:1
affinag	68885:1
affirm	69821:1 72398:1 73877:1 75792:1
affirmon	72113:1
affluent	69537:1
affranch	68884:1 70917:1 71836:1 72934:1 75791:1
affront	70914:2
affût	71835:1
afin	67383:1 67386:1 67387:2 67389:1 67553:2 67557:2 67558:1 67794:1 67797:1 67940:1 68275:1 68279:5 68882:1 68884:1 68887:1 69177:1 69178:2 69181:1 69534:1 69538:1 69539:4 69540:1 69811:1 69813:4 69816:1 69819:1 70161:3 70162:3 70163:1 70166:1 70170:1 70421:2 70422:1 70425:2 70429:1 70749:1 70916:3 70920:2 70921:2 71359:2 71366:1 71612:2 71617:2 71619:1 71842:2 71845:1 72114:1 72115:2 72118:1 72119:1 72394:1 72397:1 72629:2 72630:2 72634:1 72635:1 72932:3 72933:1 72937:1 73183:1 73184:1 73186:1 73683:3 73684:1 73691:1 73876:2 73877:1 73880:1 73884:1 74168:3 74169:1 74170:1 74449:1 74450:1 74452:1 74454:1 74744:1 74747:1 74749:1 75063:2 75064:1 75065:2 75066:1 75068:1 75069:1 75070:1 75457:1 75458:3 75465:1 75788:4 75789:2 75790:1 75791:2 75792:1 75793:3 75794:1 76207:1 76209:1 76211:1 76213:1 76508:4
afis	72633:1
afni	72629:1
afnor	68885:1
afpa	69542:1
africain	69821:1 72115:1 72629:1 73683:1 73684:1 75458:2
afriqu	67794:1 68642:1 69820:2 69821:7 70916:1 72396:1 72629:2 72632:1 73185:2 73684:4 73875:5 75458:2
aft	72634:3
agath	72634:2
age	71360:1 74449:1 74749:2
agenc	67385:1 67386:1 67939:1 68383:1 68386:2 68642:1 68643:1 69179:1 69536:3 69811:1 69816:1 70163:1 70422:1 70426:1 70428:1 70749:1 72629:1 72938:1 73432:1 73880:1 74449:1 74748:1 74749:1 75066:1 75460:1 75463:1 75790:1 75794:1 76507:2 76513:1
agend	67794:1
agent	67388:1 68387:1 70746:1 71612:1 72115:1 73686:1 74453:1 75063:4
agglomer	70170:1 71842:1 74172:3
aggrav	70917:1 73184:1
aggroalimentair	74748:1
agil	71836:3
agir	67071:1 67800:2 68390:1 69534:4 69817:1 70920:1 72118:1 72392:1 72401:1 72637:1 73183:1 73876:1 75788:1 75793:1 76510:1
agiss	67390:1 67794:1 67938:1 68387:1 68889:1 69177:1 69814:1 70162:1 70915:1 71843:1 72392:1 72393:1 72395:1 72396:1 73185:1 73431:1 73685:1 74169:2 75792:1 76206:1
agissent	67383:1 67937:1 72115:1 75458:1
agit	67385:1 67386:1 67388:1 67553:3 67554:2 67555:1 67795:2 67796:1 67798:1 67941:1 67944:1 68274:1 68278:1 68279:1 68388:2 68639:1 68643:1 68646:1 68881:1 69178:1 69185:1 69186:1 69534:1 69536:1 69811:1 69813:4 70161:1 70423:1 70743:1 70745:2 70747:1 70921:2 71362:1 71614:2 71835:1 71837:1 71840:1 71845:1 72115:1 72392:1 72629:2 72940:1 73183:1 73184:1 73436:1 73881:1 74168:3 74450:3 74454:1 74749:1 74752:1 75064:1 75067:3 75457:1 75458:2 75459:1 75789:2 75790:1 75793:1 76210:1
agon	72116:1 74744:1
agrand	70425:1 73684:1
agreg	70745:1 74173:1
agren	68279:1 68643:8 71842:1
agres	73183:1
agress	67937:2 76511:1
agresseur	67937:1
agri	71842:1
agricol	67392:1 67794:1 68273:1 68279:3 68645:1 68882:6 68885:1 69538:6 69821:1 70745:1 71357:1 72630:3 72637:1 73685:1 74450:1 76213:1
agriculteur	67804:1 76213:1
agricultur	67794:7 67804:3 68273:1 68279:9 68882:2 69182:1 69538:1 69812:2 69821:4 70165:1 70420:1 70745:1 71357:1 71836:1 71837:1 71842:3 72393:3 73879:1 74450:2 76213:7
agrimip	71359:1
agro	68279:1 71842:4 72630:3 72634:2 74457:2 76514:1
agroalimenair	67557:1
agroalimentair	67388:1 67798:1 68273:2 68885:1 70166:3 70745:1 71359:1 71360:1 71837:1 72396:1 72634:2 72637:1 73685:1 73879:3 74172:4 74455:6 74749:1 74750:1 75066:1 75067:1 75069:1 75462:2 75790:1 75793:2 76208:1
agrochim	68387:1 72118:1
agroenviron	68279:2 68643:1 70745:1
agronom	67794:2 68273:1 69821:3 71837:3 72113:1 74457:2 76213:5
agronov	68279:1 68643:1 71842:6
agropar	72121:1 74172:1
agroparistech	67795:13 67799:1 68275:1 68389:2 69816:1 72637:4 73685:1
agrossup	72394:1
agrosup	70420:1 72394:3 72631:2 72634:1 73685:1 73877:1 76206:1
agrosystem	70745:1
agroécolog	67071:2 69812:1 69817:1 70420:1 73877:1
agré	67553:1
agréabl	70166:1
agrégat	74173:5
agu	75788:1
aguerr	72633:1
agé	74746:1
ai	67068:1 67383:1 67937:1 68274:3 69812:1 69821:1 70161:5 71612:2 71835:2 72115:1 72394:3 72629:1 72631:1 72932:2 73185:3 73430:1 76507:1 76511:1
aid	67387:1 67553:1 67554:3 67799:1 67940:6 67945:1 68391:1 68641:1 68642:1 68643:1 68881:1 69177:1 69182:1 69183:1 69534:1 69537:3 69539:1 69540:2 69811:2 70162:3 70166:1 70420:3 70421:1 70422:1 70424:1 70744:1 70919:1 71359:2 71614:2 71837:1 72113:1 72119:1 72400:1 72933:1 72934:2 72939:2 73185:1 73187:1 73430:1 73431:1 73683:2 73685:2 73877:2 73878:2 74167:1 74168:1 74169:1 74449:3 74450:1 74744:1 74746:2 74750:2 75064:1 75065:1 75069:1 75465:1 75788:1 76211:1 76508:2 76509:1 76510:1 76511:1
aient	69821:1 73434:1
aiguill	76509:1
ail	73875:1
ailleur	67068:1 67795:2 67798:1 67944:1 68273:1 68279:1 68387:1 68390:1 68638:1 68645:1 68883:2 68885:1 69177:1 69185:1 70421:1 70749:1 70916:1 70921:1 70923:1 71357:2 71359:1 71360:1 71836:1 71840:1 72113:1 72115:1 72393:1 73430:1 73432:1 73687:1 74167:1 74449:1 74746:1 74749:1 75065:1 75457:1 75788:1 76206:1 76507:1 76510:1 76511:1
aim	67068:1 70163:1 71835:1
aimar	68388:2
ain	68885:1
air	67553:1 67558:4 67939:1 68645:4 68881:1 69182:1 69542:1 69813:2 69816:1 70425:2 70426:3 70745:1 70916:2 71357:1 71358:6 71840:1 75789:1 75794:3
airbus	67797:2 68383:1 70920:2 71617:6 72636:2 72933:1 74745:1
aircor	71838:1
aircraft	70165:1
ais	72631:1 76507:1
aiserey	68279:1
ait	68881:1 69534:1 70161:1 71841:1 74744:1
aix	68385:1 68391:1 68393:1 69183:2 70747:1 71361:2 71845:1 73683:3 73688:2
ajout	67068:1 67553:1 67555:1 67558:1 67796:1 67937:2 67938:2 67939:1 68273:1 68276:1 68383:1 68390:2 68643:1 68881:1 69177:2 69535:1 69813:1 69821:1 70166:1 70421:1 70424:1 70746:1 70914:1 70917:1 70921:1 71357:1 71358:2 71835:1 72394:2 72396:1 72629:1 72932:2 72933:2 73184:1 73431:1 73436:1 73684:2 73876:1 73877:1 74451:1 74455:1 74457:1 74750:2 74752:2 75458:2 75791:1 76507:2 76508:1 76512:1
ajoutent	75071:1
ajouton	67386:1 68279:1 68642:1 69184:1 69542:1 69811:1 70162:1 72935:1 75063:1 75071:1 76210:1 76511:1
ajust	68882:1
alabouvet	68643:5
aladin	70916:1
alain	69812:1 72629:8 72637:2 74168:2 74457:4
alarm	67937:1 68388:1 71835:1
alba	74750:2
albert	67389:1 72932:1 73183:2
alcatel	71839:1
alcool	69815:1 76511:1
aldebaran	72633:1
ale	71614:1 73430:7
aleni	71836:1 75789:4
alentour	75458:1
alert	70162:1 70166:1 70916:1 76510:2
ales	75464:3
alexandr	76514:1
alexandrin	73683:1
alf	73184:1
alfort	73686:1
alger	69820:1
algorithm	68391:1 70421:1 74171:1
algu	67385:10 68385:1 70920:1 73433:1 75460:3 76213:1 76511:1
ali	73684:1 74449:1
alic	67938:2
align	70163:1 70425:2
aliment	67071:4 67385:1 67387:1 67555:4 67557:2 67794:1 67795:1 67797:2 67798:4 68275:1 68279:5 68387:2 68388:1 68882:11 69534:8 69537:1 70166:2 70428:1 70745:1 70746:1 70747:2 70749:6 71357:2 71360:1 71366:2 71617:3 71835:1 71842:1 71843:1 72396:4 72398:1 72631:2 72634:1 73184:1 73433:1 73685:2 73877:1 74172:1 74449:10 74453:1 74457:1 74749:1 75069:6 75458:2 75462:1 75789:2 75790:6 75792:1 75793:9 76206:3 76209:7 76213:11 76507:1 76511:7 76514:4
alimentair	67555:4 67557:1 67794:3 67798:4 68387:1 68388:2 68882:5 68885:1 69534:5 69538:3 70166:1 70428:2 70745:1 70746:1 70749:4 71366:2 72116:1 72393:2 72394:1 72630:1 72631:2 72632:1 72634:2 73432:1 73685:1 74449:5 74750:1 75069:7 75790:1 75793:2 76209:1 76213:3 76511:1 76514:2
alimentec	76514:2
alimentent	73182:1
aliou	75458:2
aliss	68882:1
alkan	73879:1
allaert	67798:4
allaient	75790:1
allait	67555:4 67937:2 67939:1 68279:1 68887:2 70162:1 70917:1 71358:1 71842:1 72631:1 72634:1 72932:1 73182:2 73434:1 73684:1
allant	67390:1 67554:1 67798:1 70916:1 73689:1 75460:1 76209:1
alleg	67798:1 75458:1 75792:1 76210:1
allel	69182:1
allemagn	67943:1 67944:1 68642:1 69534:1 69814:1 71361:2 72933:1 73187:1 73430:3 74170:1 74746:1 75069:1 76209:2
allemand	67797:1 68274:1 68391:1 69540:1 69814:1 70425:1 72114:1 72933:1 73430:1
allenv	67071:5 68275:2
aller	67383:1 67939:1 68638:1 69535:1 70161:1 70423:1 70923:1 71835:1 71843:1 72392:2 72630:1 72634:1 72635:1 72932:2 73183:1 73185:1 73189:1 73430:2 73432:1 73683:1 73876:1 74167:1 74168:1 74450:1 74455:1 74749:1 74752:1
allerg	67937:1 68645:2 70745:1 76507:1
allergen	68645:2
allergis	68645:1
allergologu	68645:1
allez	67798:1 67938:1 69813:1 70161:1 72932:1 73876:1 73877:1 74455:1 75063:1
alli	69541:1 70164:1
alliag	71612:1 74167:1 75792:1
allianc	67071:3 68275:1 68881:4 68888:2 69814:2 70919:1 72939:1 73876:1 76508:1
allion	68885:1 75458:1
allocu	68889:1
allon	67383:1 67794:1 67795:3 68643:1 70161:2 70745:1 70916:2 73876:1 73877:1 75069:2 75792:1 75793:2 76213:1
allong	68277:1 74746:1
allur	74167:2 74450:1
allé	68881:1 70421:1 72630:1 73182:1 75458:1 75459:1 76206:1
almasat	69179:1
alon	67554:1
along	67557:1
alpe	67553:1 68393:1 68885:1 69543:1 69818:1 72395:1 73435:1 73683:2 73878:1 73881:5 75789:1 75797:1 76513:1
alpespac	73689:1 76212:2
alpha	67802:1 74173:4 75795:1
alphababy	76210:1
alpin	67387:1 72400:1 73689:1 73881:1
alsac	73877:2 74453:1 76206:1
alter	70745:1 72394:1 73684:1 74167:1 74449:1
alterindustrialis	69535:1
altern	67554:2 68276:1 68640:2 68643:2 70920:2 71617:1 72118:1 72635:1 72940:1 74450:1 75067:1
altik	69177:1
altimetr	69177:1 73434:3
altitud	67939:2 67942:2 68389:1 69179:2 71617:1 75789:1
altran	76211:1
alumin	76210:5
aluminium	68644:3 74167:1 75066:1
alzheim	67798:1 68277:1 68646:1 70914:2 73184:3 73187:1 74173:1 76511:1 76515:1
alé	72630:1 75458:1
am	68646:1
amalgam	72630:1
amas	70424:1
ambassad	68274:2
ambi	70421:1
ambianc	71357:1 74449:1
ambiguït	67795:1
ambit	67940:1 68275:1 68278:1 68638:3 68881:2 71358:1 71615:1 72114:3 73182:1 73183:1 73430:4 73432:4 73434:1 73687:1 73691:1 73876:3 73879:1 74450:1 75068:1 76206:1
ambiti	67553:1 67555:1 71358:1 71615:1 71837:1 73186:1 74168:1 74450:1 75458:1
ambition	69815:1 71840:1 72116:1 72938:1
ambrois	68645:1
ambrosi	68645:1
ambulatoir	73435:1
ambérieu	74167:1
amen	68387:1 68393:1 68642:1 69177:1 70161:2 70170:1 70420:1 72629:1 72933:1 73431:1 75459:1
amend	68279:2 73684:1
amer	67796:1 68642:2 70920:1 71366:1 72630:1 72631:2 72632:1 73185:2 73875:6 73878:1 76510:1
americ	67553:1 68886:1
american	69819:1 70422:1
amertum	73877:1
amf	72393:1
ami	67937:2 68274:1 72932:1
amical	73433:1
amin	67390:6
amiral	72937:1
amm	68643:2
ammoniac	67385:1
amont	68279:1 69821:1 71359:1 72629:1 74744:1
amorc	72395:1
amortisseur	69820:1
amorçag	73879:1 74451:1 76510:1
amovibl	74454:1
amper	70167:1 72397:1
amphis	72394:1 74752:1
amphithéâtr	71842:1
amplement	67558:1
ampleur	70420:1 71359:1 73182:2 75065:1 75458:1
amplif	67802:1 68638:2 72934:8 74168:1
amplifi	67802:1 68643:1 70747:1 73189:1 76211:1
amplifient	70747:1
amplifying	72934:1
amsterdam	69539:2
amu	73683:1
amund	72935:1
amus	67068:3
amylgen	73184:1
amyloid	73184:1
amyloïd	70914:1 73184:2
amyotroph	70744:1
amènent	74169:1
amélian	71616:1
amélior	67387:1 67554:1 67798:2 68273:2 68279:3 68387:1 68646:1 68884:1 68885:2 68886:1 69177:1 69539:3 69816:1 70425:1 70426:1 70749:1 70916:4 71359:1 71366:1 71612:1 71619:1 72117:1 72630:2 72938:1 73430:1 73431:1 73435:1 73436:1 73877:1 74171:1 74176:1 74449:2 74450:1 74451:1 75066:1 75067:1 75458:1 75460:1 75464:1 76508:5
améliorent	70746:1
amélioron	68281:1
aménag	67071:1 67944:1 68889:1 69535:1 70165:1 70917:1 71363:1 72937:2 72939:1 73875:1 73883:1 74456:1 75458:1 75788:1
aménageur	72939:1
américain	67383:1 67391:1 67939:1 68274:4 68881:3 69177:1 69540:1 70163:1 70422:6 71614:1 71838:1 71840:1 72114:1 72115:1 72119:1 72394:1 72629:1 72633:1 72933:1 73184:1 73434:2 73876:1 74745:1 75063:1 75790:1 76207:2
analogu	67390:2 67800:1
analys	67387:1 67388:3 67555:3 67795:1 67797:1 68275:1 68277:1 68391:3 68392:1 68644:1 68645:1 68881:4 68885:5 68886:1 69182:3 69533:1 70163:1 70420:1 70749:1 70919:2 70920:1 71359:4 71618:2 71620:1 71845:1 72113:1 72118:1 72635:1 72637:3 73185:1 73189:1 73432:1 73683:1 73685:8 73877:2 73879:1 74168:1 74171:1 74173:1 74452:2 74455:1 75067:1 75788:2 75793:1 76206:1 76207:4 76208:2 76516:1
analyst	71835:1 75795:1
analyt	68885:4 72118:1 73877:1
analytic	72939:1
analytical	68881:4
anani	75795:1
anantharaman	72932:5
anatom	76515:1
ancien	68383:1 69536:1 69819:2 70161:2 70422:1 70424:1 72113:2 72393:1 72629:3 72630:1 73431:1 73433:1 73683:1 73875:1 73877:1 74450:1 75071:1 76213:1 76512:1
anciennet	71363:1
ancre	73183:1
ancré	72119:1
and	67557:1 67945:3 68278:1 68386:2 68387:1 68638:1 68645:1 69538:1 69811:1 70162:1 71837:1 71838:1 72113:1 72393:1 75795:1 76207:1
andin	73875:1
andreacris	76514:1
andrew	68274:1
androcon	72632:2
android	73190:1
andré	67798:4 68386:1
anecdot	71835:1 73683:1
anesthes	71843:4
anesthési	71843:1
anger	68281:2 70422:1 73436:2 74449:1
angewandt	67558:1
anglais	67555:1 67938:2 67940:2 68888:1 71619:1
angle	70921:1 72113:2 73182:1
angleterr	67555:1 70163:1 70922:1 71361:1 71614:1 74168:2
anglo	72629:2
angström	67390:1
angusticep	72115:2
anicap	68885:2
anim	68383:2 68885:2 69820:1 70164:1 70421:1 72393:1 73430:1 73433:1 73437:1 74748:1 75063:1 75068:1 76515:1
animal	67388:1 67389:5 67794:1 67937:2 68384:5 68389:1 69538:4 69813:1 71357:4 71843:1 72115:2 72116:1 72631:1 73189:1 73433:1 73878:2 75458:2 76213:1 76511:5 76515:1
anion	68390:1
anjou	73436:2
anna	76509:1
anne	68276:1
anneau	67390:1
annex	74167:1
anni	73434:2
anniversair	69542:1
annonc	67937:3 68278:1 68638:1 68643:1 68881:1 69813:1 69815:1 70426:1 71360:1 71840:1 72117:1 72935:1 73182:1 73431:1 73434:1 73687:1 74451:1 74454:1
annoncent	72629:1
annot	75788:1
annualis	74169:1
annuel	67392:1 68279:1 68889:1 72113:1 72633:1 73684:1 73691:1 73878:1 73881:1 74747:1 75458:1 75465:1 75466:1 75797:1
annul	76508:2
anomal	67556:2 67798:1 69815:1 72118:1
anonym	68279:1 68281:1 68383:1
anormal	68646:1 74173:1 75794:1
anr	67385:1 67386:1 68383:1 69816:1 70426:1 70428:1 70749:1 71361:1 73432:1 74449:1 75460:1 75790:1 75794:1 76507:2
anru	70169:1
anse	71621:2
anta	75458:2
antagon	74457:1
antar	73688:5
antarct	69811:1
antem	70170:1
anten	67945:1 68279:1 69181:1 70170:1 70425:2 70747:7 72632:1 74168:1
anthrop	67942:1 69533:1 75458:2
anthropolog	73431:3
anthropologu	73431:6 75458:1
anti	67937:1 68387:1 71612:1 72394:1 74453:1 74746:1 75067:1 76511:7 76514:1
antibiot	75067:3
anticancer	73686:1
anticip	68638:1 69816:1 70161:2 70162:2 70420:1 71617:1 72933:1 74169:1 75064:2 76512:1
anticorp	70919:1 72938:7
antidépresseur	69184:1
antigel	68390:2
antigen	72935:2
antill	69542:1 71362:1
antimicrobien	67937:3 70746:1
antimigrain	69184:1
antimonur	71839:1
antin	72933:1
antioxyd	68387:1 73184:2 76511:5
antipol	67385:1 69180:1
antisept	75067:1
antiépilept	74453:1
antoin	69539:1 72392:2 72933:1 74453:1
aoc	70745:1
aon	72939:1
août	67556:1 67558:1 69177:1 70916:1 70919:1 71835:1 73434:1 74169:1 74170:1
ap	68277:1 72629:1 74746:1 76508:1
aperçu	67937:1 72630:1 75459:1
apix	68881:2
aplat	74173:1
apolipoprotéin	75459:1
apollon	68638:1
appam	76516:1
apparaiss	67937:1 75459:1
apparaissent	67388:1 71621:1 76209:1
apparaît	67385:1 67798:2 67801:1 68275:1 68643:1 69178:1 69181:1 70166:1 71359:1 71361:1 72401:1 73432:1 73876:1 73877:1 74167:1 74172:1 74744:1 74746:1 75063:1 76213:1
apparaîtr	67939:1
appareil	67554:1 67797:1 68881:2 68885:1 69542:1 70165:1 70167:1 70425:1 70916:1 71359:6 71362:1 71617:7 72933:1 74167:2 74450:1 75069:2 75792:3 76508:6 76510:1
apparent	68387:1 70915:1 76509:1
appari	76511:1
apparit	69815:1 70922:1 72634:1 75065:1
apparten	75458:1
appartiennent	69183:1
appartient	72113:1
apparu	71843:1 72120:1 73434:1
appel	67387:1 67388:1 67554:1 67555:1 67557:1 67794:1 67801:1 67939:1 67941:1 68275:1 68276:1 68279:1 68642:1 68643:2 68645:1 68885:1 69535:1 69539:1 69813:2 69817:1 69818:1 70421:2 70429:1 70745:1 70746:1 70918:1 70919:1 70921:1 71357:1 71359:1 71614:1 71837:1 71842:1 72116:1 72394:1 72399:1 72629:1 72632:1 72635:1 73433:1 73435:1 73875:1 73876:1 73879:3 73880:1 73882:1 74167:1 74449:2 74456:1 74750:1 74752:1 75063:2 75068:1 75458:1 75788:1 75789:1 75790:2 76511:1 76512:1 76513:1
appellent	67388:1 67558:1 67943:1 69533:1 69813:1 73877:1 74746:1 75458:1
appelon	75790:1
appet	72932:1
appleton	70163:1
appli	70170:1
applic	71618:1 76207:1
applied	69180:1 72113:1
appliqu	67068:2 67071:1 67383:1 67390:1 67392:2 67554:1 67796:2 67800:1 67937:4 68280:1 68384:1 68390:1 68392:1 68393:3 68638:2 68639:1 68641:1 68644:1 68881:6 68886:2 68887:1 69177:1 69179:1 69533:1 69536:1 69539:1 69812:1 69813:1 69820:1 70161:1 70165:1 70166:1 70167:1 70169:1 70170:3 70421:4 70422:1 70423:1 70429:1 70744:1 70921:1 71359:1 71361:1 71612:1 71614:1 71616:2 71618:1 71835:2 71836:1 71839:2 71841:1 71843:1 72113:1 72116:1 72117:1 72122:2 72394:2 72399:2 72630:3 72633:2 72934:1 73182:1 73187:1 73190:2 73431:2 73433:1 73434:1 73876:1 73879:6 73883:1 74167:1 74170:1 74450:1 74451:1 74452:2 74453:2 74744:1 74750:1 75063:2 75067:1 75068:1 75071:1 75459:1 75461:1 75788:2 75790:1 75794:1 75795:1 75796:2 75797:1 76207:1 76208:1 76210:1 76507:2 76508:4 76509:3 76511:1 76514:2
appliquent	67389:1
appoint	68644:1
apport	67389:1 67801:1 67937:4 67939:1 67942:1 68273:1 68383:1 68391:1 68643:1 69533:2 69816:1 70166:1 70422:1 70429:1 70753:1 70916:1 71357:1 71358:1 71359:3 71612:2 71614:1 71836:1 72116:1 72401:1 72637:1 72937:1 73182:1 73184:1 73185:1 73432:1 73683:3 73882:1 73884:1 74451:1 74455:2 74744:1 75069:1 75788:1 75793:1 75796:1 76208:1 76209:1 76507:1 76511:1
apportent	67556:1 68280:1 69182:1 73184:1 73688:1 74752:1 75458:1
apporton	68273:1
apprec	68276:2
appren	67389:1 73437:1 75063:3
apprend	72932:1 74450:1
apprendr	71359:1 73683:1 73876:2 74168:1 76509:1
apprendront	67944:1
apprent	72636:3 73430:1
apprentissag	67555:1 67556:1 68281:2 68888:1 70164:1 70923:1 71358:1 73430:2 73876:5 75063:1 75071:1 75457:2 76206:1
appris	67937:1 68643:1 68881:1 70744:1 72394:1
approch	67390:1 67554:1 67800:2 67802:1 67944:1 68275:1 69177:1 69533:1 69812:1 69813:2 70161:2 70167:1 70914:1 71359:1 71617:4 72116:1 72118:1 72629:1 73183:1 73187:1 73684:1 73686:2 73876:2 73877:4 73881:1 74175:2 74744:1 75457:1 75460:1 75462:1 75465:1 75790:1 76511:4
approchent	70425:1
approfond	68881:1 69533:1 70920:1 72396:1
appropri	68275:1 71359:1 72630:1
approprient	72401:1
approuv	70424:1 73877:1
approvision	68642:1 71617:1 74169:1
appréci	67555:2 68886:1 76206:2
apprécient	76512:1
appréhend	67389:1 67553:1 67939:1 68639:1 69813:1 69817:1 70164:1 70421:1 72940:1 73182:1 73185:1 73877:2 75064:1 75797:1 76209:1
appréhens	67939:1
appui	67794:1 67795:1 68273:1 68274:1 68275:1 68277:1 68383:1 68638:2 68888:1 69533:1 69538:1 70161:1 70424:2 70744:1 71845:1 72629:2 72634:1 72637:1 73182:1 73431:1 74167:1 74172:1 74744:1 75463:2 75792:1 76511:1 76512:1
appétent	76209:1
apres	67555:1 67798:2 67801:1 67937:1 67939:1 68274:2 68281:3 68383:1 68387:1 68390:1 68641:1 68646:1 68881:2 68887:1 68888:1 69178:1 69185:1 69540:1 69811:1 69815:1 70161:2 70166:1 70422:1 70744:1 70915:1 70921:1 71358:1 71359:2 71612:2 71614:3 71835:2 71836:1 71837:1 71841:1 71842:1 72114:1 72392:1 72394:2 72396:1 72398:1 72629:2 72630:1 72632:1 72633:2 72932:2 73185:2 73430:1 73434:1 73435:1 73437:1 73683:2 73875:1 74171:1 74173:1 74175:1 74449:1 74454:1 74455:1 74752:1 75063:2 75071:2 75457:1 75458:1 75459:1 75461:1 75462:1 75790:1 76206:3 76213:2 76509:1 76516:1
apte	70420:1 71619:1 71836:1 73182:1 73876:1 76210:1
aptitud	68885:1 72394:1
aquacultur	73433:1
aquarium	73433:1
aquasourc	71616:1
aquat	71618:1 71837:1 73190:1 73433:1
aqueux	73435:1 74750:2 75792:1
aquifer	69812:1
aquim	71359:1 72396:1 76511:1
aquitain	67391:1 67553:1 68638:1 72117:5 73431:3 73687:2 74176:4 75067:3 75795:1 76512:1
arab	72629:3
arabidops	67800:2
aragonit	76210:1
araign	72115:1 73878:1
arbault	75063:3
arbre	67387:1 67391:2 68383:1 69182:1 69816:2 71837:6 75458:1
arc	71612:1 72400:1 73683:1
arcachon	69820:1 72937:1
arcan	68643:1
architect	69185:1 71836:1 72113:1 73875:2
architectur	67390:2 67558:1 68644:1 69182:1 69185:3 70162:1 70424:1 72635:3 72934:1 73879:1 74751:1 75066:1
archon	72632:2
archéolog	73431:1 73683:7 75788:1
archéologu	70745:1 73431:2 73683:1 75788:3
archétyp	72933:1
arctiqu	69533:1 73183:8 73880:1
arev	72392:1 75464:1
argent	67937:1 71621:1 72932:1 73183:1 73684:1
argil	68279:2 72630:2
argilo	68279:3
argos	69177:1
argument	67556:1
arian	69177:3 69179:1 73434:1
arianespac	69179:2
ariatt	68885:1
arieg	72630:2 75066:1
aril	72394:1
arimnet	69817:1 70420:1
aritt	72938:1
arkaeos	73683:1
arkamy	76508:7
arkem	68280:1
armand	68383:1
arme	68276:1 70161:3 70166:1 72115:1
armement	67553:1 67941:1 69177:1 70162:1 72114:1 74450:1 76208:1
armois	68645:1
armé	67553:2 68643:1 69542:1 71358:6 72630:1 73430:1 73431:1 74455:1
arn	67556:1
arnaud	67068:1 72933:3 73182:1 74746:1 76510:1
arom	70916:4
aromat	76516:1
aromatis	76516:2
arp	71618:2
arpeg	70916:2
arrachag	74169:1
arrang	72932:1
arrangent	74457:1
array	73186:1 73879:1
arrier	68882:1 70744:1
arriv	67937:1 67938:1 68881:1 69821:1 71836:1 72118:1 72392:1 72629:1 72938:1 73187:1 73685:1 73877:2 74167:1 74170:1 74450:1 74451:1 74452:1 74453:1 74744:1 75069:1 75789:1 76507:1 76509:1
arrivent	68643:1 68881:1 72933:1 73184:1 74168:1 75063:1 75792:1
arrosag	69182:1
arrêt	67798:1 67938:1 68881:1 69178:2 70915:1 72392:2 72933:1 73182:1
arrêton	70161:2
arséniur	71839:1
art	68276:6 68393:2 70161:6 70165:1 70422:13 70923:4 71361:1 71835:1 72115:1 72393:1 72630:4 73876:1 73882:3 74749:1 74752:1 75457:11 75788:1 75791:1
artem	68279:14 68393:1 71842:2 73884:1
artemisiifoli	68645:1
arthropod	71843:1
artichaut	67555:3
articl	68638:1 68887:1 69177:1 70747:1 70915:1 71614:1 72940:1 73184:1 74449:1 76512:1
articul	68279:1 68639:1 69184:1 70170:1 70426:1 71617:1 71620:1 71842:1 72121:1 72400:1 73430:1 74172:1 74176:2 74748:1 75459:1 75466:1
articulair	67798:1
articulent	68279:1 71361:1
artificiel	67945:2 69183:1 69534:1 70917:1 71620:1 71836:1 74454:4 75063:2 76210:1
artisanal	68885:2 71614:1 72114:1
artisanat	71614:1 74752:2
artist	70424:1 70744:1 75070:1 75792:1
arve	73879:1
arôm	67555:1 70166:1 72634:1 75462:3 75790:4 76206:2 76512:1
as	69534:3
ascens	70748:1 71617:1
ascq	67940:1
asi	68383:1 69179:2 70920:1 71840:5 72396:2 73185:2 73875:1 73878:1 74167:1 76510:1
asiat	71621:1 71840:1 74167:2
asipag	74746:1
asn	70915:1
aspect	67554:1 68392:1 68881:2 69178:1 69534:1 69813:2 71359:1 71614:1 72118:1 72393:1 72629:2 72634:2 72938:1 73880:1 74749:1 74751:1 75064:1 75065:1 76213:2 76507:1
asperg	68273:1
aspir	69535:1
assain	72392:1
assembl	67383:1 67390:3 67556:1 68882:1 73683:1
assemblag	67556:1 67558:3 68882:1 70167:1 70746:1 72116:1 72636:1 73683:7 73876:1 75064:3 76210:2
assemblent	68644:1
assen	73182:1
asset	71616:1
assez	67554:1 68275:1 68882:1 69186:1 70921:1 71836:1 72394:1 72932:1 73182:1 73683:2 74167:1 74450:1 75459:1 75793:1
assiam	73684:1
assiet	71366:1 76213:1
assimil	68281:1 69183:1 70166:1 76213:1
assis	72938:2 74746:1
assist	67941:1 68277:1 68885:1 69185:1 70165:1 70917:1 71614:1 71617:1 71841:1 72396:1 72398:1 72629:3 72633:1 73183:1 73190:1 74168:1 74746:1 75063:2 75066:2 75790:1 76508:1
assiston	74744:1
assoc	67392:1 67940:1 70423:1 71836:1 74454:1 75458:1 75460:1
associ	67555:2 67557:1 67795:1 67803:1 67944:1 68275:1 68277:1 68280:2 68383:3 68386:1 68390:1 68644:1 68885:1 68887:1 69184:1 69541:5 69814:1 70163:1 70168:1 70169:1 70420:1 70744:1 70749:1 70914:1 71358:1 71359:1 71360:1 71618:1 71840:1 71842:1 72113:2 72114:1 72393:1 72629:1 72630:3 72932:1 73185:2 73190:1 73431:2 73434:2 73683:1 73690:1 73875:1 73876:2 73877:1 73879:2 74167:2 74449:1 74450:1 74452:1 74453:1 74456:1 74752:1 75063:1 75064:1 75071:1 75793:1 76208:1 76209:1 76509:2 76513:1 76515:1 76516:1
associent	69538:2
assort	70170:1
assum	72113:1
assur	67390:1 67553:1 68642:1 68643:1 68881:1 68885:1 69179:2 69184:1 69538:1 69542:1 69811:2 69818:1 70162:3 70163:1 70425:1 70743:1 70746:1 70914:1 71621:1 71836:2 72113:1 72392:2 72394:1 73185:2 73186:1 73683:1 73875:1 73877:1 74169:1 75063:2 75067:1 75068:1 75459:1 75789:1 75792:1 76208:1 76209:1 76507:1
assurent	69179:1
assystem	72937:1
astech	71358:1
aster	69537:1
asteral	72392:2
astre	74168:1
astrium	67939:1 69820:1 71836:3
astrocyt	67801:1
astrolab	76512:1
astronaut	68888:2 76511:1
astrophys	69819:1 70163:3 70424:1
asymptomat	75065:1
ate	70169:1 73690:1
atec	74456:3
ateli	67946:1 68882:2 68885:1 68889:1 70169:2 70915:1 71359:4 72636:1 73438:1 74748:2 75068:1 75796:3 76513:1 76515:1
athen	72939:1
athlet	72932:1
athéroscléros	75459:1
ati	76510:1
atlant	68881:1 72932:1 73433:1 73684:1 75462:1
atmospher	67557:1 67939:6 68273:5 68645:1 69811:1 69816:1 70743:1 70916:4 71617:1 71838:4 73183:1 73186:1 73434:1 75463:1
atmospheric	71838:1
atoll	73684:2
atom	67943:1 68280:1 69183:1 69539:1 70421:1 70423:1 72119:2 72629:1 74168:3
atomis	74747:1
atopic	68645:3
atout	67944:1 68280:1 68390:1 69812:1 70166:1 72114:1 72392:1 72629:1 72635:1 73183:1 73185:1 73438:1 73687:1 73875:1 74167:1 74455:1 74744:1 75789:1 75792:1 76206:1 76513:1
atpu	70915:1
atr	70916:1
atroph	68646:1
attach	69177:1 69183:1 69539:1 70161:1 70918:1 73883:1 75063:2
attapulgit	72630:1
attaqu	72630:2 74168:1 75065:1 76207:2 76511:3
attard	68274:1 74167:1
atteign	68646:1 71358:1 73183:1
atteindr	68886:1 69533:1 69538:1 70422:1 70743:1 70918:1 71617:1 72118:1 72635:1 72934:1 73432:1 73684:2 73878:1 74169:1 74746:1 74751:1 75790:1
atteindron	76213:1
atteint	67556:1 67940:1 68274:1 68281:1 68638:1 68640:1 68646:1 68883:1 69533:1 69539:1 70425:1 70744:1 71618:1 72117:1 72933:1 73183:1 73187:2 73189:1 73431:1 73686:1 74454:1 75065:3
atteitn	67940:1
attel	69178:1
attend	69177:1 69811:1 73683:1 73684:1
attendent	68638:1 72116:1 74174:1
attendon	72629:1 75065:1
attendr	68643:1 73182:1
attendu	67802:1 67939:1 68273:1 68886:1 69177:1 69821:1 73182:1 73188:1 73691:1
attendus	67555:1 67945:1 68881:1 69177:1 69542:1 69543:1 69820:1 72120:1 72937:1 73438:1 74748:1 75795:1 75796:1 75797:1
attent	67388:2 67555:1 67557:1 68279:2 68281:1 68643:1 69183:1 69535:1 69821:1 70169:1 70749:1 70915:1 71363:1 71835:2 72395:1 72637:1 73876:1 73877:1 74175:1 74457:1 75063:1 75069:2 75457:1 76206:1
attentat	70162:4 70421:1
attentil	68643:1
atterrissag	69177:1 71617:2 74450:2
attest	76507:1
attir	69535:1 70422:1 72629:1
attirent	72632:1
attitud	67555:1
attract	67555:1 67795:1 69535:1 69812:1 72632:1
attribu	67068:1 67556:1 67937:1 68641:1 72932:2 73435:1 75066:1
atténu	67071:1 69533:1 69816:1 75794:1
atv	69177:4
atyp	72394:1 73182:1 73430:1 74749:1 76516:1
aub	68276:1 74745:1
aubag	74745:1
aubert	73687:1
aucun	67795:1 67801:1 68389:1 68643:1 68883:1 69177:1 70915:2 71618:1 71835:1 72113:1 72115:1 72117:1 72932:1 72933:1 72935:2 73189:1 73434:1 73684:1 73876:1 74168:1 74449:1 75066:1 75463:1 75794:1
audaci	72933:1
audio	76508:2
audiogramm	76508:1
audit	72395:1 76508:9
auditoir	72932:1
audrey	73684:2
augment	67388:1 67391:1 67554:1 67558:1 67795:1 67939:1 67942:1 68273:1 68387:1 68388:1 68389:1 68646:1 68882:1 68886:1 69177:1 69533:1 69534:1 69538:1 69539:1 69816:2 70421:2 70422:2 70425:1 70916:2 71614:1 71618:1 71837:1 71840:1 72635:2 72934:2 73184:2 73430:1 73688:1 74449:2 75065:2 75457:1 75463:1 75464:1 75792:1 76510:1
augsburg	69540:1
august	74752:1
auo	76210:1
aupalesen	74449:7
auparav	68281:1 69539:1
aupres	67383:1 67555:2 67940:1 68274:1 68275:1 69815:2 70164:1 70166:1 70422:2 70748:1 70753:1 70914:1 71616:1 71845:1 72395:2 72629:1 72634:1 73182:1 73431:1 73683:1 73685:1 73879:1 74450:1 74749:1 75458:1
auquel	67071:1 67385:1 67798:1 67799:1 67801:1 67939:1 68391:1 68882:1 69179:1 69183:1 69534:1 69543:1 69812:1 69821:1 70162:2 70420:1 70421:1 70744:1 70749:1 70916:1 72398:1 73182:1 73184:1 73684:1 73686:1 73687:1 74167:1 74168:1 75063:2 75064:1 75458:2 75792:1 76507:1 76509:1 76510:1
aur	67068:2 67937:1 68274:1 68276:1 68277:1 68281:1 68888:1 68889:1 69177:5 70166:1 70421:1 70915:1 70921:1 71842:1 72114:1 72395:1 72397:1 72634:1 72636:1 73182:2 73430:1 73431:1 73683:1 73685:1 73877:1 74167:1 74168:1 76206:1 76509:1 76513:1
aureus	70746:1
aurinvest	73686:1
auron	71621:1
auront	67387:1 67800:1 68391:1 68645:1 70749:1 73185:1 73684:2 73689:1 75457:1
auroy	73684:7
auscult	67939:1
aussitôt	68273:1 70162:1 70166:1 70421:1 71612:1 71614:1 72397:1 73182:1 73431:1 73685:1 73878:1 73879:1 75788:1
auster	67937:1 72932:1
austral	69185:1 69811:1 70920:1 73875:1 75459:2
auteur	67794:5 67938:2 68276:1 68887:1 69184:1 69533:1 69821:1 71366:1 71621:1 74752:1 76213:1
authent	74449:1 76209:1
authentif	74449:1 76206:1
auto	67390:2 67937:1 68644:1 69178:1 70423:2 74450:1 76210:1
autobus	72114:1
autochton	73183:1
autocuiseur	71359:1
autodirecteur	71839:1
autofinanc	71614:1
automat	69177:2 69182:2 70744:1 71614:1 71841:1 74450:1 74751:1 76208:1 76508:1 76510:1
automated	72633:1
automatis	67945:1 69541:1 70420:1 73187:1 73432:1 74450:2 74455:1 76507:1
automn	68279:2 69177:1 69533:1 70169:1 70916:1 71612:1 72394:1 73187:1 73683:2 75068:1 76508:2
automobil	68274:2 68280:1 68383:1 68639:4 68642:1 70748:1 70914:1 71358:1 73685:1 73884:4 74455:1 75063:2 75066:1 76508:1
autonom	67553:2 67797:2 67940:1 67941:1 68883:3 69538:1 70916:1 70923:2 71359:1 71361:1 73185:1 74170:3 74449:2 74450:2 74746:3 75069:1 75466:1 75789:2 76208:1
autoproduit	70746:1
autor	70915:1 71619:1 71841:1 73183:1
autoris	68643:1 68884:1 74168:1 75065:2 75458:1
autorout	68640:1 71617:1 73875:1 74450:1 76510:1
autorépar	74750:1
autour	67068:1 67555:1 67558:1 67794:1 67803:1 67938:1 68273:1 68279:3 68383:1 68385:1 68638:1 68639:1 68640:1 68642:1 68881:1 68882:1 68885:1 69177:1 69535:1 69536:1 69820:1 70161:2 70164:1 70170:1 70421:1 70424:1 70426:1 70743:1 70745:1 70749:2 70914:1 70921:1 71357:1 71358:1 71361:1 71612:1 71617:1 71620:2 71842:1 72114:2 72116:1 72119:1 72121:1 72393:1 72396:3 72400:2 72630:1 72634:2 72938:1 72939:1 73182:1 73184:1 73185:1 73430:1 73431:1 73432:1 73683:1 73685:2 73875:1 73876:1 73877:1 73879:1 73884:3 74168:1 74169:1 74172:3 74176:4 74456:1 74745:1 74746:2 74748:2 74749:1 74752:1 75065:1 75459:2 75462:1 75465:1 75466:1 75793:5 76212:1 76213:1 76511:2
autrefois	67798:1 70917:1 72117:1
autrich	69811:1
auvergn	73687:6
auxerr	67941:1
auxiliair	73877:1
auxquel	67068:1 67387:1 68275:1 68643:1 68882:1 69177:1 69178:1 69182:1 69539:1 69811:1 69817:1 70161:2 70166:1 70421:2 70425:1 70745:1 71357:1 72401:1 72629:1 72940:1 73432:1 73683:1 74167:1 74455:1 74748:1 74752:1 75063:1 75458:1 75788:1 75794:1 76209:1 76512:1
avaient	67801:1 68389:1 68640:1 69184:1 69533:1 69537:2 69539:1 70162:2 70167:1 70169:1 71357:1 71840:1 71842:1 71843:2 72634:2 72932:1 73184:2 73185:1 73431:1 75458:1 75463:1
avais	72394:1 72932:1 74450:1
avait	67068:2 67801:1 67939:1 68274:1 68383:2 68387:1 68389:1 68881:1 68887:1 69179:1 69533:1 69540:1 69542:2 70162:1 70169:1 70425:1 70744:1 71357:1 71614:3 72113:3 72122:1 72393:1 72394:1 72630:3 72631:1 72632:1 72634:3 72940:1 73184:1 73185:2 73431:1 73688:1 73875:1 74170:2 74172:1 74449:1 75463:1 76206:1
aval	69821:1
avalanch	70165:1
avanc	67940:2 68281:1 68384:1 68639:1 68886:1 69177:1 69814:1 69820:1 70161:2 70167:1 70421:1 70426:1 70751:1 70914:1 71359:1 72116:1 72121:1 72398:1 72631:1 72932:1 73687:1 73884:1 74454:1 74455:1 74457:1 74746:1 74752:1 75065:1 75070:1 75458:2 75461:1 75464:1 76211:1 76514:2 76515:1
avant	67385:1 67388:2 67389:1 67555:1 67794:1 67797:1 67937:1 67942:2 68273:1 68276:1 68389:1 68881:1 68885:1 68888:1 69177:2 69179:1 69183:1 69539:1 69541:1 69821:2 70422:2 70745:1 70917:1 70923:2 71359:1 71621:1 71835:4 71836:1 71841:1 71842:1 72118:1 72392:1 72396:2 72629:1 72634:1 72636:1 72932:2 73182:2 73430:3 73431:1 73432:1 73434:2 73683:4 73684:1 73685:1 73876:1 73877:1 74167:2 74170:1 74175:1 74450:1 74749:1 74751:1 75064:1 75065:1 75071:1 75458:1 75459:1 75789:3 75795:1 76206:1 76213:1 76507:1 76509:1
avantag	67383:1 67554:1 67558:1 67802:1 68390:1 68391:1 68644:1 69182:1 70162:1 70429:1 71616:1 72114:1 72401:1 72631:1
avatar	70421:4
avavian	72114:1
aven	67385:1 67801:1 67804:1 69177:1 69178:1 69181:1 69812:1 69816:3 69817:2 70420:1 70421:1 70919:1 70921:1 70923:1 71357:1 71358:1 71359:1 71621:2 72114:1 72117:1 72938:1 72940:2 73184:1 73432:2 74167:1 74176:2 75067:1 75070:1 76507:1
avenir	69535:1
aventur	67068:1 68881:1 70421:1 71359:1 71835:2 72114:1 72629:2 72631:1 72634:1 73183:1 73434:2 73683:2 73875:2 74168:1 74450:2 76207:1 76509:1
aver	67387:1 67937:1 68274:1 70425:1 71614:1 71618:1 72113:1 72934:1 73684:1 73877:1 74173:1 74449:1 74450:1 74452:1 74745:1 75063:1 75789:1 76206:1
avers	76507:1
avert	70421:1
aveyron	75066:1
avez	70161:1 72114:1 72933:1 73684:1 75063:1
avi	73687:1
aviat	69542:2 70165:1 71617:1 71840:2 72113:1 74167:1 74745:1
avicen	76508:2
avicol	71357:1
avicultur	76511:1
avion	67795:1 67797:2 69812:1 70916:3 70920:2 71617:4 71840:2 72933:6 73434:1 73683:1 74167:2 74168:1 74744:1 74745:3 74751:1 75458:2 75792:1 75793:1 76206:1 76510:1
avionneur	70920:1 71615:1 71617:2 72113:1 72636:1
avis	67555:1 72634:1 73182:1
avoir	67383:4 67387:1 67553:1 67798:1 67799:1 67937:2 68274:1 68383:1 68387:1 68641:1 68645:1 69183:2 69540:1 69811:1 69818:1 69821:1 70161:1 70166:2 70422:1 70743:1 70744:1 70749:2 70915:1 70916:1 70917:1 70923:1 71359:1 71612:1 71614:2 71836:1 72114:1 72115:1 72394:2 72395:2 72629:2 72633:1 72636:1 72932:4 73183:1 73185:1 73430:1 73432:1 73434:1 73435:1 73437:1 73683:3 73879:1 74171:1 74449:1 74450:1 74451:1 74454:1 74455:1 74457:1 74745:1 74747:1 75064:1 75069:1 75459:1 75461:1 75462:1 75789:1 75792:1 76206:1 76207:1 76213:2 76507:1 76509:1 76510:1 76511:1
avon	67068:2 67383:1 67553:3 67555:2 67794:1 67795:6 67798:1 67937:5 67938:1 68273:1 68279:3 68383:2 68387:1 68881:1 68882:1 69177:3 69534:2 69812:2 70161:5 70421:1 70749:1 70914:1 70923:1 71357:2 71358:1 71614:2 71836:1 71842:1 72115:1 72396:1 72629:1 72630:1 72631:1 72634:1 72933:1 73182:2 73184:1 73431:6 73432:1 73434:3 73683:2 73684:4 73685:3 73877:1 74169:2 74449:3 74455:2 74457:2 74744:1 74745:1 74749:1 75065:1 75066:1 75458:3 75459:1 75792:1 75793:1 76206:1 76207:1 76508:2 76511:1
avou	70166:1 71835:1 72932:1
avril	67068:1 67383:1 67555:1 68640:1 68889:1 69186:1 69543:1 69811:1 70165:1 70167:1 72393:1 72399:1 72934:1 72936:1 73188:1 73189:1 75459:2 75462:1 75794:1 76208:1 76209:1 76509:2 76511:2
avum	69179:1
avèrent	70167:1 74167:1
award	70751:1 72120:2
ax	68640:1
axe	67795:1 67937:1 68279:5 68639:4 68882:1 68883:1 69812:1 72119:1 72395:1 72631:1 73430:2 73684:1 73875:1 74748:1
axel	75458:3 75790:1
axer	72115:1
axé	67555:1 67798:2 67803:1 70916:1 71361:1 71362:1 71617:1 72631:1 73184:1 74450:1 75065:1
ayant	67940:1 68274:1 68279:1 68280:1 68387:2 68390:1 68881:1 69177:2 69183:1 69533:1 69535:1 69539:1 69819:1 70161:1 70163:1 70421:1 70423:1 70751:1 72115:1 72935:1 72936:1 73430:1 73683:2 73879:1 74167:1 74171:1 74450:1 74745:1 74748:1 74750:1 75063:2 75065:2 75466:1 75789:2 75793:3 75794:1 76208:1 76210:1 76211:1 76511:1
azimut	71835:1
azot	67387:1 67388:1 68645:1 69183:1 71615:1 71837:1 72397:4 74752:1
azotur	69183:2
azur	67553:1 68393:1 73683:2 75789:1
açor	74170:1
aérien	67553:1 70420:1 71358:1 71617:1 71840:2 74167:1
aérodynam	71615:3 71617:1 74745:1
aéromaritim	72937:1
aéronaut	67068:1 68280:1 68383:1 68392:1 68393:1 68642:1 68888:2 70914:1 71358:6 71615:1 71840:3 72113:3 72636:2 72937:1 73687:5 73879:1 73884:2 74167:1 74745:1 74751:1 75066:1 75792:1 76207:2 76510:2
aéronef	68393:1 72636:2
aéroport	70425:1 71617:2 72933:4 73875:1
aéroportuair	72933:3 73875:1
aérospatial	71358:1 75795:1
aérotechn	71358:1
aérotherm	71615:3
aîn	68882:1 72936:1
b	67801:4 67946:2 69177:1 71836:4 72395:1 73183:1 73884:1 74746:2 75069:1 76515:3
ba	70916:2
babethanol	72630:1
bac	68273:1 70161:1 71358:2 73437:2 75071:1 75457:1
baccalauréat	68888:1 70161:1 72636:1 75457:1
bach	67937:2
bachelard	75459:1
bacheli	75457:6
bachelor	75457:6
bacter	67385:3 67937:1 68385:1 69183:8 69815:1 70746:3 71621:1 73432:2 74452:1 76511:2
bactéricid	72634:1
bactérien	69183:1 69815:1 70922:1 71612:1 73432:1 75067:1 76514:1
bagag	71612:1
bagarr	72114:1
bagu	74454:3
bahru	71840:1
baign	76508:1
bailleur	67794:1
bain	70746:1 76516:1
baiss	67558:1 68390:1 70422:1
bak	75459:1
bal	67798:1 75793:3
balai	68391:1 70420:1 72938:1
balanc	68383:1 69537:1
balanit	75458:2
balard	75792:1
balayag	67939:3
balbuti	74450:1 76507:1
ballest	76206:4
ballon	69179:1 70916:1 75789:6
baltiqu	69811:1
baléar	70916:1
bamako	75458:1
banal	69812:1 71614:1 72392:1
banalis	76209:1
banc	68638:1 70916:1 74168:1 75064:1
bancair	73875:1
band	67939:1 68280:1 69181:1 70743:1 71836:1 75458:3
bang	70424:1
bangalor	69180:2
banglad	73185:1
bangladesh	73185:2
banjamin	74450:1
bank	73185:1
banlieu	75459:1
banni	71358:1 74746:1
banqu	68383:1 72115:1 72629:2 72933:1 73185:1 73432:3 75063:2 75065:1 76211:1
banqui	73185:1
banquis	69533:1 73183:5
bao	70424:1
baptis	67937:1 67939:1 67941:1 68274:1 68279:1 68638:1 68881:1 69179:1 69182:1 69535:1 70162:1 70424:1 71357:1 71359:1 71615:1 71841:1 72118:1 72629:1 72633:1 72637:1 72934:1 73433:1 73434:1 73683:1 73684:1 73687:1 73876:1 74168:1 74746:1 75067:1 75068:1 75458:1 75789:1 75790:3 76508:1
baptist	67938:1 71836:1
bar	75067:1
barand	68638:1
barbar	68274:1 70422:2 73188:1
barcelon	68387:1
barqu	73683:1
barquet	67383:1
barr	71358:1 71840:1
barracud	73875:1
barrag	67944:1 70165:1
barreau	72934:2
barri	68389:2 70751:1 70921:1 73184:3
bart	69177:2 75459:2
baryon	70424:1
baryonic	70424:1
bas	67387:5 67388:1 67390:2 67554:1 67557:1 67796:1 67802:1 67939:2 67941:1 67945:1 68273:1 68279:1 68280:1 68383:1 68386:1 68640:2 68642:1 68644:1 68881:4 68885:1 68886:1 69179:1 69180:1 69534:1 69535:2 69811:1 69812:1 69814:2 69815:1 69821:1 70164:1 70420:2 70423:1 70744:1 70915:1 71358:1 71360:1 71614:1 71836:1 71840:1 72114:4 72115:2 72118:1 72392:2 72630:1 72631:1 72634:1 72635:1 72935:3 72940:1 73184:1 73185:1 73187:1 73431:1 73433:1 73435:2 73436:2 73684:1 73686:2 73879:2 74167:2 74168:1 74171:2 74450:1 74451:1 74453:1 74746:2 74749:1 75068:1 75069:2 75457:1 75458:2 75788:1 75789:1 76207:2 76210:1 76508:1
bascul	74169:1
basiqu	72630:1
bass	67939:1 67942:1 67943:1 69179:1 69537:1 69818:2 70163:1 72939:1 75460:1 75794:1 76515:1
bassin	67385:1 70743:2 70916:5 70917:4 74455:1
bastien	74450:1
bataill	69178:1 70917:1 72933:1 74167:1
bateau	68883:1 70916:2 73183:2 73434:1 73683:8 74170:1 74450:1
batiénerg	70169:2
batt	68279:1 68883:1
battent	67387:1 72933:1
batter	67386:1 68640:5 70163:1
battr	73877:1
bauc	74175:1
bcar	72121:2
be	67795:4 70161:5 70915:1
beau	70422:2 72117:1 72630:2 72937:1 74167:1 74749:1 76209:1
beaucoup	67383:3 67553:2 67554:1 67555:1 67800:1 67937:1 67938:1 68276:1 68383:4 68387:1 68638:2 68885:2 69177:2 70161:3 70166:1 70421:1 70424:1 70743:1 70745:1 70916:1 71357:2 71358:1 71614:1 71621:1 71835:2 72116:1 72393:1 72394:3 72396:1 72633:1 72932:7 73182:1 73185:2 73188:1 73430:2 73432:1 73433:1 73683:1 73685:1 73875:1 73876:1 73878:1 73880:1 74167:5 74169:1 74172:1 74450:1 74452:1 74455:1 74457:1 74744:1 74747:1 74749:1 74752:1 75457:1 75788:1 75793:1 75794:1 76206:4 76213:1 76509:1
beaujol	73684:1
beauv	68273:1
beav	69542:1
beb	68881:1 72401:1
becoulet	74168:1
beig	69816:1 72635:1
beihang	68888:3
bel	67068:2 68881:1 69535:1 70161:1 71612:1 71621:1 72396:1 72630:2 72633:1 72933:1 73185:1 74172:1 75792:1 76207:1
belg	69178:1 72630:2 72932:1
belgiqu	67944:1 69178:1 69179:1 69534:1 71361:1 71615:1 72394:2 74749:1 75069:1
ben	69821:1
benef	67557:1
benfield	72939:1
benharrosh	74450:1
benjamin	74450:1 76207:1
benoit	68273:5
berceau	68881:1
berck	67940:1
berkeley	70422:1
berlin	67389:1 68386:1 73186:1
bernard	68390:1 69540:1 70167:1 70914:2 72392:1 72397:1 72633:1 73189:1 74173:1 74744:2 76210:2 76507:2
berthet	73876:6
bertin	71614:7 73879:1
bertrand	67937:1
besançon	74455:2
besnard	72631:7
besoin	67383:1 67553:1 67554:1 67557:1 67794:2 67799:1 68276:1 68281:1 68638:1 69177:2 69535:3 69537:1 69539:1 69812:1 69816:1 70161:1 70164:1 70420:1 70422:1 71617:1 71619:1 71621:1 71836:1 72113:1 72114:1 72115:1 72117:1 72395:1 72398:1 72635:1 72935:1 73430:2 73432:1 73434:1 73436:1 73876:1 73877:1 74167:1 74450:1 74744:2 74745:1 74749:1 74751:1 75064:3 75069:4 75457:1 75458:1 76209:1 76213:1 76511:1
bet	75066:1
beuff	74455:4
bi	67795:1 67940:1 70166:1 70422:1 70921:1 71838:1 72116:1 72393:1 74168:1 76210:1
biauss	72936:1
bibliograph	69186:1 76511:1
bibliothequ	72932:1
bic	67391:1
bidault	70747:1
bien	67068:1 67383:2 67386:1 67388:1 67389:1 67794:1 67798:5 67800:1 67937:3 67939:1 68273:1 68276:1 68283:1 68383:1 68391:1 68638:2 68881:1 69184:2 69186:1 69534:1 69535:2 69812:1 69813:1 69817:1 70161:7 70163:1 70166:1 70421:2 70422:2 70429:1 70744:1 70745:1 70749:3 70914:1 70915:2 70917:2 70918:1 71357:4 71358:1 71359:1 71612:1 71614:1 71835:4 72115:1 72116:1 72392:1 72396:1 72629:2 72632:1 72637:1 72932:2 72938:1 73182:3 73185:1 73186:1 73430:2 73434:1 73683:3 73684:1 73685:1 74167:6 74169:1 74172:1 74449:1 74455:1 74457:1 74748:1 74751:2 74752:1 75064:1 75069:2 75458:1 75463:1 75465:4 75466:1 75790:1 75793:12 75797:2 76208:1 76209:1 76213:1 76508:2 76511:3 76515:1
biennal	69542:1 74176:1
bientôt	67555:1 68283:1 70421:1 70749:1 73434:1 73877:1 73879:1 75793:1 76509:1 76513:1
bienvenu	70420:1
big	70424:1 74748:1 75796:1
bigot	70914:2 72392:1
bilan	67555:2 67795:2 67939:1 70915:1 71614:1 72113:1 73877:1
bill	68644:1 69540:3
billion	70425:1
binair	69540:1
binoculair	71841:1
binôm	74172:1 74752:1
bio	68881:1 72396:1 72630:1 73691:1 75464:1
bioallianc	75065:7
bioaxial	74451:5
biocapteur	70423:1
biocarbur	67385:2 70920:1 71617:1 72121:1 75066:1
biochim	68387:1 69184:1 71837:1 72115:2 74173:1
biocitech	67799:1 71360:1
bioclimat	69816:1
biocompatibl	71616:1
biocor	67385:2
biodiesel	68385:1
biodivers	67071:2 67387:1 68283:1 68882:1 68889:1 69812:4 71621:1 72398:1 73183:1 73877:1 74452:1 74457:1
biodégrad	70423:1 75464:1
biofidel	73431:1
biofilm	70746:9
biofund	73686:1
biogaz	67385:2 68881:1 73690:2
biogenes	67391:1
biogéochim	70916:1
bioindustr	73190:1
bioindustriel	72634:1
bioinformat	74452:2
biolog	67068:1 67071:2 67390:1 67556:1 67798:1 67937:1 68277:1 68279:3 68385:1 68643:3 68645:1 68887:1 69180:1 69539:2 69540:1 69812:1 70420:1 70745:1 70746:1 70919:1 71618:1 71620:7 71837:2 72115:1 72397:1 72398:1 72631:1 73183:2 73688:3 73877:2 74173:1 74452:2 74453:2 74457:1 74744:1 75067:2 75458:1 75790:1 76213:3 76511:2
biology	71837:1 73183:1
bioluminescent	73688:3
biom	69182:1 69538:1 70426:1 71616:3 72630:1 72940:1 73877:1
biomarqueur	68646:1 69815:2 73432:3 75793:2
biomass	72121:1
biomatérial	71612:3 71616:1 74454:1 75067:1
biometr	72633:1 73879:1
biomimet	67390:1 71612:3
biomédic	72938:2
biomédical	67068:1
biométhan	67385:1
biopharmaceut	72118:1 72935:1
biophyt	67799:2 71360:3
biopolymer	70746:1 71616:1
bioproduct	72938:1
bioprotein	73184:1
biopuc	75460:1
bioscienc	70168:1
biosimilair	72938:5
biosimul	73187:1 74453:1
biosip	67799:1
biosynthes	76511:1
biotech	67798:3 75793:1
biotechnolog	67388:1 67800:1 67946:3 68277:1 68384:4 68385:1 70168:1 72121:2 73190:1 73433:1 73691:2 74455:1 75071:1
biotechnology	72121:1 73878:1
biothon	74452:2
biotis	71842:1
biovalley	74453:1
biovis	75465:3
bioénerg	72121:3
bioénerget	68385:1
bioéquivalent	72938:1
biphoton	73189:1
bipolair	69179:1
bipolar	69179:1
bisannuel	75795:1
biscaross	69542:4
biscarossais	69542:1
bischoff	74453:1
bistour	70918:1
bit	69540:4
bivalent	72935:1
bivalv	76210:1
bivb	73877:3
bixill	71360:1
blanc	68279:1 73684:4 73876:1 73877:1 76206:1
blanch	69814:1 70163:1 71842:1 72121:1
bleu	69539:2 72118:1 72630:11
bleus	72630:1
bloc	67554:1 71614:2
blocag	68388:2 75794:1 76213:1
blocus	72630:1
bloqu	67937:2 69820:1 71843:1 72117:1 75794:2
blu	70164:3
bluff	75063:1 75793:1
blériot	68383:1 74751:1
bmbf	68642:1
bo	73684:1
bobin	69179:1
bodet	72636:2
boeing	74745:1
bois	67387:1 72113:1 73683:2
boisson	74453:1 75462:1
boiteux	75792:1
bologn	69179:1
bomb	67937:2
bombay	69180:1
bombyx	70425:3
bon	67385:1 67386:1 67558:1 67798:1 67800:1 67937:1 68881:1 68882:1 69177:1 69819:1 70161:1 70163:1 70421:1 70422:1 70749:1 70914:1 70915:2 71357:1 71359:1 71616:1 71835:2 72114:1 72629:1 72634:1 72932:1 73182:2 73183:1 73185:1 73187:3 73432:1 73683:2 73684:2 74750:1 75069:1 75070:1 75459:1 75461:1 75790:1 75792:1 76207:1 76513:1
bongo	73684:4
bonheur	71837:1
bonhomm	73684:2
bonnev	70915:3
bonod	70747:1
boom	73182:1
boost	68393:1 76511:2
boostent	73688:1
bor	71361:1 72397:4
bord	67939:1 68383:1 68644:1 68645:1 68883:1 69177:3 69179:1 69542:1 69811:1 70165:1 70424:1 70916:1 70917:1 71836:1 72634:1 72933:1 73183:1 73190:1 73434:1 73683:3 73684:1 74751:1 76508:1
bordeau	67391:2 67801:3 68388:1 68641:1 68646:1 70422:1 72117:2 73431:2 73882:2 74176:1 74749:1 75067:3 75457:3 75793:1 75795:2
bordel	67801:1 73431:2 76206:1
bordelais	73431:1
borg	73683:1
born	72635:2
borsal	70423:1
boss	72632:1
boston	76208:1
bou	70916:1
bouch	68385:1 68643:1 69534:3 72631:1 72634:1 74752:1 75790:2
bouchemou	70422:2
boucl	69811:1 71619:1 72116:1 73683:1 75793:1 76510:1
boud	76209:1
bouff	71366:1 72113:1 72934:1
boug	74169:1 75794:1
bougent	70744:1 75794:1
bougogn	72116:1
boui	68641:1
boulanger	74752:1
boulet	75788:3
boulevers	67939:1 71837:1 72632:1 73876:1 76213:1
boulogn	70164:1
bouquet	73182:1
bourdel	72939:2
bourg	72394:1 76514:1
bourgain	72932:1
bourgeon	72631:1
bourget	73687:2
bourgogn	67553:1 67795:1 68279:6 68387:1 69817:1 70420:2 70428:1 70745:1 70749:1 71359:1 71619:1 71842:3 72116:1 72394:2 72396:2 72631:1 72634:3 73184:1 73685:1 73877:10 73879:2 74169:1 74172:1 74455:1 74749:1 75063:1 76206:2
bourgois	73183:1
bourguignon	68279:1 68387:2 70420:1 73685:1 73877:5 74172:1
bourin	67794:2
bourlingu	72114:1 73430:1 74450:1
bours	68390:1 71612:5 73884:1 74746:3
boursi	68276:1 70161:1
bouscul	69821:1 72113:1 74169:1
bout	67794:1 67802:1 71357:1 72114:2 72119:1 72932:1 74457:1
boutad	67068:1
bouteil	69812:1 73684:6
bouton	69813:1
boutt	72398:1
bouygu	68383:1
bovin	67388:1
bowl	73183:1
boyl	68386:1
boëtsch	75458:6
boît	67383:1 67554:1 70420:1 71359:1 72939:1
bpi	72933:1
bpifranc	75065:1
braibart	74451:1
branch	68383:2 72113:1 72933:1 73432:1 73875:1 75071:1
bras	67941:1 70422:1 72117:1 74167:1 74749:1
brasser	69534:1
brasson	72630:1
braun	68881:4
brecht	67389:1
bref	68638:1 76510:1
breizh	68883:1
bress	72394:1 76514:1
brest	68883:2 74170:2 74449:1 75460:1
bretagn	67553:1 67944:5 67946:1 68883:3 69534:1 69542:1 74170:2 75460:2
breteni	68279:1 71842:4
bretillon	73184:1
breton	67946:2
breuillet	72396:2 74172:1 76511:1
brevet	67383:1 67385:1 68273:4 68274:3 68390:1 69813:1 69815:1 71360:1 71614:1 71621:1 71835:1 71843:1 72115:1 72117:2 72630:1 72633:1 72634:1 72635:1 72938:1 73184:1 73187:1 73431:3 74167:1 74451:1 76208:1 76508:1 76511:1
brgm	67071:1
brian	72115:1
briand	75790:1
bric	68882:1 72396:1
bridg	73875:1
briev	74449:1 75458:1
brig	71614:2
brill	68276:1 69821:1 70161:1 73684:1
brillanc	73189:1
brin	68644:5 70425:2 70747:2 75070:2
brio	70422:1 71835:1 72636:1
briqu	67390:2 67554:1 72635:1 75063:2 75792:1 76210:1 76508:2
bris	68274:3 68389:1 75462:2
bristol	70922:1
britann	73875:1
brochet	74745:2
bronchit	68881:1
bross	67388:1
brouillard	67796:1
brouss	69542:1 75458:1
broyag	68279:1
bru	68888:2
brui	74745:1
bruit	67796:1 70421:1 71615:2 71617:2 73688:2 74745:1 76508:4
bruneau	73879:3
bruno	67937:1 71366:1 72113:7 72633:1 73430:8 73431:2 76508:2
brut	72396:1 74452:1
bruxel	67804:1 68386:1 72394:1
bruyer	70914:1
brésil	67553:1 69185:1 72396:1 75788:3 75792:2
brésilien	67939:1 71362:2 73878:1
brûl	67068:1 70421:1 73877:2
brûleur	70426:1
bt	70161:1 75071:1 75457:2
btob	72395:1
btp	67941:1 68383:1
bucco	75067:1
buck	75790:1
budget	67557:1 69538:1 70164:1 71359:1 71837:1 73683:1 74169:1 75065:1
budgétair	73432:2
bugat	72629:8
bugey	74167:1
bulb	71842:1
bulgar	73875:2
bull	67558:2 70914:5 72113:1 73182:1 75794:1
bulletin	67802:1 70915:1 73434:1
bur	72932:1
bureau	69177:1 69181:1 69185:1 70169:2 70422:1 72393:2 73877:1 75064:1 76508:1
burkin	75458:3
bus	70162:1 71836:1 72114:2
business	73876:4
busson	70747:1
but	68639:1 69181:1 69538:1 70164:1 70425:1 70920:1 70923:1 71617:1 72936:1 73190:1 75069:1 75791:1
buv	68387:1
buveur	68387:1
buy	73875:1
bv	69534:1
by	71617:2
bât	68277:2 68279:1 68280:1 68642:1 69185:1 69814:1 69818:1 70162:1 70166:1 70169:1 70420:1 70421:1 70749:1 70751:1 71842:3 72634:1 73185:1 73875:2 73876:1 73883:2 74169:1 75071:1 75459:1 75792:2 75793:4 76511:1
bécoulet	74168:1
béhar	72392:2
bénef	68387:2 74450:1
bénign	72117:1
bénin	67801:1
béninois	71614:1
bénéfic	67553:1 67557:1 67798:1 68383:1 68645:1 68885:1 70422:2 70426:1 70918:1 71359:1 72114:1 75069:1
bénéfici	67554:1 67939:1 67944:1 68273:1 68275:1 68280:1 68385:1 68643:1 69540:1 69812:1 69814:1 70420:1 70748:1 70923:1 71837:1 72394:1 73433:1 73685:1 73879:1 74450:1 74746:1 75461:1 75465:1 76207:1 76209:1 76508:1
bénéficient	68885:1 71360:1 71617:1 73185:1 74167:1
bénévol	74748:1
béreng	74454:1
béroud	73878:1
béryllium	74168:1
bétail	75458:1
béton	74749:1
bêt	67802:9 68887:1 70914:1 72117:1 73184:2 75458:1
c	67558:3 68638:1 68640:2 68644:1 69178:2 69533:2 69819:1 70424:1 70426:3 70916:1 72119:2 72395:1 72396:1 73432:1 73683:2 74745:1 75066:1 75069:1 75459:1 75463:1 75464:2 76207:4 76210:1
ca	70916:1
cabinet	69185:1 71361:2
cach	70420:1
cachan	69820:1 73883:1
cachent	72401:1
cad	72113:1
cadam	70914:1
cadarach	68385:2 70915:1 72392:2 74168:3 75064:2
cadenc	67554:1 72934:2
cadmium	72114:1
cadoret	73433:1
cadr	73875:3
caen	67943:1 69178:2 72939:1 75460:1 76515:2
caf	70921:1
caffarel	70914:1
cahi	70915:1 73689:1 74450:1 76212:1
caill	75458:1
caillag	67388:1
caillet	67388:1
cailloux	68279:1
caiss	68273:1 72633:2
cal	71361:1
calcair	68279:2
calcium	69819:1 71612:1 76210:1
calcul	69178:1 69180:1 69182:1 70421:1 70424:1 70914:14 71835:1 74452:2 74744:4 74745:5 75796:1 76509:2
calendri	70915:1
calibr	70161:2
californ	68274:1 68881:3 70422:1 73188:1
californi	68881:1 70919:1
californien	68881:1
calm	72396:1
calorimetr	75067:3
calott	69811:2
caltech	68881:6 70422:1 70919:2
calv	67940:1
calvet	75067:1
calédon	73433:2
calédonien	73433:1
camarad	74450:1
camb	75066:1
cambres	72635:1
camembert	72634:1
camer	67554:1 67796:2 69540:1 70162:1 70420:6 70424:3 71839:1 73186:2 73879:1
cameron	71614:1
cameroun	67391:1 73684:1 74450:1
camill	70749:1 73683:2
camion	75458:1
campagn	67937:1 69177:1 69813:1 70164:1 70916:7 71616:1 74170:1 75064:1
camphuis	71359:4
campus	67798:1 67945:1 68281:2 71358:1 71362:1 71363:1 71835:1 73687:1 74175:4 74751:1 75068:2 75457:2 75791:1 76207:1
can	72934:1
canad	69542:2 69820:1 71614:1 73183:1 74450:1 74745:1 76206:1
canadien	69542:1 70163:1
canal	71843:1 72115:2 72397:1 72635:2 73878:1 75794:5 76208:1
canar	74170:1
canc	68881:1 70918:1 70919:1 72631:1 72935:1 73184:2 73691:4 74454:4 74455:2 75065:6 75459:1
cancer	69539:1 70922:1 72935:1 75459:2 76511:1
cancérolog	72116:1 75065:1 76208:1
cancéropôl	70918:1
candidat	71360:2 72113:1 72935:1 73430:1 73432:1 76206:1
candidatur	73683:2 75066:1 75068:1
cann	74746:1
cantal	68885:1
cantogeth	69538:2
canton	74752:1
cao	75064:1
caoutchouc	70752:1 75464:1
cap	71359:1 72122:1 72395:1 72630:2 73430:3 76508:1
capabilit	71358:1
capabl	67553:1 67557:1 67798:1 67941:1 68278:1 68280:1 68387:1 68638:1 68643:1 68883:1 69182:1 69818:1 70167:1 70420:1 70421:2 70423:1 70425:3 70744:2 70746:1 70747:2 70914:1 70919:1 71359:3 71614:1 71836:1 72114:6 72397:1 72932:1 72933:2 73187:1 73432:2 74450:1 74745:1 75063:3 75065:1 75067:1 75459:1 75460:1 75789:3 75794:1 76207:1 76208:1 76507:1
capac	67386:1 67388:1 67796:2 68273:1 68392:1 68638:1 69177:1 69533:1 69535:1 69812:1 70161:2 70423:1 70424:1 70743:1 70753:1 70914:1 70916:1 71359:1 71618:1 71836:2 72113:1 72115:1 72397:2 72635:1 72932:1 73184:1 73432:2 73436:1 73879:2 74167:1 74173:1 74449:3 74451:1 74454:1 74745:1 75068:1 75458:1 75459:1 75789:1 75793:1 76213:1 76508:1
capenerg	68393:1
capital	67390:1 67794:1 70161:1 70746:1 70914:1 71360:2 71361:1 71614:2 72113:1 72392:1 72629:1 72631:1 73432:1 73683:1 73686:1 73691:1 73875:1 73879:1 74167:1 74168:1 74451:1 75460:1 76510:1
capitalis	74751:1
caprin	68885:2
capsul	70166:1 75462:5
capsula	75462:1
capt	67553:1 67938:1 68391:1 68884:1 70426:1 70747:1 72395:1 76511:1
captag	75067:1
captent	70747:1
capteur	67386:7 67554:1 67796:3 68881:1 68883:1 69818:1 70421:1 70425:1 70916:1 71359:1 75460:1
captiv	70917:2
captur	67800:1 69177:1 70162:1 70425:2 73186:1 74751:1
capénerg	68884:1
caquet	74450:1
car	67937:1 67939:1 68389:1 69821:1 70161:1 70421:1 70423:1 70744:1 71621:1 71835:2 72396:1 73183:1 73432:1 73684:1 74455:1 75067:3 75458:1 75793:1 75794:1 75797:1 76206:1 76511:1
caracter	69182:1 72113:1 72393:1
caractéris	67071:1 67390:1 67556:1 67799:1 67800:1 67938:1 68643:1 68887:1 69538:1 69813:1 69814:1 69817:1 70420:4 71620:1 71841:1 72115:1 72392:1 73437:1 74171:1 74174:1 75065:1 75069:1 75459:1 75794:1 76511:1 76516:1
caractérist	67387:2 67388:1 67555:1 68276:1 69186:1 69539:1 70423:1 70426:1 70747:1 70919:1 71619:1 71836:1 72113:1 72114:1 72632:1 73879:1 74750:1 75461:1 75793:2 75794:1 76511:1
carbon	67385:1 67387:1 68283:1 68882:1 69179:1 69533:1 69811:1 71615:1 71836:2 71838:1 72114:1 74168:5 74750:1 75789:1
carbonat	69819:1 76210:1
carbur	69814:1 70920:3 71615:2 71617:1 71840:1 72933:1 74167:1 74745:1 75792:1
carcinom	75065:4
cardiaqu	71614:1
cardio	71616:2
cardiométabol	67799:1
cardiométabolim	71360:1
cardiovasculair	68277:1 69534:1 72116:1 73184:1 75459:1 76511:2
cardon	68273:1
caren	73683:1 75066:1
caress	73683:1
cargill	72394:2
caricatural	74457:1
carignan	73684:4
cariou	70916:1
carlo	76511:1
carmejan	68885:1
carminatt	67068:1
carnet	73875:1
carnot	69814:2 70161:2 70753:2 71612:2 72121:1 75792:1
carolin	68281:1
carr	69812:1 70167:1 72397:1 73683:1 74168:1
carraro	70161:9 75457:4
carreau	70424:1
carrefour	73876:1 73884:2
carri	67068:1 67383:2 67937:1 68392:1 69812:1 70161:1 70165:2 71837:1 71842:1 72394:1 72932:2 73430:2 73683:3 73684:1 73879:1 74455:1 75063:1 75459:1
carril	69811:1
carroll	67938:1
cart	67554:1 68885:1 69535:2 69537:4 69812:3 69813:2 69816:1 70162:1 70916:1 72392:1 73183:1 73186:1 73684:1 73879:2 74450:2 75788:1 76208:1 76507:1
carti	71363:1
cartogaphi	69537:1
cartograph	67389:1 67944:2 69537:3 69811:1 69813:1 70424:2 71836:1 72392:3 72629:1 73186:1 75788:1 75789:3
cartographi	67389:1 70424:1 71618:1 73880:2
cartographient	69539:1
carton	71614:1
cas	67554:2 67556:2 67798:1 68274:2 68646:1 69185:1 70166:1 70421:1 70916:1 71621:1 71835:1 72113:1 73684:1 73876:1 74454:2 75065:1 75067:1 76208:1
casablanc	72936:5 73875:1
cascad	67556:1
casqu	70162:1 70421:4
casquet	75063:1
cass	68886:1 69178:1 76512:2
cassabl	68280:1
cassent	68886:1
castillon	70917:1
cataclysm	67794:2 73880:1
catalin	69542:1
catalogn	70916:1
catalogu	73879:1 74747:1
catalys	67561:2 70425:1
catalyseur	67795:1 68280:1 72113:1 73436:1 74174:1
catalyz	75465:1
catar	72630:1
catastroph	67794:1 70915:1 72629:3 75789:2 76507:1
cathar	72630:1
catherin	68281:1 68882:1 70914:3 72940:1 75069:4
cathol	67940:2
cation	68390:1
catopsy	72939:1
catégor	67554:1 67944:1 69179:1 73878:1 74449:1 75066:9 75458:1
caus	67387:1 67556:3 68383:1 68388:1 68886:2 70917:1 73434:1 74173:1 75065:1 75069:1 75458:1
causal	73184:1
causs	71621:1
caution	75793:1
caviar	70917:1
cavit	71612:2
cayot	72394:6
cazenav	73434:2
cb	69541:1
cbb	67946:1
cbd	68646:1
cbmn	75067:1
cci	67553:2 70170:1
ccip	70168:1
ccj	73683:1
ccl	68388:6
ccrt	74744:7 74745:4
cd	69821:1 72631:4
cdc	71616:1
cdio	70161:1
cdte	72114:1
cdti	68642:1
ce	67071:1 67390:1 67554:6 67558:1 67800:2 67943:2 68385:2 68638:5 68640:2 68645:2 68881:7 68884:1 68886:3 69178:2 69186:1 69533:3 69539:1 69816:1 70162:5 70163:3 70421:8 70424:1 70914:7 70915:6 70919:2 71838:1 71839:1 72114:2 72115:4 72392:7 72629:3 73183:1 73186:1 73189:1 73879:1 74168:8 74451:2 74744:4 74745:1 75064:5 75065:1 75067:1 75070:1 75463:3 75789:3 75792:5 75795:1 76207:4 76510:2 76516:1
cec	67555:1 67794:1 69177:1 69818:1 69819:1 70922:1 71359:1 72933:1 74750:1 75794:1 76207:2
cecal	68885:3
ced	71614:1 72633:1 76511:1
ceintur	67939:1 67942:1 68274:2 75458:2
celi	75067:1
celllul	67389:1
cellul	67389:10 67556:1 67801:1 67802:14 68277:1 68387:1 68388:3 68642:1 68887:4 69184:1 69539:5 69541:1 70162:1 70167:1 70423:1 70746:2 70747:1 70919:2 70922:1 72114:2 72116:2 72117:1 72636:2 72935:1 73432:1 73436:3 74173:3 74451:2 74453:1 75065:4 75067:1 75789:5 76511:1
cellulair	67556:2 68887:1 69183:1 72116:8 72397:1 73184:1
cellulos	74750:1
celui	67068:1 67071:1 67389:1 67391:1 67554:1 67794:1 67798:1 67941:1 68273:2 68274:1 68275:1 68276:1 68283:1 68383:1 68640:1 68643:1 68645:1 68881:1 68882:3 68884:1 68886:1 68887:1 69177:2 69178:1 69185:1 69536:1 69538:1 69540:2 69811:2 69819:1 69820:1 69821:1 70162:1 70163:1 70165:1 70166:1 70168:2 70421:3 70425:1 70749:1 70753:1 70914:1 70917:1 71357:1 71361:1 71614:1 71615:1 71621:1 71835:2 72113:3 72116:1 72117:1 72118:1 72394:1 72397:2 72629:1 72630:1 72631:2 72633:1 72634:1 72932:4 73182:1 73184:1 73185:1 73186:1 73190:1 73430:2 73683:1 73684:2 73685:1 73687:1 73875:2 73876:1 73877:2 74167:3 74455:1 74744:2 74745:1 74746:4 74749:2 74750:1 74752:1 75065:2 75068:1 75070:1 75458:3 75459:3 75792:1 76206:1 76207:1 76213:2 76507:1 76508:1 76511:2
cem	69814:1 72119:2
cemafroid	72393:4
cemagref	67071:2 67557:1 68275:3 68283:2 72393:1
cen	67798:10 69178:3 75458:1 75793:3
cenaero	71615:1
cens	76209:1
cent	67388:1 68638:1 69180:1 71837:1 73875:1 75788:3
centain	67068:1 68389:1 68638:1 68644:1 68885:1 69181:1 69813:1 69820:1 70167:1 70421:1 70422:1 70744:1 71615:1 71835:2 71837:2 72115:1 72122:1 72630:2 72933:1 72934:1 72937:1 72940:1 73186:2 73438:1 73684:1 73875:1 73878:2 74450:3 74751:1 75464:1 76508:1
centenair	69542:1 70422:1
centimetr	70167:1 72934:1 73684:2
centiv	69534:1
central	67556:1 67937:1 67940:1 67941:1 68383:1 68391:1 68886:1 68888:4 69181:1 69814:1 69820:1 70426:2 70743:3 70747:1 70915:1 71619:1 71842:1 72392:1 72397:1 72936:8 73430:2 73876:3 73879:1 74168:1 74453:1 74751:2 76211:3
centralien	68383:7 68888:1 72936:1
centrifug	72399:1
cepend	67553:1 69533:1 70918:1 73878:1
ceramic	69819:1
cercl	71836:1 73183:1
cerfac	71615:1 73434:1
ceris	68273:4 73879:1 74450:1
cermav	70423:2
cern	68638:3
cert	67794:1 67798:1 67937:1 68391:1 68643:1 68882:1 69534:2 69540:1 70161:3 70166:2 70422:1 70423:1 70424:1 71842:1 72113:1 72114:2 72634:1 72932:3 72940:2 73185:2 73432:1 73684:1 73875:1 73876:1 74167:1 74168:1 74169:1 74457:1 75458:4 75459:1 76206:1 76213:1 76511:1
certain	67068:1 67388:1 67389:2 67391:1 67392:1 67553:6 67556:1 67558:1 67794:2 67795:1 67798:3 67802:1 67937:1 67939:2 67943:1 68273:2 68279:1 68383:1 68385:2 68387:3 68638:2 68643:2 68881:1 68882:1 69183:1 69184:3 69534:2 69813:1 69816:1 69820:1 69821:1 70161:2 70166:3 70420:4 70421:2 70422:1 70745:3 70746:1 70749:3 70914:2 70916:1 70919:2 70920:1 71357:2 71358:2 71359:1 71362:2 71612:1 71618:1 71621:1 71835:2 71836:2 71842:1 71843:1 72114:2 72392:2 72393:1 72631:1 72634:3 72636:1 72932:1 73182:1 73183:1 73184:1 73185:1 73190:1 73431:5 73432:2 73434:1 73436:2 73683:1 73685:1 73875:3 73876:1 73877:1 73879:1 74167:3 74169:1 74171:1 74449:1 74455:1 74457:1 74746:1 74752:1 75063:1 75067:1 75069:1 75458:3 75459:1 75460:1 75462:1 75466:1 75788:2 75789:1 75790:1 75793:5 75794:1 76207:2 76209:2 76507:1 76511:2
certif	68274:1 72933:1 74450:1
certifi	70165:1 72114:1
cerveau	67389:3 67801:2 67802:1 68388:3 68646:1 68887:1 69539:1 70744:1 73184:6 73189:1 73879:1 74171:1 74173:1 74453:1 74752:2 76213:1
cess	67383:1 68387:2 69535:1 70161:1 70916:1 70917:1 70922:1 71618:1 72113:1 72631:1 72635:1 72932:1 72933:1 72938:1 73183:1 73877:1 74745:2 74752:1 75457:1
cessent	69538:1 70429:1 73877:1
cession	72937:1
cetilab	70751:1
cetp	75459:4
ceux	67068:1 67937:1 67938:1 68280:1 68387:1 68389:1 68390:1 68885:1 68888:1 69183:1 69533:2 69814:1 69816:1 69821:1 70421:2 70425:1 70744:2 70745:1 70914:1 70916:1 71359:1 71837:1 71843:1 72114:1 72118:1 72401:1 72631:1 72932:1 72937:1 72939:1 73185:3 73430:1 73431:1 73436:1 73683:1 73684:3 73687:1 73877:1 73881:1 74749:1 75065:2 75067:1 75069:1 75458:1 75459:1 75461:1 76206:1 76208:1 76209:1 76213:1 76509:1
cfm	74745:2
cfp	69539:8
cgn	72116:1 72396:1
chabl	73684:1
chacun	67388:1 67553:1 67554:1 67555:3 67794:1 67798:1 68279:2 69182:1 69536:1 69541:2 69812:1 70743:1 70744:1 70916:1 70923:1 71357:1 71361:1 71363:1 71835:1 71836:1 72394:1 72630:1 72635:1 72934:2 72940:1 73184:1 73185:1 73876:1 73878:1 74450:1 74751:1 75788:2 76209:1 76212:1 76213:1
chain	67557:1 72393:1 72637:3
chair	67795:1 67798:1 68388:1 68393:4 69814:1 70426:3 70748:2 72398:4 72637:2 73182:2 73883:2 74751:2 74752:1
chaleur	67937:1 68280:1 69816:1 69818:2 70426:1 72934:2 73683:1 75462:2
challeng	67795:1 67798:1 68639:1 69543:1 69811:1 70422:2 71615:1 71845:1 72114:1 73684:1 74167:1 74168:1 74450:1 74744:1 74749:2
chamard	68391:2
chambr	67553:1 68273:2 69817:1 70168:1 70420:1 71842:1 72396:1 73190:1 74745:1 75071:1 75795:1
chameau	68881:2
champ	67068:1 67071:1 68389:1 69177:1 69182:1 69817:1 70167:1 70421:1 71366:1 71836:1 72121:1 72122:1 72939:1 73433:1 73880:1 74168:1 74457:1 74750:1 76208:1
champagn	73684:1 73877:1 75457:3
champignon	67937:1 68273:1 68387:1 70745:1 71837:4 76511:2
champion	68881:1 71617:1 75797:1
championship	74170:1
chanc	67068:1 67383:5 70422:1 70425:1 72631:1 72932:1 73882:1 75461:1 76210:1
chang	67071:1 67387:1 67794:4 67795:1 67803:2 67938:3 67939:1 67942:1 68280:1 68281:1 68383:1 68389:2 68645:2 68882:4 69182:1 69533:3 69535:1 69539:2 69816:4 69817:1 70161:1 70745:1 70916:2 70919:2 71363:1 71621:1 71837:2 72116:2 72393:1 72395:1 72637:1 72934:1 73183:5 73430:2 73876:1 73877:1 74168:1 75458:1 75463:1 75793:1 76213:4
changing	68645:1
chanti	67941:1 68383:1 72392:1 73683:1
chanvr	72634:1
chaotiqu	72932:1
chapdaniel	72637:2
chapel	71361:2
chapitr	68276:1 68882:1 71617:1
chaqu	67389:1 67553:1 67554:1 67555:1 67794:2 67798:1 67801:1 67803:1 67937:1 68273:1 68276:2 68383:1 68387:2 68389:1 68392:1 68644:1 68646:1 68881:2 68885:2 68889:1 69178:1 69182:4 69183:1 69185:1 69536:1 69540:1 69815:2 69816:2 70165:1 70421:1 70423:1 70914:1 70915:2 70916:1 70920:1 70923:3 71358:2 71362:3 71618:1 71835:1 72400:1 72630:1 72635:1 72932:1 72934:1 72940:1 73187:1 73430:3 73434:1 73435:1 73437:1 73438:1 73684:2 73689:1 73877:1 73881:1 74173:1 74452:1 74454:1 74747:1 74748:2 74749:1 74752:1 75064:2 75457:2 75458:2 76207:1 76208:1 76507:1 76511:1 76512:1
char	71836:1
charbon	70426:1
charcuter	69534:1
charcuti	72634:1
chardonnay	76206:3
charent	68885:1
charenton	72939:2
charg	67555:1 67801:2 67939:3 67941:5 68390:1 68640:2 68885:1 69177:1 69178:1 69179:6 69184:1 69533:1 70422:1 70428:1 70749:1 70915:1 70921:1 72116:1 72393:1 72394:1 72630:1 72634:2 72932:1 73431:1 73436:1 73683:1 73688:2 73689:1 74172:1 74450:2 74456:1 74746:2 75459:1 75789:1 75790:1 75792:1 76212:1
chargent	75458:1
charl	68277:3 68641:2 70167:1 71617:1 74746:5 75066:1
charmeil	69813:1
charpak	67068:3
charpenti	73683:1
chass	67553:1 75458:1
chaud	67391:1 68280:2 68389:1 69818:1 72393:1
chaudi	73877:1
chauff	68644:1 69819:1
chauffag	69818:1 74168:1
chazal	69534:1 72634:3
chaîn	67383:1 67554:1 67557:1 68388:1 68882:1 69177:1 69178:2 69814:1 69821:1 70165:1 70745:1 70746:1 70920:3 71366:1 72393:11 72637:1 73431:1 73877:1 74749:1 75069:1
chef	68274:1 70166:1 70916:1 70921:1 71619:1 72113:1 72395:1 74168:2 74172:1 74176:1 74744:1 74749:1 74752:3 75063:1 75068:1 75069:1 75458:1 75792:1 76511:1
cheikh	75458:2
chem	67558:1
chemcam	69177:1
chemical	73189:1
chemin	67798:1 67939:1 68881:1 70162:1 72631:1 74450:1 75064:1 75789:1
chemistry	70167:1 73436:1
chemoecology	72632:1
chemosen	69534:1
chenill	73684:1
cher	68881:1
cherch	67068:1 67383:2 67937:2 68274:1 68276:2 68885:1 70745:1 71358:1 72630:1 73183:1 73184:1 73430:1 73436:1 74168:2 75790:1 76213:1
cherchent	68283:1 71614:1 72940:1 74169:1
chercheur	67068:2 67383:3 67389:1 67937:1 67938:1 67939:1 68276:1 68280:1 68390:1 68641:1 68643:2 68882:2 69533:1 69812:5 69817:1 70421:4 70426:1 70744:1 70914:1 71835:3 71837:2 72115:2 72394:5 72630:2 72631:1 72932:1 73184:2 73432:3 73434:1 73435:1 74168:1 74449:1 74752:2 75458:1 75459:4 75462:1 75788:1 75790:3 75792:3 76206:1
chercheux	67386:1 70749:2 71612:1 75069:1
cherchon	69177:1 71612:1 75457:1
cherenkov	73186:1
cheval	71357:23 75065:2
chevelur	74744:1
cheveu	72934:1
cheveux	74744:3
chevill	73683:1
chevr	75458:1
chez	67389:2 67391:1 67555:1 67796:1 67799:1 67800:1 67802:1 67937:5 68383:1 68387:4 68388:1 68643:1 68645:1 68646:4 68881:1 68887:2 69184:2 69815:1 70162:2 70164:1 70420:1 70745:1 70749:2 70918:1 71357:1 71359:2 71614:2 71837:1 71841:1 71843:2 72118:1 72631:3 72632:2 72634:1 72636:1 72935:1 73184:3 73431:1 73686:1 73879:1 74167:2 74173:2 74449:2 74451:1 74454:1 74455:1 74749:1 75065:4 75069:2 75457:1 75458:1 75789:1 75793:2 76508:1 76511:5
chien	70425:1
chiffr	68274:1 68276:1 68638:1 68885:1 70166:2 70744:1 71361:1 71840:3 72633:1 73875:1 73878:3 74746:1 76508:1 76512:1
chil	73875:1
chilien	73875:3
chim	67068:2 67071:2 67561:3 68278:1 68280:2 68387:2 68643:1 68881:1 68885:1 69183:2 69536:1 70166:1 70167:1 70914:1 71362:1 71612:1 72115:1 72118:1 72394:1 72630:3 72634:1 73189:2 74173:1 74744:2 74750:2 74752:1 75067:2 75070:1 75461:1 75792:1 76206:2
chimio	74449:1
chimioembolis	75065:1
chimiokin	68388:7
chimiometr	67392:2
chimiothérap	70922:1 73686:1 75065:2
chimiqu	67388:1 67558:1 67800:2 68279:1 68388:1 68390:1 68639:1 68881:1 70162:1 70167:1 70423:1 70914:2 72113:1 72118:1 72630:1 72632:1 73436:1 74750:1 74752:1 75792:1 76206:2 76511:1 76514:1
chimist	70745:1 72115:1 72630:2 74752:2
chin	67942:1 68278:2 68642:1 68888:2 70920:1 71614:1 72114:1 72396:1 73430:1 74168:1 75064:1 75792:2 76512:1
chinois	68278:2 68888:6 70920:1 71362:1 72933:1 74745:1 76512:2
chirac	72629:1
chirped	68638:1
chirurg	68641:2 70918:1 71614:5 71616:5 73431:3
chirurgical	70918:1 71614:2 71616:1 73431:2 74454:2
chirurgien	70744:1 71614:4 73431:2
chloroplast	67800:1
choc	67801:1 69820:1 71357:1 73430:1
chocolat	67383:1
chois	67386:1 67555:2 67796:1 67945:1 68889:1 70421:1 70744:1 70753:1 71617:1 72113:1 72393:1 73185:2 73684:1 73875:1 73876:1 74456:1 74752:1 75066:1 75071:1 75458:1 75462:1
choix	67937:4 68644:1 69818:1 71840:1 72114:1 72631:1 72932:1 72933:1 72940:1 73185:1 73436:1 74168:1 74744:1 75457:1 75458:1 75792:1 76206:1
cholesterol	75459:1
cholesteryl	75459:1
cholestérol	67798:1 75459:5
cholestérolem	68387:1
choqu	74167:1
chos	67555:1 67794:1 69540:1 70166:1 70421:1 71843:1 73185:1 74457:2 74752:1 75458:1
chris	73183:1
christel	68643:1 71612:1
christian	69534:3 71616:1 71837:1 73875:1 74454:3 75790:2
christin	69184:1 71621:1 72117:1 73685:6 74744:1
christoph	69817:2 70420:6 72392:2 72396:2 74172:1 76509:2 76511:1
chrom	72635:1
chromatograph	68881:3
chromophor	69539:1 73189:1
chroniqu	69815:3 70746:1 70916:1 73187:2
chrono	70745:6 74176:1
chronolog	67068:1 75788:1
chu	67798:1 67801:1 72117:2 73189:1 74169:1 74449:2 74453:1 74749:1 75067:1
chut	72934:1
chymosin	67388:2
chypriot	71843:1
châlon	75457:3
château	75461:1
châteauroux	72933:1
châtel	70914:1
châtenay	69536:1
chên	69816:1
chôm	74749:1
ci	71836:1
ciat	69818:1
cibl	67390:1 67555:1 67800:1 69181:1 69182:1 70165:1 70914:1 71357:1 71616:1 71840:1 72115:2 72631:1 72935:1 73878:1 73879:1 73880:1 73884:1 74167:1 74173:1 75065:2 75069:1 75459:1 76209:1 76508:1
ciblent	73878:1
cic	67940:2 71360:1
cicatris	71616:1
ciel	67939:1 70424:1 71617:1
cig	72114:1
ciliair	73435:1
ciment	71612:5
cinem	72401:1
cinet	73434:1
cinq	67554:1 67555:1 67795:1 68881:2 69815:1 69816:2 70749:1 70914:1 70915:1 71358:1 71360:1 71615:1 71617:1 71836:1 71837:1 72114:1 72119:1 72394:1 72396:1 72398:1 72631:1 72637:1 73182:1 73184:1 73185:1 73186:1 73430:1 73875:1 76209:1 76507:1 76508:1 76510:1
cinqu	69533:1 73875:2 74168:1
cinquantain	73430:1 74176:1 74746:1 75065:1 76211:1
cinquantenair	69177:1 73882:1
cinquiem	68387:1 69533:1 70745:1 71361:1 71615:1 71617:1 74451:1
cipan	68279:1
cirad	67071:1 67387:1 67794:2 68275:1 69182:1 72121:1 72632:1 74457:2
circl	73183:3
circonst	76208:1
circuit	67554:4 70167:1 70423:3 72113:1 73879:1 76209:1
circul	67801:1 67939:1 68640:1 69184:4 69813:1 73434:2 73688:1 75463:1 76510:1 76511:2
circulair	67942:1 73435:1
circumnavig	73183:2
cirimat	71612:3
cis	72114:1
cisaill	70424:1 73683:1
cit	67938:1 68643:1 71621:1 72937:3 74751:1
citadel	69535:3
citadin	76508:1
citat	72396:1
citoyen	67794:1 69821:1 71357:1 72940:2 73185:1 73435:1 73875:1 75465:1
citroën	68639:1 70748:3
civil	67945:1 68392:1 69542:1 70164:1 70165:4 70914:1 71619:1 71836:2 71839:1 71840:1 72113:2 72633:1 72937:1 73883:5 74167:1 74450:1 74745:1
civilis	67794:1
cjd	73435:1
cl	73434:1
clair	67939:1 68279:1 69816:2 70749:1 73876:1 74457:1
clairanc	72935:1
clar	70918:1
class	67387:1 68383:3 68881:2 68888:1 68889:1 69177:1 69814:2 70161:1 70421:1 70423:1 70914:1 71357:2 71358:1 71361:4 71614:1 71837:2 73182:1 73687:1 73878:1 75071:1 75457:1
classent	67387:1
classif	73879:1
classiqu	67389:1 67390:1 67554:1 67558:1 68273:2 68391:3 68881:1 68886:1 69178:2 70743:2 70747:1 72114:1 72629:1 72934:2 72938:1 73185:1 73685:1 73876:1 73879:2 74167:1 74168:1 76207:1 76210:2
claud	68390:1 68643:5 69540:1 72118:1 72397:1 73183:1 73189:1 74173:1 76210:2
claustr	73687:1
clef	70914:1
clermont	67386:1 67799:1 73687:1 73875:1
clich	68391:1
client	67553:2 68274:1 68881:1 68885:1 70166:1 72114:1 72395:3 72629:1 72637:1 73685:3 73875:1 73878:1 73879:1 74169:1 74749:1 75461:1 75792:1 76211:1 76507:1
clientel	68273:1
clignot	70744:1
climat	67071:4 67387:1 67794:1 67803:2 67939:4 68275:1 68389:7 68645:4 68882:1 69177:1 69182:3 69533:20 69535:1 69538:1 69813:4 69814:1 69816:7 69817:2 70745:3 70916:4 71363:1 71618:1 71621:1 71837:2 71838:1 71842:1 72394:1 72398:1 72939:1 72940:1 73183:2 73434:2 73684:4 73688:1 73877:1 73880:1 75458:1 75463:6 76213:2
climatis	70420:1 72114:1
climatolog	75458:1
climatologu	68645:1 69816:1
climb	71617:1
clinical	67802:1
clinicien	72401:1
cliniqu	67798:4 67799:1 67940:3 68277:1 68646:1 70918:3 71360:1 71616:1 72116:1 72935:3 72938:2 73184:2 73435:1 73686:1 74169:1 74454:1 75065:2 75461:1 75793:1
cloch	72634:1
cloud	73686:1
club	71357:1 71839:1 73690:1 74748:1
clubtex	70751:1 70921:3
clust	67553:6 68384:1 72396:2 73687:1 73689:1 73691:2 74746:4 76212:1
cluster	73687:1 74748:1
clé	67068:2 67383:1 67391:1 67555:1 67556:2 68274:8 68275:1 68387:1 68645:1 70752:1 70914:1 71366:1 72116:1 72635:1 73182:1 73684:1 73875:1 74456:1 74744:2 75793:1 75795:1
clôtur	69186:1 74175:1 76514:1
cm	69179:1 70743:1 71360:1 71836:2 72114:2 72633:1 73879:1
cmip	69533:3
cnam	71620:1 72115:1
cnaol	68885:2
cne	67939:8 67942:2 68275:1 69177:15 69179:4 69813:7 70163:2 70170:2 70424:2 70916:1 71836:3 73434:4
cniel	68885:3
cnr	67068:3 67071:1 67383:3 67385:1 67387:2 67390:1 67391:1 67556:1 67558:1 67795:1 67800:1 67802:2 67937:10 67943:2 67945:2 68277:1 68278:1 68280:5 68384:1 68385:1 68388:1 68389:2 68390:3 68391:1 68641:2 68642:2 68644:2 68645:3 68646:1 68883:1 68886:4 68887:1 69178:8 69180:1 69181:1 69182:1 69183:4 69184:1 69533:2 69539:1 69540:1 69814:2 69816:1 69819:3 70163:1 70420:1 70423:1 70424:2 70425:2 70426:2 70743:1 70744:4 70745:2 70747:2 70748:1 70914:1 70916:9 70922:1 71612:1 71615:1 71835:1 71838:1 71841:1 71843:1 72114:1 72119:1 72121:1 72397:2 72632:1 72634:1 72635:2 72932:2 72939:5 72940:3 73183:6 73186:2 73188:1 73189:2 73431:5 73434:1 73436:1 73683:5 73688:2 74173:2 74452:2 74750:4 74752:1 75063:2 75065:1 75066:1 75067:2 75070:2 75458:6 75460:1 75463:1 75790:1 75794:2 76210:3
cnrm	70916:1
cnrst	75458:1
co	67385:1 67557:1 67794:1 68638:1 68882:1 69534:2 69814:2 69816:2 70164:1 70426:1 70916:1 71360:1 71615:2 71617:1 72117:1 72118:1 72396:1 72630:1 72634:1 72933:1 73184:1 73185:2 73431:1 73433:1 73683:1 73877:1 73879:1 74169:1 74449:2 75458:1 75459:1 75460:1 75462:1 75790:1 75795:1 76207:1 76513:1
coaching	76509:1
coag	67388:5 68885:1
coagul	67388:16 73435:2
coalescent	68886:1
cobot	67941:4
cocagn	72630:3
coch	73876:1
cochon	70918:1
cocoti	67391:1
cocott	71359:2
cod	67556:1 67800:1 69178:1 70162:1 71619:1 72631:1 73184:2 74744:2 75790:1 76207:2
coefficient	71836:1
coeur	67068:2 68276:2 68277:1 68283:1 68887:1 69178:2 69184:1 69186:1 69539:1 70746:1 70914:1 71359:1 71612:1 71840:1 71842:1 72116:1 72395:1 72637:1 73182:1 73430:2 73684:4 73876:1 73879:1 74168:2 74172:2 74455:2 75065:1 75066:1 75068:1 75458:1 75459:1 75462:1 76508:1 76511:1
cofinanc	71841:1
cogit	70921:1 75063:1
cognet	68641:1
cognimem	73879:1
cognit	67556:1 67798:1 72401:1 73184:3 75790:1 76206:1 76515:1
cohabitent	75064:1
coherent	72934:2
cohes	70746:1
cohort	67555:2 70749:3 73432:2
cohérent	67383:1 67938:1 68885:1 68889:1 70161:2 72395:1 72934:3 73184:1 73877:1 74172:1 74751:1
coiff	68644:1 69179:1 74744:1
coindreau	72937:1
col	68274:6 72935:1 74455:2
cold	67557:1 72393:1
coli	69183:2
colin	68383:1
coll	68644:2 74750:3
collabor	67068:1 67383:1 67385:1 67387:1 67389:2 67391:1 67795:1 67802:2 67940:2 67941:2 67943:1 68278:1 68279:1 68281:1 68384:1 68387:2 68388:1 68390:1 68391:1 68644:1 68881:1 68884:1 68885:2 68886:1 69178:2 69180:2 69536:3 69539:1 69540:1 69812:1 69819:1 70162:1 70165:1 70166:1 70167:1 70421:2 70422:3 70425:1 70921:2 70922:1 71358:1 71359:2 71360:1 71361:1 71612:1 71614:1 71618:1 71838:2 71841:1 71843:1 72113:2 72114:1 72122:1 72392:3 72394:2 72396:1 72397:1 72634:4 72932:1 73184:4 73188:1 73189:1 73430:2 73875:1 73876:1 73877:1 73879:1 74172:1 74173:1 74748:1 74749:1 74750:1 75063:1 75064:3 75068:2 75069:1 75070:1 75458:1 75459:1 75463:1 75465:1 75790:1 76207:1 76210:1 76211:1 76212:2 76508:1 76511:2
collaborent	67554:1 74172:1
collaboron	73879:1
collagen	71616:1
colleau	67556:2
collect	67553:1 67555:1 67794:1 67795:1 67798:1 67800:1 67803:1 67945:1 68283:1 68391:1 68643:1 68883:1 68884:1 69181:1 69811:2 70420:1 70424:1 70428:1 70429:1 70749:1 70916:3 70919:1 71357:1 71842:1 71845:1 72116:1 72118:1 72399:1 72629:1 72935:1 72939:1 73182:1 73430:1 73431:1 73432:1 73434:1 73683:1 73684:1 73876:1 73877:1 73880:1 73884:1 74449:1 74746:1 74748:1 74749:2 74752:2 75069:1 75465:1 75788:1 76515:1 76516:1
colleg	67938:3 68392:1 70161:1 73434:1
collis	75064:1
colloqu	67561:1 67803:1 67939:1 67942:1 67945:2 68384:1 69534:1 70170:2 70428:1 70749:2 71357:1 71363:3 71620:2 72113:1 72396:1 73877:1 74175:2 74449:2 75464:2
colloïdal	76210:1
collègu	67383:1 67937:1 68391:1 68886:1 69183:1 69184:1 69812:2 70167:1 72394:2 72630:2 72631:1 72636:1 72932:2 73182:1 73876:1 74750:1 75070:1 75459:2 75794:1
collégien	71835:1
colmar	73877:1
colo	70918:1
colomb	67942:1 71362:1 73875:1 74450:1
colon	70420:1 70916:1 71614:1 74167:1
colonel	71836:2
colonis	71837:1
color	70747:1 73189:4 75462:1
colorimetr	75788:1
colossal	69821:1 74744:1 75458:1
colport	72940:1
colz	67391:1 68279:1 68385:1
colzauprot	68885:1
com	67802:1 70915:1 73183:1
comac	74745:1
comanch	75460:2
comb	71612:1
combat	72939:2
combattr	67937:1
combien	67794:1 68276:1 69812:1 72940:1 74745:1 75466:1 76509:1
combin	67386:1 67554:1 69533:1 69816:1 70420:2 70421:1 70426:1 70751:1 71361:1 71616:1 72392:1 75070:1 76210:1
combinaison	67796:1 67939:1 70921:1 71836:1 73187:1 74168:1 76209:1
combinatoir	71359:1
combl	71612:2 73883:1
combust	68644:1 70426:5 71615:1
combustibl	67797:4 68644:1 68884:1 69178:3 70426:1 71619:2 72392:1 74174:2 75789:1 75792:1
comet	69541:1
comit	67937:2 68386:1 70163:2 70424:1 72113:1 73433:1 73877:1 74746:2
comm	70162:1 73182:2
command	67941:1 70161:1 70162:2 71836:1 73875:1 74168:1 74745:1 76207:1 76507:2
commelin	74749:4
commenc	67068:1 67553:1 67938:2 67940:2 68274:2 68279:1 68383:2 68389:1 68643:2 68644:1 69177:1 69178:1 69533:1 69536:1 69812:2 69813:1 69817:1 70161:1 70166:1 70420:1 70421:1 70422:1 70749:1 70916:3 71359:1 71612:2 71614:2 71616:1 71835:1 71837:2 72118:1 72121:1 72394:2 72396:2 72630:2 72631:1 72634:1 72932:1 72933:1 73185:2 73430:2 73434:2 73683:3 73684:1 73685:1 73875:1 73878:1 73879:1 74168:2 74169:2 74455:1 74749:1 74752:1 75458:4 75459:1 75790:2 75792:1 75793:1 76213:2 76511:1
commencent	68643:1 68644:1 68882:1
comment	67389:1 67555:1 67803:1 67937:4 67938:2 67939:1 68638:1 69534:2 69538:1 69539:1 70161:2 70163:1 70420:1 70421:1 70745:2 70921:1 70922:2 71835:2 72113:1 72392:3 72631:1 72932:1 72940:1 73183:1 73876:2 73877:1 74168:1 74175:2 74457:1 74744:1 74751:3 74752:1 75790:2 75793:1 76209:1
commençon	68643:1 68881:1
commerc	67553:1 70168:1 70169:1 72396:1 73182:1 73190:1 75071:1 75795:1 76207:1 76213:1
commercial	67553:2 68273:2 68383:2 68392:1 68643:1 68885:1 69538:1 69811:1 70920:1 71616:1 71618:1 71840:1 72629:1 73188:1 73434:1 73878:1 74451:1 74747:1 75461:1 76206:1
commercialis	67553:1 67941:1 68273:1 68274:3 69179:1 69815:1 70920:1 71616:1 72114:1 72117:1 72118:1 72630:2 72933:2 72935:1 73684:1 73879:1 74167:2 74450:3 74451:1 74455:1 74744:1 76207:2 76208:1 76510:1 76511:1
commet	73185:1
commiss	67555:1 68383:1 68645:1 69534:1 70164:1 73182:1
commun	67553:1 67937:2 67942:1 67945:1 68387:1 68391:1 68639:1 68641:1 68642:1 68645:1 68881:2 68887:1 69536:3 69538:1 70162:2 70163:1 70164:1 70168:1 70429:1 70747:1 70919:1 71357:2 71358:2 71359:1 71362:1 71363:1 71838:1 71845:1 72393:3 72632:1 72937:1 73190:1 73685:1 73877:1 73884:1 74172:1 74173:1 74449:1 74746:1 75459:2 75463:1 76206:1 76207:1 76516:1
communaut	67803:1 67939:1 67942:1 68275:2 68387:1 68389:3 68638:1 68642:1 69533:3 69811:1 70161:2 70170:4 70420:1 70914:1 71837:1 72934:1 72939:2 73432:1 73434:1 73683:2 74172:3 74174:1 75458:1 75460:1 75466:1
communiqu	67386:1 67553:1
compact	68644:1 70747:1 71836:1 72934:1 75067:1
compagn	67937:1 71357:1 71840:1 72396:1 72629:1 72630:2 75071:1 76510:1
compagnon	70421:1 71357:1 72932:1 76509:1
compan	73691:1
compar	67389:1 67391:1 67554:1 68389:1 68390:1 68638:1 70915:1 71843:1 72113:2 72629:1 72932:2 73185:1 73436:1 73879:2 75463:1 75789:1
comparaison	70424:1 73185:1 73432:1
compatibl	67386:1 70165:1 72635:1 73436:1 74745:1
compens	67555:1 68389:2 75790:3
compil	67387:2
compl	67798:4 68883:1 70166:1 70914:1 74744:1 75793:1 76511:1
complet	67554:2 67557:1 67798:2 69179:1 69541:1 69815:1 69818:1 70161:1 70421:1 70919:1 71359:1 71840:1 72117:2 72392:3 72630:1 73430:1 73431:1 73437:1 73683:1 73686:1 74170:1 74450:2 74745:1 75792:2 75793:1 75794:1 76207:1
complex	67071:1 67386:1 67389:1 67556:2 67802:2 68283:1 68391:1 68393:2 68639:1 69533:1 69537:1 70161:1 70426:1 70914:1 71835:1 71836:1 71837:1 71845:1 72932:1 72937:2 73182:1 73187:1 73683:1 73877:2 73878:1 74451:1 74452:1 74457:1 74744:2 74751:1 75064:1 75067:1 75458:1 75788:1 75789:1 75790:1 75792:1 75794:1 75796:1 76209:1 76210:1 76213:1
compliqu	67801:3 68646:1 71614:1 71621:1 73683:2
complètent	73430:1
complémentair	67388:1 67553:2 67555:1 67939:1 67944:1 68644:2 68881:1 68882:1 70915:1 71358:1 71618:1 71836:1 73432:1 73875:1 73884:1 75789:1 76212:2
complémentar	68279:2 71358:1 71836:2
comport	67385:2 67554:1 67555:1 67556:1 67557:1 67794:2 67798:1 68390:1 68639:2 68883:1 68886:3 69177:1 69179:1 69182:1 69184:1 69534:2 69820:1 70162:1 70167:1 71357:1 71359:2 71835:1 72113:1 72631:1 73184:1 73683:1 74168:2 74173:1 74751:1 75070:1 75464:1 75790:1 75793:1 75797:1 76213:2
comportemental	68277:1
comportent	70420:1 73183:1 75794:1
compos	67068:1 67383:1 67385:1 67390:2 67554:7 67555:1 67800:1 67802:1 67939:1 68273:1 68280:1 68390:5 68646:1 68881:1 68882:1 69179:2 69818:1 70163:1 70424:2 70425:2 70914:2 70919:3 70921:1 71360:1 71363:1 71618:1 71619:1 71620:1 71839:1 71843:2 72114:1 72116:1 72118:2 72119:2 72397:1 72634:1 72635:1 73184:1 73689:1 73877:1 73880:1 74168:3 74454:1 74750:1 75064:7 75066:1 75070:2 75458:1 75790:1 75793:1 75794:2 76206:1 76210:2 76212:1 76213:2 76507:1 76510:1 76511:1
composent	69178:1 69533:1
composit	67388:7 68280:1 68389:1 68639:1 68644:3 69178:1 69179:1 69534:1 69815:1 69820:6 71361:1 71612:1 72116:3 72397:1 74167:3 74168:1 74452:1 75464:1 75790:1
compr	67068:1 67937:3 68281:1 68386:1 69814:1 70163:1 72630:1 73188:1 73432:1 73688:2 74750:1 75458:1
compren	67555:1 67802:1 68277:1 73430:1 75793:1
comprend	69186:1 70749:1 72397:1 72934:1 73432:1 73683:1 75458:1 75459:1 76511:1
comprendr	67555:2 67557:1 67800:1 67937:3 67939:1 67943:1 68276:1 68638:1 68645:1 68886:1 68889:1 69181:1 69539:1 69811:1 69812:1 69813:3 69816:1 70161:2 70163:1 70424:1 70745:2 70922:2 71359:3 71620:1 71835:1 72115:2 72394:2 72631:1 72932:2 72940:2 73182:2 73183:2 73189:1 73431:1 73432:2 73434:1 73877:4 73878:1 73880:1 74168:1 74451:1 74752:1 75063:4 75069:1 75459:1 75790:3 76206:1 76213:2 76508:1
comprenon	70749:1
compress	74745:1 74746:1
compresseur	74745:1
compris	71612:1
comprom	69816:1
compréhens	67794:1 67937:1 67942:1 68881:1 69533:1 69811:1 69819:1 70420:1 70426:1 70916:2 71359:1 72113:1 73431:2 73877:1 75788:1 76508:1
compt	67068:2 67071:1 67386:1 67387:1 67553:2 67794:3 68386:1 68387:2 68638:1 68642:1 68643:1 68645:1 68646:1 68885:1 68886:1 69177:1 69183:1 69533:3 69538:2 69812:1 69813:1 69815:1 69817:1 70161:1 70162:1 70163:1 70166:1 70169:1 70421:3 70422:2 70914:1 70916:1 70921:1 71358:1 71361:1 71362:1 71614:1 71616:1 71618:1 71835:2 71841:1 72113:2 72114:1 72392:1 72629:1 72630:1 72633:1 72933:2 72935:1 72936:1 73432:1 73435:1 73684:2 73685:2 73688:1 73875:3 73876:1 73878:1 73879:2 74167:3 74171:1 74450:2 74451:1 74455:1 74744:1 74749:2 75063:4 75066:1 75457:1 75459:1 76207:2 76211:2 76213:1 76507:2 76509:2
comptabl	68643:1 74167:1
comptent	70753:1 72932:1 73186:1
compton	70161:1
comput	71614:1
computational	67945:1 68639:2
computing	73686:1 75796:1
compétent	67795:1 68279:1 68392:1 68639:1 68885:3 69814:1 69817:1 69820:1 70161:2 70166:1 70420:1 70745:1 70923:2 71359:1 71619:1 71835:1 71837:1 71839:1 71842:1 72116:1 72121:1 72394:1 72634:2 72637:1 73184:1 73185:1 73875:2 74455:1 74745:2 74748:1 75457:1 75461:1 76509:1
compétit	67383:1 67555:1 67561:1 67795:4 67799:1 67804:1 67946:1 68279:1 68387:1 68393:1 68643:1 68884:1 68885:2 69534:1 69535:1 69812:1 69817:1 69818:1 70162:1 70166:2 70421:1 70428:1 70745:3 70752:1 70914:2 70921:1 71358:1 71359:3 71360:1 71619:1 71842:1 71845:1 72116:1 72396:3 72631:1 72634:4 72637:1 72938:1 73184:1 73430:1 73436:1 73438:1 73685:1 73687:1 73691:1 73879:1 74169:1 74172:1 74176:1 74449:1 74453:1 74455:2 74744:1 74746:1 74749:3 75068:1 75069:1 75462:1 75465:1 75789:3 75795:1 75796:1 76209:1 76507:2 76508:1 76509:1 76511:5
comt	67388:1 67795:1 68279:5 68885:4 69813:1 69817:1 70166:1 70745:4 71842:1 72116:2 72396:1 73184:2 74172:1 74455:1 74749:1
comtois	68279:1 68885:3 70745:2 74172:1 74455:1
concentr	67383:1 67941:1 68281:2 68388:1 68645:2 69533:2 69811:3 70425:2 70916:1 70920:1 71359:1 71361:1 71837:1 71838:1 72397:1 72633:1 72634:1 73183:1 74450:1 75792:1
concentrent	69535:1
concept	67068:3 67383:1 67386:1 67554:1 67796:1 67939:1 68276:1 68279:1 68638:2 68640:1 68881:1 68885:1 69178:2 69539:1 69541:2 69820:1 70163:1 70165:1 70421:1 70747:1 70914:3 70918:1 71359:1 71361:1 71362:2 71614:1 71617:8 71835:2 71836:1 71839:1 71845:3 72119:1 72393:1 72637:1 72934:1 73687:2 73689:1 73875:3 73879:1 73882:1 74168:1 74751:3 75064:2 75070:1 75464:1 75789:1 76208:1 76508:1 76511:1 76512:1 76513:1 76514:1
concepteur	69178:1 70164:1 70914:1 73187:1 73876:1 74450:1 75064:3
conceptuel	69813:1
concern	67071:1 67387:1 67388:1 67555:2 67556:1 67939:1 67942:1 68273:1 68279:3 68383:1 68889:1 69178:1 69186:2 69533:2 69535:1 69536:2 69813:1 69816:1 70162:1 70169:1 70428:1 70745:1 70749:1 70914:1 70915:1 71360:1 71361:1 71615:1 71617:1 71621:1 71835:1 72393:2 72396:1 73187:1 73431:2 73683:1 73684:1 74167:1 74169:1 75458:2 75464:1 76207:1 76213:1 76507:2 76511:1
concernent	67385:1 67937:2 69815:1 73182:1 73875:1 74745:1 74751:1
concess	68383:1 73687:1
concevoir	67071:1 67557:1 68274:1 68276:1 68280:1 68638:1 68644:1 69538:1 69539:1 70425:1 70744:1 70747:1 71359:3 71620:1 72114:2 72392:1 72630:1 72634:1 72934:1 73431:2 73683:1 73879:1 74167:1 74169:1 74455:1 74744:1 74745:1 74749:1 75063:1 75069:1 75466:1 75792:2 76210:1 76213:1
concevon	71614:1
conchyculteur	74170:1
concili	68283:1 72932:1 74749:1
concitoyen	68383:1
conclu	70920:1
concluent	67794:1
conclus	68645:1 69184:1 69533:2 69538:1 70164:1 70166:1 72117:1 72630:1
conclut	67068:1 67071:1 68882:1 70749:1 71612:1 71621:1 71837:1 72392:1 73184:1 73430:1 73875:1 73876:1 74169:1 74450:1 75789:1 76206:1
concombr	71621:1
concour	69536:1 71358:1 71614:1 72394:1 72401:1 72932:1 73190:1 73438:1 73683:1 73684:1 73689:1 73878:1 75066:4 75457:1 75458:1 75459:1 75797:1 76207:2 76212:3 76509:1
concret	68383:1 68391:1 68881:1 69541:1 70921:1 71845:1 73435:1 75457:2
concrétis	67068:1 68881:1 70921:1 72392:1 74172:1
concrétisent	68643:1
concurrenc	68280:1
concurrent	67553:1 69177:1 69535:1 70161:1 71359:1 72633:1 72634:1 74167:5 74455:1 74749:1 76211:1
concurrentiel	70753:1
cond	73875:1 74449:1
condens	67939:1 73188:1
condit	67385:2 67794:1 67939:1 68385:1 68388:1 68389:1 68643:1 68887:1 69182:2 69183:1 69534:1 69817:2 69821:1 70161:1 70420:5 70421:1 70743:4 70748:1 70916:1 71617:1 72394:1 72629:1 72631:1 72933:1 72934:1 72939:1 73185:1 73432:1 73435:1 73684:1 73687:1 73877:1 74168:4 74744:1 75067:1 75789:1 76213:1 76508:1 76516:1
condition	67390:1 68273:1 72116:1 72392:2 75069:1
conditionneur	72120:1
conduct	69186:1 72934:1 75794:1
conducteur	67383:1 69814:2 72635:2 72933:1 74451:1 75070:2 75794:1
conduir	67937:1 68279:1 68390:1 69812:1 70745:1 71357:1 71362:1 71843:1 72114:1 72937:1 73186:1 73188:1 73435:1 74168:2 74749:1 75063:2 75064:1 75068:1 75069:1 75792:1 75794:1 76511:1
conduis	73184:1 74453:1
conduisent	70745:1 74168:1
conduit	67389:1 67555:1 67556:1 67802:2 67940:2 68387:1 68638:1 68882:2 69179:1 69538:1 69821:1 70749:1 70917:1 70918:1 71357:1 71363:1 71839:1 72113:1 72114:1 72115:1 72395:1 72398:1 72630:4 72633:1 72634:2 72934:1 72935:1 72937:1 73184:1 73185:1 73430:1 73432:1 73434:1 73436:1 73683:1 73876:1 73878:1 74168:2 74449:1 74752:1 75069:1 75793:1 76206:1 76210:1 76213:1 76511:4
conf	70746:1
confer	71612:1
conferent	67945:2 72393:1 72396:1
confi	67941:1 68643:1 69179:1 70923:1 73182:1 74169:1
confianc	67798:1 76207:1
confidential	74744:1
confient	73685:1
configur	68884:1 69178:1 71357:1 74168:4
confin	70420:1 72932:1 74168:2 75064:1
confirm	67794:1 67801:1 68643:1 69533:1 69811:1 69814:1 70424:1 70918:1 71617:1 72396:1 72932:1 73434:1 73683:2 76511:1
confirment	67388:2 69533:2 76511:1
conflit	74457:2
confondr	75458:1
confondu	68276:1 71842:1
conform	69539:1 70169:1 70915:1 76207:1
confort	67554:1 71836:1 72394:1 75066:1
confrer	72932:1
confront	67389:1 67553:1 67794:1 67938:1 68882:3 69534:1 70161:1 70421:1 70921:2 71359:1 71621:1 72396:1 72398:1 72629:1 73182:1 73683:1 73877:1 74167:3 74168:1 74173:1 74455:1 75458:1 76509:1
confronton	68643:1
conférenci	69820:1
conférent	67071:1 67392:2 67804:2 67940:2 68387:1 68881:1 68889:1 69177:1 69543:1 69820:3 70164:1 70169:2 70170:2 70752:1 70914:1 71835:1 71837:1 72120:1 72122:1 72393:2 72398:1 72631:1 72932:2 72937:1 73438:1 73685:1 73880:1 73883:3 73884:1 74175:2 74176:1 74456:1 74752:1 75457:1 75465:2 76509:1 76512:1 76515:1 76516:3
cong	71835:1
congel	68390:2
congo	73684:1
congres	69820:1 70166:1 72116:1 72396:1 72932:1 72937:2 73685:1 73882:1 74449:1 74456:1 75459:2 75462:1 76209:1 76509:1 76511:1 76515:1
congress	72932:1
congéner	72632:1
congénital	73686:1
coniqu	67939:1
conjoint	67939:2 68645:1 69177:1 70914:1 71838:1 72637:1 72933:1 73876:1 75793:1
conjonct	67383:1
conjugu	74167:1
connaiss	67383:1 67794:1 67795:1 67937:1 67945:1 68275:1 68281:1 68881:2 68885:1 68886:1 69534:2 69536:1 69540:1 69541:1 69813:1 69816:1 69821:1 70170:1 70424:1 70429:1 70748:1 71359:1 71614:1 71845:1 72114:1 72395:1 72397:1 72398:1 72629:1 72630:2 72632:2 72940:2 73182:1 73185:2 73432:1 73434:1 73876:1 73879:1 73881:2 74751:1 75063:4 75460:1 75790:1 75792:1 76206:1 76211:1 76213:1
connaissent	67794:1 68387:1 70916:1 73875:1 74172:1 76507:1
connaisseur	67068:1 68643:1
connaisson	72396:1 76213:1
connaît	67937:1 70166:1 70169:1 72114:1 72115:1 72116:1 73182:1 73430:1 73878:1 74167:1 74457:1 75457:1 76206:1
connaîtr	67387:1 68881:1 68885:1 68886:1 70421:1 70916:1 70919:1 71618:1 72113:1 72401:1 73183:1 73431:1 73685:1 73876:1 73884:1 74455:1 74752:1 75069:1 75788:1
connect	67554:2 70162:1 71359:1 75068:1 75791:1 75797:1 76209:2
connected	73884:1
connecting	73438:1
connex	67554:2 67946:1 74750:1
connexion	67554:2 70914:1
connu	67556:2 67800:1 67937:1 68388:1 68390:1 69184:1 69540:1 69819:1 70161:1 70166:1 70421:1 70744:1 71835:1 72115:1
connus	67801:1 68388:1 68643:1 69186:1 73878:1
conquer	76512:1
conqui	75070:1
conquêt	72396:1 76209:1
consacr	67937:1 67942:2 67945:1 68276:1 68885:2 69534:2 69811:2 70748:1 70749:1 71357:2 71840:1 72121:1 72932:2 72937:1 73882:1 74749:1 75457:1 76514:1
consacrent	67554:1
conscienc	67553:1 67938:1 70161:2 73876:1 75458:1
conscient	70749:1 74455:1 75458:2
conseil	67391:1 67553:1 67798:1 68277:2 68283:1 68640:1 68643:2 68885:1 69177:1 69182:1 69535:1 70420:1 70422:1 70749:1 71358:1 71360:1 71361:1 71366:1 72113:1 72394:1 72395:1 72629:4 73185:1 73434:1 73687:1 74172:2 74176:1 74749:1 76211:2 76508:1 76509:1 76515:2
conseiller	68274:1 71621:1
conserv	67388:1 67557:1 67558:1 68273:5 68882:2 70161:1 70914:1 71842:1 72634:1 73683:2 73877:1 73881:1 74167:1 75065:1 75066:1 75458:1 76209:1 76511:1
conservatoir	69812:1 72115:1
consid	76209:1 76511:1
consider	67556:1 67794:1 67801:1 68275:1 68389:1 70421:1 70916:1 70921:1 71357:1 71619:1 72114:1 72115:1 72394:1 72400:1 72629:2 72635:1 72637:1 72932:1 72934:4 73185:2 73188:1 73433:1 73877:1 74167:1 74175:1 74457:1 75788:1 76206:1 76208:1 76213:1
consign	68883:1
consist	67388:2 67390:1 67800:1 67802:1 67937:1 68391:1 68643:1 69813:1 70161:1 70424:1 70916:1 70918:1 70920:1 71357:1 72397:1 72630:2 73431:1 73436:2 73685:1 73875:1 73880:1 74168:1 74450:1 74750:1 75462:1 75463:1 75793:2 76211:1 76508:2
consol	72401:1
consolid	72396:2 75063:1 76510:1
consomm	67386:1 67554:2 67555:6 67557:6 67794:4 68387:3 68642:1 68882:5 68884:1 69179:1 69534:6 69535:2 69814:1 69818:1 70428:1 71357:1 71366:1 71615:2 71617:1 72393:1 72637:2 73188:1 74169:1 74449:2 74455:1 74457:1 74744:2 74745:1 75069:3 75460:1 75792:1 75793:8 75795:1 76206:1 76209:3 76507:1 76509:1 76511:2 76512:4 76514:1
consomment	67555:2 68388:1 75069:1 75458:1 76209:1
consortium	69181:1 70163:1 70424:2 72121:1 72394:1 72934:1 73184:1 74453:3 74745:1 75065:2
const	67554:1 68281:1 73431:1 74749:1 75459:1 76507:1
constat	67553:1 67555:2 67794:1 67801:1 67937:1 67938:3 67939:1 68275:1 68383:4 68387:1 68389:1 68643:1 68885:1 69811:1 70161:1 70166:1 70421:1 70422:1 70917:1 72115:2 72939:1 73182:1 73430:1 74171:1 74449:2 74450:1 74455:1 75457:1 76213:2
constatent	68383:1 73685:1
constellium	73687:1
constitu	67387:1 67390:1 67795:1 67797:1 67800:1 67801:1 67941:1 67944:1 68277:1 68280:1 68387:1 68390:1 68638:1 68882:1 68885:1 69178:1 69179:1 69183:1 69537:1 70162:1 70163:1 70167:1 70420:1 70425:2 70426:1 70746:2 70919:1 70921:1 71836:2 71842:1 72114:1 72116:1 72119:1 72393:1 72397:1 72634:1 72635:1 72940:1 73188:1 73432:1 73434:1 73683:1 73684:1 73877:1 73878:1 73879:1 74449:1 74453:1 74454:3 74746:1 75065:2 75070:1 75458:1 75459:1 75465:1 75789:1 76213:1
constituent	67071:1 67558:2 67937:1 68389:1 68642:1 70919:1 71357:1 71612:1 72114:1 72632:1 73683:1 73684:1 74167:2 74747:1
construct	67798:1 67803:1 67943:1 68386:1 68638:1 69178:1 69181:1 70161:1 70915:1 71619:1 71835:1 72629:1 72634:1 73432:1 73683:13 73875:2 73883:2 74168:1 75063:2 76509:1
constructeur	67386:1 68639:1 70748:1 72399:1 74745:1 75796:1
constructibil	73883:2
construir	67387:1 69817:2 70161:1 70169:1 72637:1 73182:1 73185:2 73683:3 75064:1 75070:1
construisent	70167:1 71842:1
construison	74749:1
construit	67797:1 68638:1 68643:1 69535:1 69540:1 69811:2 70161:1 70163:2 70914:1 71357:1 71842:1 72936:1 73683:2 74167:1
consult	68643:1 69185:1 69535:1 70164:1 72932:1 73430:1
consum	67557:1
conséquent	67391:1 67553:1 67554:1 67800:1 67938:1 67939:2 68274:1 68279:1 68645:1 68882:2 68885:1 69184:1 69533:1 69539:1 69812:1 70421:1 70424:1 70429:1 70916:1 70918:1 71357:1 71366:1 71617:2 71621:1 72118:1 72392:2 72631:1 72935:1 72940:1 73432:1 73877:1 74169:1 74453:1 74455:1 75067:1 75789:1 76514:1
contact	67390:2 67553:2 67556:1 67937:1 68274:2 68643:1 69183:1 69819:2 70167:1 70421:6 70422:5 70921:1 71612:1 71614:1 72396:1 72397:1 72635:1 72932:1 73185:1 74168:1 74172:1 74173:1 74749:1 74750:1 75791:3 76514:2
contamin	68388:3 70745:1 76514:1
contaminent	68388:1
conten	67388:1 67391:1 68388:1 68391:1 70751:1 72934:1 74750:1 75065:1
conteneur	70162:1
content	70161:1 70422:1 71617:1 73876:1 73877:1 74167:1 75458:1
contenu	67387:1 67939:1 69535:1 70424:1 71359:1 73184:1 75462:1 76213:2
contenus	71359:4 71619:1
contest	68882:1 73185:1 73190:1
context	67388:1 67390:1 67553:1 67554:1 67557:1 67794:1 67798:1 67801:1 67939:1 68275:1 68278:1 68383:1 68385:1 68642:1 68881:1 68882:2 69177:1 69178:1 69184:1 69534:1 69535:1 69538:1 69813:1 69814:1 69818:1 70162:2 70426:1 70429:1 70745:2 70746:1 70916:1 71357:1 71359:1 71363:1 72113:1 72392:1 72629:1 72631:2 72632:1 72635:1 72938:1 73182:1 73184:1 73431:1 73434:1 73688:1 73876:1 73877:1 74169:1 74452:1 74747:1 74749:1 74751:1 75063:2 75066:1 75457:1 75463:1 75793:1 75794:1 76206:1 76207:1 76211:1 76507:2 76508:1 76516:1
contiennent	70746:1
contient	67388:1 67391:1 73431:1 73879:1
continent	68274:1 69821:2 70920:1 71838:1 73684:1 73875:1 75458:1 75463:1
continental	67939:1 68388:1 70916:1 71621:1 73434:1 73880:2
contingent	75459:1
continu	67388:1 67553:1 68882:1 68883:1 69178:1 69811:3 70420:1 71617:1 71835:1 71842:1 72114:1 72118:1 72631:1 72637:1 73437:3 73687:1 73688:1 74170:1 74751:1 75067:1 75789:1 76208:1 76511:1
continus	70746:1
continuum	70745:1 72631:1
contour	67939:1
contourn	76210:1
contr	67798:1 67937:3 69536:5 69813:2 69816:1 70746:1 71835:1 72632:3 72635:1 72933:1 72935:2 73183:1 73430:1 73877:1 74449:1 74453:2 74746:1 74749:1 75067:2 75458:3 76207:2 76510:1 76511:2
contract	72115:1 73882:1
contradictoir	68283:1 69184:1
contraint	67387:1 68280:1 68882:7 69182:1 69534:1 69812:2 70163:1 70420:1 70421:1 70747:1 71362:1 71614:1 71618:1 72394:2 72399:1 72630:1 73185:1 74167:1 75067:1
contrair	67383:2 67558:1 68882:1 69813:1 71357:1 72631:1 72932:1 74167:1 74451:1 75458:1 76206:1
contrast	71357:4 72115:2 73189:1
contrat	67796:1 67798:1 68279:1 68385:1 68392:1 68643:2 69541:1 71361:2 72114:1 72629:3 72630:1 73685:2 73875:1 74746:1 75457:1 75464:1
contrecarr	73184:1
contribu	67388:1 67553:1 67798:1 67937:1 68276:1 68278:1 68885:1 69177:1 69179:2 69181:1 69184:1 69538:1 69814:1 69818:1 70161:1 70916:1 71363:1 71620:1 71840:1 72398:1 72401:1 73182:1 73430:1 73431:1 73880:1 73883:1 74453:1 74746:2
contribuent	68383:1 68885:1 70916:1 71842:1
control	67945:1
controvers	74457:4
contrôl	67068:1 67390:3 67557:1 67558:1 67800:3 67802:2 67939:1 67945:1 68273:5 68390:5 68885:5 69178:2 69180:1 69182:1 69183:1 69817:2 70162:1 70420:2 70423:1 70747:1 71837:1 71840:1 71841:1 72119:1 72392:1 72635:3 72938:1 73435:1 73685:1 73687:1 73879:1 74167:2 74168:2 74171:1 74751:1 75067:2 75459:1 75794:1 76207:1 76210:1 76516:1
contrôlent	72115:1
convaincr	72634:1 72939:1 73185:1 73689:1 74450:1
convaincu	70161:1 71614:1 71842:1 72114:1 72116:1 74455:1
convaincus	74169:1 74173:1
convect	73688:2
convent	67553:1 67795:1 68384:1 68888:1 69180:1 69536:3 70170:1 71362:1 72396:1 72936:1 73685:1 73884:1 75795:1
conventionnel	68644:1 69814:1
convenu	73684:1
convergent	71359:1 71360:1 72122:1 74748:1
convers	68279:1 73436:2 76508:1
conversationnel	75063:1
convert	69537:1 69539:1 69814:1
convict	73184:1 75793:1
convivial	67937:1
convoi	70420:1
convoit	73683:1
convoyeur	69182:1 70420:1
conçoit	70165:1 71616:1 71840:1 72933:1 74450:1 74451:1 74454:1 74455:1
conçoivent	72939:1
conçu	67383:1 67385:1 67390:1 67554:1 67795:1 67798:1 67939:1 68392:1 68881:1 68883:1 69177:1 69540:1 70162:2 70163:2 70423:1 70425:1 70744:1 70914:1 71614:1 71619:1 72114:1 72630:2 72635:1 73183:1 73187:1 73684:1 74170:1 74171:1 74454:1 74744:1 74745:1 74746:1 75063:1 75066:1 76207:1 76208:1 76507:1 76510:1
conçus	67554:1 68640:1 69814:1 70420:1 70423:1 70424:1 71836:1 72114:1 72630:1 74455:1 74751:1 75069:1 76508:1
cook	71359:1 72629:1
coop	71842:1
cooper	67553:1 67555:1 67794:1 67795:1 67939:7 67945:1 68279:4 68392:1 69177:1 69179:1 69535:1 69536:1 69814:1 70914:1 71361:1 71362:1 71842:1 72393:2 72394:1 72396:2 72630:2 73434:1 74169:2 74450:1 75458:1 76511:1 76512:2
coordin	67388:2 67555:2 68642:1 69181:1 70163:1 70422:3 72118:1 72933:1 73184:1 73186:1 73683:1 74449:2 75069:1 75790:1
coordon	67071:1 67386:1 67801:1 68642:1 68882:1 68887:1 69181:1 69534:2 69812:1 70162:1 70163:1 70164:1 70428:1 70749:1 70916:2 70918:1 71359:1 71838:1 72394:1 72934:1 72938:1 73688:1 75068:1 75069:1 75789:1 75790:2 75794:1
cop	73431:1
copenhagu	74175:1
copolymer	70423:2
copp	72114:2
coqu	69542:1 73430:1
coqueugniot	73431:5
coquill	75460:3
cor	72396:3 74168:1 74455:1 75064:1
cord	71612:1
cordi	68643:1
corinn	73185:1
corino	76511:1
coriol	72398:1
corn	68641:3
cornet	71357:3
coronograph	70163:2
corp	67068:3 68383:1 69179:1 69539:1 70429:1 71835:1 72631:1 73435:1 73878:2 74749:1 76213:1
corpusculair	69178:1
correct	67556:1 72395:1
correl	67390:1 67798:1 68646:1 75788:1
correspond	68383:1 69535:1 69540:1 70744:1 71612:1 72394:1 73190:1 73683:1 74169:1 74457:1 76510:1
correspondent	68643:1 69816:1 70420:1 75793:1
corrig	68279:1 68644:1 71838:1
cors	68884:5 70916:1
corteg	71837:1
cortex	68388:2 73877:1
cortico	68646:1
corv	75458:1
corvaj	69179:1
coréen	72629:1 73878:1
cosmet	67558:1 67946:2 70166:2 72118:1 72630:3 73433:1 73685:1 74744:4 74750:1 75067:1 75458:1
cosmetic	67946:1 72120:1
cosmeto	76209:2
cosmiqu	73186:3 73688:1
cosmolog	69178:1
cosmétolog	67946:1
cot	73683:1 75789:1
cou	72117:1
couch	67554:1 67939:1 68883:1 69811:1 70746:1 70918:3 72114:1 74744:2 76511:1
coucous	75458:1
coul	67938:1 68276:1 72113:1 72634:1
couleur	68280:2 69539:2 70162:1 71836:3 72114:1 72630:1 73430:1
council	68386:3 68888:1 71615:1 72113:1
coup	67800:1 67937:1 68274:1 68279:1 69177:1 70747:1 71617:1 71835:1 72932:1 73431:2 73683:1 74167:1 74170:1 74450:1 74750:1 75066:1
coupl	67938:1 68275:1 68639:1 69178:1 69182:1 69533:1 70163:1 72115:1 72394:1 73878:1
couplag	67385:1 69178:1 69183:1 69186:1 71363:1
coupur	76510:1
cour	67553:1 67798:1 67800:1 67801:1 67937:1 67941:1 68274:1 68277:1 68881:1 69177:1 69540:1 69812:1 70162:1 70167:1 70920:1 71612:1 72397:1 72634:2 72635:3 72933:1 72936:1 73432:1 73434:1 73685:1 74450:1 74455:1 74749:1 75070:2 75461:1 76210:1
courag	71835:1
courb	72114:1
courbur	67390:1
coureaud	75790:1
coureur	73876:1
couron	67938:2 69177:1
courron	67794:1
cours	67938:1 71357:1 72396:1 72932:1 73876:1 74167:2 74170:1 75070:1 76212:1 76213:1
court	67554:2 67939:1 69540:1 70747:1 70915:1 71366:1 71617:1 71835:1 72934:2 73184:1 76209:1
cous	69540:1
cousu	73683:2
cousus	73683:1
couvercl	68273:3
couvert	69537:2 69811:1 70916:1 73185:1 75462:1 75463:1
couvertur	67794:1 68275:2 71835:1 73432:1 75789:2
couvr	67555:1 68386:1 68392:1 68881:1 68885:2 69812:1 70162:1 70753:1 71357:1 72113:1 72120:1 72629:1 73434:1 73683:1 74749:2 76508:1
couvrent	67553:1 71612:1 72113:1 72637:1 72939:1
cov	71616:1
covari	69537:1
coventry	71614:1
coïncid	73688:1
coût	67385:1 67554:5 67801:1 67942:1 68383:1 68645:1 68881:2 68883:1 69177:1 71357:1 71614:2 71840:1 72118:1 72933:1 72934:2 72939:1 73435:1 73683:1 74451:1 74457:1 74747:1 75069:1 76207:1 76208:1 76213:1 76510:1
coûtent	76508:1
coûteux	67554:1 67801:2 68280:1 68390:1 72934:1 73436:1 75460:1
cpa	68638:1
crayon	72932:1
crci	72396:1
cre	71358:1
creath	70166:6
crech	67555:2 72932:2
cred	68383:1 74749:1 76208:1
creus	67944:1
creusot	71619:1
creux	73183:1
cri	70915:1 73430:1
criblag	68277:1 69539:1 72115:1
criquet	67937:1
cris	67938:2 70162:5 70166:1 71357:1 71836:1 72939:1 73432:1 74453:2
cristal	68390:4 68391:2 69539:1 76210:1
cristallin	68390:1 68391:2 72114:1
cristallis	74746:1
criter	70920:1 71361:2 71612:1 72113:1 75458:1 76207:1 76513:1
critiqu	67937:1 68642:1 68882:1 69178:5 73684:2 74168:1 75788:1 76207:2
croi	70161:1 73430:1
croir	67068:1 67798:1 67938:1 69813:1 70420:1 71359:1 72932:1 73876:2 74167:1 74455:1 75063:1
crois	67795:1 68387:1 70745:1 71359:1 71835:1 72113:1 72631:1 73884:1 74167:1 74455:1 75063:2
croisi	71617:1
croiss	67071:1 67553:1 67794:1 68638:1 74751:1 75793:1
croissanc	67385:3 67800:1 67802:1 68383:1 68385:1 68390:4 68886:1 69177:1 69811:1 70917:1 71360:1 71617:1 71618:1 71837:1 71840:2 72114:2 72396:1 72633:1 73431:2 73433:1 73438:1 73685:1 73879:1 74450:1 74746:1 75458:1 75461:1 75465:2 75466:1 75795:1 76210:1
croit	75793:1
crop	69538:1
croquet	68388:1
croîtr	67553:1 69535:1 72392:1 72631:1 72938:1 74450:1 74745:1
croût	73880:1
cru	67937:1 70916:3 70917:1 76209:2
crucial	68642:1 69178:1 69811:1 69820:1 73878:1
crus	73877:1
crust	75066:1
crustac	75066:1
crvm	75064:1
cryosat	73880:2
cryospher	73880:1
cryptograph	70747:1
crânien	67801:4 71614:1
cré	67068:4 67071:1 67383:2 67553:1 67795:1 67798:1 67803:2 67804:1 67938:1 67944:1 68273:1 68383:1 68384:1 68392:1 68393:1 68638:1 68639:1 68642:1 68643:1 68646:1 68881:4 68888:1 69180:1 69181:1 69540:2 69541:1 69812:1 69814:1 69818:1 70162:3 70166:1 70422:1 70424:1 70748:1 70919:1 70921:1 71358:3 71360:1 71362:1 71614:2 71616:1 71619:1 71621:1 71840:2 71841:1 72113:1 72117:1 72118:1 72392:1 72398:1 72629:4 72630:1 72633:1 72637:1 72936:1 72937:1 72939:1 73182:2 73184:1 73185:1 73430:3 73432:1 73433:2 73435:1 73685:3 73686:1 73687:1 73691:1 73875:1 73876:1 73879:1 73883:1 74169:1 74171:1 74172:1 74176:1 74450:4 74451:1 74453:1 74454:1 74744:1 74745:2 74746:1 74747:1 74749:2 74751:2 74752:3 75063:1 75064:1 75065:1 75066:1 75067:1 75457:1 75458:1 75792:1 76207:2 76208:1 76211:1 76507:2 76509:1 76512:1
créateur	67798:1 70166:1 70168:1 72629:1 72634:1 72933:1 73190:1 73684:1 73685:2 73878:1 74746:1 75068:1 76208:1
créatif	67383:1 70161:1 72394:1 75068:1
création	67068:4 67553:2 67795:1 67798:2 67802:1 67937:1 68279:1 68638:3 68882:1 68888:1 69177:1 69180:1 70162:1 70420:1 70426:1 70917:1 71362:1 71614:1 72114:1 72393:1 72400:1 72630:1 72637:1 72933:1 72934:1 72936:1 73430:4 73434:1 73683:1 73687:1 73875:1 73876:1 73878:2 73879:1 74450:2 74752:1 75464:1 75466:2 75792:1 76512:1
créativ	69821:2 70161:2 72113:2 73430:1 73876:1 74167:1 74748:1 75068:1
créatric	72392:1
crédibil	73182:1
crédibl	67383:1 72629:1 75793:1
créent	68881:1 75458:1
créneau	72633:1
créteil	67945:1 76509:1
csa	70163:1
csc	68888:1
csga	67555:1 69534:3 70428:2 70749:4 73184:1 73685:3 74449:1 75790:3 76206:2
cst	73877:1
cta	73186:1
ctfc	68885:1
cub	69179:1 69540:1
cubesat	69177:1 69179:2
cubiculum	72939:1
cuir	74752:1
cuisin	70920:1 71359:8 74749:1 74752:12 75063:1 76516:1
cuisini	71359:1 74752:2
cuisson	71359:1 72394:1 72630:1 74752:1 76511:1
cuivr	68644:3 70167:1 75066:2
culinair	71359:1 74749:1 74752:3
culot	73185:1
cultiv	67391:2 67794:1 68389:1 69182:1 69817:1 70420:3 73432:1 73684:1
cultivent	75458:1
cultur	67385:2 67391:2 67794:1 67802:1 67938:2 68279:1 68383:2 68385:1 68388:1 68643:1 69183:1 69538:3 70420:3 71620:1 72396:1 72936:1 73182:1 73185:1 73431:1 73683:2 73876:1 74167:1 74173:1 74450:1 74457:2 76206:2 76209:1 76211:1 76213:1 76516:1
cultural	68279:1 72630:1 73877:1
culturel	68383:1 68882:1 70751:1 72933:1 72937:1 73182:1 73683:2 76213:1
cumul	68391:1 74453:1
cuoq	76207:1
cur	67799:1 68277:1 68384:1 69533:1 70424:1 70914:7 71360:1 74746:1 75063:1 75070:1 75460:1
curat	74173:1
curien	69178:1
curieux	72932:1 75458:1
curios	72631:1 74752:2
cursus	67795:4 67944:1 69185:1 70161:1 70422:1 71362:2 72398:1 75071:1 75457:4
customis	72114:1
cutan	70746:1
cuv	67388:1 72113:1 73190:1
cuvilli	74456:1
cv	70916:2
cvg	72634:1
cya	72935:2
cyan	69539:3
cyanobacter	68385:1
cybersécur	76207:1
cyceron	76515:2
cycl	67071:1 67387:1 67939:6 68888:1 68889:1 69533:3 69540:1 70916:2 71362:1 71619:1 71845:1 72120:2 72122:1 72392:1 72629:1 72934:1 72936:1 73437:2 73684:2 73880:1 74167:1 74751:1 75071:2
cycliqu	67390:1
cyclo	73435:1
cyclon	67939:2
cylindr	70423:2
cyril	68280:2
cytokin	69184:1
câbl	67386:1 76510:4
câblag	73687:1
cécit	73435:1
cédric	68276:2 70161:1 71835:7 72932:2
célebr	67938:1 68638:1 68881:2 69542:1 71614:1 72113:1 74744:1 74746:1 74752:2
célest	73186:1
céli	74451:1
célibatair	76511:1
cépag	73684:3 74169:1 76206:1 76512:1
céram	68390:1 76210:8
céréal	67794:1 68279:1 69182:1 72121:1
cérébral	67556:1 67801:4 68387:1 69184:1 73189:1 74171:1 76515:1
cérémon	68888:1 69185:1 71837:2 72120:1
césur	70422:1
céven	70916:1 73430:1
côt	67553:1 67555:1 67794:1 67938:1 67940:1 67945:1 68274:1 68276:1 68279:2 68391:1 68393:1 68639:1 68640:1 68645:1 68881:2 69179:1 69812:1 70162:1 70748:1 70915:1 70916:1 70917:1 71359:1 71362:1 71838:1 72115:1 72630:1 72635:1 72637:1 72932:2 73183:3 73185:1 73430:1 73683:3 73684:1 73685:1 74170:1 74453:1 74455:1 74746:1 74749:1 75070:1 75457:2 75789:1 76209:1 76213:1 76508:1
côti	70916:1 73433:1 73683:1
d	67554:9 67941:1 67946:2 68383:3 68384:1 68391:3 69813:1 69819:2 70162:2 70166:2 70421:1 70425:1 70914:1 71615:1 71621:1 71840:1 71842:1 72113:1 72114:2 72118:4 72121:1 72392:3 72394:3 72398:1 72634:2 72635:3 73182:2 73189:1 73431:8 73437:9 73875:1 73876:1 73877:2 74167:1 74168:1 74172:1 74176:1 74450:1 74455:1 74749:1 74752:1 75063:2 75064:1 75065:1 75066:1 75457:1 75788:2 75795:1 76212:1 76512:1 76513:3
dakar	75458:4
dam	68638:6 70162:2 74744:2
danemark	67555:1 68389:1
dang	70162:1 76213:1
danger	72392:1 72401:1 73430:1 76213:1
dangeros	73878:1
dangl	76208:3
danguin	75790:3
daniel	68638:2 70745:4
danois	67555:1 67945:1
danon	67798:1 72394:1 75793:3
danub	73875:1
dao	76513:1
darwin	67938:2
darwinien	67938:5
dassault	67068:1 72113:1
dat	67556:1 67795:1 68273:1 68387:1 68887:1 70747:1 70916:1 72397:1 72636:1 73182:1 73683:1 73875:1 74748:1 75796:1
datar	69535:1 72113:1
datti	67391:2 72632:1 75458:2
dav	75063:7
davantag	67389:1 67553:2 67554:1 67795:1 67797:1 68279:1 70161:2 70420:2 70422:1 70749:1 71357:1 71842:1 72115:1 72392:1 72394:1 72631:1 72933:1 73184:2 73430:1 73683:1 73684:2 73685:2 74169:2 76206:1 76209:1 76213:1
david	67796:1 76208:2
day	75788:1
daïch	70915:1
dbi	75065:1
dcn	67386:2
de	76206:1
deb	69177:1 69179:1 69812:1 69817:2 70420:2 70914:1 73686:2 74452:1
debout	74746:1
debr	69177:1 71841:1
debry	74454:3
decr	67938:1 69184:1 70916:1
deexbio	75066:1
def	67071:3 67554:1 67794:2 67795:3 67804:1 68280:1 68640:1 68882:1 69177:1 69814:1 70744:1 70914:2 70919:1 71359:1 71621:1 71842:1 72114:2 72392:2 72393:1 72398:1 72634:1 73182:1 73684:5 74168:1 74176:1 74453:1 74456:1 74746:1 75458:1 75466:1 75792:1 75796:1 76213:1 76507:1 76511:2
defcc	75458:2
defens	67553:1
defic	69537:1
deficit	73184:1
degr	67386:1 69540:1 71837:1 76508:1
dehecq	73182:1
dehl	69180:1
dehor	68642:1 68887:1 71359:1
del	67386:2 70915:1 73188:1 74745:1 76510:1
delair	74450:8 75066:1
delaunay	74746:4
delcroix	68383:2
delphin	75064:2
delt	70165:6
delà	67068:2 67558:1 67937:2 68273:1 68280:1 68638:1 69538:1 69816:1 70423:1 70749:1 71357:2 71358:1 71359:1 71362:1 72117:1 72396:1 72939:1 73183:1 73184:1 73186:1 73189:1 73434:1 73683:1 75063:1 75459:1 75789:1 75792:1 76209:1 76509:1 76511:1
dem	71359:1 73875:1
demain	67557:1 67794:1 67804:1 67938:1 68276:1 68279:2 68639:1 70914:1 71358:1 71359:1 71615:1 71617:2 71837:1 71842:1 72933:1 73876:1 73877:1 73884:1 74175:1 74452:1 75458:1 75797:1 76213:1
demand	67794:1 67938:1 68643:3 68888:1 69183:1 69538:1 70915:1 71835:2 71836:1 72395:1 72633:1 72637:2 73182:1 73432:1 73683:1 73685:1 73877:1 74455:1 74745:1 75457:1 75458:1 75462:1 76206:1 76209:1 76507:1 76509:1 76512:1
demandent	73685:1
demandeur	67554:1 68884:1
demay	72398:1
demet	67942:3 69177:1
demeur	68275:1 69819:1
den	71360:1 72115:2 75462:3 75788:1 76508:1
dendroaps	72115:2
dengu	69813:7
denhaut	69542:1
deni	76210:1
denmann	69811:1
denovo	74746:1
denr	71835:1
dens	69542:1 70915:1 70916:1 71619:1 71836:1 72938:1
densif	69181:1 76210:1
densifi	75458:1
densit	67942:1 68638:1 68644:1 69535:1 70167:1 71618:1 72631:2
dent	71612:1
dentair	71616:2 75067:1
denv	74452:1
dep	69816:1 70747:1 71357:1 72633:1 74746:1 76507:1
department	76207:1
depaul	74453:1
depos	75464:1
derep	76207:2
dermatolog	72117:3 75067:1
dermatologu	68645:1
derni	67385:1 67387:1 67553:1 67554:1 67555:1 67556:1 67558:1 67561:1 67794:2 67795:2 67800:2 67801:1 67802:1 67937:2 67939:1 68279:1 68281:1 68383:2 68384:2 68387:1 68391:1 68645:1 68882:2 68888:1 69179:1 69183:1 69533:2 69534:1 69536:1 69815:1 69816:1 70161:1 70163:1 70166:1 70421:2 70423:1 70745:1 70917:1 71357:1 71612:1 71617:1 71835:2 71837:1 72115:1 72116:1 72122:1 72396:1 72400:1 72629:1 72630:1 72631:1 72633:1 72933:3 72934:1 73182:4 73183:1 73184:1 73434:1 73878:2 73884:1 74168:1 74744:1 75064:1 75065:2 75071:2 75457:1 75458:1 75460:1 75462:1 75790:2 76207:2 76209:2 76507:1 76508:1 76511:2 76513:1 76516:1
derri	67068:1 71361:3 71614:1 71835:1 72401:1 75063:1
des	67068:2 67386:1 67554:1 67558:1 67795:1 67798:1 68276:1 68388:1 68391:1 68638:2 68643:1 68881:1 69177:1 69178:2 69540:1 69541:1 69812:2 69813:1 69816:1 69817:1 70161:3 70162:1 70164:1 70420:1 70423:2 70746:1 70749:3 70751:1 70917:1 71362:1 71616:1 71836:1 71837:1 71840:2 72396:3 72630:1 72631:1 72633:1 72934:1 72938:1 73185:1 73430:3 73431:1 73432:1 73434:2 73683:2 73684:2 73876:1 74168:3 74169:1 74450:2 74744:1 74746:1 75457:3 75458:2 75459:2 75792:3 75793:1 76207:1 76507:1 76511:2 76512:1 76513:1
desbarat	73431:1
descart	67556:1 69184:1 70162:4 70421:2 71841:1
descendr	73684:1
descendu	73183:1
descent	71617:1 76212:1
descript	70914:1
design	70423:1 70751:1 71359:1 71836:1 72120:1 73876:2 74176:2 75068:1 75466:1 75788:3 75790:1 76513:4
designer	75788:1
desquel	67553:2 67798:1 67800:1 68279:1 69821:1 70420:1 71619:1 72115:1 72393:1 72629:1 76207:1 76511:1
dessin	72630:1 74172:1 75458:2
dessinent	69535:1 70746:1 72633:1 73684:1
dessous	69177:1
dessus	67939:1 68280:1 71621:1 72632:1
destin	67388:1 67553:1 67796:1 67941:1 67943:1 68384:1 69179:1 69818:1 70165:1 70420:1 70429:1 70748:1 70753:1 70920:1 71366:1 71619:1 71840:1 72935:1 73186:1 73190:1 73435:1 73877:1 73879:1 74167:1 74450:1 74455:2 74745:1 75063:1 75064:1 75065:2 76511:1
destruct	67802:1 68391:1 69817:1 70420:2 70917:1 73687:1 75789:1
destructur	69534:1
desy	73186:1
detect	67942:1
detr	71835:1
deutsch	73186:1
deutérium	74168:5
deuxiem	67938:1 68882:1 69177:1 70745:1 70749:1 70914:1 72121:2 72393:1 73436:1 75788:1 76212:1 76508:1
dev	67794:2 68643:1 69183:1 70163:1 70169:1 70420:1 70744:1 72401:1 73185:1 73438:1 73684:1 74450:1 74745:1 75789:1 75792:1 76507:1
development	68275:1
deven	68387:1 68638:1 68882:1 69183:1 69820:1 70161:1 70429:1 70922:1 71614:1 71835:1 71840:1 72114:1 72394:1 72934:1 73430:1 73432:1 73683:1 73687:1 73688:1 73881:1 74167:1 74168:1 74173:1 74456:1 74744:1 74746:1 75068:1 76213:2 76509:1
devenu	67556:1 68642:1 68883:1 70166:1 71359:1 71621:1 72631:1 73182:1 73432:1 73685:1 75459:1 75466:1 75795:1 76510:1 76514:1
devic	69814:2
devien	68274:1
deviendr	68383:1 74167:1
deviendront	76513:1
deviennent	67389:1 68274:1 69535:2 70161:1 71835:1
devient	70746:1 71357:1 71358:1 71841:1 72113:1 72394:1 72630:1 72633:1 74169:1 74449:2 74750:1
devill	68390:3
devis	72113:1
devoir	68383:1 70162:1 70421:1 71359:1 72392:1 72940:1 74167:1 75792:1 76213:1
devon	67795:1 70161:2 70914:1 74745:1 76507:1
devr	67071:2 67387:1 67388:2 67391:1 67801:1 67939:2 67941:1 68279:1 68389:1 68391:1 68638:1 68881:4 68884:1 68886:1 69177:2 69181:1 69533:1 69538:1 69812:1 69813:3 69817:1 70161:1 70421:1 70747:1 70916:1 70920:1 71359:1 71362:1 71612:1 71614:1 71840:1 71842:2 72114:2 72392:1 72394:1 72396:1 72634:1 72933:1 73188:2 73431:1 73432:2 73683:1 73684:1 73688:1 73689:1 73880:1 74167:2 74169:2 74453:1 74744:1 74745:1 75063:1 75068:1 75069:2 75458:1 75463:1 75464:1 75792:2 75793:1 75794:1 75795:1 76208:1 76210:1 76211:1 76213:2
devront	67071:1 67794:1 69177:1 70165:1 71621:1 71837:1 74176:1
dga	67553:3 67941:4 69177:1 72114:1
dgac	70165:1 74450:1
dgcis	73430:1
dge	73430:1
dhc	69542:1
dhet	71362:1
di	67556:6 67945:1
diabet	67802:4 69534:1 75458:1 75459:1 76509:6
diagan	75797:1
diagnostic	67794:1 68383:1 68646:1 68881:1 69815:1 70165:1 70426:1 71845:1 72115:1 73686:3 74171:1 74173:1 74455:1 75065:1 76510:1
diagnostiqu	69815:1 70919:1 71841:1 72935:1 74454:1 75458:1 76509:1
dialogu	70164:1 71359:1 73432:1 73437:1 75063:1
dialoguent	67803:1
diametr	67390:6 69179:2 70163:1 70424:1 70747:1 72119:1 72397:1 75789:2
diapason	71614:1
diaphys	73431:2
dias	70421:1
didact	67392:1 67561:1 73431:1 74748:1
diderot	67068:1 69184:1 70747:1 70922:1 75794:1
didi	67939:2 72633:1 75788:3
diet	67555:1
diff	67555:1 70423:1
differ	74750:1
difficil	67387:1 67939:1 68276:1 68280:1 68389:1 69177:1 69816:1 69817:1 69821:1 70162:1 70421:1 70749:1 71612:1 71614:1 71835:1 72115:1 72394:1 72396:1 72629:1 72940:1 73182:1 73185:2 73431:1 73432:2 73436:1 73683:2 73684:3 73877:1 74167:1 74449:1 74452:1 75461:1 76207:1 76210:1 76508:1 76509:1
difficult	67386:1 67938:1 67939:2 68643:1 68882:6 70420:1 70421:1 71614:3 72934:3 73683:1 74167:1 74450:1 74747:1 75069:1 76508:1 76509:1
diffract	68391:4
diffus	67390:1 67558:1 67795:1 68275:1 68279:1 68882:1 69536:2 70429:1 70746:1 70748:2 70918:1 72392:1 72393:1 72939:1 73184:1 74173:1 74454:1
différenci	67802:1 74451:1
digest	67385:2 70746:1 70918:1 71616:1 73432:2
digital	71359:7 72633:1 75063:1 75068:1 76508:1 76513:1
dign	76516:1
dijon	67555:4 67798:4 68279:2 68387:1 68643:2 69534:5 69812:6 69817:3 70420:3 70428:1 70749:1 71842:2 72116:1 72394:5 72396:3 72631:4 72634:2 73184:3 73685:4 73877:1 74169:1 74449:5 75459:2 75462:1 75790:2 75793:1 76206:4 76209:1 76511:4
dijonnais	68387:1 68643:1 69817:2 70420:1 70749:1 71842:1 72634:1 73184:2 73685:1 73879:1 75793:1
dilat	71836:1
dimens	67554:1 67939:2 68886:2 69182:1 70424:2 70746:1 71837:1 73434:1 73683:1 73876:2 74456:1 75068:1 75458:1 75788:1 75793:2 76208:2
dimension	69179:1 70426:1
dimer	67390:1
diminu	67554:3 67555:1 67556:1 67558:1 67794:1 67798:1 67799:1 67800:1 67939:1 68387:1 68388:1 69533:1 69540:1 69814:1 71617:1 72114:1 72933:1 72934:1 73183:1 73184:1 73688:1 75792:1 76511:1
diminuent	75457:1
dinasolar	72114:2
diod	70747:1 72934:1 75070:3
diop	75458:2
dior	69541:1
dioxyd	68645:1 69811:1 70425:2 71615:1
diplomat	73183:1
diplôm	68273:1 68392:1 68888:2 69185:3 71358:2 71362:2 71612:1 71614:1 72114:1 72115:1 72394:1 72630:2 72633:1 72932:1 73185:1 73190:1 73430:5 73437:2 73685:2 73879:1 74450:1 74455:1 75457:1 76206:1 76513:1
dir	67383:1 67388:1 67390:2 67391:1 67553:2 67554:1 67555:1 67794:1 67795:1 67802:1 67937:2 67941:1 68273:1 68387:1 68390:1 68638:1 68643:1 68881:3 68883:1 69539:1 69817:1 70161:2 70163:1 70165:1 70749:1 71359:1 71614:1 71837:1 72113:1 72114:1 72115:1 72631:1 72934:1 73430:1 73431:2 73432:1 73435:1 73683:2 73687:1 73877:1 74168:1 74169:1 74454:1 74745:2 74749:1 74750:1 75069:1 75457:1 75458:1 75792:1 75794:1 76209:1 76210:1 76213:1 76508:1
direct	67553:2 67554:2 67556:1 67795:1 67800:1 67941:1 67946:1 68277:1 68390:1 68638:1 68639:1 69177:1 69537:1 69812:1 69816:1 70162:1 70164:1 70165:1 70421:1 70425:1 70426:1 70749:1 70753:2 70922:1 71357:1 71612:2 71836:1 72114:1 72115:1 72121:1 72392:1 72394:1 72401:1 72630:1 72932:1 72933:1 72938:1 73186:1 73430:4 73434:1 73876:1 74167:1 74450:1 74455:2 74456:1 74744:1 74748:1 74749:2 75064:1 75071:1 75457:1 75458:1 75459:1 75795:1 76207:1
directeur	67068:5 67071:1 67383:1 67795:4 67796:1 67802:1 67937:2 67946:1 68273:2 68275:1 68276:1 68279:4 68638:6 68881:4 69812:1 69813:1 69817:1 70161:4 70165:1 70420:3 70423:1 70745:1 70916:1 70919:1 71366:1 71616:1 71619:1 71621:2 71835:2 71837:3 72113:3 72392:3 72396:3 72398:2 72630:1 72932:1 72933:2 72936:1 72939:1 73183:3 73430:2 73432:1 73433:2 73683:2 73876:2 73877:1 73879:3 74169:2 74171:1 74172:3 74453:2 74454:1 74457:1 74744:1 74745:1 75457:4 75458:3 75459:1 75462:1 75788:2 76207:2 76209:1 76213:1 76511:2 76513:1 76515:1
directric	67555:1 68281:1 70915:1 71358:2 71616:2 72396:1 74451:1 75065:3 75069:1
dirig	67798:1 67945:1 68277:1 68386:2 68387:1 68882:1 68887:1 69177:1 69534:1 69539:2 69817:1 70161:2 70165:1 70423:1 70424:1 70426:1 70743:1 70745:2 71358:1 71359:1 71361:1 71835:1 72393:1 72394:2 72631:1 72637:1 72934:1 72940:1 73182:2 73184:3 73430:2 73431:2 73435:1 74167:3 74172:1 74455:2 74749:1 75458:1 75459:2 75790:2 76508:1
dis	72114:1 72631:1 73684:1 74752:1
disasolar	72114:6
discern	71836:1
disciplin	67071:1 67937:1 68386:1 68391:1 70161:1 70916:1 71359:1 71835:2 71837:1 72932:2 72939:1 72940:1 73182:1 73431:2 74751:3 75458:1 75788:1 75797:1 76208:1
disciplinar	70745:1
discour	70914:1 73182:1 74169:2
discovery	67945:1 71614:1
discret	74455:1
discrimin	67392:1
discuss	70161:1 70421:1 72116:1 72932:1 74455:1 75071:1 75788:1 75793:2 76508:1
discut	70921:1 71363:1
disdi	67937:2
diseas	68645:1
disney	74749:1
dispar	67794:1
disparaiss	67558:1
disparaissent	68280:1
disparaît	69533:1
disparaîtr	74169:1 75458:1
disparit	71621:1 76213:1
disparu	71621:1 73431:1 73683:1
dispens	67944:1 68276:1 68881:1 69185:1 70161:1 70422:1 71362:1 71619:1 72394:2 72932:1 73437:1 75071:1 75457:1 75458:1 76206:1
dispensair	75458:1
dispensent	75063:1
dispensing	72120:2
dispenson	75063:1
dispers	67386:1 67558:2 68389:2 70746:1 72394:1 72932:1 74172:1 74750:1 75462:1 76511:1
disponibil	70914:1 72394:1
disponibl	67388:1 67557:1 67802:1 68279:1 68646:1 68881:1 69184:1 69535:2 70743:1 71363:1 71612:1 72397:1 72630:1 73684:2 73876:1 74451:1 74453:1 74745:1 74750:1 75065:1 75462:1 76508:1
dispos	67383:2 67386:1 67554:1 67794:1 67798:1 67801:1 67937:1 67939:2 67941:1 68281:1 68640:1 68643:1 68881:1 68888:1 69177:1 69178:1 69179:1 69186:1 69534:2 69542:1 69812:1 69813:1 69816:1 69817:1 69819:1 69821:1 70161:1 70162:1 70165:1 70420:3 70421:1 70425:1 70914:2 70916:3 70923:1 71358:2 71359:1 71612:1 71614:1 71836:1 72113:2 72114:1 72116:1 72392:3 72629:1 72631:1 73182:1 73431:1 73432:1 73434:1 73683:2 73689:1 73875:1 73876:1 73877:2 73878:1 74449:1 74450:1 74452:1 74455:1 74744:1 74747:1 74749:1 75063:1 75070:1 75461:1 75462:1 75788:1 75789:1 75792:1 76212:1 76213:1 76507:1 76508:1 76511:1 76513:1
disposent	67386:1 67939:1 69182:1 69812:1 70166:1 70916:1 72395:1 72629:2 73185:1 74167:1 75459:1 75788:1 76206:1 76511:1
disposit	67553:1 67554:3 67798:1 67940:3 68274:1 68277:1 68281:1 68646:1 68881:6 69181:2 69536:1 69537:1 69540:1 69811:1 69814:3 69817:1 70162:3 70420:3 70425:4 70744:5 70753:3 70914:1 70921:1 71359:2 71616:1 71618:1 71836:1 72119:1 72395:1 72397:1 72635:1 73186:1 73430:1 73435:3 73876:3 74171:2 74452:1 74454:2 74746:1 74750:1 75064:1 75070:1 75792:1 76210:1 76508:2 76510:4
disposon	67938:1 67939:1 68638:1 69533:1 73432:1 74167:1 76508:1
disqu	70744:3
dissect	70918:3
dissert	74167:1
dissertent	67383:1
dissoci	67802:1 68882:1
dissout	68386:1
dissuas	76510:1
dissémin	75457:1
distanc	68389:3 68882:1 68883:3 69811:1 70421:1 70424:2 70425:1 70923:1 71362:1 71617:1 72934:1 73434:1 73686:1 74167:1 74170:1 74450:1 75458:1 76510:1
distinct	67068:1 67937:1 68273:1 71357:1 71835:1
distingu	70916:1 72120:1 74170:1
distors	70424:1
distribu	67555:1 67939:1 68274:2 68881:1 69812:2 69816:1 71615:1 71836:2 72114:1 73434:1 73878:1 76507:1 76510:1
distributeur	73878:1 75063:1
distributing	68274:1
dit	67068:2 67388:3 67389:3 67391:1 67554:5 67556:1 67558:2 67795:1 67799:1 67800:1 67802:1 67937:1 67938:3 67939:2 67942:1 68279:1 68387:1 68388:1 68391:2 68642:1 68643:2 68882:1 68886:1 69178:3 69533:1 69535:2 69539:1 69814:2 70161:1 70162:1 70167:1 70420:2 70421:3 70424:1 70743:1 71359:2 71612:1 71615:2 71835:1 72114:1 72392:2 72396:1 72400:1 72631:1 72632:1 72635:1 72934:2 72938:2 73182:1 73183:1 73184:1 73185:1 73683:2 73684:4 73876:1 73879:2 74167:2 74168:2 74449:1 74450:1 75064:1 75065:4 75067:1 75069:1 75070:1 75457:1 75463:1 75789:1 75790:1 75792:2 75793:1 75794:1 76209:1 76210:1 76213:2 76507:1 76508:1 76509:1 76511:1
diver	67392:1 70745:1 71363:1 71612:1 72116:2 72122:1 72395:1 74167:1 75066:1 75797:1
divers	67554:1 67556:1 67800:1 68391:1 69534:1 69538:2 69541:1 69812:3 69815:1 69816:1 70161:1 70420:1 70424:1 70425:1 70746:1 70914:1 71363:1 71616:1 72122:1 72394:1 75458:1 76511:1
diversif	67555:3 70749:1 74169:1 74455:1
diversifi	68643:1 69541:1 71358:1 72938:1 73875:1 74169:1 74455:1
divertor	74168:7 75064:1
divis	68383:1 73877:1 75793:1 76510:1
dix	67388:1 67800:1 67801:1 68385:1 68882:1 68885:1 69535:4 69811:1 70916:2 71357:1 71359:1 71614:2 72629:1 72631:1 72636:1 73683:1 73684:2 74168:1 74744:1 74745:1 75068:1 76208:1 76210:2
dizain	67386:1 67388:1 67794:1 67937:1 68273:1 68279:1 68383:2 68385:1 68391:1 68643:1 68885:1 69178:1 70167:1 70749:1 71837:1 72115:3 72119:1 72394:1 72396:1 72397:1 73431:1 73432:2 73685:1 74167:1 74455:1 74744:1 74751:1 76207:1 76208:1 76211:3 76508:1
diétet	76507:1
djibout	75458:2
dlr	67797:2
dluo	68273:1
dmla	71360:1
doc	76206:1
docteur	67795:1 67801:1 68387:2 70426:1 71616:1 71837:1 72117:1 73683:1 74453:3 74747:1
doctor	69536:2 70168:1 71361:2 71612:1 72394:2 73190:1 75458:1
doctoral	68276:2 68888:1 69536:2 69812:1 71837:1
doctorat	67795:1 69812:2 70161:2 70743:1 70748:1 72115:1 74454:1 75459:1 75790:1
docu	72932:1
document	68885:1
dodaro	69534:1
doigt	74167:1 75791:2
doit	67553:1 67795:1 67942:1 68274:1 69185:1 70161:4 70164:1 70421:1 70422:1 70425:1 71358:1 71612:1 72392:1 72399:1 73430:1 73435:1 73683:1 74167:1 74457:1 75068:1 75458:2 75462:1 75793:1 76210:1 76213:2 76511:1
doivent	67386:2 67794:1 67795:1 67798:1 68275:1 68389:2 68638:1 70161:2 70747:1 72637:2 73683:1 74167:1 74744:1 75071:1 75466:1 76507:1 76509:1
dollar	71840:1 72392:1 73878:1 75795:1
domicil	67555:1 71614:1 73685:1 74449:3 74746:2 75063:3 75069:5
domin	68889:1 69816:1 72629:1 73684:7
dommag	69820:1
domomédecin	72113:1
domot	67068:1 75466:1
don	67068:1 67387:6 67389:5 67390:1 67553:2 67555:4 67557:2 67794:2 67797:2 67939:8 68275:1 68279:1 68881:3 68882:1 68883:5 68889:1 69177:1 69179:1 69181:3 69182:1 69183:1 69533:1 69535:1 69540:1 69811:7 69812:2 69815:1 69819:1 70170:1 70424:2 70428:1 70744:1 70749:1 70916:7 70923:1 71359:2 71619:1 71621:2 71835:2 71837:1 71840:1 71845:1 72392:1 72394:1 72630:2 72635:1 72935:1 72936:1 72937:1 72940:1 73182:3 73183:1 73431:4 73434:4 73684:1 73685:3 73875:2 73880:1 74167:1 74168:1 74449:3 74450:1 74452:2 74455:1 74747:1 74749:2 75069:1 75457:1 75788:2 75790:1 75793:1 75796:1 76507:1 76511:1
donnent	67939:1 68638:1 69183:1 73884:1
donnet	69542:1
donneur	67553:3 68642:1 72120:1
dop	72934:1
dopag	69536:7
dopamin	68646:1
dor	69177:1 73877:1
dordogn	70917:2
dorn	67796:1
dorni	70916:1
dorsal	67941:1
dorso	67937:1
dos	67388:4 67801:1 69179:1 72116:1 72935:2 73187:1 73683:1
dosag	67388:1 67801:1
dosimetr	70915:1
dossi	68643:2 69541:1 73689:1 75066:2 75068:2
dot	68273:1 68281:1 68391:1 69817:1 70420:3 70421:1 70753:1 72113:1 72633:1 72634:2 73433:1 73876:1 75063:1 75064:1 75066:1 75788:1 75791:2 76507:1 76509:1
dotat	75066:1
dou	70422:1 73430:1
douarnen	68883:2 74170:1
doub	68279:1 68885:2
doubl	67794:1 68644:1 69818:1 70747:1 71359:1 71614:1 72113:1 74169:1 74450:1 75063:1 75463:2 76213:1
douc	72397:2
doudin	70167:1
douleur	67798:1
dout	67794:1 67939:1 68383:1 68389:1 68882:1 70166:1 70749:2 71357:1 71359:2 71621:1 71835:2 71842:2 72115:2 72394:2 72932:3 73182:1 73430:1 73434:1 73875:1 73876:1 73877:1 74167:1 74168:1 74455:2 74752:1 75459:1 75789:1 75793:1 75794:1
douz	69537:1 71616:1
douzain	68387:1 68888:1 71841:1 74453:1 75063:2 76208:1
doxorubicin	75065:2
doyen	73876:2
drastiqu	74455:1
dresd	71361:1
dress	67555:2 67795:2 68276:1 68279:1 68882:1 68885:1 69811:1 69820:1 71366:1 72113:1 72392:1 73182:2 73183:1 73186:1 74450:2 76213:1 76514:1
dressag	71357:1
drir	71614:1
driven	69178:1
drobinsk	70916:1
drogu	69184:1 70425:1
droit	68274:1 68392:2 68643:1 68881:1 69540:2 70744:1 70914:1 72392:1 72940:1 75792:1 75794:1
dron	70165:15 73877:2 74450:8 75066:1 75788:1 75789:2
dropsond	70916:1
drosophil	67937:4
druon	68641:3
dryad	69816:1
dsf	73185:1
dsm	70918:1 75463:1
dsp	73879:2
dsv	67800:1
dt	74450:7
du	67942:1 68387:1 69814:1 69816:1 72935:1 74169:1 75065:1
dual	67553:1 71836:1
dualin	68882:2
ducourneau	75458:2
ducrocq	70916:4
ductil	76514:1
duflo	67068:1
dun	75458:1
dunod	74752:2
duquel	67804:1 67938:1 67940:1 68881:1 69177:1 69811:1 70162:1 70923:1 71358:1 71837:1 72932:1 73182:1 73434:1 74168:1 75063:1 75459:1
dur	67555:3 67557:1 67794:1 67798:1 67801:1 67937:1 67939:1 68273:1 68274:1 68383:1 68387:1 68642:1 68645:1 68881:1 68883:1 69177:1 69179:2 69534:2 69536:1 69537:1 69539:1 69811:1 69821:3 70161:2 70162:1 70164:1 70169:1 70421:1 70426:1 70749:1 70914:1 70916:1 71359:1 71362:2 71363:1 71835:1 71836:2 71843:1 72113:2 72118:1 72394:2 72629:1 72630:1 72634:3 72637:1 72932:3 72934:1 72935:1 72937:1 72939:1 73182:1 73183:1 73185:3 73187:1 73430:1 73432:1 73437:1 73684:2 73685:1 73689:1 73877:2 73879:1 73881:1 73882:1 74167:1 74168:4 74170:2 74171:1 74175:1 74450:1 74451:1 74453:1 74749:2 74751:1 74752:1 75064:1 75065:1 75069:1 75458:2 75459:3 75464:2 75788:1 75789:1 75793:2 76208:1 76213:1 76509:1 76511:1
durabl	67071:1 67561:2 67803:1 68279:6 68639:1 68882:8 69181:1 69185:1 69538:1 69812:1 70164:3 70166:1 70169:1 70420:1 70745:1 70752:1 70920:4 71366:1 71617:3 71621:3 71842:2 72398:6 72637:4 73185:2 73877:1 74172:1 74175:2 74456:1 75458:3 75463:1 76213:4 76511:4 76513:2 76514:3
durc	76207:2
durcisseur	68280:1
durcourneau	75458:1
dus	73684:1
dusko	69815:2 73432:3
dut	70161:1 75071:1
dutailly	73431:2
dutour	73431:2
duval	73687:1
duvernois	68279:1
dynacomp	69820:2
dynam	67939:1 68393:2 68645:1 68882:1 68886:1 68887:1 69180:1 69535:2 69541:1 69813:1 69820:2 70161:1 70422:1 70745:2 70914:3 70916:1 71620:1 72116:4 72400:1 74455:1 75067:1 75458:1 75460:1
dynamis	68383:2 74748:1
dysfonct	73184:1
dysfonction	74453:1
dyskines	68646:3
dyslipidem	75459:1
débarrasson	75792:1
débat	67804:1 67942:1 68275:1 68889:1 69184:1 70170:1 70752:2 71357:1 71363:1 72393:1 72940:3 74175:1 74176:1 75465:2
débattr	72393:1 72400:1 73691:1 74176:1
débattront	75465:1
débattu	67804:1
débouch	67068:1 70420:1 72395:1 72630:1 76511:1
débusqu	73876:1 74455:1
début	67383:1 67555:1 67798:1 67937:1 68281:1 69534:1 69539:1 69541:1 70161:1 70916:1 70917:1 70920:1 71612:1 71614:2 71619:1 71837:1 71839:1 72115:1 72396:1 72932:1 73182:1 73432:1 73434:1 73436:1 73683:1 73875:1 73876:1 74168:1 74169:1 74745:2 74749:1 75063:1 75068:1 75069:1 75458:1 75792:2 75793:2 76507:1
décalag	75457:1
décant	72399:1
décarbon	70426:1 71363:1 72113:1 72121:1
décel	69539:1 76207:1
décembr	67937:1 67942:1 67946:1 68393:1 68639:1 68641:1 68881:2 69177:1 69178:1 70422:1 70751:1 70914:1 71619:1 71620:1 71836:4 71839:1 72392:1 72396:1 72630:2 73182:1 73185:1 73685:1 74174:1 74176:1 74746:2 74748:1 75067:1 75068:1
décen	67071:1 67798:1 68383:1 68387:1 68389:1 68645:1 68881:1 69533:2 69537:1 70424:1 70429:1 71363:1 71614:1 71621:1 71835:2 72633:1 72635:1 72932:1 73183:1 73434:1 73877:1 74167:1
décentralis	68884:1
décern	67068:1 67383:1 67937:4 68641:1 70168:1 70752:1 71835:1 72633:1 72932:2 73190:1 74746:1
décernent	73435:1
déces	73684:1
décharg	75792:3
déchet	67385:1 69178:5 71621:1 72392:4 73684:1
déchiffr	72933:1
déchirur	75464:1
décid	67794:1 67937:3 68274:1 68279:1 68383:1 68883:1 69177:1 69184:1 69534:1 69813:1 70161:1 70162:1 70166:1 70422:1 71612:1 71614:3 71615:1 72114:1 72115:1 72392:1 72394:1 72398:1 72629:1 72933:1 73433:1 73684:3 73685:2 74450:1 74455:1 74746:2 74749:1 75457:1 75788:1 76207:2 76211:1 76507:1 76508:1 76509:1 76512:1
décident	72629:1
décideur	67803:1 68645:1 70162:2 70164:1 72113:1 72939:1
décimetr	68883:1
décis	67553:1 68276:1 68645:1 69177:2 70162:2 70166:1 70917:1 70923:1 72398:1 72629:1 72933:1 72939:2 73182:1 73684:1 73687:1 73877:1 74169:1 74751:1 75064:1 75457:1
déclar	67071:1 67383:1 67794:1 67796:1 67937:2 67939:1 68273:1 68276:1 68281:1 68383:1 68638:1 68881:2 68883:1 69177:2 69815:1 70161:2 70163:1 70421:1 70745:1 70914:2 70919:1 70921:1 70923:1 71358:2 71836:1 71842:1 72114:1 72392:1 72398:1 72629:1 72630:1 72932:1 72933:1 73185:1 73685:1 74172:1 74451:1 74453:1 74456:1 74744:1 74752:2 75063:1 75069:1 76507:1
déclarent	67794:1 68646:1
déclench	67937:2 68887:1 69811:1 72119:1 73683:1
déclencheur	73434:1
déclin	68383:1 70916:1 72630:1 74449:1
décoll	74750:1
décollag	67939:1 69179:1 71617:2 74450:2
décompos	68882:1
déconcert	72401:1
déconstruct	72392:3
décontamin	72392:1
décor	74449:1 76206:1 76213:1
décortiqu	73182:1 73432:1 73877:1 76206:1
découl	76511:1
découp	67554:1 72392:1 73684:1 76513:1
découvert	67068:1 67389:1 68274:1 68390:2 68887:3 69184:1 69821:1 70161:1 70424:3 70751:1 71612:2 71614:1 71837:1 71843:1 72116:1 72117:1 72401:1 72940:3 73183:1 73185:1 73434:3 73683:3 74168:1 74453:1 74748:1 74750:1 75071:1 75788:1 75790:1 76206:1 76208:1 76515:1
découvr	67068:2 68274:1 68276:1 68283:1 68885:1 69184:1 69821:1 71612:1 72115:2 72399:1 72631:2 72939:1 73190:1 73884:1 74176:3 74452:1 74752:1 75457:1 75459:1 75464:1 75788:1 75797:1 76206:1 76209:1 76213:1
découvrent	67937:1
décret	74167:1
décrir	72932:1
décrit	70747:1
décrivent	68383:1 72932:1
décroch	71612:1 72630:1 73432:2 73685:1
décroîtr	75457:1
décrypt	73183:1 73877:1 74176:1 74748:1
dédi	67799:1 67939:1 67942:1 67943:1 67946:1 68277:1 68278:1 68384:1 68638:1 68640:1 69178:1 69181:1 69538:1 69814:1 70165:1 71359:2 71361:1 71614:4 71619:1 71842:2 72395:1 72398:1 73683:1 73691:1 73879:1 74169:1 75068:2 75460:1 75461:1 75465:2 76507:1 76514:1
déduir	71357:1 73683:1
déduit	73683:1
défaut	67556:1 68391:1 68886:2 73879:1 76210:1
défectu	67556:1
défend	67937:2
défendent	67937:1
défendr	67937:1 68387:1 74170:1
défendu	73184:1
défens	67553:3 67937:4 68279:1 69177:2 71615:1 71836:2 72937:1 74745:1 75789:1 76208:1 76511:8
défic	68383:4 69182:1 73883:1
déficient	67556:2 68383:1
déficit	67556:1 68388:1 73184:3
déficitair	68383:1
défin	67556:1 67798:1 68279:2 68383:1 68889:2 69538:1 70164:1 70166:1 70915:1 71359:1 71620:1 72395:1 73182:1 73436:1 73877:1 73880:1 73883:1 75063:1 76212:1 76508:1
définit	67802:1 68383:1 68882:1 70422:1 70915:1 70917:2 71359:1 72634:2 74454:1 74457:1
déforest	74457:1
déform	68280:1 74750:1 75464:1
défunt	73684:1
dégag	68882:1 71617:1
déglutit	75069:1
dégrad	69184:3 70917:1 71612:2 75069:1
dégradent	71612:1 75069:1
dégross	75789:1
dégust	76206:5 76512:1
dégât	67794:1 70916:1 76511:1
dégéner	68387:1
dégénérescent	68387:1 68646:1 71360:1
déjà	67385:1 67389:1 67553:1 67554:1 67555:3 67795:1 67798:1 67937:1 67938:1 68273:1 68279:5 68383:1 68388:2 68389:1 68390:1 68392:1 68643:1 68646:1 68881:2 69179:1 69181:1 69534:1 69538:1 69813:2 69815:1 69816:1 69817:1 69819:1 70161:2 70162:1 70420:1 70421:4 70429:1 70743:1 70744:1 70745:1 70749:1 70914:2 70918:2 70919:1 70920:1 70921:1 71359:2 71362:1 71615:1 71618:1 71621:1 71836:2 71842:2 71843:1 72114:1 72115:1 72118:1 72392:3 72395:1 72629:1 72630:1 72631:1 72633:2 72634:2 72635:1 72932:2 72933:1 72935:1 73182:5 73184:3 73185:1 73430:1 73431:1 73432:1 73684:2 73685:2 73876:2 73880:2 74167:1 74168:1 74170:1 74449:1 74450:3 74451:1 74457:2 74745:1 74746:1 75063:5 75065:1 75067:1 75070:1 75458:1 75459:2 75788:4 75792:1 76206:1 76207:2 76209:2 76508:1 76509:1 76511:1 76512:1
délaiss	67937:1 69817:1 70420:1
déleg	67553:1 69535:1 69542:1 72396:5 74167:1
déliber	71621:1 74457:1 76206:1
délicat	73877:1 75791:1
délim	73684:1
délivr	67944:1 70168:2 72117:1 72119:2 72935:1 73187:1 73190:1 73431:1
délivrent	73876:1
délocalis	72394:1
délégu	67388:1 67795:1 68885:1 71616:1 72113:2 74456:1 74746:1
démantel	70915:1 72392:10 72629:1 74751:1
démarch	67383:3 67553:1 67795:1 68274:1 68275:1 68279:2 68383:2 68641:1 68643:1 69533:1 69813:2 70161:1 70421:1 70915:1 71357:1 71359:1 71845:3 72118:1 72392:1 72395:1 72396:1 72634:1 73182:1 73185:3 73430:1 73435:1 73876:1 73877:1 74172:1 74455:1 74745:1 74746:1 75457:1 75459:1 75461:1 76207:1 76208:1 76209:1 76211:1 76508:1 76511:1
démarr	67795:1 67939:1 68279:1 68881:1 70918:1 71359:2 72629:1 72631:1 72634:1 74749:1 75064:1 75065:1 76507:1
démarrag	68279:1 68881:1 70424:1 72629:1 73685:1 74749:1
démarrent	74449:1
dématérialis	69535:1
démenc	68277:1 73184:1
démocratison	68273:1
démograph	69533:1 69535:1 76213:1
démonstr	67383:1 67554:3 67797:2 68881:1 69178:1 69179:1 69534:2 70162:3 70170:1 70426:1 70919:1 71835:1 72121:2 72937:1 72939:1 73184:1 73432:1 73884:1 74168:2 74752:1 75068:1 75071:1 75792:1 75797:1
démont	75064:1
démontr	67390:2 67553:1 67556:1 67558:1 68882:1 68883:1 68886:1 69179:1 69811:1 70162:1 70167:1 70746:1 72122:1 73184:2 73434:1 73686:1 74168:1
démystif	76206:1
dénich	71835:1
dénombr	69183:2
dénomin	68885:2
dénomm	68276:1 68279:1
dénutrit	74449:3 74746:1 75069:1 76507:1
départ	67068:4 67554:1 67798:1 67937:2 67939:1 67944:1 68384:1 68385:1 68882:1 68885:2 70161:1 70421:1 70746:1 70916:3 71358:1 71618:1 71837:1 72118:1 72398:2 72933:1 74169:1 74172:1 74744:1 74748:1 74752:1 75066:1 75458:1 76209:1 76213:1 76513:1
dépass	67386:1 68638:2 72633:1 73432:1
dépen	69816:1
dépend	68278:1 68886:1 72113:1 74449:4 76206:1 76509:1
dépendent	67388:1 67794:1 75795:1
dépendon	67553:1
dépendr	72116:1 72392:1
dépens	69540:1 75458:1
déper	76516:1
dépist	74455:2
dépistag	69536:1
déplac	67383:2 67941:1 68882:1 68883:1 70162:2 70421:3 70744:3 70917:1 72396:1 72933:1 73182:1 74170:1 75794:2
déplacent	69182:1 69813:1 70744:1 73688:1 75794:1
déplair	72932:1
déplass	75066:1
déploi	67071:1 70916:4 72114:1 73686:1 73688:1 74452:1 75463:3 75789:1 76510:1
déplor	72933:1 73182:1 74167:1 75457:1
dépointag	71836:1
dépollu	75066:1
dépos	67385:1 68643:1 70169:1 72630:1 72634:1 72635:1 73184:2 73187:1 73431:1 74451:1 74744:2 75066:1 76511:1
déposit	74168:2
dépourvu	68388:1 68883:1
dépress	74173:1
dépôt	67554:1 68643:1 71621:1 71835:1 71843:1 72115:1 72117:1 72633:3 73184:1 74173:1 75065:1
dérang	67938:2 70424:1
dérisoir	73432:1
dériv	68388:1 69180:1 70423:1 70915:1 70916:1 71360:1 72114:1
dérob	74167:1
déroul	67943:1 67944:1 68274:1 68387:1 68888:1 69177:3 69185:1 69539:1 69541:1 69543:1 70162:2 70752:1 70923:1 71835:1 71837:1 72932:1 72933:1 72937:1 73430:2 73877:1 74168:1 74452:1 74748:1 75064:1 75465:1 75466:1 75796:1 75797:1
déroulent	67388:1
désaffect	71835:1 75457:1
désaisonnalis	71621:1
désarm	72401:1
désert	75458:2
désertif	75458:2
désherbag	68279:2
déshérent	70161:1
désign	72397:1 72631:1 76211:1
désir	75069:1
désol	75457:1
désorbit	69177:2
désordr	69540:1
désorganis	72116:1
désorm	67553:1 67795:1 67798:1 67802:1 68273:1 68392:1 69177:2 69178:1 69183:1 69535:1 69539:1 69540:1 69813:1 70166:1 70421:1 70422:1 70749:1 70914:2 70920:1 70923:2 71358:1 71621:1 71835:1 71836:2 71839:1 71843:1 72115:1 72116:1 72394:1 72631:1 72633:1 72932:1 72934:1 73430:1 73432:1 73684:1 73685:2 73877:1 73879:2 73881:1 74172:1 74745:1 74749:1 74751:1 75063:1 75064:1 75458:2 75461:2 75462:1 76206:1 76207:1
désorpt	72634:1
déstabilis	68884:1
déstructur	75790:2
déséquilibr	69535:1 75793:1
détach	72932:1
détail	68276:1 69539:2 71836:1 73189:1 73683:2
détaill	67797:1 68391:1
détatouag	75067:1
détect	67388:1 67553:1 67554:1 67941:1 67942:1 68638:1 69183:3 69186:1 69811:1 70421:1 70425:7 70919:1 70922:1 71614:1 71836:2 71838:1 71840:1 72118:1 72631:2 72633:1 72935:1 73186:2 73432:1 73688:1 73877:1 73878:1 73879:1 73880:1 74167:2 74746:1 75460:3 75793:1 76207:2
détecteur	68391:1 70163:1 70919:2 71839:4 74167:1
déten	73875:1 74167:1
détenu	68883:1 73875:2 74745:1
détergent	67558:2 70166:1
détermin	67387:1 67388:1 67800:1 67801:1 68882:2 70162:1 70424:1 70916:3 70919:2 72635:1 73432:1 74449:1 75458:1 75794:1 76209:1
déterminent	67387:1 69819:1
détiennent	69821:1
détient	68273:1 71360:1 74451:1 75797:1 76508:1
détour	72939:1 74455:1
détracteur	73684:1
détroit	76508:1
détruir	67068:1 68391:1 75065:2 76511:1
dévast	70915:1
développent	67068:1 67553:1 68881:1 69820:1 70421:1 71359:1 74167:1 76208:1
développeur	70170:1 70914:1 71359:1 75068:1 76207:1
développon	74167:1
dévi	68391:1
dévoil	72400:1 76209:1
dévoilent	68276:1
déçus	73185:1
dû	67937:1 68274:1 68276:1 69184:1 70163:1 71359:1 71835:1 71842:1 73185:1 74449:1 75065:1
e	70425:2 70923:2 73184:7 73437:2 73884:1 74452:2 75063:1 75071:1 76509:1
ead	67939:1 68393:1
earth	69811:1
earthquak	67942:1
east	68278:1
eau	67071:3 67387:1 67390:1 67558:5 67939:8 68275:1 68383:1 68387:1 68390:1 68883:1 68884:1 69182:2 69537:1 69540:1 69542:1 69812:1 69813:1 69816:1 69818:1 70746:1 70916:5 70917:1 70918:2 71363:1 71621:1 72392:2 72394:2 72397:6 72399:4 73183:2 73190:1 73433:2 73434:2 73685:3 73688:6 73875:1 73880:2 74170:1 74750:2 75458:5 75460:2 75462:1 76210:1
ebt	74171:1
ec	74749:6
eccp	73691:1
ecnu	68278:1
eco	68278:1 71617:1 71845:1 74175:2
ecol	67068:2 67940:1 68280:1 68383:1 68391:1 68638:7 68639:1 68645:1 68885:1 68886:2 68888:5 68889:1 69180:2 69185:1 69540:1 69542:1 69820:2 70161:5 70168:1 70426:2 70743:4 70747:1 70916:1 71358:5 71361:2 71363:1 71614:1 71619:1 72398:10 72633:1 72932:4 72934:1 72936:9 73182:3 73183:1 73184:1 73186:1 73188:1 73190:1 73430:13 73431:1 73683:1 73685:1 73686:1 73876:3 73879:1 73883:2 74175:2 74455:1 74751:1 75071:1 75457:1 75462:1 75464:3 75796:1 76208:1 76211:4 76513:1
ecolab	75066:1 76513:4
ecolog	67387:2 69181:1 70745:1 71618:1 71837:1 75458:1
ecology	69816:2 71837:1
econom	67561:1 68393:1 72113:1 72398:2 72939:1 73430:1 73435:1 74449:1 74746:5 75063:1 75466:1
economic	68386:1
economy	74171:1 74746:1
ecophyto	73877:1
ecoss	70163:1 73880:1
ecosym	67385:1
ecotechnolog	67071:1
ecrir	70744:1
edan	76208:1
eden	67553:12
edf	67386:2 67944:1 72398:4 73185:1 74450:1 76509:1
edge	74745:1
edimbourg	70163:1 73880:1
edit	67938:3 68882:2 70429:1 72398:1 72401:1 72940:3 76213:2
editeur	67794:2 76507:1
edmond	72935:1
edrip	72935:1
educ	68888:1 70421:3 73182:1 73687:1 75063:1
edwig	70915:3
effac	69540:1
effect	67390:1 67795:1 67938:1 68882:1 68885:1 71357:2 71614:1 73683:1 74169:1 74455:1
effectu	67389:1 67554:1 67800:1 68275:1 68390:1 68640:1 68881:1 68883:2 68885:1 68887:1 69533:2 69534:1 69537:1 69817:2 70162:1 70165:1 70420:1 70421:2 70422:2 70424:3 70916:1 71618:2 71836:1 71837:1 72394:1 72629:1 72939:2 73183:1 73185:1 73434:1 73683:3 74168:2 74749:1 75068:1 75457:1 76206:2 76208:1
effectuent	68888:1 71618:1
effervescent	69535:1
effet	67068:1 67387:1 67388:1 67555:2 67798:2 67800:1 68387:4 68388:1 68638:1 68646:1 69816:2 70162:1 70424:2 70429:1 70751:1 70921:1 72114:1 72401:1 72629:1 73437:1 73877:1 74453:1 74744:1 75065:1 75458:2 75463:1 76213:1
efficac	67068:1 67385:1 67553:1 67554:1 67802:1 68279:1 68639:1 68887:1 69539:1 69541:1 69813:1 70161:1 70744:1 70747:1 70914:1 70922:1 71614:1 71617:1 71842:1 71843:1 72393:1 72934:1 72935:2 73187:1 73188:1 73432:1 73686:1 73879:2 74173:1 74176:1 75064:1 75065:1 75788:1 75789:2 75792:3 75795:1 75796:1 76213:1 76509:1 76511:2
efficient	68278:2 69182:1 69538:1 71617:2 74749:1
effinerg	70169:1
effluent	69538:1 72392:1
effondr	67558:1 67794:1 68886:1 69811:1
effort	67941:2 68279:1 70914:1 70915:1 72932:2 73876:1 74746:1 75064:1 76511:1
effren	67938:1
egal	70751:1 73190:1 74748:1
egg	73185:1
egly	67556:1
ego	72394:1
egypt	73683:1 74450:1
egyptien	69819:1
eh	70421:1
ehpad	74449:1 74749:1
ehrlich	69815:2 73432:3
eiffel	68383:1
eil	72631:1
einstein	72932:1
ekawatchaow	75464:1
ekhuft	67940:1
elabor	72119:1 75793:1
elc	71358:1
elderly	75069:1
eldorado	73433:1
electr	68884:1
electric	67796:1 73185:1 74745:1
electro	67942:1 68881:1
electron	67802:1 67940:1 69814:2 70748:1 70915:1 72635:1 72934:1
elektronen	73186:1
element	69177:2 73186:1
elevator	73438:1
elis	69177:1
elisabeth	75790:2
elle	67385:1 67388:1 67553:7 67554:1 67555:1 67794:1 67798:2 67802:1 67939:1 68279:2 68387:1 68389:2 68643:6 68882:1 68883:1 68885:1 69183:1 69533:1 69535:1 69539:2 69813:1 69816:1 69820:1 70420:1 70423:1 70745:2 71358:2 71618:1 71621:3 71843:1 72113:1 72395:5 72630:1 72636:1 72934:1 72935:1 72938:1 73184:1 73430:1 73436:1 73685:1 73875:1 73877:1 73882:1 74169:1 74449:1 74455:1 74747:2 74750:1 75069:1 75070:2 75458:2 75459:1 75462:1 75466:1 75790:1 75794:2 75795:1 76209:1 76213:1
elo	67804:1
elov	74746:1
else	75459:1
em	70426:2
emac	72634:6
emball	69534:1 76514:1
emballag	67557:1 72634:11 75069:2 75462:1 75464:2 76514:6
embarc	73683:5
embarqu	67553:1 69177:1 70168:1 71836:1 73187:1 73190:1 73879:1 74170:1 74751:2 75071:2 76508:3
embarquent	70165:1
embauch	67553:1 68643:1 72394:1 73685:1 75461:1
embl	73183:1
emblé	67068:1 67383:1 67555:1 67938:1 68276:1 68643:1 70745:1 71357:1 72113:1 72629:1 73182:1 73185:1 73430:1 73876:1 75069:1 75789:1 76509:1
emblémat	68383:1 69542:1 69818:1 71357:1 72394:1 73880:1 74457:1
embouchur	72397:1
embryon	71842:1 73684:1 73876:1
embûch	72396:1
emc	75068:3
emergent	72936:1
emirat	72629:1
emiss	67942:1
emitting	75070:1
emlyon	73876:4
emm	72122:1 73884:1
emma	72394:1
emmanuel	67801:1 74455:4 76509:3
emmen	68881:1 71612:1 74457:1
empil	67554:1 68882:2 70161:1 74173:1 76210:1
empir	73877:1 74752:1
emplac	70919:1 74746:1
emploi	68274:1 68383:1 73437:1 73687:1 74171:1 75795:1 76212:1 76516:1
emplois	68643:1 69535:1 69818:1 70164:1 71357:1 71366:1 72114:2 72392:1 73683:1 73684:1 74746:1 74748:2 75795:1 76512:1
empois	74748:1
emport	67939:2 69177:1 69179:1 70424:1
empreint	68886:2 71617:1 72633:3 72932:1 74745:1
empress	68881:1
emprunt	68275:1 73183:2
empruntent	73875:1
empêch	67937:1 70422:1 70747:1 71835:1 74749:1 75065:2
en	68278:1 68645:1 69186:1 70916:1 73183:1 73189:1 76210:1
enac	69542:1
encadr	71357:1
encaiss	72933:1
encapsul	70166:1 75065:1 75462:4
encastr	71836:1
enchant	74167:1
enchaîn	70422:1
enclav	75789:1
enclin	67068:1 72114:1
encombr	75067:1
encourag	68387:1 71357:1 72630:1 72634:1 73184:1 74169:1 74454:1 74748:1 75458:1 76211:1
encouragent	69535:1
encre	67938:1 72114:3
encycloped	74457:1
encéphal	73184:1 73431:1
end	69814:1
endem	72632:1 75458:1
endet	73875:1
endocel	67802:1
endocrin	67802:1 67937:1 68887:2
endocrinien	68887:1
endocrinolog	67937:1 72631:1
endommag	70922:2 73431:2 74451:1
endoscop	70918:2
endroit	67068:3 67794:1 67800:1 68387:1 73187:1
endur	74450:3
ene	75463:1
energ	68640:1 70169:1 71363:1 72392:2 73690:1 73875:1 75458:1 75463:1 75789:1
energet	70426:1 70743:1 71362:1
energy	67557:1 69537:1 72113:1 73185:1
enfanc	67555:1 70169:1
enfant	67555:17 67556:1 68645:2 68881:2 70428:2 70745:1 70749:11 71841:1 72396:3 72401:6 72932:3 73431:2 74453:1 74744:1 75063:2 75458:1 76509:3
enferm	70166:1 75462:1
enfilag	74746:1
enfin	67071:1 67383:1 67553:1 67555:2 67795:2 67802:1 67939:2 68275:1 68276:1 68639:1 68641:1 68642:1 68882:1 69177:3 69533:2 69535:1 69812:1 69813:1 69817:1 69820:1 70162:2 70166:1 70422:1 70745:1 70751:2 70916:1 71357:2 71358:1 71361:1 71363:1 71615:1 71835:1 71837:1 71838:1 71840:1 72114:1 72120:1 72393:1 72395:1 72396:1 72400:1 72631:2 72932:1 72937:2 72938:1 73182:2 73189:1 73430:4 73434:2 73877:1 73879:1 73884:1 74167:1 74168:2 74174:1 74176:1 74449:1 74450:1 74453:1 74456:1 74744:1 74746:2 74750:1 75068:1 75071:2 75457:1 75462:1 75464:1 75795:1 75796:1 75797:1 76212:1 76511:1 76512:1 76514:1 76516:2
enflamm	68644:1
engag	67795:1 69536:1 70162:2 70753:2 70914:1 71616:1 71837:1 72395:2 72629:1 73877:1 74449:1 76212:1
engendr	68886:1 71617:1 71840:1
engin	70165:3 70916:1
engineering	67945:1 71617:1 72113:1
englob	71359:1
engou	68387:1 68638:1
engrais	67385:1
engrang	76511:1
engref	67795:1
engrenag	72119:1
enil	67388:1 68885:1
enitia	73685:1
enjeu	68385:1 69535:2 69820:1 71358:1 72392:2 73188:1
enjeux	67071:1 67388:1 67938:1 68275:2 68283:2 68383:1 68882:1 69535:2 70752:2 70914:1 71620:1 71621:1 72398:1 72399:1 72938:1 73183:1 74175:1 74176:1 74457:1 76208:1
enki	70918:1
enlev	70918:1
enquêt	67388:1 72630:1
enregistr	67068:1 67389:3 67795:1 70421:1 70744:1 70749:1 70916:1 72629:1 74170:1 74171:3 76510:1
enrich	71359:2 72394:2 72398:1 72637:1 72932:1 73185:1 73431:1 73683:1 76211:1
ensait	71361:2
ensam	70422:1 75791:3
ensaplv	69185:1
ensban	72394:1 72631:1 73685:1
enseign	67068:1 67071:1 67795:4 67944:1 68276:2 68277:1 68281:2 68383:1 68392:1 68393:2 69181:1 69185:1 69536:3 70161:1 70168:1 70169:1 70421:1 70422:1 70426:1 70743:1 70748:1 70914:4 70920:1 70923:4 71357:1 71358:1 71362:4 71620:1 71835:1 71837:1 72113:1 72394:6 72398:1 72637:2 72932:2 72936:1 72937:1 72938:1 73182:2 73185:1 73190:1 73430:1 73431:1 73437:1 73876:8 73882:1 74175:1 74450:1 74746:1 74751:2 75063:1 75071:2 75457:4 76206:3 76513:1
ensembl	67383:1 67388:1 67391:1 67553:1 67561:1 67794:1 67939:1 68273:1 68275:2 68277:1 68383:1 68391:1 68393:1 68644:1 68881:2 69177:1 69181:2 69533:1 69534:1 69535:1 69812:2 70161:1 70162:2 70163:2 70170:1 70424:2 70425:1 70428:1 70748:1 70751:1 70914:1 70916:4 71357:2 71358:1 71359:3 71614:1 71842:1 72113:1 72115:1 72392:3 72393:2 72395:1 72634:2 72637:1 72938:1 72939:1 73186:1 73432:2 73434:1 73683:3 73685:3 73687:2 73875:2 73876:1 73877:1 73884:2 74168:1 74171:1 74172:1 74174:1 74175:1 74449:1 74452:1 74455:1 74745:1 74747:1 74749:1 75069:1 75071:1 75458:1 75788:3 75789:1 75792:1 76209:1 76211:1 76213:1 76508:3
ensembli	72399:1
ensg	68889:1
ensi	67795:1
ensiacet	71362:2 71612:1
ensic	71358:1
ensicaen	69178:1
ensma	71358:1
ensmm	74455:1
ensoleil	68387:1 73684:1
ensta	67944:5 68883:2 74170:2
ensuit	67385:1 67554:2 67558:1 67802:1 67939:1 68383:1 68387:1 68391:1 68643:1 68645:1 68882:1 68884:1 69182:1 69183:1 69534:1 69540:1 69811:1 69813:1 70422:1 70920:1 71357:1 71359:2 71835:1 72115:1 72121:1 72394:2 72397:1 72630:2 72932:2 72934:1 73182:1 73185:1 73432:1 73683:2 73877:1 74449:1 74450:2 75065:1 75458:1 76213:2 76508:2 76511:3
entam	67937:1 68392:1 69811:1 72932:1 72939:1 73183:1 73185:1 73430:1 74168:1 74172:1 74454:1 76206:1
entament	67385:1
entend	72637:1 72932:1 73430:1 76508:1
entendent	76508:1
entendr	72939:1 76508:1
entendu	72939:1 74752:1
enterococcus	70746:1
enterom	69815:3
enthousiasm	67068:2 67383:1 67553:1 68638:1 69177:1 69812:1 70420:1 70422:1 71359:1 71842:3 72115:1 72394:1 72634:1 72932:1 72934:1 73184:1 73185:1 73430:1 73432:1 73683:1 73684:1 73685:1 73879:1 74168:1 74450:1 74451:1 74457:1 75458:1 75459:1 75788:2
enthousiast	68383:1 68881:1 70421:1
enti	67802:1 67939:2 68274:1 69181:1 69811:1 70429:1 70921:1 71359:1 71612:1 71837:1 72635:1 72933:1 73880:1 74744:1 74745:1 75459:1 76515:1
entier	67800:1 68277:1 69179:1 69183:1 71842:1 73431:1 73683:2 73879:1 74744:1 75067:1 75460:1
entit	67553:1 67938:1 72634:1 74455:1 74744:1 75459:1
entour	72635:2 76206:1 76211:1
entourent	67942:1
entpe	72939:1
entrant	70162:1
entraîn	67390:1 67795:1 67797:1 67799:1 67801:1 67802:1 68646:1 68882:2 68887:1 69184:1 69534:1 69535:1 70425:1 70744:4 71363:1 72116:2 72394:1 72632:1 72933:1 72934:1 72939:1 73684:1 73876:1 73880:1 74169:1 75067:1 75458:2 75460:1 75463:1 75789:1 75792:1 75793:1 75794:1 76511:1
entraînent	69177:1 72631:1 74168:1 75794:1
entre	76211:1
entrecoup	71835:1
entrent	71358:1
entrepr	73432:1 74172:1
entreprendr	68383:1 72114:1 73435:1 73878:1
entrepreneur	68274:4 71614:1 72114:1 72933:2 73185:3 73435:1 73684:3 73685:1 76208:1 76511:1
entrepreneurial	71614:1 73435:1 74450:1
entrepreneuriat	70168:1 73185:1 73876:1 74450:1
entrer	68276:1 69821:1 70161:1 71614:1 71836:1 72401:1 72935:1 73182:1 73184:2 74451:1 74745:1 75065:1 75457:2
entreront	74168:1
entreten	70745:1 71359:1 73182:1
entretenu	69178:1
entretien	68881:2 71357:1 71363:1
entretiennent	72936:1
entretient	76211:1
entrevoir	67937:1 73185:1 74746:1 74752:1
entré	67944:1 69535:1 71842:1 72115:1 72932:1 73431:1 73685:1 73686:1 73878:1 73879:1 75071:1 75790:1 75792:2 76206:1
envah	70161:1 70166:1 72401:1 75462:1
envelopp	75063:1 75789:1
enver	67555:1 75794:1
envergur	69817:1 69820:1 70748:1 70916:1 70918:1 74169:1 75458:2
envi	67794:1 68881:2 69534:1 70161:2 74450:1 75069:1
environment	69811:1 74168:1 75064:1
environmental	67557:1
environnemental	67071:4 67387:2 67556:1 67794:1 68275:3 68279:1 68283:1 68645:1 68882:1 68887:1 69182:1 69535:2 69812:3 69813:2 70420:2 70916:1 71362:1 71617:1 71621:1 71837:2 71845:1 72113:1 72116:1 72392:1 72398:1 72637:2 74453:1 74745:1 75069:1 75458:2 75792:2 76213:1
environnent	67801:1
envisag	68280:1 68390:1 68638:1 68645:1 68882:1 68883:1 69178:2 69533:1 69535:1 69538:1 70161:1 70162:1 70423:1 70429:1 70746:1 70917:1 70918:1 71357:1 71845:1 73182:1 74170:1 74450:1 74454:1 74455:1 75459:1 75463:1 76213:1
envisage	69178:1 71366:1 74750:1 76213:1
envisagent	67794:1 69178:1 69535:1 71617:1
envisageon	68387:1 68881:1
envisat	69811:13
envoi	67068:1 67386:3 67389:1 68279:1 68281:1 68884:1 70163:1 70422:1 75457:1 75788:1
envol	72933:1
envoyon	67795:1
enzym	67388:7 67556:1 67800:7 75790:1 76511:1
enzymat	67388:3
enzymolog	74173:1
eolien	75463:1
ephe	67387:1 73431:1
epini	70744:1
eportfolio	70923:1
epos	69181:1
eppn	69817:1 70420:1
epsetein	67389:1
epsztein	67389:3
equateur	71362:1 73684:1
equatorial	73684:1
equip	68275:1 69181:1 70914:1 72934:1
equipex	68275:1 72121:1
equit	71357:1
equity	72935:1
er	67795:1 67942:1 68641:1 69542:1 69811:1 70169:2 70170:1 70752:1 70916:1 72113:1 72394:1 73184:1 73877:1 73884:1 74169:1 74746:1 74748:1 75796:2
era	68642:4
erasmus	67944:1 76206:1
erc	68390:1
erectus	73431:1
ergonom	74450:1 75064:1 75069:1
ergothérapeut	67940:1
eric	67388:3 68885:4 73685:4 74175:1 74749:4 75459:1
erik	70745:1
erlangen	69814:2
erreur	67938:1 68274:1 73185:1 74169:1 74455:1 75792:1 76207:1
erythr	75458:1
esa	69177:2 69179:7 69811:4 70163:2 70170:1 70424:2 73880:2
esc	67798:1 75793:2
escal	73183:1 73185:3
escath	69177:5
escherichi	69183:2
escient	70914:1
escoffi	74752:1
escuel	74450:1
esf	68386:1
esie	70168:1 73190:2 75071:2
esiec	72634:1
esnouf	68882:1
espac	67389:1 68277:1 68386:1 68392:5 68644:1 68882:1 69177:2 69535:5 70751:1 70923:1 71357:1 71358:2 71614:1 71615:1 71618:1 71621:2 71836:1 72635:1 72932:3 72933:1 72939:2 73434:1 73687:1 73876:1 73884:1 74748:2 75064:2 75068:1
espagn	67945:1 68274:1 68281:1 68642:1 69179:1 70916:3 72632:1 73875:2 74169:1 75069:1 76206:1
espagnol	67383:1
espci	67068:5 68280:5 69186:2 70747:1 74750:3
espec	67387:3 67938:1 68385:1 68389:7 68645:1 69182:1 69816:4 69819:1 70746:1 70917:3 71618:3 72115:2 72631:1 73183:1 73433:1 73878:1 74452:1 75458:7 75460:2 76511:1
esper	67555:1 75065:1 75792:1
espoir	71621:1 72115:1 73878:1 74173:1 74454:2
esprit	67553:2 67937:1 68383:1 69541:1 70161:2 70164:1 73185:1 73435:1 75459:1
espèrent	69539:1 69819:1
esquiss	68279:1 69177:1 69535:1 73430:1 73875:1 74449:1 75458:1
esr	75457:1
esrc	68386:1
esrf	68391:2 69539:3 69819:1
ess	75458:3
essai	67555:1 67794:1 67938:1 70428:1 70745:1 70916:1 70918:1 71616:1 72115:1 72935:1 73185:1 73431:1 73684:1 73876:1 74449:1 75065:2 75458:3 75790:2 75792:1 75793:1
essaimag	73687:1
essais	67797:3 67940:1 68279:5 68638:1 68885:1 70743:3 70918:2 72634:2 73435:1 73684:2 74169:1
essayent	70745:1
essayon	68275:1 70745:1 72932:1 73876:1
essca	68281:4
essenc	69814:1 69816:2 71837:1 75458:1
essentiel	67553:1 67555:1 67796:1 67798:1 67937:1 67939:1 68274:1 68387:1 69533:1 69534:1 69538:1 69814:1 70161:3 70170:1 70914:1 71358:2 71621:1 72113:1 72118:1 72396:1 72398:1 72630:1 72933:1 72939:1 73182:1 73184:1 73431:1 73684:1 73875:1 73877:1 73881:1 73884:1 75063:1 75064:1 75065:1 75459:1 75792:1 75794:1 76206:1 76211:1 76516:2
essex	67940:1
esson	71360:1
essor	73434:2 74746:1
essouffl	68882:1
estac	71358:4
ester	75459:1
esther	67068:1
estii	74450:1
estim	67385:1 67388:2 67389:1 67391:1 67392:1 67798:1 68273:1 68274:1 68276:1 69177:1 69182:1 69533:1 69537:1 69811:1 69813:1 70161:2 70421:2 70744:1 70914:1 71357:1 71358:1 71359:1 71612:1 71614:1 71621:1 72115:1 72116:1 72395:1 72631:1 72637:1 72935:1 73182:2 73188:1 73430:1 73684:2 74167:1 74169:1 74450:1 74454:2 74746:1 75458:1 75792:1 76207:1 76208:1 76213:3 76508:1 76513:1
estiment	67555:1 68887:1 72395:1
estimon	74167:1 75792:1
estival	69537:1
estomac	67388:1 70166:1 70918:1
estompent	67555:1
estp	69185:1 73883:2
estuair	70917:2
esturgeon	70917:5
etabl	72113:1
etat	67383:1 67941:1 67942:1 67943:1 68274:3 68275:1 68279:1 68281:1 68385:1 68638:1 68881:1 68884:1 69179:2 69185:1 69815:1 69820:1 70163:1 70169:1 70422:5 70922:1 71357:2 71614:1 71616:1 71837:1 71838:1 71840:1 72117:1 72393:1 72395:1 72633:1 72932:1 73183:1 73187:1 73433:1 73879:1 74167:2 74168:1 74452:1 74748:1 74749:1 75064:1 75065:2 75457:1 75458:2 75792:1 76207:1 76209:2 76508:1
etc	67068:1 67556:1 69185:1 70165:2 72937:1 73190:1 73437:1 74453:1 76208:1 76510:1
ethiop	75458:1
etien	68886:1 70161:2 73183:1
etp	68642:1
etre	71621:1
etud	68392:1 68393:1 69541:2 70163:1 70916:1 71357:1 71358:1 71362:1 72119:1 72634:1 72932:1 73184:1 73431:1 73434:1 74168:1 75063:1 75067:1 76515:1
etudi	69179:1 73185:1
eu	67937:1 68638:1 68882:1 69179:1 69181:1 69815:1 70162:1 70914:1 72631:1 72932:1 73434:1 74450:1 75065:1
euclid	70424:3
eumetsat	67939:1
euphor	68643:1
eural	69541:1
euratom	69178:2
euro	72113:1
eurobiomed	68393:1 73184:1
eurocentr	69821:1
eurocopt	68393:1 69541:1
eurohorc	68386:1
euron	72122:1
europ	67383:1 67391:1 67557:2 67794:1 67804:1 67942:1 68383:1 68386:2 68638:1 68642:1 68645:5 69177:4 69538:1 69815:1 69820:1 70424:1 70425:1 70914:1 70917:2 70918:1 70920:1 71357:1 71358:1 71366:2 71615:1 71616:1 71618:1 71836:1 72113:1 72117:1 72122:1 72392:1 72393:1 72394:2 72632:1 72939:1 73182:1 73430:2 73435:1 73687:1 73875:2 73878:1 74167:1 74169:1 74454:1 74746:1 75065:1 75463:2 75792:2 75795:2 75796:1 75797:2 76508:1 76510:1
european	67804:1 68386:2 68391:1 69181:1 69539:1 69817:1 69819:1 70420:1 72113:1 72122:1 73183:1 73436:1 73691:1 73884:1
européen	67554:1 67555:4 67557:3 67803:1 67804:1 67939:2 67943:1 67944:2 67945:1 68274:1 68277:1 68278:1 68281:1 68383:2 68385:1 68386:4 68642:9 68645:1 68884:1 69177:5 69178:1 69181:3 69534:4 69538:2 69811:2 69812:1 69815:1 69817:1 69821:1 70163:3 70164:4 70420:2 70424:1 70751:1 70752:1 70914:6 70917:6 70920:1 70921:1 71358:1 71361:3 71617:2 71835:1 71838:1 71839:1 71841:2 72113:4 72114:1 72392:1 72393:1 72400:1 72629:2 72630:1 72636:1 72934:1 73430:1 73432:2 73434:1 73683:1 73880:1 73884:2 74167:1 74168:1 74169:1 74454:1 74746:1 74749:2 75063:1 75064:1 75065:1 75069:3 75463:2 75466:1 75792:4 75797:1 76508:1
eurorégion	75066:1
euros	67557:2 67799:1 67801:1 68273:2 68274:1 68275:1 68277:1 68383:1 69181:1 69534:1 69538:2 69541:1 69812:1 69815:2 69818:1 70164:1 70166:1 71359:1 71360:3 71361:3 71616:1 71837:1 72114:2 72118:1 72633:1 72934:2 72935:2 73683:1 73686:1 73875:2 73878:1 74169:1 74450:1 74451:1 74746:1 74747:1 74749:1 75065:3 75066:1 75461:1 75466:1 75795:2 76508:2 76510:3
eurotran	69178:1
eurêk	75063:1
eustach	76515:1
eux	67387:1 67389:1 67794:1 67801:1 68274:1 68881:1 69185:1 69540:1 69819:1 70161:1 70163:1 70169:1 70421:2 70746:1 70749:1 71361:1 71617:1 71621:1 72117:2 72634:1 73185:2 73685:1 73875:1 73876:1 74751:1 75457:1 75462:1 76508:1
evalu	67071:1 67798:2 70915:1
evolu	67071:1 71843:1
evolut	67387:1
evoqu	68881:1
evry	68279:1
ex	68277:1 75065:1
exacerb	68388:1
exact	72939:1 75459:1 75788:1 76509:1
exaflop	70914:1
examen	67801:2 74171:1
exawatt	68638:7
exced	68389:1
excellent	67068:1 67937:2 67938:2 68275:1 68387:1 69181:1 70161:1 70422:1 71361:2 71836:1 71837:1 72114:1 72121:2 72938:2 73184:2 73687:1 73876:1 74450:1 75459:1
except	68279:1 71359:1 71835:1 72932:1 73876:1 74169:1 74749:1 74752:1 75794:1
exceptionnel	67383:2 68276:1 69177:2 69182:1 69543:1 70161:1 70162:1 70163:1 70164:1 70420:1 70421:1 70743:1 70748:1 70914:2 71836:2 71837:2 72932:1 73877:1 73878:1 76513:1
exces	74169:1
excess	69534:1
excit	67389:1
exclam	70166:1 73683:1
exclu	74167:1
exclus	67391:1 67937:1 67941:1 68274:2 68279:1 69183:1 70166:1 70423:1 72117:1 72636:1 72932:1 74451:1 76210:1
exclut	68273:1
execut	71617:1 72637:1
exempl	67068:1 67383:1 67385:1 67386:1 67387:1 67554:3 67558:1 67794:1 67795:2 67798:1 68273:1 68275:1 68387:1 68639:1 68643:1 68881:3 68886:2 69177:1 69181:1 69535:1 69537:1 69811:2 69815:1 69816:1 69817:1 70165:1 70166:1 70420:1 70421:1 70745:2 70751:1 70753:1 70915:2 70919:1 70921:1 71357:1 71359:1 71614:1 71621:3 71836:1 72116:1 72392:1 72393:2 72630:2 72632:1 72636:1 72932:1 72933:2 73185:1 73430:1 73431:2 73685:1 73876:1 73877:2 74170:1 74449:1 74450:1 74452:1 74744:1 74745:1 74752:1 75462:1 75788:1 75790:1 75792:1 76511:2
exemplair	71614:1 72933:1 73184:1 74171:2 74745:1 75458:1
exenuc	71619:3
exerc	68390:1 72636:1 73882:1 75458:1
exercent	72636:2
exercic	69533:6 69535:1 70162:1 70421:1 70744:1 71357:3 72633:1 72932:1 74167:1 74172:1 76507:1 76509:1
exhaust	74167:1 74751:1
exig	67794:1 67938:1 68643:1 69185:1 69540:2 70420:1 72118:1 72934:1 76207:2 76513:1
exigent	67386:1 70915:2 71617:1 72936:1 73684:1 74450:1 74751:1 76511:1
exigus	74450:1
exist	67386:2 67387:1 67388:4 67555:3 67795:1 67937:2 67939:1 68273:1 68383:1 68390:1 68391:1 68642:1 68885:1 68887:1 69183:1 69813:2 69815:1 70161:1 70162:1 70425:1 70745:1 70749:1 70921:1 71358:1 71359:1 71362:1 71614:1 71615:1 71618:1 71620:1 71835:1 71842:1 72114:1 72115:1 72117:1 72118:1 72631:2 72932:2 72934:1 72935:1 73184:1 73185:1 73685:1 73687:1 73878:1 73883:1 74168:4 74172:1 74173:3 74449:3 74450:2 74453:1 74455:1 74457:2 75065:1 75067:1 75068:1 75457:1 75458:1 75462:1 75788:1 75792:2 75794:1 76210:1 76213:2 76509:2
existent	67386:1 67938:1 67943:1 68279:1 68643:1 70914:1 70920:1 71620:1 72396:1 72629:1 73430:1 73432:1 74173:1 74455:1 75459:1
exoes	69541:1
exomar	69177:1
exosquelet	67941:1
exot	67943:1
expans	70170:1 70424:3 71357:1 71618:3 73188:1 73882:1
expatri	69185:1
experimental	74168:1 75064:1
expert	67071:1 67392:1 68645:1 68882:1 69533:1 69543:1 70169:2 70429:1 70915:1 70916:1 71358:1 71359:2 71363:1 71618:2 71619:1 72629:2 72936:1 73182:1 73686:1 73691:1 75066:1 75788:1 75791:1 75793:1 75796:1 76206:4 76208:1 76514:1
expertis	67946:1 68885:4 69541:1 70168:1 70743:1 71357:1 71838:1 72120:1 72392:1 72393:1 72629:1 72939:1 73184:1 73190:1 73432:1 73876:1 74749:1 75064:1 75792:1 76206:3 76208:1 76211:2
expir	73685:1
explicit	72395:1
expliquent	68638:1 71840:1
exploit	69177:2 69179:1 69186:1 69538:2 70420:1 70914:1 70915:2 71617:2 71837:1 72116:1 72397:2 72934:1 73187:1 73431:1 73433:1 73684:2 73879:1 73880:1 74170:1 74449:1 74456:2 75788:1 75792:2
explor	67385:1 67389:3 68387:1 68639:2 68882:1 69533:1 69815:1 70163:2 70420:1 70751:1 71357:2 71366:1 71835:1 71836:1 71841:1 72635:1 72932:2 73432:1 73880:1 74168:1 74450:2 74455:1 75459:1 76209:1 76515:1
explorent	69533:1
exploron	75790:1
explos	69186:1 69812:2 70162:1 70425:5 71359:1 72629:1 72633:1
expo	74746:1
exponentiel	71618:1
export	67553:3 68273:1 72114:1 72933:1 76512:1
exportent	72933:1
expos	67938:1 67942:1 69542:1 70161:1 70168:1 70169:1 70918:1 72116:1 72122:1 72401:1 72932:1 72939:1 73190:1 73438:1 73884:1 74456:1 74748:1 76212:1
exposit	67385:1 68645:1 69535:3 70170:1 70745:1 70751:2 73884:1 74176:1 74456:1 74748:2 75796:1 76515:1
express	67556:5 70420:1 70424:1
expresso	69179:1
exprim	67802:1 73876:1
expriment	69184:1
expédit	73183:7
expérient	67389:1 68383:1 68388:1 68638:1 68643:1 69178:1 69540:2 69813:1 70748:1 70749:3 70914:1 70919:1 71614:1 71845:1 72113:1 72392:1 72394:3 72397:2 72399:1 72629:2 72932:1 72937:2 72940:1 73185:6 73432:1 73683:2 73684:3 73690:1 73875:1 73876:1 74167:1 74746:1 75063:1 75789:2 75792:1 76206:1 76508:1
expériment	67385:1 67555:1 68279:4 68885:1 69179:1 70743:1 70914:1 71842:1 72113:1 73683:2 73877:1 74168:2 74176:3 74752:1 75065:1 75793:1 76207:1
expérimental	67390:1 67555:1 67798:6 68388:1 68639:1 69538:1 69540:1 69820:1 70426:1 72397:1 72401:1 73434:1 73683:3 73876:1 73877:2 74744:1 75793:2
extens	67939:1 71360:1 73183:2 74172:5
extern	69178:1 76212:1 76511:1
externalis	70166:1
exti	70168:1 73190:1
extra	75789:1
extract	67388:1 67945:1 69541:1 70917:1 71845:4 72630:2 75792:3 76516:1
extrair	68274:1 72630:2 73432:1 75788:1 76213:1
extrait	67388:1 71845:1 72630:3 73877:1 76511:1 76516:3
extraordinair	67794:1 69812:1 69821:1 70167:1 71621:1 71837:1 72933:1 72934:1 73434:1
extrapol	72397:1 74168:1
extrem	71616:1 72635:1
extrus	70921:1
extrêm	67383:1 67554:1 67800:1 68387:1 68388:1 68638:3 69184:1 69540:2 69816:1 70163:1 70425:2 70745:1 70747:1 70916:3 71358:1 71359:1 71836:1 72115:1 72392:1 72394:2 72400:1 72932:1 72934:1 72939:1 73185:1 73431:2 73432:1 73875:1 73877:1 74168:1 74449:1 74450:1 74744:1 75065:2 75458:2 75792:1 76210:1 76213:1 76508:1 76515:1
extérieur	67385:1 67795:1 67937:1 68881:1 68885:1 69540:1 70421:1 72397:1 72634:1 75067:1 76211:1
exécut	73683:1 75064:1
eye	70744:1
eyebrain	68646:3 71841:2 74171:4
eyeop	73435:1
eyetechcar	73435:2
eyroll	67938:3
f	68641:2 72396:1
fab	75068:1
fabien	70425:2
fablab	76513:1
fabmak	75068:4
fabr	72117:2 74751:1
fabric	67388:2 67554:3 68274:2 71839:1 75795:1 76207:2
fabriqu	67068:1 67388:6 67554:5 67796:1 67802:1 68273:1 68274:1 68280:1 68388:1 68882:2 68885:2 69814:1 69819:2 70165:2 70429:1 70917:1 70919:1 71616:1 71839:2 72114:5 72119:1 72397:1 72635:1 73433:1 73877:1 73879:1 74168:2 74450:1 74451:1 74454:1 75065:1 75068:2 75069:2 75070:1 76210:1 76213:1 76507:1 76511:2 76513:1
fabry	68641:2
fabshop	75068:1
fabulous	75068:1
fac	67071:1 67553:1 67803:1 68273:1 68275:1 68389:2 68638:1 68646:1 68882:1 69182:1 69534:1 69816:1 70161:1 70915:1 71359:1 72113:1 72392:1 72401:1 72933:1 72937:1 73431:1 73876:1 73877:1 74744:1 75065:1 75457:1 75465:1 75789:1 75792:1 76207:1
facet	73882:1
facial	71616:1 72633:1 73879:1
facil	67553:1 67937:1 68280:2 68281:1 68387:1 68390:1 69178:2 70425:1 70747:1 70923:2 71357:1 72115:1 72401:1 72932:1 73182:1 73189:1 73431:1 73683:1 73685:1 74168:1 74746:1 74750:1 75069:1 75462:1 76507:1 76511:1
facilit	67558:1 68275:1 69814:1 70746:1 70918:1 70921:2 71359:1 72630:1 73184:1 73187:1 74748:1 75069:1 75790:1
facilitent	67389:1 70744:1
facility	68391:1 69539:1 69819:1
facteur	67555:2 67556:4 68886:1 70425:2 70749:1 70917:2 71357:1 72113:1 72396:1 73434:1 73683:1 74168:1 74449:2 74744:1 75064:1 75464:1 75790:1
facult	68392:2 69536:2 71616:1
faecal	70746:1
fagn	74453:1
faibl	67388:2 67558:1 67796:1 67942:2 68383:1 68644:1 68883:1 68886:1 68887:1 69184:1 69535:2 69539:1 69540:1 69816:1 69817:1 70163:1 70167:1 70915:1 71357:1 71614:1 71617:1 71836:1 71842:1 72397:1 72934:1 73436:1 73684:1 75463:1 75794:2 76210:1 76213:2 76508:2
faibless	68383:1 73182:1
faill	70917:1 76207:2 76208:1
faim	67555:1 67794:1 71366:1
fais	67553:1 67555:1 68279:1 68886:1 70162:1 70422:1 73683:1 73875:1 74749:1 74752:1 75070:1 75790:1
faisabl	74168:1
faisceau	68391:3 69540:1 70421:1
faision	74749:1
faison	71617:1 72113:1 74449:1 74749:1
fait	67553:2 68643:1 69540:1 71835:1 71838:1 71843:1 72397:1 72939:1 72940:1 73684:1 73687:1 74172:1 74454:1 74746:2 75071:1 76509:1
falcon	70916:1
falconni	74172:1
falcoz	72113:7
fall	67068:1 70161:1 72394:1 72629:1 73683:1 73684:3 74752:1 75458:1
falloir	67555:1 67794:1 67938:1 68882:1 71359:2 72392:1 73432:2 73876:2 74167:1 74168:1 74749:1 75462:1 76511:1
fallu	67555:1 72634:1 73683:1 73684:1 75458:3
fameux	67068:1 67937:1 68638:1 70161:1 70166:1 70420:1 70421:1 70422:1 71621:1 72115:1 72932:1 73879:1 75070:1 75458:1
familial	67798:1 74746:1 75793:2
familiaris	70162:1 70921:1
famill	67937:1 68276:1 68387:2 69179:1 69186:1 71360:1 71614:1 72632:1 72932:1 73436:1 74745:1 75792:1 76508:1
fanc	69533:1
fantasm	74752:1
fao	68882:1 69821:3
far	74450:1
farin	71842:2
fascicul	74457:1
fascin	76209:1
faso	75458:3
fass	69813:1
fassent	72634:1
fassion	70161:1
fatigu	68639:1 70744:1 73684:1
fatty	72631:1
faudr	67558:1 67794:1 69533:1 71357:1 71835:1 72394:1 73185:1 76511:1
faun	73877:1
faupel	73187:1
faurr	74450:1
fauss	71843:1 72932:1 74455:1
faut	67068:1 67383:1 67553:2 67555:1 67794:1 67795:1 67801:1 67938:1 68383:3 68881:1 68882:1 69177:2 69178:1 69534:1 69535:1 69815:1 70161:1 70421:1 70422:1 70423:1 70424:1 70425:1 70746:1 70915:2 70919:1 71359:1 71835:4 71837:1 71841:1 71842:1 72114:1 72393:1 72933:1 73182:1 73185:2 73430:1 73683:4 74167:1 74449:1 74450:2 74455:1 74457:1 74752:1 75065:1 75066:1 75069:1 75458:1 75461:1 75462:1 76213:3 76512:1
fauteuil	67940:7
faux	69183:1
faveur	67556:1
favor	68389:1 68885:1 69816:1 70919:1 73684:1 73687:1 74172:1 75792:1
favoris	68384:1 68641:1 68642:1 69541:1 69816:1 70166:2 70751:1 70914:1 70923:1 71615:1 72398:1 73690:1 74746:1
favorisent	69813:2 73684:1
façon	67068:2 67392:1 67554:1 67797:1 67939:1 68280:1 68387:1 68643:1 68881:1 68882:1 68887:2 69177:1 69181:1 69815:1 70164:1 70421:1 70425:1 70429:1 70916:1 71357:1 71617:1 71618:1 71835:1 71843:1 72114:1 72397:1 72401:1 72629:1 72932:1 73187:1 73434:1 73435:1 73684:1 73685:1 73876:1 73879:2 73882:1 74172:1 74173:1 74449:1 74453:1 74748:1 74751:1 75063:1 75064:1 75790:1 76210:1
fcc	71358:1
fct	68642:1
fed	68385:1 68884:1 70420:1 71360:1 71841:1 76508:1
federalimentar	69534:1
feillet	76213:7
feingenbaum	76514:1
femel	72632:3
femm	68387:1 69184:1 70422:3 71612:5 71835:1 72636:5 72932:3 72935:3 74449:1 75458:4 75788:1
femto	68638:1
femtosecond	68641:3 72934:1
fer	68640:2 70424:1 73876:1 74450:1 75066:2 75459:1 76512:1
feraud	75461:1
ferm	68881:1 69538:1 71836:1 71839:1 72629:1 72932:1 73185:1 75463:2 76511:1
ferment	74752:1
fermetur	67795:1 72635:1 73685:1 75460:1
fermi	68885:2
fermilab	68638:1
feront	67804:1 74175:1 74176:1
ferr	70743:1 76510:1
ferrand	67386:1 67799:1 73687:1 73875:1
ferrary	68383:2
ferroviair	71358:1 76510:2
fertil	68279:1
fertilis	68279:2 73684:1
feu	67068:1 70421:1
feuill	67387:1 67800:1 68383:1 68386:1 68645:1 72630:1 76512:1
feuillag	67387:1
feux	75458:2
feynman	68881:1
ffi	70169:1
fgbu	72396:1
fi	70914:1
fiabl	67387:1 67796:1 68387:1 69535:1 70426:1 70922:1 75067:1 76207:2 76208:1
fibr	68641:3 70167:3 70751:1 70921:3 71614:1 72932:3 72934:8 75067:1
fibreux	70918:1
fibrillair	74173:1
fich	74747:2 75069:1
fichi	70914:1
fiction	68881:1
fidel	73431:1
field	68276:1 70161:1 71835:3 72932:3 73879:1
fier	69177:1 71842:1
fiert	67937:1 68383:1 69821:1 70161:1 73431:1 74455:1 76207:1
fievr	69813:2
fig	71835:1
figur	68279:1 70744:2 71359:1 76511:1
figurent	67937:1
fijus	74169:5
fil	67383:1 67386:2 67553:1 68276:1 68646:1 68885:1 69179:1 70167:1 71842:1 72113:1 72932:1 73432:1 73683:3 73877:1 75066:1 75070:1 75789:1 76509:2 76511:2
filag	70921:1
fili	67388:1 67554:1 67938:2 67942:1 68273:1 68275:1 68882:1 68885:1 69818:1 70161:2 70745:2 70914:1 71357:5 71358:1 71363:1 71837:1 71845:1 72113:1 72392:5 72637:3 73433:2 73434:3 73687:1 73689:1 73690:3 73884:1 74169:3 74174:2 74450:2 74457:5 74746:6 74748:2 75064:1 75065:1 75067:1 75071:3 75457:5 75460:1 75464:1 75466:1 75789:2 75797:1 76512:1
filial	67383:1 67796:1 71842:1 72392:1 72633:1 73684:1 73875:2 73878:1 74167:1 75461:1
fill	72636:1
film	67558:2 69540:1 69541:1 70420:2 70423:2 72114:2 75794:6 76514:1
filtr	67068:1 67385:1 74744:1 75788:1
filtrat	70751:1 70921:1 72399:2
fin	67068:2 67553:1 67558:1 67800:2 67937:2 67939:1 67940:1 67942:1 67944:1 68274:1 68279:2 68393:1 68643:1 68881:1 68883:1 68885:1 68886:1 69533:1 69534:1 69540:1 69542:1 70161:3 70163:1 70168:1 70422:1 70744:2 70749:2 70916:1 71357:1 71359:2 71612:1 71614:2 71837:1 71841:1 72114:1 72118:1 72392:2 72395:1 72396:2 72629:3 72631:1 72634:2 72938:1 73182:1 73183:1 73185:1 73434:1 73435:1 73683:2 73875:1 73876:1 73877:2 73880:1 74167:2 74168:2 74169:1 74172:1 74449:1 74450:3 74744:1 74746:1 74748:1 74749:1 75063:1 75457:2 75459:2 75461:1 75792:2 75794:1 76211:1 76213:1 76508:1
final	67388:2 68645:1 68882:1 68883:1 68886:1 69177:1 69814:1 70162:3 70166:1 70428:1 72116:1 72393:1 72630:1 72634:1 72637:1 73683:2 74167:1 74168:1 74449:1 75065:1 75795:1 76206:1 76210:1
finalis	69815:1 71614:1 73186:1 73689:1
financ	67068:1 67555:1 67557:1 67798:2 67799:1 67940:1 68277:1 68383:2 68385:1 68386:2 68392:1 68642:2 68645:1 68646:1 68884:1 69177:1 69182:1 69538:1 70161:1 70162:1 70164:1 70420:1 70421:1 70428:1 70743:2 71359:1 71360:1 71616:1 71619:1 72118:1 72400:1 72634:2 72933:1 72934:1 73182:1 73432:2 73433:1 73683:2 73686:2 73691:1 73875:1 74167:1 74169:1 74449:1 74451:1 74453:1 74456:1 74748:2 74749:1 75065:2 75460:1 75465:1 75466:1 75790:1 75793:1 75795:1
financeur	72634:1 74746:1
financi	67939:1 67940:1 68389:1 69177:1 69181:1 71614:1 72629:2 72634:1 72637:1 73185:3 73186:1 73683:1 73685:1 74167:1 74745:1 75461:1 75465:1 75795:1
finess	67554:1
fingerprint	72633:1
fink	67068:9
finland	68642:1 74170:1 75069:1
fioraso	70914:4 71620:1 71837:1 73182:1
fip	75457:1
firm	72115:1
fission	69178:1 74168:1
fissur	68886:4 76210:3
fix	67385:1 67386:1 67553:1 67800:1 67939:1 68279:1 69534:1 70420:1 70421:1 70422:1 70743:1 70746:1 71615:1 71835:1 71836:1 72119:1 73684:1 73876:1 74744:1 75069:1 75070:1 75791:1
flacon	75065:1
flamm	73683:1
flash	70167:1
flavescent	73877:1
flaveur	69534:1 75790:3
fleur	68273:1 76516:1
fleuv	70917:4 72397:1 73434:1
flexibil	68273:1 68882:1
flexibl	69541:1 70167:1 72114:1 72394:1 75791:2
flexisécur	69535:1
flor	68389:1 69815:1
floral	73878:2
flott	70743:2
flottat	72399:1
flotteur	70916:1
flou	71612:1
fluctu	70420:1
fluctuat	74745:1
fluid	68276:1 69540:1 70421:1 71835:1 72393:3 75067:1 76208:1 76507:1
fluidit	68387:1 72116:1
fluorescent	69183:2 69539:9 70420:1 70747:2 73189:1 74451:1
flux	67796:2 67939:1 69535:1 70162:1 72637:1 73430:1 74168:2 74751:1 75457:2 75458:1
flying	71358:1
fléau	69534:1 69813:1 76510:1
focal	70424:1
focalis	67068:2 68391:1 69540:2 70420:1 72115:1 72118:1 72395:1 72632:1 73435:1 75065:1 75793:1
focus	70916:1 74748:1 76514:1
foetal	67802:1
foi	70424:1 73189:1 74750:1 75065:3
fois	67068:1 67383:3 67388:1 67389:1 67553:1 67554:2 67555:1 67558:3 67799:1 67801:1 67802:1 67939:5 67943:1 68276:1 68281:1 68385:1 68638:1 68642:1 68644:1 68881:1 68885:2 68886:1 69177:1 69533:1 69534:2 69535:1 69540:3 69812:3 69813:1 69815:1 69817:1 69819:1 69820:1 70161:2 70163:1 70166:1 70167:2 70170:1 70421:2 70422:1 70743:2 70745:1 70746:1 70747:1 70914:2 70920:1 70922:1 71357:4 71358:1 71359:3 71366:1 71614:1 71835:2 71842:1 72119:1 72121:1 72397:1 72401:1 72629:2 72630:1 72635:1 72934:2 72940:1 73190:1 73430:1 73432:1 73434:1 73685:1 73876:1 73881:1 73884:2 74167:1 74168:1 74170:1 74171:2 74175:1 74449:1 74456:1 75063:1 75067:1 75069:1 75457:1 75458:1 75789:1 75794:2 76206:2 76207:1 76208:1 76210:2 76211:1 76213:1 76507:1 76508:1 76511:1 76515:1
foix	68277:3 74746:5
foliair	69182:1 69817:1
foliot	73683:1
foll	71837:1
fonci	71357:1 74457:1
fonction	67386:2 67387:1 67389:1 67390:1 67554:1 67556:4 67794:1 67795:1 67796:1 67800:1 67802:1 67937:1 67938:1 68276:1 68277:1 68392:1 68882:3 68883:1 68887:1 69177:4 69178:5 69179:1 69183:1 69184:3 69539:1 69812:1 70161:1 70162:7 70421:1 70745:2 70916:1 70919:1 71357:1 71359:1 71614:1 71843:1 72114:1 72115:1 72116:2 72631:4 72634:1 72932:1 72933:1 72934:3 73184:3 73189:1 73878:2 73879:4 74168:7 74171:1 74449:1 74751:1 75064:1 75790:1 75793:1 76212:1 76213:2 76508:1
fonctionnal	67388:1 67554:1 67797:1 75788:2 76514:1
fonctionnalis	68390:1 76210:1
fonctionnel	67387:4 67391:1 67798:3 67802:1 68277:1 68887:1 71361:1 71841:1 72396:1 73432:1 73877:1 74173:1 74450:1 74453:1 76515:1
fonctionnent	70420:1 72114:1 73877:1 74167:1
fond	67794:1 67798:3 67799:1 68276:1 68385:1 68882:2 68884:2 68886:1 69815:1 69818:1 70162:1 70420:1 70421:1 70422:1 70744:1 71360:2 71614:4 71616:1 71841:1 72114:1 72633:2 72634:1 72935:1 73187:1 73683:2 73688:1 73875:1 73879:2 73880:1 74169:1 74450:1 74451:2 74453:1 74455:1 74752:1 75063:1 75793:1 76213:1 76508:1 76510:2 76513:1
fondamental	67068:2 67389:1 67800:1 67937:1 68277:1 68280:1 68384:1 68881:1 68882:1 69536:1 70161:1 70422:1 70748:1 72630:1 73182:1 73184:1 73186:1 73879:1 74453:1 75460:1 75790:1
fondat	67383:3 67556:1 67940:3 68393:1 68888:1 70748:1 72936:2 73183:2 73185:1 73683:1 73875:1 74751:1
fondateur	67071:1 67799:1 68643:1 69815:1 70166:2 71614:3 72114:2 73184:1 73185:1 74450:1 74451:1 74746:2 75063:3 75462:1 76207:2 76208:2 76510:1 76511:1
fondatric	73875:1
fondeur	72113:1
fondu	69819:1
font	67389:1 67391:1 67553:1 67937:2 67939:1 67942:1 68383:1 69533:1 69813:1 69816:1 70161:1 70165:1 71358:2 72394:1 73182:1 73183:2 73436:1 73878:1 74173:1 74745:1 74747:1 75457:1 75788:1 76209:2
fontain	72634:1
fontainebleau	67945:1
fontenay	70421:1
food	67557:1 68387:2 69534:2 71359:8 75069:1 76209:2 76514:1
for	67557:1 67945:1 68275:1 68881:2 69180:1 69811:1 70164:2 71615:1 72113:1 72121:1 72932:4 75065:1 75069:1
forc	67555:1 67799:1 67938:1 68275:1 68383:1 68883:1 68886:3 69540:1 69813:1 70162:3 70423:1 70914:1 71357:1 71621:1 71835:2 71840:1 72119:1 72397:1 72932:1 72937:1 72939:1 73184:1 73185:1 73683:1 75459:1 76507:1 76510:1
forcep	72629:1
forest	71616:1 71837:1
foresti	68283:1 68389:3 69816:1 71618:1 71837:1 75458:4
forg	72940:1
form	67390:3 67554:1 67555:2 67556:2 67558:2 67795:1 67798:1 67802:1 67939:2 68273:2 68274:3 68276:3 68277:3 68279:9 68280:2 68383:1 68390:2 68638:3 68640:1 68642:1 68644:1 68884:2 68887:1 68888:1 69177:2 69179:1 69182:4 69534:1 69535:2 69539:2 69814:1 69815:2 70161:5 70163:1 70165:1 70166:1 70423:1 70426:1 70429:1 70746:1 70747:1 70918:1 71358:2 71362:1 71619:1 72114:2 72121:1 72401:1 72634:1 72635:1 72932:1 72936:1 72939:1 73182:1 73431:1 73683:1 73684:1 73876:1 73879:4 73882:1 73884:1 74167:1 74172:1 74173:6 74176:1 74449:1 74450:1 74455:2 74748:1 75064:1 75065:1 75068:2 75457:2 75458:2 75459:1 75463:1 75465:1 75788:5 75789:4 76210:3 76511:1 76512:1 76514:2 76515:1
formalis	67553:1 68279:1 68642:1
format	67555:1 67558:1 67795:4 67944:3 68276:4 68390:2 68392:1 68393:2 68885:1 68888:2 69177:1 69184:2 69185:1 69536:1 69542:1 69819:2 70161:9 70162:1 70163:1 70420:1 70421:3 70422:1 70748:1 70749:1 70916:1 71358:6 71359:1 71361:1 71362:7 71617:2 71619:4 71842:1 72113:1 72114:1 72116:1 72393:1 72394:1 72398:4 72631:1 72636:1 72637:1 72938:1 73182:4 73437:5 73684:1 73687:3 73876:5 73883:1 73884:1 74167:1 74451:1 74751:2 75063:4 75064:1 75066:2 75068:3 75071:2 75457:4 75459:1 76509:1 76514:1
formateur	70161:1 75063:2 76509:1
formel	68882:1
forment	67558:1 67796:1 71358:1 74752:1 76511:1
formid	67796:1 67937:1 72392:1 73433:1 73683:1 74745:1 75064:1 76208:1
formon	67795:1 71358:1
formul	68882:1 69534:1 72630:1 72938:1 73683:1 74450:1 75069:1
fort	67389:1 67796:1 67938:1 67939:1 67945:1 68283:1 68638:2 68882:1 68885:2 68888:1 69177:1 69181:2 69182:1 69186:1 69535:2 69537:1 69542:1 69811:1 69813:1 69816:1 69821:1 70163:1 70421:2 70743:1 70752:1 70914:1 70915:1 70916:1 70921:1 71357:5 71358:2 71614:1 71617:2 72121:1 72400:2 72630:1 72933:1 72934:1 72936:1 72937:1 73184:1 73185:1 73430:2 73438:1 73683:1 73685:1 73691:1 74176:1 74451:1 74457:1 74750:1 74752:1 75067:1 75458:1 75461:1 75463:1 75466:1 75788:1 75795:1 76208:1 76209:1 76213:2 76508:1 76511:1 76515:1
fortior	69821:1
forum	67803:1 67804:2 69543:1 70170:1 70751:1 70752:1 70921:5 72120:1 72121:1 72122:1 72400:2 75465:1 75466:4 75796:1
forêt	67945:1 68283:8 68389:1 69816:3 70425:1 70916:1 71618:1 71837:7 73684:1 75458:1
fos	67556:1
fossil	68278:1 68882:1 76514:1
fossilis	67938:1
fou	74752:1
fouchecour	70923:1
foudr	71835:1
fouill	73683:1 75788:1
foul	68274:1 70162:1 72629:1 74450:1 75458:1
foulon	74169:4
foundat	68386:1
four	68280:1 71359:1 75462:1 76210:1
fouri	67387:1 67800:1 69178:1 69539:1 69816:1 69819:1 73189:1 73878:1
fourmill	68276:1 68283:1 71835:1
fourn	67796:1 67939:3 68275:1 68391:1 68640:1 68886:1 69178:2 69811:2 69816:1 70162:1 70424:3 71362:1 71618:1 71836:2 72118:1 72932:1 73683:1 74749:1 76208:1
fournaison	72393:1
fournisseur	67388:1 67796:1 74169:2 75796:1 76211:1
fournitur	68279:1 68885:1
fp	75463:1
fpga	73879:1
fr	70914:1 74746:1 75071:1
frachet	76508:2
fraction	67388:1 68882:3 73875:1
fractur	68886:3
fragil	68886:1 73431:1 73683:1 74746:1 75069:1 76210:2
fragilis	75069:1
fragment	67802:1 68389:1 68642:1 73184:1 76208:1
frais	68273:1 72117:1 75066:1
fram	76207:2
framatom	72629:1
franc	67068:1 67801:1 67938:1 67939:2 67943:1 68274:5 68276:1 68279:2 68383:2 68638:1 68641:1 68881:1 68885:4 68888:3 69180:1 69181:3 69533:1 69534:1 69535:2 69812:4 69814:1 69818:1 69821:3 70161:1 70163:1 70422:2 70424:1 70745:2 70748:1 70751:1 70752:1 70753:1 70914:1 71357:1 71359:2 71612:1 71614:1 71615:1 71619:2 71835:2 71836:1 71837:7 71838:1 72113:3 72114:1 72393:2 72396:1 72933:1 72934:1 73182:1 73431:1 73684:3 73687:1 73875:5 73880:1 74167:1 74172:1 74452:1 74455:2 74745:1 74752:1 75458:1 75788:1 75792:1 76208:2 76209:2 76512:1 76515:1
francfort	72933:1
franch	67385:1 67388:1 67795:1 68279:5 68885:4 69817:1 70166:1 70745:4 70914:1 71840:1 71842:1 72115:1 72116:2 72395:2 72396:1 72629:1 72630:1 72634:1 73184:2 73430:1 74172:1 74455:1 74749:1 75070:1 76508:1
francilien	71620:1 74171:1 74172:3 76507:1
francin	73689:1
francisco	70422:2
franco	67939:3 67940:2 68881:2 69177:1 70425:1 72393:1 73430:1 73431:1 73434:3
francois	67794:1
francophon	68888:1 69543:1 69821:1
français	67392:1 67553:2 67938:1 67939:1 68276:2 68283:1 68383:3 68885:1 68888:1 69179:1 69181:1 69533:3 69535:2 69536:3 69537:1 69817:2 70161:3 70165:3 70420:1 70422:1 70914:2 71357:1 71358:2 71366:1 71836:1 71839:1 72113:1 72392:1 72393:1 72396:1 72629:4 72633:1 72932:2 72933:1 72935:1 72936:2 72938:1 73182:2 73430:1 73437:1 73683:2 73687:1 74167:3 74453:1 74746:1 75069:1 75460:1
françois	67068:1 67383:4 67794:1 67798:4 67937:2 69542:1 71357:3 72932:1 72936:2 73182:1 74456:1
frapp	67794:1 70916:1 73688:1 73880:1 75065:1
fratern	68276:1
fraunhof	69814:2
frayer	70917:1
frei	69178:1
frein	68383:2 72394:1 72933:2 74746:1
freinag	71617:1 72933:1
frem	72629:1
french	69180:1 72629:1
frer	68276:1 70161:3
fresnel	68391:1 70747:1
freturb	72939:1
freund	74454:1
friend	70422:1
frigorif	72393:2
frigorigen	72393:1
frileux	71614:1
frisbe	67557:2
froid	67557:5 68273:2 72393:14 74167:1 74752:1
from	67942:1
fromag	67388:8 68273:1 68387:1 68885:5 69534:1
fromager	67388:3 68885:3 70745:1
froms	68885:1
front	67068:1 69814:1 73182:1
frontal	70421:2
fronti	67937:1 70163:1 71362:1 72396:1 73185:1 73880:1 74172:1 75789:1
frott	72632:1
fructueux	72396:1
fruit	67391:2 67555:5 67939:2 67941:1 67943:1 68273:4 68383:1 68387:2 68393:1 68881:2 68882:1 68884:1 68888:1 69178:1 69535:1 69817:1 69821:1 70162:1 70421:1 70422:1 70914:1 71358:1 71359:2 71614:1 72117:1 72393:1 72939:1 73430:1 73434:2 73685:1 74167:1 74752:1 75063:1 75069:1 75458:1 75459:1 75462:2 76213:1
frédéric	68641:3 70165:1 74456:1 75792:2
fréquenc	67942:1 70420:1 70425:1 70744:1 70916:1 70919:3 72939:1 75794:6
fréquent	67939:1 68646:1 70420:1 70916:1 70917:1 71617:1 73431:1 74173:1
frérot	72392:2
frésillon	68280:2
frôl	73183:1
fsi	71616:1 76507:6
fui	67798:1 67799:1 69818:1 70162:1 70421:1 71360:1 71361:1 72634:1 73879:2 74169:1 74453:1 75793:1
fuir	71621:1
fuit	71840:1 74167:3 74746:1
fukushim	70915:2 72392:1 72629:2
fum	67385:1 67796:1 70421:1
fund	72935:1
fundamental	69180:1
fur	71359:1 74449:1 75063:1
furent	69811:1 70424:1
furtiv	74744:1
fus	71836:1 73434:1
fuselag	74167:1
fusi	75066:1
fusibl	75462:1
fusion	67795:3 72392:1 74168:11 75064:3
fusionnent	67558:1 74168:2
fut	68641:1 72113:1 72634:1 73683:1 73684:2 75797:1 76507:1
futur	67797:1 67804:1 67945:1 68638:3 68882:1 69177:1 69178:2 69179:1 69182:1 69533:3 69543:1 69813:1 69821:1 70161:1 70170:1 70421:1 70745:1 70751:1 70921:1 71357:1 71359:1 71617:2 71837:1 72119:1 72121:1 72392:1 72394:1 72933:1 72936:1 73183:1 73186:2 73884:1 74167:2 74748:1 74752:1 75066:1 75068:1 75792:1 76212:1 76213:2 76513:1
futurol	72121:1
futurotextil	70751:3
fw	69179:2
fé	68881:2
fécond	68387:1
féder	67553:4 67944:1 69817:1 70169:1 70170:1 70420:1 71358:1 72398:1 72634:1 72937:1 72938:1 73184:2 73689:1 73881:1 74172:2 74746:4 76211:1
fédéral	76207:1
félicit	68881:1 69812:1 72629:1 73434:1 76510:1
féliqu	69177:1 70163:1
fémoral	73431:1
fémur	73431:1
févri	67071:1 69177:1 69179:1 69181:1 69185:1 69534:1 69538:1 69541:1 70161:2 70162:1 70916:1 72120:1 72121:1 72397:1 72932:1 73430:1 73434:1 73683:2 75071:1 75458:1 75463:1
fêt	68643:1 69542:1 73875:1 76509:1
für	70916:1
g	67795:1 72115:1 72119:2 72635:1 73878:1
gabar	73431:1
gabon	73684:11
gabonais	73684:2
gabriel	74451:2
gadel	69539:1
gadzart	68276:2 70161:2 70422:2
gadzartz	73882:1
gageur	73187:1
gagn	68274:1 69812:1 72113:1 72939:1 74167:1 76213:1
gagnieu	71616:1
gain	68882:1 70753:2 74171:1 74455:1
gairdn	67937:1
galactolipid	67800:4
galax	70163:3 70424:7 73186:1
galer	68276:1
galet	74746:1
galien	75065:1
galileo	69177:2
gall	74170:1
gallium	69814:1 71839:1 72114:1
galvestin	67800:2
gam	69183:1 70916:1
gamm	67390:1 67558:1 68638:3 69184:1 71616:2 72630:2 73186:3 74169:2 74451:2 75067:1 75794:2 76512:1
gand	71361:1
ganil	67943:2
gant	75464:1
gap	69814:3
gar	73882:1
garant	67071:1 67386:2 67388:1 68273:1 68279:1 68885:1 69177:1 71358:1 71614:1 71617:1 71836:1 72394:1 72634:1 73877:1 74744:1 74751:1 75069:1 76207:2 76513:1
garch	67940:5
gard	67553:1 68887:1 70161:1 70916:1
gardent	72932:1
garon	70917:1 75066:1
gaspill	71366:1
gaspillag	67794:1 71366:2 71617:1
gaston	75459:1
gastro	68887:1 69184:1
gastronom	74752:2 75460:1
gat	73186:1 73879:1
gauch	68881:1 69540:3 70744:1 70914:1 72392:1 75794:1
gaull	75066:1
gayon	67801:1
gaz	67385:1 68278:1 68881:6 69533:6 69811:2 70162:1 71838:4 72114:1 73182:1 74745:1 75067:2 75463:1 76514:1
gazeux	68881:1 70426:1 74745:1
gazoduc	74450:1
gazéif	72121:2
gcn	73883:1
gdf	74450:1
geaps	69817:1
gel	74750:8 74752:1 76206:1
gemtex	71361:5
gen	67068:1 67383:1 67391:3 67556:10 67800:1 67802:2 68274:1 68388:1 69182:1 69815:1 69821:1 70161:3 70420:1 71359:1 71361:1 71362:5 71837:1 72393:1 72631:1 72937:1 73182:1 73184:4 73190:1 73432:1 73883:5 74453:1 74457:1 74746:1 75071:1 75458:1 75790:1 76208:1
genay	71840:1
genc	70914:6
gendarmer	70162:1
genep	69178:2 72121:1
gener	69178:1 69179:1 76510:1
general	74745:1
genes	67800:1
genet	67071:1 68275:1
genev	73875:1 73881:1
geneviev	67068:1 70914:4 71620:1 71837:1 73182:1
genopol	71620:1
genosol	69812:4
genou	71614:1
genr	67939:1 68884:1 69178:1 70162:1 70420:2 70421:1 70921:1 71842:1 72939:1 73431:1 74169:1 75788:1
gent	67944:3
genticel	72935:3
gentill	67938:1
geo	69818:4
geodat	68279:1
geoinform	68275:1
georg	67068:3 68383:1 68882:4 68884:1 74752:1
geoss	69811:1
geosud	68275:4
ger	68643:2 69182:1 69812:1 69814:1 70421:1 70923:1 71360:1 71616:1 71838:1 73431:1 74451:1 74747:1 74751:1 75063:1 75066:1 75792:1 76507:4 76509:1 76510:1
germ	68643:1 73683:1 73684:1
germin	67800:1
germinet	72392:1
gerv	73877:5
gest	70421:1 75064:1 75791:1
gestat	68387:1
gestion	67945:1 68275:1 68383:1 68643:1 68884:1 69178:1 69535:1 69537:1 70162:3 70164:1 70170:1 71621:1 72392:1 72637:1 72939:1 73434:1 73683:1 76507:4
gestionnair	68275:1 69816:1 76510:2
gev	72934:2
gewurztramin	76206:1
ghisolfo	73875:2
gi	71839:1
gibaru	75791:1
giec	69533:5 70916:1
gien	75464:1
gif	71358:1 74751:1
gig	72934:1
gigantesqu	72397:1 73880:1 74452:1
gigaoctet	69811:1 70424:1
gilbert	70745:4
gill	67068:1 67795:6 71358:2 72115:4 75458:6
gin	74453:1
giorgio	75795:1
gipc	73683:1
giron	73875:1
girond	70917:5
gis	68884:1 69812:2 69816:1 72114:1 75792:2
giuseppon	70167:1
glac	67939:1 68390:4 69811:3 73880:2 76206:1 76210:1
glaciair	69811:2
glan	72940:1
gland	71843:1
glaucom	73435:1
glaux	67945:1
glial	68388:1
glid	70916:1
glider	70916:1
glob	67794:1 69533:1 69811:1 71836:1
global	67387:1 67553:1 67554:3 67557:2 67939:2 68279:1 68886:1 69533:1 69535:1 69811:3 69813:1 70166:1 70424:1 70745:1 71357:1 71361:1 71840:1 72113:1 72393:1 72938:1 73183:1 73185:1 73434:4 73436:1 73683:3 73877:1 73879:2 74167:1 74169:2 74744:1 74746:1 75458:2 75463:1 75788:1 75789:1 75793:1 76508:1 76511:2
globul	68387:1
glucagon	67802:1
glucid	72634:1 76509:7
glycem	67802:1
glycochim	69183:1
glycofilm	70423:1
glycopolymer	70423:1
gmbh	69534:1
gme	69811:1
gmv	75458:1
gn	70166:1
gobain	68390:1 68886:1 69819:1 70169:1 76210:1
goc	73880:3
godefroy	71835:1 75458:1
goettmann	75792:2
golf	69811:1 70916:1 73684:1 73688:1 74749:1
gombert	75461:1
gomm	73431:2
googl	67938:1 75788:1 76207:1
gorg	76213:1
goubet	73430:8
gouillou	74170:1
gourm	74748:1
gourmand	69819:1
goutt	75458:2 76208:1
gouttelet	76208:1
gouvern	68642:1 68888:1 70164:1 72116:1 72396:2 72398:1 72629:3 73182:1
gouvernemental	72396:1 73185:1 74457:1
gouvernent	72940:1
goût	67555:2 69534:1 70166:1 70428:1 70749:1 71366:1 71835:1 72116:1 72394:1 72396:1 72631:7 72634:1 72932:1 73184:1 73685:3 73877:1 74169:1 74449:1 74455:2 75069:1 75459:2 75462:1 75790:1 76206:3 76209:2 76509:1 76511:1 76512:2
goûtent	72631:1
gp	67939:2 68279:1 69177:1 69181:1 76208:2
gpan	72393:2
gpao	76507:1
gpm	67939:1
gradient	72397:1
graduat	68641:2
grain	67387:1 67391:1 69819:1 70420:1 72630:1 73878:1
gram	69183:1
grameen	73185:1
gramm	68644:1
grandeur	67386:1 68884:1 72397:1
granit	73684:1
granulair	69819:3
granulat	70917:1
grapp	72630:2 73687:1 74748:1
gras	67558:3 68387:1 72116:1 72631:8
grass	69534:5 75790:4
grasset	71835:1
gratuit	68275:1 73876:1
grav	68645:1 69815:1 70421:4 74450:1
gravimetr	69181:1
gravit	67801:1 68276:1 70424:1 73880:2 76210:1
gravitationnel	70424:1
gravitent	74744:1
gravur	67554:1
grdf	70169:1
grec	67555:1 71835:1 71843:1 72932:1
greciet	75065:2
grecqu	73683:5
green	75066:1
greenstar	72121:1
greff	67802:1 68641:1 68644:1 70747:1 73686:1 75067:1
greffon	73431:1
grenel	69818:1 73877:1
grenobl	67387:1 67554:1 67796:1 67800:1 68391:1 68640:1 68881:2 69178:1 69186:2 69539:2 69816:1 69819:3 70165:1 71363:1 72392:1 72400:1 73683:1 73878:2 73881:1 74174:1 74453:2 75466:2 75789:1
grenoblois	67554:3 68881:1 70165:2 73878:1
grid	72937:1
griff	72632:1
grill	72635:4 74452:1
gris	74167:1
groenland	70745:1
gros	67555:1 68274:1 68642:1 68881:1 69179:2 69811:2 73182:1 73876:1
gross	70420:1 71835:1 71842:1 73685:1 73876:1
grosso	75788:1
group	67071:1 67387:1 67388:1 67553:3 67554:2 67555:2 67804:1 67937:5 67940:2 68274:2 68280:1 68281:2 68387:5 68639:1 68646:1 68884:1 68885:1 68888:2 69177:1 69183:1 69533:5 69534:1 69540:1 69541:2 69812:1 69816:1 69818:1 70161:1 70162:3 70166:2 70168:1 70426:2 70748:1 70916:2 71357:1 71358:11 71359:3 71360:1 71361:1 71614:2 71615:5 71839:2 72113:2 72114:2 72122:1 72392:1 72394:2 72398:1 72629:2 72633:1 72634:3 72935:2 73182:2 73434:2 73436:1 73683:1 73687:2 73875:1 73876:2 73879:1 73884:1 74172:1 74450:2 74744:3 74745:4 74746:1 74748:1 74751:1 75065:1 75068:1 75069:1 75461:3 75793:5 76211:1 76509:1
grâc	67068:1 67385:1 67389:1 67392:1 67554:1 67555:1 67800:1 67801:1 67802:1 67937:2 67939:1 67943:1 68273:1 68391:2 68881:1 69178:2 69182:2 69538:1 69539:2 69540:1 69811:2 69813:1 69817:1 70161:1 70162:4 70163:1 70166:1 70420:1 70421:2 70423:1 70744:1 70748:1 70751:1 70914:1 70922:1 70923:1 71362:1 71614:1 71836:2 71837:1 71838:1 71839:1 71841:1 72395:1 72631:1 72633:1 72939:3 73186:1 73189:1 73432:2 73435:1 73437:1 73684:1 73686:2 73687:1 74167:1 74168:2 74171:1 74745:2 74748:1 74750:1 75064:1 75069:1 75458:1 75464:1 75788:1 75792:1 75794:1 76208:1 76507:1 76510:2
grêl	70916:1
gsi	67943:1
gst	73879:7
gtm	73875:2
gu	68643:1 71842:5 74172:1
guadeloup	71362:1
guer	67798:2 73182:1
guichard	75790:2
guichet	75790:1
guid	70751:1 71358:1 71616:1 72401:1 74752:1 75071:1
guidag	68279:2
guidon	70422:1
guillaum	75070:1
guillou	67794:6
guimet	71837:1
guin	73684:2
guinever	69178:5
guis	70166:1 72630:1
guiss	75458:2
gustat	70749:1 72631:4 74449:1 74749:1 74752:1 75069:3
gustav	68383:1
guy	68383:2
guyan	68388:2 69177:1 69179:1 69811:1 71362:1 71836:2
guyot	73877:1
guérison	72117:1
gy	68279:2
gypt	73683:8
gyroscop	71836:1
gâteau	69534:1 73879:1 74450:1
gèrent	73877:1
gé	69811:1 73875:1 75463:1
géner	67390:1 67554:1 67797:1 67802:1 67942:1 68274:1 68389:1 68638:1 68643:1 68882:1 69177:1 69811:1 69816:1 70423:2 70743:2 70921:1 71359:2 71361:1 71363:1 71366:1 71615:1 71618:1 71621:1 71835:2 71836:1 72113:1 72114:6 72116:2 72121:2 72397:1 72399:1 72938:1 73188:1 73432:2 73434:1 74168:3 74745:1 74746:2 74748:1 75064:1 75066:3 75794:1 76210:1 76508:1 76513:2
génet	67556:4 67800:2 67937:1 68384:2 69182:1 69816:1 70420:2 73432:1 73684:1 74452:1 76208:2
génial	68638:1 72933:1
géniqu	72116:1
génom	67391:1 68643:1 68887:1 69815:1 70420:1 71837:1 71843:1 73432:1 73686:1 74453:1 76213:2
génotyp	69182:1 70420:1
génotypag	70420:1
général	67071:1 67383:1 67388:1 67553:5 67554:1 67556:2 67794:1 67795:3 67798:1 67937:2 67939:1 67941:1 68273:3 68274:1 68275:1 68277:1 68279:3 68638:4 68642:1 68646:2 68881:3 68882:1 68885:1 69177:1 69537:1 69542:1 69813:1 69816:1 70161:5 70162:2 70164:1 70165:2 70170:1 70745:1 70914:2 71357:1 71358:3 71360:1 71366:1 71614:1 71616:2 71835:1 72113:3 72114:1 72392:3 72395:1 72398:2 72401:1 72629:3 72632:1 72933:2 72936:1 73182:2 73183:1 73430:3 73431:1 73687:1 73688:1 73877:1 73879:2 74168:1 74169:2 74171:1 74172:3 74449:1 74450:1 74453:2 74454:1 74746:1 74748:1 75065:3 75070:1 75457:5 75792:1 76207:2 76210:1 76211:1 76507:1 76508:1 76511:1
généralis	71835:1 73187:1 75457:1
géo	70162:2
géochim	72940:1
géoconcept	70162:1
géodes	69181:2 73434:1
géodésien	73434:1
géograph	67071:1 67944:1 68275:1 68889:3 70162:1 71618:1 72939:1 73875:1 73881:2 74449:1
géolocalis	76208:1
géolog	69178:1 76210:1
géologu	70745:1
géomat	68889:3
géometr	67390:1 68886:1 69537:1 70426:1 72932:1 75067:1 75794:1
géophys	69181:3 72398:1 73434:1
géophysicien	67942:1
géoscienc	70745:1
géosystem	70745:1
géotherm	69818:2
géothermal	69818:1
géranium	75066:1
gérard	67794:6 68279:2 68638:4 72113:1 72630:4 72634:1 72934:1 73182:7 75790:1
gériatr	74746:1
gérontechnolog	68277:1
gérontolog	74746:1
gên	73688:1
gödel	72932:1
h	67941:1 68640:1 69541:2 71843:1 72932:2 72933:1 74176:2
habeat	67555:4
habit	67794:1 68389:1 70169:1 71621:2 73684:1 76213:1
habitacl	76508:1
habitat	68389:1 69818:1 75466:1
habitent	73432:2
habitu	68643:1 70421:1 71614:1
habitud	67794:1 68276:1 70161:1 72634:1 76213:1
habituel	68887:1 69177:1
habl	68276:1
hai	75797:1
haid	71615:2
hainaut	72635:1
halein	68881:1 72634:1
hall	71842:1
hallucin	73432:1
hamac	74746:1
hambourg	67797:1 67944:3
hamm	68274:1
han	72635:1
handicap	67799:1 67801:1 67940:3 67941:1 72629:2 73190:3
hard	71359:1
hardwar	71359:2 71614:1
harmattan	72937:1
harmonis	68279:1
hart	74451:1
has	71841:1
hasard	67802:1 71612:1 72393:1 72631:1
haumont	74752:4
hauss	68389:1 69533:1 73434:1 73876:1
haut	67553:2 67795:1 67796:2 67937:1 68275:2 68277:1 68279:1 68383:1 68391:1 68638:3 68642:2 68644:1 68645:1 68885:2 68886:1 68888:1 69177:3 69178:1 69179:1 69811:1 69817:2 69820:1 69821:1 70420:2 70424:1 70426:2 70743:2 70914:5 70918:1 71358:1 71362:1 71614:1 71836:5 71838:1 71839:1 71841:1 72113:1 72114:1 72392:1 72398:1 72633:1 72635:1 72932:3 72933:1 72934:2 72935:1 72936:1 72939:1 73184:1 73431:1 73435:1 73684:4 73686:2 73688:1 74452:2 74456:1 75066:2 75067:2 75464:1 75794:1 75796:2 76210:2
hauteur	67387:1 67557:1 69181:1 71358:1 73434:1 74749:1
head	68386:1 71838:1
health	68387:1
hec	72114:1
hectar	67391:3 68279:1 71842:2 73684:3 74169:1 75458:1
hectolitr	73684:3
heh	70918:1
hel	69183:1 72630:1 75458:1
henr	68276:1 71835:3 72630:2 72932:3
heptanon	71843:4
heracl	74169:1
herb	75458:1
herbac	68389:1
herbicid	67800:1
herbrand	72932:1
hercul	67941:6
heritag	69534:1
hermes	76513:1
hermet	68273:1
hertz	70744:1
hertzien	76507:1
herv	70166:5 72936:1 72938:1
heur	67385:1 67388:1 67558:1 67801:1 67940:1 67942:1 68640:2 68881:1 69177:1 69811:1 70423:1 70425:1 70916:1 71614:1 71835:1 72115:1 72394:1 72397:1 72932:1 73184:1 73187:1 73430:1 73689:1 73877:1 74170:3 74449:1 74450:2 75460:1 75789:2 75792:3 76212:1 76508:1 76510:2
heureux	67937:1 72932:1 76511:1
heurt	72392:1
hewlet	73876:1
hexagon	71362:1 74167:1 74749:1
hexagonal	68390:1 73185:1
hi	73182:1
hifu	73435:1
high	70420:1 70751:1 73182:1 75796:1
hind	67939:1
hipercom	67386:1
hippocamp	67389:3
histoir	67071:1 67795:1 68276:1 69821:3 70161:1 70422:1 70753:1 70914:1 71835:1 72396:1 72630:2 72631:1 72634:1 73182:1 73432:1 73683:1 73875:1 74745:1 75788:3 76507:1
histol	68885:1
histor	67939:1 70917:1 71360:1 71616:1 71835:1 71842:1 72939:1 73686:1 75063:1 76507:1
hiv	73684:1
hiérarch	76210:1
hiérarchis	70915:1
hoffmann	67937:17
holland	68274:4 68640:1 71361:1 72936:2
holothur	71621:4
homm	67794:1 67798:1 67937:6 67941:1 68283:1 68387:1 69819:1 70429:1 70745:2 71357:1 71835:2 71837:1 71842:2 71843:1 72115:1 72116:1 72631:4 72636:1 72937:2 72939:1 72940:1 73182:1 73185:1 73430:1 73684:2 73685:1 73879:1 74449:1 74749:1 74752:1 75063:1 75458:5 75460:1 75791:1 76213:2 76508:1 76511:1
hommag	69542:1 73430:1
homo	73431:2
homogen	68275:1 75067:1
homogénéis	68882:1
homolog	68643:4 71616:1
homologu	69814:1 70746:1 71618:1 72113:1 72119:1
homéopath	67388:1
hong	72396:1
hongr	68642:1
honneur	67946:1 69542:1 72393:2 72933:1 73182:1
honor	67068:1
honorair	72113:4 76213:1
hopli	68388:2
hopp	68391:1
hor	67937:1 72934:1 74449:1 74450:1
horair	71836:1 72932:1
horizon	67071:1 67941:1 67942:1 69533:1 69535:1 69538:1 69811:1 70161:1 70916:1 71357:4 71615:1 71617:1 72114:1 72396:1 73430:1 73685:1 73878:1 74169:1 74746:1 74749:1 75463:1 75789:1 76209:1
horizontal	70744:1
horloger	74455:1
horm	70421:1 72635:1
hormon	67390:1 67802:3
horowitz	70915:1
hospitali	67801:1 67940:3 68277:1 68387:3 68646:1 74749:1
hospitalis	75063:1 75069:1
hostil	75458:1
houl	70743:2
houlli	71357:3
howard	67389:1
hp	68277:1 73876:1 74746:1 76508:1
hpc	70914:1 75796:3
hpv	72935:10
htm	70915:1
http	67802:1 70914:2 70915:1 75071:1
hubbl	70424:1
hubert	69178:1
hugo	73185:9
hugu	67389:1
huil	67391:8 67555:2 67558:1 68387:1 70920:1 74457:5 74749:2 76516:2
huili	70166:5
huit	69811:1 69816:1 70916:2 72121:1
huitiem	68383:1
humain	67068:3 67386:1 67794:3 67802:4 67937:1 67938:2 67942:1 68384:1 68386:1 68882:1 69533:1 69534:1 69538:1 69812:1 69813:1 69815:2 70165:1 70421:3 70429:1 70744:1 71359:4 71361:2 71366:1 71619:1 72113:1 72116:1 72394:1 72935:1 72939:5 73183:1 73184:1 73185:2 73431:1 73432:3 73433:1 73683:2 73875:1 73878:2 73879:1 74452:1 74454:1 74745:1 74748:1 75063:5 75064:1 75458:1 76507:1 76509:1 76515:2
human	67071:1 67794:2 68275:1 68276:1 68882:1 72398:1 74168:1 74746:1
humanoïd	72633:1 75063:2
humbl	69821:1 70161:1
humboldt	67389:1
humeur	69184:1 73435:1
humid	67939:1 69182:1 69537:1 70916:1 71836:1 73880:2 75458:1
humour	67068:1 67937:1 67938:1 72394:1 73182:1 73430:1 73683:1 74749:1 74752:1 76511:1
hybr	75066:1
hybrid	69814:1 70423:1 73879:1 73884:1
hyderabad	71835:1
hydraul	71363:4 72940:1
hydrav	69542:4
hydravi	69542:1
hydravion	69542:4
hydriqu	68387:1 69182:2 69537:1
hydro	69542:2 71363:1
hydrocarbur	68385:1 69811:1
hydrodynam	69537:1 69542:1 70743:1 76208:1
hydrogen	68385:1 68884:6 74168:4 74174:3
hydrograph	67944:4
hydrolien	71363:1
hydrolog	67939:2 69533:1
hydrométallurg	75792:3
hydrométéorolog	67939:1 70916:3
hydrophil	75462:1
hydrophob	75459:1 75462:1
hydroxy	67558:3
hyen	73684:1
hymex	70916:6
hyp	73684:1
hypertens	75458:1
hypophysair	68887:1
hypostyl	69535:1
hypothalamus	72631:2
hypothes	69533:2 71843:1 72631:1 73877:1 74173:1 75463:1
hypothet	68638:1
héberg	67799:1 68278:1 68384:1 68385:1 71359:1 73685:1 74449:1 74452:1 75461:1 76208:1
hédon	74449:1 75069:1
hélen	73431:5
hélic	68644:1
hélicopter	68393:3 69542:1
hélio	67392:1
héliobiotec	68385:2
hélion	68884:1
hélios	69177:1 71836:3
héliosynchron	67939:1 67942:1 71836:1
hélium	74167:1 74168:5
hémangiom	72117:5
hémato	73184:1
hématolog	74455:1
hématopoïes	69184:1
hémorrag	67801:1 69813:1
hépat	68387:1
hépatit	69815:1
hépatocellulair	75065:4
hérault	69537:1
héraut	72933:1
héros	71835:1
hésit	67938:1 68273:1 70422:1 71835:1 72394:1 72939:1 73877:1 74745:1 75458:1
hésitent	69534:1 71612:1
hêtr	69816:1
hôpital	67556:1 67801:1 67940:5 68277:2 68384:1 69184:2 70746:1 71614:1 71841:2 73431:1 73875:2 74454:3 74746:2 74749:1 76507:7 76508:5
hôt	71618:1 71837:1
hôtel	68277:1 75063:1
hôteller	68383:1
i	68642:1 68881:1 69541:1 71357:1 72400:4 72935:2 75466:2
iar	72634:1
iasi	69177:2
iasp	68384:1
ibitec	67390:1 72115:1
ibm	74452:1
ic	67945:1 70916:2
ican	72934:2 73190:1
iccc	72393:2
iceberg	69811:1
ici	67068:1 67387:1 67794:3 67795:2 68279:1 68383:1 68638:1 68881:2 68885:1 69178:1 69181:1 69182:1 69533:1 69539:1 69816:2 69817:1 70422:1 70745:1 70748:1 70920:1 70921:1 70923:1 71357:2 71362:1 71614:1 71842:1 72114:1 72392:1 72394:1 72933:1 73430:1 73684:2 74451:2 75063:2 75069:1 75463:1 75789:1 75795:1 76211:1
icmmo	69183:1
icmp	72932:1
icmub	72634:1
icos	71838:1
icv	74169:1
id	69819:1
ide	73876:1
idef	73876:1
ident	67388:1 67389:1 67795:1 68389:1 68885:1 69540:1 70161:3 72392:1 73877:1
identif	68882:1 71836:1 72633:3 74453:1 76208:1
identifi	67071:1 67391:2 67553:2 67555:1 67556:2 67795:1 67937:3 68279:2 68643:1 68882:2 69182:1 69539:2 69812:1 70164:1 70745:1 70915:1 70919:1 71837:1 71840:1 72115:1 72395:1 72637:1 73432:3 73884:1 74449:2 74746:1 76206:1 76209:1 76212:1
idest	68392:2
idinvest	72935:1 73686:1
idiopath	68646:1
idriss	74452:1
idé	67068:2 67383:3 67553:1 67554:1 67801:1 68274:5 68638:3 68642:1 68644:2 68881:2 69537:1 69821:1 70421:2 70423:1 70424:2 70744:1 70921:2 71363:1 71614:1 71621:2 71842:1 72113:1 72115:1 72395:3 72634:2 72932:1 72933:2 72939:1 73184:2 73185:1 73430:1 73431:1 73683:1 73685:1 73876:1 73877:1 74167:3 74169:1 74172:1 74174:1 74455:1 74750:1 74752:1 75063:1 75065:1 75068:1 75458:1 75459:1 75461:1 75792:1 75793:4 76206:1 76508:2
idéal	70421:1 71836:1 72633:1 72940:2 73879:1 74169:1 75789:3 76206:1
idéalis	75463:1
ieh	75792:5
ien	69535:1
iesf	71358:1
ifcam	69180:2
ifce	71357:2
ifm	70751:1
ifma	73687:1
ifrem	67071:1 67385:1 68883:5 73433:3 74170:2 75460:2
ifris	71620:1
ifsttar	67071:1
ift	68279:1 72399:2
ifv	76512:1
igf	74453:1
igm	70919:3
ign	68275:1
ignor	74455:1 74749:1
ignoron	73432:1
igpsc	72937:1
ihe	72932:2
ii	68275:1 70916:1 72935:1 73183:2 75065:2 75464:1
iii	69180:1 69819:1 71616:1 71839:1 72117:1 75065:3
iil	67794:1
iir	72393:1
iisb	69814:1
ijcci	67945:1
ile	67553:1 67795:1 68277:1 68638:1 68885:1 70422:1 71358:1 71360:1 73186:1 73190:1 74172:5 74744:1 74749:1 75071:1 76207:1
illumin	69539:1
illus	70744:2
illusoir	70744:1
illustr	68276:2 70161:1 70753:1 71835:2 72113:1 72396:1 72937:1 72940:1 73184:1 73877:1 74175:1 76507:1 76511:1
illégal	69811:1
ilm	72397:1
ilsa	74455:8
imag	67068:5 67554:1 67796:3 67945:1 68390:2 68391:3 68641:1 68886:2 69177:3 69182:1 69537:4 69540:1 69811:1 69816:1 69819:2 70420:1 70423:1 70424:3 71357:1 71612:2 71836:5 72629:2 72932:1 73189:2 73431:2 73879:1 74168:1 74450:1 74451:1 74749:1 74752:1 75458:1 76508:1
imager	67068:1 67391:1 67796:2 68275:2 68391:1 69182:1 69186:1 69819:2 73189:2 73431:5 73877:1 75067:1 76515:2
imageur	67068:1 67554:5 67939:1 70163:5 70424:2
imagin	67556:1 68391:1 68639:1 69819:1 69821:1 70170:1 70420:1 70421:2 70424:1 70919:1 70921:1 71359:2 71837:1 71842:1 72119:1 72394:1 72634:1 72636:1 72933:1 72934:1 73432:1 73434:1 73875:1 73879:1 74167:1 74455:1 74744:1 75063:2 75069:1 75459:1 75466:1 75789:1 76507:1
imaginov	71359:1
imarin	76209:1
imitent	73879:1
immanqu	74752:1
immens	67937:1 68273:1 68887:1 69184:1 69821:1 70421:1 71359:1 71835:1 71842:1 73433:1 73875:2 73878:1 74168:1 74172:1 74752:1 75458:1
immerg	70421:1 74457:1 74750:1 75064:1
immers	70162:1 70421:1 72939:1 74750:2
immi	71614:1
imminent	74170:1
immiscent	73183:1
immobili	68277:1
immobilis	69540:1 71840:2 76510:2
immortalis	67802:2
immun	67937:7 69184:1 71837:1
immunitair	67937:5 68388:1 68887:1 70919:3 72935:1
immuno	74455:1
immunochim	67388:1
immunodéficient	67802:1
immunodépress	73686:1
immunoglobulin	70919:1
immunolog	67937:3 68645:1 75465:1
immunosuppresseur	73686:1
immunothérap	73691:1 75465:1
immédiat	68281:1 69181:1 69540:1 70163:1 76510:1
impact	67071:1 67388:2 67557:1 67561:1 67794:1 67803:1 68645:2 68885:1 69816:1 70745:1 70915:1 71845:1 72116:1 72939:1 73183:2 73185:1 73688:1 73882:1 74171:1 74449:1 74744:1 74745:1 74746:1 75069:1 75460:1 75463:3 75795:1 76208:1
impart	67386:1
impatient	68638:1 69177:1 74169:1
imper	67068:1 67071:1 67794:1 69534:1 73683:1
imperfect	68391:1 70916:1
impermé	72397:1
imperturb	67798:1
implant	67385:1 68274:1 68276:1 68279:1 68885:2 68889:1 70162:1 70166:1 70426:1 70743:1 71614:1 71616:1 71840:1 71842:1 72396:1 72634:1 72933:1 73434:1 73684:2 73875:2 74167:1 74454:4 74745:1 75067:1
implantolog	71616:2
impliqu	67389:1 67390:1 67555:1 67556:2 67557:1 67798:1 67937:1 67939:3 67945:1 68279:1 68383:1 68387:1 68390:1 68638:1 68642:1 68645:1 68885:2 69181:1 69533:1 69534:1 69539:1 69812:1 69813:1 69814:1 69817:1 70161:1 70164:1 70420:3 70424:1 70745:1 70749:2 70914:1 71357:1 71358:2 71359:4 71361:1 71835:1 72114:1 72116:1 72121:1 72392:1 72394:1 72630:1 72631:1 72932:1 72937:1 73182:1 73184:3 73186:1 73434:1 73683:1 73880:1 74168:1 74169:1 74174:1 74450:1 74453:1 74455:2 74746:1 74749:1 74750:1 75069:3 75458:3 75459:2 75463:1 75790:1 75792:2 75793:1 76207:1 76213:1 76507:2 76511:5 76512:1
impliquent	74172:1
impos	67561:1 69535:1 70914:1 70918:1 72629:1 74167:1 74450:1
impossibil	69185:1 75794:1
impossibl	70744:2 72934:1 73684:1 75794:1
impress	70744:1 71835:1 72114:3 73431:1 75066:1 75795:1
impression	72934:1 73183:1
imprim	70167:1 70423:1 72113:1 72114:1 73431:4 76513:1
impropr	75460:1
impuls	68638:1 68885:1 72934:2 75068:1
imput	67388:1
impôt	68383:1 74749:1
imt	73430:2
in	67385:1 67389:1 67557:1 68277:1 68383:1 68388:1 68645:1 69534:1 70420:1 71615:1 71837:1 73184:1 73190:1 73877:1 74168:1 74455:1 75064:1 75795:3
ina	67795:1
inaccessibl	70425:1 74168:1
inattendu	67937:1 69184:1
inattendus	73683:1
inaugur	68277:1 68278:1 68385:1 68393:1 68639:1 68884:1 69178:1 69535:1 69817:1 70420:2 70751:2 70914:1 70921:2 71619:1 73433:1 73875:1 74746:1 74751:1 76514:1 76516:1
inaugural	70165:2 73182:1
inc	71614:2
inca	71615:1
incap	67556:1 72630:1
incapac	67794:1 67941:1
incend	67945:1 68274:1 68283:1
incertain	69816:1 75458:1
incertitud	69816:3 70429:1
incess	75458:1
incident	67068:1 69539:2 70165:1 70915:1 73184:1 75065:1
incis	74750:1
incit	68383:1 74457:1
incitent	68387:1
inclass	71835:1
inclin	67939:1
inclinaison	67939:1
inclu	67554:1 69533:1 70918:1
incluent	68881:1
inclus	70746:1
incognit	76209:1
incompressibl	71835:1
incompréhensibl	71835:1
incongru	67938:1
inconnu	67556:1
inconnus	72932:2
inconscient	72631:1
incontest	68275:1 69815:1 73875:1
incontourn	68392:1 69814:1 70915:1 73187:1 74452:1 74748:1 75797:1 76514:1
incontrôl	74173:1
inconvénient	70162:1 70916:1
incorpor	67390:1 69183:1 72634:1
increased	73184:1
incub	71614:1 73685:1 73878:3 73879:1 75461:2 76207:1 76211:1
incuballi	76207:1
inde	67553:1 67939:4 67942:1 69177:1 69180:2 72393:7 72396:1 72630:1 74168:1 75064:1
independent	72113:1
index	69537:2
indian	67939:1 69180:3
indic	69537:1 75458:1
indien	67939:6 68388:1 69177:1 69180:1 69811:1 71615:2 72393:2 73434:1 73683:1
indifférent	69540:1 72396:1
indigo	71366:1 72630:1
indiqu	67068:1 67386:1 67388:1 67799:1 67801:1 67938:1 68273:2 68274:1 68279:2 68387:1 68638:1 68881:1 68885:1 68886:1 68887:1 69177:1 69534:1 69537:1 69813:1 69816:1 70162:1 70164:1 70166:1 70420:1 70421:2 70422:1 70745:1 70749:1 70915:1 70916:2 70923:1 71357:1 71359:2 71361:1 71614:1 71835:1 71836:1 71842:1 72113:1 72116:1 72396:1 72630:1 73182:1 73183:1 73185:1 73432:1 73434:1 73683:1 73876:1 74167:1 74449:2 74455:1 74746:1 74749:1 75064:1 75065:1 75070:1 75457:1 75458:1 75459:1 75788:2 75789:1 75793:1 76206:1 76213:1 76507:1 76508:1 76509:1
indiquent	69816:1 73685:1
indirect	72401:1 74748:1
indispens	67383:1 67795:2 68274:1 68645:1 69183:1 69534:1 70161:2 70914:1 71842:1 72396:1 73685:1 73879:1 74167:1 74451:1 74745:2 75064:1 75792:3 75795:1
indium	71839:2 72114:2
individu	67389:2 67794:1 68281:1 69815:1
individuel	67553:1 69539:1 69816:1 69818:1 70922:1 71357:1 74451:1 75465:1 76515:1
individus	67071:1 67387:1 67938:2 73432:1 73877:1
indo	69180:1
indre	72933:1
induced	73184:1
induis	68388:1 70746:1
induisent	67942:1 72631:1
induit	67798:1 68388:2 68646:1 70420:1 70429:1 70744:1 72935:1
indusriel	67557:1
industr	67068:1 67553:1 67554:1 67558:1 67795:1 68273:2 68280:1 68383:1 68387:1 68882:5 68885:1 69535:4 69543:3 69819:1 69820:2 70161:1 70165:1 70167:1 70168:1 70746:1 70914:1 71358:6 71360:1 71361:2 71619:1 71840:1 72115:1 72118:1 72121:1 72122:1 72392:3 72394:6 72396:1 72399:1 72400:1 72629:4 72634:1 72933:3 72936:1 72938:1 73182:8 73190:1 73430:1 73685:1 73690:1 73691:1 73875:1 73877:1 73879:2 73882:1 73883:1 73884:1 74167:1 74172:1 74449:1 74450:2 74451:1 74457:1 74748:1 74750:1 75071:1 75461:1 75464:1 75466:1 75792:1 75795:3 76210:1
industrial	74450:1
industrialis	67554:2 67940:1 68276:1 69181:1 70920:1 72114:1 72392:3 73182:1 73187:2 73882:1 74450:1 75065:1 76210:1 76508:1
indéni	68390:1
indépend	67553:1 68886:1 71840:1 72113:3 73875:1 74449:1 75791:2 76208:1
indésir	74453:1
ine	70745:1 70915:1 70916:2 72114:1
ined	68280:1 73689:1 74450:1
inefficac	75065:1
iner	68645:2 75463:1
inert	71836:1
inertiel	67941:1 76208:1
inexplic	70424:1
infantil	72117:2
infarctus	68387:5
infatig	76511:1
infect	67937:2 68388:2 69813:1 70746:1 71612:1 72935:7 74173:1 75067:1
infecti	68387:1 73431:1 73686:2
infectiolog	68384:2
infernal	73877:1
infest	72632:1
infim	67388:1 69539:1 70161:1 70425:1
infin	68391:1
infirmi	68881:1 76509:1
inflamm	68388:2
inflammatoir	69815:2 73432:1 75459:2 76511:1
influ	67390:1 74168:1 76213:1
influenc	67387:1 67388:1 67555:1 69812:1 69815:1 72116:1 72629:1 76210:1
infograph	73437:3
inform	67068:1 67386:1 67554:1 67561:1 67803:1 67945:1 68275:1 68276:1 68283:1 68391:2 68642:1 68887:1 69534:1 69536:1 69537:1 69540:4 69816:1 70162:5 70166:1 70168:1 70423:1 71359:3 71614:1 72122:1 72400:1 72637:1 72940:1 73182:1 73190:1 73431:1 73880:1 74167:3 74449:1 74452:1 74744:1 74746:1 74747:1 75071:1 75788:1 75790:1 75791:1 76206:1 76514:1
informat	67383:1 68889:1 69182:1 69540:1 70168:1 70421:1 70914:1 72633:1 72932:1 73182:3 73190:1 73431:3 74452:2 74453:3 74751:1 75063:4 75071:4 76207:4 76507:1
informaticien	73431:1 76509:1
informationnel	69535:1 72637:1
infra	67939:1
infrared	71839:1
infraroug	67392:3 67796:4 69186:1 69537:1 70163:2 70420:1 70424:2 71836:1 71839:5 76512:1
infrastructur	69181:3 69812:1 70165:1 70914:1 71617:2 71838:1 73683:1 73875:3 74450:2 74456:1 75789:1 76208:1 76510:3
inférieur	67556:1 69819:1 70167:1 72635:1 73436:1 74451:1 74747:1 75791:1
inga	71839:1
ingenieros	74450:1
inger	67385:1
ingrédient	68280:1 68882:2 71360:1 71845:1 72634:1 74167:1 75462:2 76210:1 76511:1 76516:1
ingéner	71612:1
ingénier	67945:2 68384:2 68390:1 68639:1 68644:1 69819:1 70161:1 71362:2 71366:1 71620:2 72629:1 72937:5 73436:1 73689:1 73875:5 73876:1 74751:3 75071:1 75791:1 76210:1 76211:1 76212:1
ingénieur	67068:1 67071:1 67554:2 67795:5 67938:1 67939:1 67944:1 68273:2 68276:7 68383:3 68393:1 68645:1 68883:2 68886:1 68888:4 69181:1 69185:2 69541:2 70161:16 70426:1 70743:1 70748:2 70916:1 70923:3 71358:2 71361:1 71362:2 71612:2 71614:2 71615:1 72113:2 72115:1 72394:3 72398:1 72633:2 72634:1 72933:1 72936:2 73185:7 73430:7 73431:1 73434:1 73684:1 73685:5 73689:1 73879:1 73882:5 74170:2 74172:1 74174:1 74450:5 74455:1 74747:1 74749:1 74751:1 75063:1 75064:1 75068:1 75071:2 75457:2 76206:2 76212:1
ingérop	72629:1 73875:12
inhabituel	76516:1
inhib	67800:1 73432:1
inhibiteur	67937:1 75459:2
init	69812:1
initi	67071:2 67387:1 67553:2 68279:1 68392:1 68639:1 68644:1 68881:2 69179:2 69536:1 69815:1 69818:1 69820:1 70161:1 70422:2 70424:2 70428:1 70749:1 70914:1 70919:1 70921:1 71359:2 71619:1 72113:1 72116:1 72117:1 72122:1 72396:2 72634:1 73185:1 73434:1 73436:1 73437:1 73687:1 73876:4 74451:1 74453:1 74745:1 74748:1 75067:1 75457:1 75793:1 76509:1 76511:1 76515:1
initial	67558:2 67939:1 68387:1 68388:1 68883:1 68885:1 69177:1 69815:1 70161:1 70426:1 70922:1 71842:1 72113:1 72392:3 72636:1 73187:1 73437:2 73687:1 73876:1 74167:1 74751:1 75461:1
inject	68884:1 69179:1 71612:4 73184:1 73189:1 76509:2
injustifi	67937:1
inlands	73880:1
inlass	72630:1 74168:1
inn	75066:2
innobio	71616:1 72935:1
innocu	76209:1
innoecho	72122:1
innombr	74750:1
innorobo	72122:2
innovent	67068:1 72933:1
inné	67937:6
inond	70916:1
inoper	76208:1
inopl	68279:1
inosport	75797:2
inoviaflow	70420:1
inovsy	68393:2
inp	68644:1 69178:1 71362:8 71612:4 72121:1 72630:1 73185:2 76512:1
inpi	71840:1
inpt	75066:1
inquiet	73430:1
inquiètent	70161:1
inquiétud	71835:1 75792:2
inra	67071:1 67385:1 67387:1 67388:3 67555:1 67558:1 67794:2 67795:1 67799:1 67800:1 68384:4 68389:2 68882:3 68885:2 69182:2 69534:3 69537:2 69538:1 69812:3 69815:2 69816:1 69817:2 70420:6 70428:1 70746:1 70749:1 71357:4 71360:1 71618:1 71837:5 71842:1 72121:1 72396:1 72630:1 72632:1 73432:5 73690:1 74169:1 75069:2 75790:2 75793:1 76213:1
inri	67385:3 67386:4 69180:1 69819:1 70914:2 74452:1 74744:1 76207:2
insa	68390:1 71614:2 71616:1 72121:1 76210:1
insatisfait	67799:1
insatur	72116:1
insb	71839:1
inscript	67795:1 74747:1 75071:1
inscrir	71357:1 73435:1
inscrit	67561:1 67798:1 68279:1 68882:1 69177:1 69541:1 70161:1 70914:1 70916:1 70920:1 71362:1 72118:1 72392:1 72396:1 72936:1 73876:1 74449:1 74455:1 74747:1 75457:1 76511:2
inscriv	71357:1
inscrivent	72116:1
insect	67937:9 68387:1 71618:1 71843:1 76213:1
insecticid	67937:1
insensibl	69540:1 71836:1
inser	74450:1 74454:1
inserm	67389:1 67556:2 67801:2 67802:3 68386:1 68387:1 68388:1 68887:1 69184:1 70744:1 72631:1 73184:1 73189:1 73878:1 74451:1 75459:2 76515:1
insert	67940:1 69178:1 76513:1
insh	72939:1
insist	71836:2
insolubl	67558:1 68280:1
insomn	72932:1
insoupçon	67388:1
inspect	69539:1 70165:1
inspecteur	73182:1
inspir	68888:1 70161:1 70425:2 71366:1 71621:1 72397:1 73876:1 76210:1
instabl	68882:1 76511:1
install	67795:4 67797:1 67798:1 67799:1 68274:2 68277:2 68278:1 68384:1 68385:1 68387:1 68638:2 68643:1 68881:1 68883:1 68884:2 69178:1 69535:1 69821:1 70421:1 70422:2 70743:1 70746:1 70915:2 70916:2 71358:1 71362:1 71614:1 72114:1 72392:8 72396:1 72630:1 72634:1 72932:1 72933:1 73185:1 73186:2 73430:1 73432:1 73684:1 73687:1 73875:2 73876:1 73879:1 74168:3 74746:2 75064:3 75066:1 75458:1 75461:1 75463:1 75789:2 76207:1 76513:1
instanc	68642:1
instant	67389:2 70422:1 71842:1 72115:1 72394:1
instar	70914:1 71617:1
instationnair	74745:1
instaur	69538:1 70745:1
insticc	67945:1
institu	67553:1 68392:1 70429:1 70920:1 73185:1 73689:1 75795:1
institut	67068:3 67388:2 67389:2 67390:1 67556:1 67561:1 67794:1 67799:2 67802:1 67940:2 67945:1 68273:1 68275:1 68276:2 68277:2 68283:1 68388:1 68391:1 68392:3 68638:1 68641:2 68646:1 68881:4 68885:3 68886:1 68887:1 69178:2 69180:4 69183:2 69186:3 69534:1 69539:1 69814:2 69819:2 70161:3 70167:2 70168:1 70424:2 70425:1 70744:1 70745:1 70747:2 70748:1 70751:1 70753:3 70916:2 70919:1 70922:1 71357:1 71358:2 71360:3 71362:1 71612:2 71614:1 71615:1 71616:1 71620:1 71835:3 71840:1 72115:1 72121:3 72393:2 72396:2 72397:2 72398:1 72399:1 72634:1 72635:1 72932:7 72933:1 72939:1 73183:1 73189:1 73430:3 73436:1 73686:1 73687:1 73688:1 73876:1 73877:1 73881:1 73883:2 74168:1 74169:1 74173:1 74451:1 74452:2 74453:2 75064:1 75065:1 75068:1 75070:1 75458:1 75459:1 75463:1 75792:7 75794:1 76207:1 76208:1 76211:2 76512:1
instituteur	75458:1
institutionnalis	72393:1
institutionnel	67945:1 69812:1 70751:1 72935:1 75461:1 75464:1
instrument	67068:1 67392:1 67939:10 67946:1 68883:1 69177:3 69181:3 69543:1 69811:1 70163:6 70424:3 70914:1 70916:5 70919:3 71836:4 72119:1 73688:1 74170:1 74171:1 74451:5 74455:9
insu	70916:1
insuffis	70425:1 73182:1
insulair	71621:4
insulin	67802:3 76509:1
insulino	76509:1
insurmont	72934:1
intact	67068:1
integr	67553:3 67554:7 67797:1 67802:1 67939:1 67945:1 68881:1 68882:1 68884:3 68888:1 68889:1 69181:2 69533:1 69535:1 69813:1 69814:1 69818:1 70161:1 70162:3 70163:1 70167:1 70422:1 70423:1 71358:1 71359:1 71614:1 71836:2 71837:1 72392:1 72632:2 72932:1 72936:1 73183:1 73430:1 73432:1 73434:1 73685:2 73687:1 73876:2 73879:1 74168:1 74174:1 74175:1 74450:1 74747:1 74751:2 75064:2 75069:1 75071:1 75457:1 75458:1 75789:1 75796:1 76206:1 76211:1 76508:2 76509:1 76513:1
integrated	71614:1 71838:1
intellectuel	67556:4 69812:1 71614:1
intelligent	67557:1 67937:1 67940:4 67945:5 68276:1 70166:1 70421:1 71359:3 71363:1 71617:1 72400:2 73190:1 74170:1 74456:2 75063:2 75071:2 75458:1 76509:1
intelligibil	76508:2
intemper	68273:1 72630:1
intens	67944:1 68391:1 68887:1 68888:1 69178:1 70914:6 70916:5 72934:1 73435:1 73436:1 74452:1 74744:1 75067:1 76213:2
intensif	69533:1 70917:1
intensifi	71618:1 73877:1
intent	68881:1 73684:1 76209:1
inter	67392:1 69814:1 70420:1 70745:1 71612:1
interact	67795:1 68279:1 68390:1 69534:1 69539:1 69817:1 70420:3 70421:5 70747:1 70749:2 70916:1 70922:1 70923:1 71363:1 71837:1 72115:1 72116:1 72119:1 72633:1 72937:1 73183:1 73186:1 73437:1 74168:1 74453:1 74752:1 75788:1 75790:3
interag	67556:2 70421:1 70922:1 73688:1 73879:1
interarm	71836:1
interconnex	67554:1
interdisciplinair	67799:1 68275:1 68392:1 68645:1 70916:1
interdisciplinar	67071:1 73189:1
interdit	71357:1
interfac	67386:1 68882:1 68885:2 68886:1 69819:1 70167:1 73185:1 75063:3 75064:2 75788:1 75790:1 75791:1
interfer	70746:1
interférent	72932:1
interférometr	72934:1
intergouvernemental	68642:1 69533:1 70916:1
intergénérationnel	75068:1
interindividuel	75790:1
interlaboratoir	68885:1
interlocuteur	68643:1 68885:1 72113:1
interministériel	67798:1 67799:1 69535:1 69818:1 70162:1 70421:1 72634:1 73433:1 73879:1 74169:1 74453:1 75793:1
intermittent	68884:1 71363:1
intermédiair	67386:1 69535:1 72397:1 74167:1 75465:1 75794:1 76510:1
intern	67939:1 69181:1 71358:1 72118:1 73685:1 73876:1 74455:1 75792:1 76211:1
international	67553:2 67794:2 67795:1 67799:1 67803:1 67937:1 67939:1 67942:1 67943:2 67944:3 67945:3 68273:1 68278:2 68283:1 68384:2 68387:3 68392:2 68638:1 68885:1 69177:1 69179:1 69180:2 69533:2 69542:1 69812:1 69813:1 69820:1 70161:1 70164:1 70170:4 70420:1 70422:3 70748:1 70749:1 70752:1 70914:2 70916:3 70921:5 71358:3 71362:1 71614:2 71619:4 71835:1 71837:1 71840:1 72113:2 72121:1 72122:1 72393:3 72396:4 72400:1 72629:2 72630:2 72932:2 72934:1 72936:1 72938:1 73184:1 73190:2 73431:1 73432:1 73438:1 73684:1 73687:2 73875:2 73878:2 73883:1 74167:1 74168:1 74176:1 74449:1 74745:1 75063:1 75064:1 75065:1 75071:1 75458:4 75466:1 75795:2 75796:2 76207:1 76208:1 76515:1 76516:1
internet	67386:1 69535:1 69821:2 71359:1 71362:1 75063:1 76210:1
interoper	69181:1
interpret	71836:1
interprofess	68885:1
interprofessionnel	68885:2 73877:1
interreg	67940:1
interrog	67938:1 68882:1 70161:1 70429:1 73185:1 73430:1 73877:1 75458:1 75459:1 76213:1
interrogent	67794:1 71837:1
interrupt	75789:1
interrupteur	72635:1
interrégional	68279:2
intersect	73184:1
intersensoriel	75790:1
intertropical	67939:1
interuniversitair	68644:1
intervall	69182:1
interven	67386:1 67942:1 68388:1 69541:1 69819:1 69820:2 74167:1 74745:1 75063:1 75465:1
intervenon	68643:1 72634:1
intervent	67392:1 67941:1 70162:3 70421:1 72937:1 73431:1 74454:1 75064:1 76510:1
intervenus	72392:1
interviendr	69820:1
intervient	73882:1
intestin	69815:3 70166:1 76213:1
intestinal	68887:1 69184:1 69815:3 72631:5 73432:3 76213:1
intim	69819:1 70914:1 73432:1
intitul	67392:1 67561:1 67803:1 67804:1 67938:1 68276:1 68283:1 68383:1 68641:1 68882:1 69535:2 70429:1 71357:2 71363:1 71617:1 71620:1 71845:1 72113:2 72401:1 72937:1 72940:1 73184:1 74174:1 74175:1 74176:1 74457:1 74746:1 74748:1 74752:1 75459:1 76213:1 76516:1
intox	68388:2
intra	70420:1 73435:1 75789:1
intracellulair	67389:1
intrant	68279:1 73877:1
intrinsequ	67389:4 67561:1 73685:1 76210:1
introduct	67071:2 67555:2 67794:1 69186:1 71835:1 73876:1
introduir	74168:1 75064:1
introduit	67390:1 69183:1 69186:1 71617:1 72632:1 72634:1 75463:1 76207:1
intrus	71843:1
intuit	68638:1
intègrent	69183:1
intéress	67068:1 67383:1 67390:2 67553:2 67556:1 67558:1 67800:1 67937:2 67939:1 68273:1 68274:2 68387:1 68389:1 68390:1 68392:1 68638:1 68643:2 68646:1 69178:1 69186:1 69533:1 69812:3 69817:1 69821:1 70165:1 70420:1 70421:1 70428:1 70745:2 70749:1 70916:1 71361:1 71612:1 71617:1 71835:1 71836:1 72113:2 72114:1 72115:1 72116:1 72396:3 72629:1 72630:1 72631:2 72632:1 72932:3 72939:1 73182:1 73183:1 73185:2 73430:1 73431:3 73432:1 73436:1 73876:2 73879:2 73882:1 74167:1 74168:1 74449:2 74450:2 74457:1 74746:1 74749:1 74752:2 75065:1 75066:1 75069:3 75462:1 75466:1 75788:2 75789:1 75790:1 75793:1 76206:4 76210:1 76213:1 76511:2 76516:1
intéressent	67553:1 67800:1 67937:1 68387:2 70166:1 70420:1 70745:3 72932:1 73431:1 73876:1 75458:1 75459:2 75793:1
intéresson	73876:1
intérieur	67387:1 67941:1 68387:1 68881:1 69539:4 69817:1 69819:1 70166:1 70420:2 70421:2 70745:1 72396:1 72932:1 73880:1 74167:1 74168:2 75064:1 75462:1
intérêt	67553:3 67555:1 67801:1 68279:1 68386:1 68387:1 68391:1 68882:1 68884:1 68885:2 69183:2 69536:1 69812:1 70420:1 70421:2 70745:1 71360:1 71618:1 71621:1 71845:2 72116:1 72117:1 72392:1 72397:1 72630:1 72932:1 73184:1 73683:2 73684:2 74171:1 74455:1 74457:1 75063:1 75065:1 75458:2 75459:1 76206:1 76208:1 76511:1
inutil	76510:1
invalid	73184:1
invas	68645:1 71618:1 73432:1 73435:1 74171:1
invent	68638:2 69542:2 71359:1 72392:2 72933:1 74176:1 75067:1 76213:1
inventair	68389:1 69533:1
inventent	72933:1
inventeur	68273:1 72633:1 72933:1
invers	67068:2 67794:1 68280:1 71357:1 71835:1 73184:1 75070:1
invest	67794:1 68277:1 68387:1 69181:1 69535:1 69812:1 69817:2 70420:2 70421:2 70914:1 71359:1 71614:2 71616:1 71621:1 72114:1 72117:1 72400:1 72629:1 72633:1 72933:1 72938:1 73182:2 73184:1 73432:3 74451:4 75065:1 75067:1 75461:1 75466:1 75795:3 76510:2
investig	67802:1 72939:1
investisseur	68881:1 71614:1 71616:2 72629:1 72935:1 73438:1 73686:2 73691:1 74450:1 74451:1 75466:1 75795:1
investment	72935:1
investor	75465:1
invit	67946:1 69178:1 69542:1 69821:2 72116:1 72393:2 72396:1 75465:1 75795:1
invitent	68276:1 69821:1
inviv	72629:1
involontair	72401:1
inédit	67553:1 69535:1 70922:1 71359:1 71616:1
inéluct	71614:2 73876:1 74450:1
inévit	68273:1 71835:1 72933:1 73432:1 76213:1
ioi	76211:2
ion	68640:1 72397:1 72934:1
ioniqu	68390:1 72115:2 73878:1
ionospher	67942:4
ipcm	70167:1 75070:2
iphc	69178:1
ipno	69178:1
ipsen	67390:1
ipsl	73183:1
ipsos	76209:3
ira	73684:1
iram	68886:1
irc	73883:1
ircam	72933:1
ird	67071:1 67387:1 68275:1 68883:1 73183:1 73434:1 73688:1 74457:1
irdi	72935:1
irfm	74168:3 75064:6
irfu	70163:2
irion	70915:1
iris	71360:1 72633:1
irland	71838:1
irm	67068:1 73189:2 73877:1
iron	72629:1
iront	71362:1
iroqu	71615:1
irradi	72392:1
irrig	69537:1 70746:1 74169:1
irréproch	75792:1 76511:1
irréversibl	67794:1
irste	70917:2 72393:2
irt	75068:5
irtsv	67800:1
isa	71358:10
isab	68273:1
isb	70168:1
isba	67388:2 68885:1
isen	67940:4 72635:1
iser	73878:1
isle	70917:1
iso	68885:1
isol	67068:1 67553:1 67556:2 67800:1 68886:1 69186:3 70751:1 70918:1 70921:1 71360:1 71843:1 72397:1 73185:1 73430:1 75459:1 75789:1
isotop	74168:1
israël	72933:1
isro	67939:2
iss	69177:3
issanchou	67555:4
issu	67392:1 67554:1 67558:1 67795:2 67937:1 67939:1 68384:1 68392:1 68643:1 68881:1 68885:1 69178:1 69818:1 70162:1 70916:1 70917:1 70918:1 71359:1 71616:1 71619:1 72395:1 72400:1 72630:1 72634:1 72637:1 73431:2 73437:1 73684:2 74749:1 75063:2 75068:1 76207:1
issus	67387:1 67939:1 68386:1 70161:2 70423:2 70916:1 71615:1 72113:1 72114:1 72634:1 75064:1 75066:1 76207:1 76208:1 76512:1
it	67940:2 74456:3
ital	69179:1 69534:1 70916:4 72632:1 73683:1 74169:1 75462:1 75788:2
itali	67945:1
italien	67945:2 69179:1 73875:1 75463:1
item	75793:3
iter	74168:10 75064:8
itff	68885:1
itplc	68885:1
itti	67945:1
iut	67945:1 72394:1 75457:2
iuvv	73877:1
iva	67940:1
ivry	68277:2 68646:1 74171:1 74746:2
izest	68638:7
j	68638:1 73683:2
jacent	72637:1
jacqu	67068:1 67940:1 70922:1 71363:1 72629:1 72932:1 74745:2 75460:3
jacquart	71612:5
jalon	72395:1 72932:1 74167:1
jam	67068:1 67802:1 67937:1 67938:1 68276:1 68638:1 68883:1 69537:1 69539:2 69540:1 69811:2 69821:1 70163:2 70166:1 70421:1 70424:1 70744:1 70915:1 71363:1 71614:1 71842:3 71843:1 72634:2 72636:1 72933:1 73189:1 73430:1 73431:1 73880:1 74167:1 74169:1 75458:1
jamb	67941:1 72117:1 72933:1
janny	68273:9
janvi	67068:1 67555:1 68638:1 68881:2 68883:1 68884:1 68885:1 68887:1 68888:2 69177:1 69180:1 69184:1 69812:1 70162:1 70169:1 70745:1 71840:1 71842:1 71845:1 72113:1 72119:1 72392:1 72396:1 72633:1 72635:1 73184:4 73185:1 73685:1 74170:1 74456:1 74748:1
japon	67383:1 67942:2 67943:1 68274:3 68638:1 69185:1 69811:1 70915:1 72113:1 72117:2 72392:1 72396:4 72629:1 73875:2 73880:1 74168:1 74455:1 74746:1 75064:1 76209:2
japonais	67939:1 68388:1 72396:1
jardin	70746:1 71842:1 73875:1 75458:1
jason	73434:3
jaun	74752:1
jav	76207:1
jax	67939:1
je	67068:1 67383:2 67795:2 68274:1 68276:1 68387:1 69177:1 69821:2 70161:4 70749:1 70914:1 71612:3 71835:1 71842:1 72114:2 72115:1 72394:4 72629:1 72631:1 72636:1 72932:3 73182:1 73184:1 73430:3 73683:1 73876:1 74449:1 74455:1 75459:1 75790:2 76206:1 76213:3
jean	67556:1 67937:3 67938:1 68277:1 68387:2 68392:2 68641:2 68881:6 69186:1 69533:1 70744:4 71836:1 72116:2 72398:1 72400:1 72932:1 73182:1 73183:1 73433:1 73876:6 73877:4 74744:1 75789:2 76508:3
jeandel	72940:1
jerphagnon	68641:2
jersey	72932:1
jet	70163:1 70915:1 70918:2 71366:1 72114:3 74168:3
jeu	67800:1 68387:1 69533:1 70922:1 73684:1 74745:1 75790:1 76509:1
jeud	75464:1
jeun	67388:1 67553:1 67555:2 67937:1 68279:1 68643:1 69177:1 69815:1 70161:1 70164:1 70166:2 70422:3 70426:1 71357:1 71612:2 71835:2 71837:3 72113:1 72629:1 72636:2 72932:1 73182:1 73185:5 73431:2 73435:1 73683:1 73684:1 73685:1 73686:1 73878:1 73879:3 73881:1 74171:1 74449:1 74450:4 74451:1 74453:1 74747:1 75458:2 75461:1 75462:1 75466:1 75790:2 76207:1 76208:2
jeux	71357:1 72401:1 73190:1 73684:1 76509:1
job	71614:1
john	70916:1 71835:1 72932:2
johor	71840:1
joi	67937:3 68276:1
joindr	74457:1
joint	67945:1 68273:1
jol	68276:1
joly	67937:1 72397:1
jonction	74173:1
jord	76206:4
jordan	72629:1
jos	69815:1 70746:1 73184:1 73432:2
joseph	67387:1 67800:1 69178:1 69539:1 69816:1 69819:1 73189:1 73878:1
jou	67937:1 68274:1 68275:1 68387:1 68388:1 68881:1 68886:1 69181:1 69184:1 69815:1 70161:4 70749:2 70914:3 70921:1 72116:2 72392:1 72631:1 72932:1 73184:1 73185:1 73434:1 73685:1 75788:2 75790:2 76206:1 76209:1
jouent	73878:1 75070:1 75459:1
jour	67553:1 67555:1 67794:1 67798:1 67939:2 68273:2 68638:1 68885:1 68889:1 69179:1 69183:1 69811:2 69813:1 69817:1 70166:2 70168:1 70169:1 70422:1 70429:1 70749:1 70916:1 70920:1 71358:1 71359:1 71360:1 71363:1 71614:1 71621:1 71835:1 71842:3 72115:1 72395:1 72630:1 72634:1 72636:1 72932:2 72934:1 72936:1 72937:1 73182:1 73183:1 73187:1 73189:1 73190:2 73433:1 73691:1 73875:3 73877:1 73878:1 73881:1 73882:1 74167:2 74168:1 74173:1 74175:1 74450:1 74451:1 74748:1 75795:1 76508:2 76509:2 76510:2 76511:1
jourdain	74749:1
journ	67803:1 68888:1 69186:1 69541:3 69820:1 70164:1 70168:3 70749:1 70751:4 70752:1 70921:4 71619:1 72121:1 72393:1 72932:4 72938:1 73190:1 73437:1 73690:2 74174:2 74748:3 75063:1 75462:1 75797:1 76511:1 76514:2 76515:3 76516:4
journal	67802:1 67803:1 69819:1 70169:1 73182:1 73436:1
journali	69537:2
jouy	69815:1 70746:1 73184:1 73432:2
jouzel	69533:1
joyeux	68276:1 74449:1
joël	67937:1
jri	73690:1
judici	71836:1 72113:1 74746:1
judiciair	70162:1
judith	75065:2
juillet	69537:1 69817:1 70420:2 70743:1 70746:1 70747:1 70914:1 71614:1 73688:2 73877:1 74746:1 75065:1 75457:1 75460:1 75796:2
juin	67942:1 68646:1 68881:2 68882:1 69178:1 70164:2 70168:1 70169:1 70170:1 70915:1 70916:1 70917:1 70918:1 72937:1 73190:2 73435:1 73437:1 73684:1 73687:2 73875:1 74454:1 75065:2 75458:1 75465:1 75797:1 76513:1
jul	67937:17 68383:1 70915:1 73683:3 73877:1 75068:4
julien	69177:1
jullian	73683:2
jumel	72396:1
jumelag	72393:1
jun	67556:2
junien	72116:2
junior	68390:1 69541:2
jur	68885:2
jurid	68392:2 70170:1
jurist	72113:1
jury	73689:1 74746:1 75066:1
jus	74169:8
jusqu	67068:1 67387:1 67389:1 67390:1 67391:2 67553:1 67554:2 67555:1 67795:1 67800:1 67939:1 67940:1 67942:1 68273:2 68274:1 68384:1 68385:1 68388:1 68389:1 68390:1 68391:1 68638:1 68643:1 68646:2 68882:1 68885:1 68886:1 68887:1 69177:2 69179:1 69183:1 69184:1 69535:1 69537:2 69539:1 69541:1 69811:1 69814:2 70166:1 70421:1 70423:1 70425:1 70428:1 70744:1 70745:1 70749:1 70751:1 70914:1 70916:5 70918:1 71357:1 71366:2 71616:1 71618:1 71835:1 71836:2 71840:1 71842:1 71843:1 72117:1 72392:2 72394:1 72396:1 72397:1 72401:1 72629:1 72630:1 72631:1 72634:1 72932:1 72933:2 72934:3 73182:2 73184:1 73188:1 73189:1 73434:1 73684:3 73685:1 73688:1 73875:1 73877:1 74167:2 74168:3 74172:1 74173:1 74176:1 74451:1 74455:1 75066:1 75067:1 75789:1 75794:1 76209:1 76507:1
just	68393:1 71359:1 71612:1 71614:1 72394:1 72629:1 72631:1 73683:3 74172:1 76207:1
justifi	73435:1 76207:1
jwst	70163:3
jérôm	67389:4 74746:1
jûlich	68642:1
k	67945:1 68279:1 73879:1
kaarsten	76513:1
kanpur	69180:1
karin	70921:2
karlsruh	70916:1
karman	71615:1
kavl	68881:3
kbcc	72396:2
kcalor	67794:3
kdo	69183:4
kek	68638:1
kel	75064:2
keni	72629:1
kent	67940:2
kentoh	76511:1
kevin	71359:4
keyo	67937:1
kg	67941:1 68640:2 68883:2 69179:1 70163:1 70165:2 71366:1 71836:1 74170:1 74450:4 75066:1 75789:1
khz	72934:1 73688:2
kick	75069:1
kill	73190:1
kilo	68273:2 69179:1
kilogramm	72630:1 75461:1
kilometr	69811:1 69812:1 71837:1 71840:1 73183:1 75458:5 76212:2
kilos	68644:1
kinkingnéhun	74171:1
kit	70916:1
klenov	75790:1 76516:1
kloran	75458:1
km	67939:2 67941:2 67942:1 68389:2 68640:3 68883:3 69179:2 70170:1 71836:3 72933:1 73183:5 73683:1 74450:3 75458:1 75789:2 76510:1
knocked	73184:1
knockout	73184:1
knowledg	67945:3
kobilk	72115:1
kong	72396:1
kontsevich	72932:1
kourou	69179:1 69811:1 71836:1
koweit	72629:1
krl	76511:2
kurm	73686:1
kurosh	67945:1
kurt	72932:1
kw	72397:1 75789:1
kwh	68640:1
kyoto	71835:1 72398:1
kyushu	72396:1
l	68645:1 69177:1 72635:1
la	69814:1 72635:1
laad	67553:1
lab	71359:1 71362:1 71839:1 73876:2 75068:1 76513:1
labeg	74748:1
label	73683:1 76509:1
labellis	67388:1 67555:1 67798:1 67799:1 68387:1 68393:1 68885:1 69534:1 69818:1 70162:1 70420:1 70421:1 70428:1 70749:1 71360:1 72394:1 72631:2 72634:2 73685:1 73687:1 73876:1 73879:2 74169:1 74172:1 74449:2 74453:1 74455:1 74749:1 75063:1 75069:1 75466:1 75789:1 75790:1 75793:1 76507:2 76508:1 76511:2 76513:1
labex	71837:1 72938:3 73184:6 75459:1
laboratory	70163:2 73183:1
labr	73431:2
labrez	72117:1
lac	67944:3 70745:1 73434:1
lact	70163:1 70749:1
lactal	72634:5
lactat	68887:1
lactobacill	75067:1
ladhyx	76208:2
lafarg	70169:1
lafay	69813:1
lafont	71360:1
lagard	67801:1 74450:5
lagon	73433:1
lagrost	73184:3 75459:5
laiss	67068:1 67383:1 67386:1 67937:1 68274:1 68886:3 70166:1 70421:1 72396:1 72397:1
laissent	67937:1 72631:1
lait	67388:4 67555:1 68885:2 73184:1 75458:1 76511:1
laiter	68885:1
laiti	67388:3 68273:1 68885:18 72394:1 72634:1
lam	68274:1 70420:1
lamarck	67938:1
lamarckien	67938:1
lambert	72630:2
lamel	76210:1
lamour	69186:1
lamp	70421:2
lamprecht	73184:1
lamur	72400:1
lanc	67388:1 67555:2 67557:1 67795:1 67939:3 67941:1 67942:2 67943:1 68274:1 68275:1 68279:2 68383:1 68638:2 68641:1 68645:1 68646:1 69177:14 69179:2 69181:1 69534:1 69537:1 69538:1 69811:1 69812:1 69813:1 69817:1 70163:2 70164:2 70166:1 70422:1 70424:2 70749:1 70916:2 71359:1 71362:1 71614:1 71615:2 71835:2 71836:1 72114:2 72118:1 72392:3 72394:2 72395:2 72396:1 72630:1 72633:1 72634:2 72936:1 73182:1 73183:1 73184:1 73432:2 73433:1 73434:3 73436:1 73683:2 73684:1 73686:1 73880:1 74168:3 74169:1 74171:1 74176:1 74450:2 74451:1 74455:1 74744:1 74749:1 75063:1 75065:1 75068:1 75069:1 75457:2 75458:2 75460:1 75461:2 75793:4 76207:4 76508:1 76509:1 76512:1
lancent	67938:1
lanceur	67939:2 69177:6 69179:9 75789:1
land	68645:1
landau	69540:3
landown	67804:1
langerhan	67802:1
langevin	67068:3 70747:1
langu	70422:1 72113:1
languedoc	68275:1 69182:1 69537:1 71614:1 73430:1 73684:1 74169:1 76512:1
laniak	73183:1
lanréotid	67390:3
lanthanid	75792:1
lanvéoc	74170:1
lançon	74455:1
lao	72396:1
laos	73185:2
lapin	73184:1
laplac	70916:1
laport	74450:2
laquel	67387:1 67389:1 67795:1 67802:1 67944:1 68279:1 68383:2 68391:1 68642:1 68643:1 68881:1 69533:2 69535:1 69541:1 69820:1 70162:1 70165:1 70166:1 70421:1 70423:1 70751:1 70914:2 70916:1 70922:1 70923:1 71357:1 71359:2 71362:1 71612:1 71617:1 71620:1 71835:1 72115:1 72119:1 72122:1 72392:1 72396:1 72629:1 72631:1 72933:2 72937:1 72939:1 73430:1 73431:1 73434:1 73435:1 73685:1 73884:1 74167:1 74168:2 74169:1 74170:1 74172:1 74173:1 74176:1 74454:1 74457:1 74744:2 75063:1 75065:2 75457:1 75458:1 75459:2 75793:1 76207:1 76208:1 76210:1 76507:1 76511:1
lar	68387:1 69179:1 73184:1 75793:2 76511:4
larchey	73185:1
larf	68885:1
larg	67390:1 67556:1 67794:1 67939:1 68275:1 68881:1 68889:1 69181:1 69183:1 69186:1 69533:1 70420:1 70423:1 70747:1 70748:1 71359:1 71363:1 71612:1 71836:1 72113:1 72117:1 72399:1 72630:1 72633:1 72637:1 72934:1 72935:1 72940:1 73432:2 73683:1 73688:1 73875:1 73876:1 73879:1 74174:1 74454:1 74455:1 74749:2 74750:1 75067:1 75457:1 75458:2 75789:1 75794:2 76507:1
largeur	68391:1 70425:1
largu	69179:1 70916:1
lariboisi	69184:1
larivi	76513:1
larrieu	72635:1
larv	70917:1 71843:1 73183:1
larvair	69813:1
laryngectom	74454:2
laryngolog	76508:1
larynx	74454:9
las	68638:4 68641:1 69179:1 69540:1 72932:2 72934:5 73875:1 75067:1 75457:1 75795:1 76513:1
lasagyl	75067:1
laser	68638:11 68641:4 72934:5 75067:1 75795:1
lasik	68641:1
latent	72395:1
latin	67553:1 70920:1 72630:1 73185:2 73875:5
latruff	68387:7
latécoer	68383:1 69542:2
latéral	70744:1 70918:1
launcher	69179:1
laurenc	67556:2 72393:1
laurent	68274:6 68641:1 68881:4 70161:9 70919:1 72397:1 73184:3 74453:2 75457:4 75459:5
lauri	71837:5
lauréat	67383:1 67937:6 68275:1 68390:1 69181:1 69817:1 71612:2 71614:1 71835:1 71837:3 72932:2 72933:1 72938:1 73878:1 74746:2 74750:1 75066:1 76509:1 76516:1
laval	71358:2 74175:1
lavand	76516:1
lavandin	76516:1
lavet	72633:1
law	70170:1
lb	68385:1
lbmn	68387:1
lcb	69183:1
lcpo	75067:1
le	67389:1
lead	67383:1 67940:1 68383:1 69815:1 70161:1 70920:1 71359:1 71361:1 71614:1 71839:1 71840:1 72114:1 72392:2 72633:1 72933:3 73437:1 73875:1 74167:1 74169:1 74453:1 74744:1 74745:2 74749:2 75063:1 75793:1 76211:1 76511:1
leader	72936:1 73691:1 75458:1 75466:1 75796:1
leadership	68383:1
leading	74745:1
lean	73430:1
leap	74745:1 75791:1
learning	70923:2 75063:1
learninglab	73876:12
leb	69814:1
leblanc	68281:1
lec	74744:1
lecomt	69177:1
lecteur	67794:1 68283:1 69821:1 71835:3 74752:1 76507:1
lectour	72630:1
lectur	68283:1 71835:1 71841:7 73185:1 74171:1
led	75070:3
ledrappi	72932:1
lefkowitz	72115:1
leg	67801:2 68280:1 69177:1 71843:1 75789:1
legionel	69183:1
legos	73434:2
leibl	68280:1 74750:1
leiv	69534:1
lem	73189:1
lemaîtr	67937:1
lemp	72634:1
lendemain	70751:1 70921:1 75796:1 76509:1
lensing	70424:1
lent	69183:1 69540:1 71835:1 72630:1 75458:1
leprinc	73186:1
lequel	67389:1 67555:1 67804:1 67937:1 68638:1 69534:1 69542:1 69811:1 69812:2 69817:1 70161:1 70421:1 70915:1 71612:1 71621:1 71838:1 71839:1 72397:1 72631:1 72632:1 72634:1 72932:1 73182:2 73184:1 73684:1 73877:2 74167:1 74168:1 74172:1 75064:1 75459:1 75789:1
lesi	70163:1
lesieur	74172:1 75793:1
lesquel	67383:1 67553:1 67554:1 67556:1 67937:1 68273:1 68388:2 68643:1 68885:1 69181:1 69186:1 69534:2 69535:1 69537:1 69817:2 70166:1 70420:5 70422:1 70425:1 71615:1 72396:1 72398:1 72932:1 72934:1 73685:1 73876:1 73879:1 73880:1 74167:1 74746:1 75064:1 75066:1 75458:3 75788:2 75790:2 75797:1 76511:1
lessac	75793:2
lessivag	68388:1
let	67554:8 68881:6 69186:1 70919:3 75065:1
letter	69816:2 73188:1 75794:1
lettr	68889:2 70744:2
leucocyt	68388:1
leucodystroph	68387:1
leungchopan	76510:1
leur	67387:2 67389:1 67391:1 67555:1 67561:1 67794:2 67798:1 67939:2 67940:1 68273:3 68274:1 68275:1 68277:1 68383:1 68384:1 68389:1 68391:1 68638:1 68645:1 68881:2 68886:1 69183:1 69186:5 69533:1 69534:1 69535:1 69536:1 69814:1 69816:3 70162:2 70163:1 70422:1 70746:1 70753:2 70921:2 71359:1 71614:1 71618:1 71619:1 71621:2 71836:1 71837:1 71841:1 72115:1 72116:3 72119:1 72122:1 72394:1 72395:2 72400:1 72401:1 72629:3 72630:2 72631:1 72632:2 72933:1 72939:1 72940:1 73182:2 73183:1 73430:1 73431:2 73434:1 73683:1 73685:1 73691:2 73875:1 73877:1 74167:4 74169:1 74174:1 74450:1 74456:1 74750:1 74751:1 75067:1 75069:4 75070:1 75457:1 75458:4 75461:2 75463:1 75465:1 75792:2 75796:1 75797:1 76212:1 76508:1 76509:2 76513:1
leurr	69183:1 71836:1 73876:1 75065:1
lev	69815:1 71360:1 71616:1 72117:1 72396:1 72935:1 73183:1 73686:1 73880:1 74450:1 74451:1 75063:1 75466:1 75795:1
levag	74746:1
levallois	71358:2
levang	74457:2
leveraged	73875:1
levi	68639:1 68642:1 68882:1 70425:5 71840:1
levodop	68646:4
lew	67938:1
lewin	67068:1
lfc	75067:1
lhc	68638:1
lhe	70743:1
lhost	71366:1
li	67390:1 67555:1 67556:3 67942:1 68387:1 68392:1 68644:1 68645:1 68646:1 69534:1 69812:2 69815:1 70170:1 70429:2 70747:1 70915:1 71360:1 71835:1 72120:1 72935:1 73687:1 73877:1 73881:1 74173:1 74453:1 74456:1 74746:1 74750:1 75067:1 75793:3 76206:1
liaison	67800:1 69542:1 73436:1 76213:1
liber	67802:1 68388:1 69534:1 70166:1 75065:1 75067:1 75462:4 76511:1
libert	67383:1 69812:1
libr	70421:1 71617:1 74169:1 76508:1 76511:5
librevill	73684:1
liby	72629:1 72937:1
licenc	68273:1 71358:1 72117:1 73187:1 75071:1
licenci	74748:1
lidar	70916:1
lidocain	71843:2
lieg	71621:1
lien	68280:1 68645:1 69533:1 70421:1 70425:1 70745:2 71357:2 72396:1 72632:1 72936:1 73182:1 73184:2 73430:2 73431:1 73688:1 73877:1 74449:4 75457:1 75459:1 75461:1 75790:1 75792:1 76211:1 76212:1 76514:1
lient	74750:1
lieu	67389:7 67945:1 68642:1 68881:1 69179:1 70917:1 70921:1 71358:1 71621:1 72113:1 72396:1 72932:2 73684:1 73876:3 74449:1 74450:1 74748:1 74752:1 75795:1 76510:1
lieux	68279:1 69820:1 70162:1 70420:1 71366:1 73183:1 73876:2 74748:1
lif	68274:1
ligand	72115:1
ligatur	73683:7
light	75070:1
lign	67554:2 67802:3 69178:1 69819:1 70167:1 70424:1 70923:3 71357:1 71617:2 71835:1 72114:1 73189:1 73430:1 73436:1 73437:1 73876:1 74450:2 74747:1 76509:2 76510:1
ligu	74453:1
ligur	70916:1
lik	67937:1
lill	67940:4 70751:2 72635:1 75791:2
limit	67068:1 67385:1 67386:1 67556:1 67558:1 67798:1 67938:1 68273:1 68274:1 68390:1 68391:2 68884:2 69537:1 69538:1 69540:2 69814:1 69820:1 70163:1 70420:1 70421:1 70429:1 70743:1 70923:1 71357:1 72635:1 72934:2 73185:1 73188:1 73189:1 73435:1 73436:1 73683:1 74449:1 75464:1 75792:2 75793:1 76210:2
limitent	72934:1
limitroph	74167:1 76507:1
limog	72114:2
limon	68279:4
limousin	72114:1
lims	75063:1
lin	73683:3 74450:1
lind	75790:1
lingual	72631:1
linéair	67943:1 69533:1 74450:1
lion	70916:1 73688:1
lionel	69812:5 71358:1 73184:1
lipid	67800:2 68385:2 72116:4 72631:8 73184:2 75459:5
lipido	72631:1
lipidoproté	72116:1
lipidot	75065:1
lipoprotein	75459:1
lipoprotéin	73184:1 75459:13
liposolubl	73184:1
lipstic	73184:6 75459:1
liquid	67939:1 68280:1 69540:2 69819:1 70166:2 70426:3 70746:1 72397:1 74752:1 75067:1 75462:1 75789:1 75794:3
lir	67938:1 70429:1 70914:1 71835:1 72401:1 72940:1 74457:1 76213:1
lirmm	67383:3
lis	68276:1
lisi	75064:1
liss	67945:3 70744:2 74744:1
list	70162:2 70421:2 73879:1 75064:1 76207:1 76510:1
listeri	70746:1
lit	74746:1 74749:1
liten	68640:2 75789:3
lithium	68640:1 68642:1
lithograph	70423:2 70747:1 72635:1
litr	67388:1 75792:2
littoral	70743:1
littéral	73688:1
littératur	67555:1 72636:1 75459:1
lituan	72629:1
livatag	75065:4
livr	67794:1 67938:2 68383:1 68882:2 69177:1 70163:2 70421:1 70914:1 71359:3 71366:1 71835:5 71836:1 72401:1 72630:1 73185:1 73880:1 74174:1 74457:5 75063:1 75069:1 76213:4
livraison	75792:1
livrent	73436:1
livret	73431:1
lmbo	73875:2
lmd	67939:2
lnc	73184:1
lobby	72113:1
local	67794:1 67798:1 67803:1 68387:1 68885:1 69184:2 69535:3 69538:1 69818:1 70161:2 71357:3 71836:1 71840:1 71842:1 71843:2 72113:1 72114:1 72939:1 73182:1 73185:3 73433:1 73878:1 74167:2 75068:1 75458:3 75461:1 75463:1 75792:1 76209:3 76507:1 76516:1
localis	67389:2 68278:1 68279:1 68646:1 69539:1 70162:1 70165:1 70743:1 70916:1 70919:1 70921:1 71616:1 71841:1 72116:2 72631:1 72938:1 74167:1 74449:1 74455:1 75459:1 76507:1 76510:1
locean	73183:1
locomot	74749:1
lodz	71361:1
loft	76513:4
log	70169:1 73182:1
logiciel	67553:1 70424:2 70744:1 70914:1 71359:3 71614:2 71841:1 72939:1 73431:1 73879:1 74452:1 75788:2 75796:3 76207:3 76507:2 76508:3 76512:1 76513:1
login	73437:1
logiqu	67937:1 68882:3 69813:1 71357:1 71835:2 73876:2 76511:5
logist	67945:1 68273:1 69812:1 73185:1 75069:1
loi	67554:1 67938:1 68885:1 69177:1 69178:2 72113:2 75457:2
loin	67383:1 70161:1 70162:1 71617:1 72392:1 72635:1 73430:1 73432:1 74746:1 74749:1 74751:1 76512:1
lointain	70163:1 70424:1 70919:1 71835:1 74749:1
loir	68273:1 68279:1 70743:1 71358:1 72933:1 72938:1 72939:1 75459:1
lois	71357:3 72940:1
loisir	68280:1 68283:1 70165:1 71357:2 73689:2 74748:1 75466:1 75797:2
lombalg	67798:1
long	67939:1 67940:1 68273:1 68881:1 68882:1 68883:4 68887:1 69178:2 69534:1 70162:1 70167:1 70425:1 70429:1 70744:1 70747:2 70916:1 70918:1 70921:1 71366:1 71617:2 71835:1 71837:1 72393:1 72395:1 72396:1 72631:1 72634:2 72932:1 72939:1 73182:1 73185:1 73187:1 73434:1 73683:3 73684:1 73879:1 74167:2 74169:1 74170:1 74173:1 74749:1 74752:1 75064:1 75458:4 75459:1 75789:2 75794:1 76213:2 76511:1 76515:1
longev	67387:1 68277:1
longitudinal	73431:1
longtemp	67555:1 67558:1 67794:1 67937:2 68643:2 69539:1 69817:1 69821:1 70420:1 70421:1 71359:1 72115:1 72636:1 73683:2 73684:1 73877:1 73879:1 74457:1 74744:1 74746:1 74749:1 74752:1
longu	67939:2 68883:2 69178:1 70916:1 72116:1 72392:1 72629:2 72631:1 72634:1 72932:2 73182:1 73683:2 73684:1 73875:1 74170:1 74173:1 74450:4 75064:1 75458:2 76511:1
longueur	68641:2 70163:1 70420:2 70425:1 71617:1 71835:1 72635:1 72934:1 74167:1 75067:1
look	73876:1
lor	67383:1 67388:1 67553:1 67797:1 67937:1 67939:2 67944:1 68638:1 68643:1 68881:2 68882:1 68883:1 68884:1 68886:1 68887:2 69177:1 69184:1 69533:2 69534:1 69811:1 70163:2 70168:1 70743:1 70746:2 70749:1 70916:1 70921:1 71360:1 71617:1 71619:1 71840:1 71841:1 72120:1 72396:1 72400:1 72632:1 72932:2 72933:1 72934:1 72935:1 72937:1 73182:1 73431:3 73432:1 73683:2 73684:1 73686:1 73687:1 73688:2 73691:1 73880:1 74172:1 74452:1 74456:1 74744:1 75064:1 75459:2 75462:1 75788:2 75789:2 75793:2 76209:1 76509:1 76511:4 76513:1
lorenceau	70744:5
lorgnet	67794:1
lorient	73183:1
lorrain	68389:1
lorsqu	67389:1 67801:1 67937:2 68274:1 69178:1 69539:1 70425:1 70744:2 73684:1 75070:2 76511:1
lot	68882:1
lou	68383:1 68881:2 68882:4 70425:1 72116:2 74451:1 75458:1 76507:1
lourd	67941:4 68388:1 69177:1 69178:2 69179:1 70421:1 70749:1 72394:1 74168:1
lourdeur	68383:1
loyal	68882:1
loïc	75790:1
lpcc	69178:1
lpcv	67800:1
lpem	69186:1
lpo	68883:1 74170:1
lpsc	69178:1
lsce	71838:3
lsi	70421:5
lt	70916:1
ltd	68886:1
lu	75793:1
lucent	71839:1
lucrat	72936:1
ludwik	68280:1 74750:1
lueur	70421:1
lufthans	72933:1
lui	67068:3 67383:2 67388:1 67389:1 67558:1 67798:1 67802:1 67937:4 67939:2 67941:2 68274:1 68279:1 68281:1 68883:2 69177:1 69811:2 69812:2 69815:2 69818:1 70421:2 70422:2 70746:1 70914:1 71358:1 71359:3 71360:1 71612:3 71614:2 71835:6 72115:1 72392:1 72394:2 72395:1 72629:1 72630:1 72631:4 72632:1 72636:1 72932:2 72935:1 72936:1 73182:2 73434:1 73683:1 73684:1 73875:1 73878:1 74167:2 74168:2 74172:1 74454:1 74455:1 74749:1 74750:1 74752:1 75068:1 75461:1 76206:1 76213:1 76509:1
lumi	67385:1 68280:1 68638:2 68886:1 69182:1 69539:5 69819:1 70163:1 70167:1 70747:3 72397:1 72934:1 72939:1 73188:2 73436:1 73688:1 74748:1 75070:4
lumin	70167:1 70744:1 70747:1 73188:1 73688:1 75070:2
luminescent	70747:1
luminos	70163:1
luminy	75064:1
lunbeckfond	69815:1
lutt	67798:1 68643:1 69536:5 69813:1 70746:1 72632:2 73877:1 74449:1 74746:1 75067:1 75458:2 76510:1 76511:2
lux	68383:1
luxembourg	74749:1
luxembourgeois	67937:1
lyc	67937:1 70161:1 72932:2 73687:1 75066:1
lycéen	70161:1 72932:2
lyon	67553:4 68276:1 68278:1 68390:2 68886:1 69186:1 69540:2 69543:1 69812:2 69813:1 69820:1 70752:1 71614:1 71616:2 71835:1 71840:1 72122:1 72394:1 72397:1 72932:1 72939:2 73189:2 73435:2 73876:4 74173:1 75465:1 76210:5
lyonbiopôl	74453:1 75465:1
lyonnais	71612:2 71840:1 73685:1 74167:2
lyophilisat	75065:1
là	67555:1 67795:2 67798:1 67938:1 67940:1 68274:1 68279:1 68387:1 68639:1 68643:1 69177:1 69178:1 69185:1 69811:1 69812:1 69813:1 70161:1 70421:1 70422:1 70424:1 70743:1 71358:1 71360:1 71614:2 71617:1 71835:1 71842:2 72113:1 72629:1 72634:1 72932:1 72940:1 73182:1 73184:1 73430:2 73434:1 73436:1 73875:1 73879:1 74167:2 74168:1 74454:1 74752:1 75063:2 75065:1 75457:1 75458:2 75790:1 76213:1 76507:1
lâch	67798:1 68276:1 70166:1 70745:1 70916:1 70917:1 72114:1 72115:1 72116:1 72394:1 72630:1 72932:1 73182:1 73185:1 73432:1 73683:1 73684:1 73876:1 74450:1 74455:1 74749:1
lègu	70161:1
léaut	72117:1
légal	74167:1
légend	71835:1
léger	67801:2 69178:1 70167:1 72114:1 75463:1 75789:1
légin	69811:1
légitim	68383:1 68389:1 72114:1 72634:1 72940:1 74457:1 75792:1
légum	67555:8 68273:3 68387:1 75069:1 75458:1 76213:1
légumin	69538:1 70420:1
légèret	68280:1 70165:1
lésion	67801:1 70918:2 71614:1 72935:2 73431:1 74750:1 75459:1
lévêqu	69542:1
m	68277:1 68385:1 68642:1 68883:2 68884:1 68886:4 69179:3 69542:1 69814:2 70424:1 70919:1 72114:1 72397:1 72633:1 75068:1 75461:2 75789:2 76510:5
ma	67068:1 67383:1 68274:1 70161:2 71612:1 73185:1 73876:1 74172:1 74752:1 75464:2
mabimprov	72938:3
mac	71838:1
machin	67386:1 67945:1 68638:1 70921:1 72114:1 72393:2 72933:1 72934:1 74168:7 74171:1 75063:1 75064:3 75791:1 76513:2
macromolécul	68390:1 70423:1 72394:1
macromoléculair	69183:1
macroscop	70426:1
maculair	71360:1
maculi	71360:1
mad	68383:1
madagascar	71621:1
madan	67945:1
mader	67945:1
madr	67939:2
madrid	71836:1 74450:1
magasin	68889:1 69534:1
magazin	69535:1 70752:1 71612:1
magiqu	73877:1 76206:2
magistral	69535:1
magnet	67557:1 69177:1 69186:1 71837:1 73189:1 73880:1 74168:4 75064:2 76208:1
magnetic	67942:1
magnif	67383:1 73684:1
magnéto	76208:1
magnétometr	69177:1
maguin	72933:2
magéo	72939:1
mai	68273:1 69535:1 69542:1 69820:1 70169:1 70917:1 71358:1 71615:1 72400:1 72630:2 72938:1 72939:2 73183:1 73431:1 75466:1
maill	70916:1
main	67555:1 68276:1 70162:1 70421:3 70744:1 72636:1 72932:1 72933:1 73432:1 75462:1 75791:6 75795:1 76508:1
mainten	67071:1 67554:1 68643:1 68881:2 69184:1 69535:1 70165:2 70422:1 70915:1 71358:1 71619:1 71840:3 72113:1 72934:2 73683:1 73687:1 74455:1 74456:1 74746:1 75064:2 75069:1 75790:1 76507:1 76510:2
maintien	75063:1
maintient	71838:1
mair	71360:1 72396:1
maison	68387:1 70914:1 72939:1 75069:1 76515:1
maisondelasimul	70914:1
maisonni	72633:1
majeur	67556:2 67794:2 68279:1 68882:2 69178:1 69179:1 69181:1 69533:1 69535:2 69543:1 69815:1 70162:1 70163:1 70914:2 71836:2 71842:1 72113:1 72116:1 72120:1 72398:1 72629:1 72635:1 72934:1 73183:1 73434:1 73876:1 74176:1 74450:1 74454:1 74457:1 74744:1 74746:1 74751:1 75069:1 75789:1 75793:1 75795:1 75796:1 76213:1
major	67389:1 68387:1 71621:1 71835:2 72117:1 73875:1 74752:1 75462:1 75795:1
majoritair	67388:1 69184:1 70743:1
maker	75068:1
mal	67794:1 68281:1 69534:1 69821:1 70915:1 71612:1 71614:1 72114:1 72394:1 72630:1 72934:2 74173:1 74457:1 75458:2
malabry	69536:1
malad	67556:3 67798:4 67802:1 67937:1 68277:3 68387:1 68641:1 68645:1 68646:7 69534:1 69813:4 69815:8 70914:2 70919:2 71360:1 72116:1 73184:7 73187:7 73189:1 73431:1 73432:1 73686:1 73877:2 73878:1 74171:2 74173:5 74453:2 75063:1 75459:3 76511:7 76515:1
malais	71840:1 74167:2
malbec	76512:1
malbouff	74457:1
malbrunot	74456:1
malfaiteur	76510:1
malgr	67391:1 67553:1 72934:1 74453:1
mali	68881:4 70919:1
mallet	73431:4
malléabl	71616:1
malv	73434:1
malym	73684:3
maman	72932:2
mamb	72115:3
mamiroll	67388:1 68885:3
mammifer	67937:3
manag	67945:1 68383:1 70168:2 70748:1 70751:1 70921:1 71616:2 72395:2 72937:2 73190:1 73875:1 74451:1 74751:1 76508:1
manch	67940:1
manchest	71361:1
mancin	74450:1
mandatair	73683:1
mandibul	73431:3
mandibulair	71843:1
mang	67555:1 74449:1 75069:1 75458:1 76213:4
manganes	73684:1
mangent	76209:1
mangeon	76213:1
mangeur	74449:1 76209:2 76507:1
mani	67387:2 67390:2 67553:1 67794:2 67795:1 67798:1 67800:1 67942:1 68280:2 68646:1 68882:1 68885:1 69178:1 69533:1 69537:1 69813:1 69817:1 70162:1 70421:1 70745:1 70747:1 70753:1 70920:1 71359:2 71366:1 71617:3 71618:1 71843:1 72115:1 72393:1 72932:2 73184:1 73185:1 73430:1 73431:1 73876:1 74167:1 74171:1 75067:1 75069:1 75790:2 75794:1 76206:2 76213:1
manifest	68383:1 69541:1 70166:1 72937:1 73683:1 74173:1 74176:1 75466:1
manip	67555:1 68643:2
manipul	67554:1 67941:3 70421:1 70747:1 71357:1 72115:1 72630:1 73431:2 74451:1 75064:2 75791:3 76208:1
mannequin	75064:1
manqu	67555:2 68389:1 68643:1 69542:1 70916:1 72937:1 73684:1 75458:1 75790:1
manquent	68638:1 71614:2 74450:1
manquon	73684:1
manteau	73880:1
manuel	70162:1
manufactur	70429:1
manufacturing	75068:2
manuscr	70429:1
manutent	67941:1
map	75788:1 75793:2
maquet	69178:2 70421:1 70743:1 73683:1 75064:2
mar	67799:1 67804:1 67942:1 68277:1 68384:1 68882:1 69177:2 69178:1 69184:1 69533:1 69535:1 69540:1 69811:4 70166:1 70424:1 70915:1 70916:1 70923:1 71360:1 72116:1 72122:1 72396:1 72636:1 72933:2 73430:1 73431:1 73688:1 73880:1 74176:1 74450:2 74746:1 75063:1 75070:1 75071:1 75460:1 75464:2 75788:1 76207:2 76210:1 76509:1
marathon	72396:1
maraîch	75066:1
maraîchag	75458:1
marc	67556:1 67937:1 67940:1 70923:1
marcel	75792:1
marcellan	74750:2
march	67383:2 67388:2 67553:1 67938:3 68273:4 68274:2 68279:3 68383:1 68392:1 68643:5 68881:3 69177:1 69179:1 69535:1 69818:3 70165:2 70749:1 70751:1 70753:1 70921:3 71357:3 71359:1 71360:1 71614:1 71616:1 71619:2 71836:2 71840:1 72114:5 72115:1 72118:3 72122:1 72392:5 72395:1 72396:1 72629:1 72633:1 72634:3 72938:2 73183:1 73435:2 73436:1 73683:1 73685:1 73876:4 73878:2 73884:3 74167:2 74169:2 74450:3 74451:3 74455:8 74745:1 74746:1 74748:1 74749:2 75063:1 75065:3 75066:1 75067:2 75069:3 75070:1 75458:1 75462:1 75795:1 76207:2 76209:2 76213:1 76508:2 76511:1 76512:1 76514:2
marchand	70916:1
marchandis	68273:1 72939:1 74456:1
marcoul	70915:1 72392:2 75792:5
mard	69177:1 70752:1 75796:1
marg	70918:1
mari	68274:1 68644:1 71359:1 72932:1
mariag	68638:1 68889:1 71359:1
marian	68277:1 68888:1
mariet	75069:1
marin	67071:1 67946:2 68883:2 70164:1 70743:1 70916:2 71621:2 73183:2 73433:1 73683:2 73688:2 73875:1 75789:3
marion	67794:6
maritim	68885:1 71836:1 73183:1 73683:1 75789:1 76513:1
marius	72633:1
mark	71614:1
marketer	76206:1
marketing	68885:1 71357:1 71359:2 72395:1 74746:1 75063:2
marl	70163:1
marmit	74749:1
marn	67945:1 68277:1 68885:1 68889:1 74172:2
maroc	69820:1 72936:2
marocain	72936:2
maron	69812:1
marqu	67068:1 67938:1 68278:1 68886:1 69179:1 69183:1 69533:1 70749:1 70915:1 72113:2 72630:2 73183:1 73687:1 73875:1 74449:1 74450:1 76512:1
marquag	72115:3
marqueur	67798:1 68643:1 68881:1 74171:1 76206:1
marron	69816:1
marseil	68385:1 68391:2 69183:2 70747:3 70918:1 72118:1 72392:1 73683:12 73688:3 74749:1 75458:1 75461:1
marteau	68274:4
martel	74457:1
martin	71837:7 73434:1
maruho	72117:1
marx	74752:5
mas	70162:2
masculin	74454:1
masqu	70163:1 70166:1 75065:1
mass	67799:1 68639:1 69179:2 70163:1 70919:4 73436:1 73688:1 74170:1 75794:2
massachuset	70161:1 73876:1 76208:1
massard	68638:3
massif	74169:1 75463:1 75794:1
massiv	68884:1 71357:1 71837:1 72392:1 73876:1 75463:1
massy	67795:1
mast	67795:1 67944:1 68392:1 68888:1 68889:1 70422:2 70748:1 71362:2 71614:1 72398:3 76206:2
master	67795:1 68276:2 69536:1 71358:1
mastiqu	69534:1
masurc	70915:1
mat	69534:1
material	76210:1
maternel	67555:1 70422:1
math	73430:2
mathematic	69180:1
mathematical	72932:1
matheron	67794:6
mathi	67068:9
mathémat	67071:1 68276:1 69180:1 69820:1 70161:2 71835:11 72932:6 75063:1 75793:1
mathématicien	68276:2 69180:1 70161:8 70745:1 71835:8 72932:17
mati	67071:1 68273:1 68274:1 68279:2 68280:1 68385:1 68392:1 68638:2 68639:1 68645:1 68881:1 68882:8 68885:1 68886:1 69183:1 69534:5 69536:1 69817:1 69821:2 70161:1 70420:1 70424:3 70746:1 70915:1 70920:3 71357:2 71358:1 71612:1 71621:1 71836:1 72113:1 72114:1 72118:1 72397:1 72632:2 72634:1 72637:2 73188:1 73432:1 73434:1 73685:1 73688:1 73877:1 74167:1 74449:1 74450:1 74750:1 75066:1 75458:1 75460:1 75790:4 75792:4 75794:1 75797:1 76206:1 76208:1 76209:1 76507:1 76516:1
matin	69177:1 69541:1 71845:3 72396:1 75457:1 75458:1
mato	75788:1
matr	71616:1
matric	70423:1 70746:3 71616:1 72394:1
matur	67391:1 67554:1 67802:1 68388:1 72395:1 74167:1 75063:3 75067:1
matérial	67390:1 67554:1 67557:1 68273:1 68276:1 68390:2 68391:1 68639:7 68644:1 68886:2 69183:1 69186:7 69541:1 69814:2 69819:4 69820:3 70167:1 70425:1 70429:1 70751:2 70914:1 71361:1 71362:1 71612:6 72119:1 72393:1 72394:1 72634:1 73683:1 74167:1 74174:1 74752:1 75066:1 75070:2 75464:1 75792:1 75796:1 75797:2 76210:3 76513:1 76514:1
matérialis	70162:1
matériau	68280:8 68390:2 68644:2 68886:3 70421:1 70423:2 71612:3 71836:1 75070:2 75462:2 75464:2 76210:5
matériel	68279:2 70420:1 70914:1 73432:1 73876:1 73877:1 74169:1 75457:1 75796:2 76507:1
mauric	74454:1
maurill	76513:1
mauritan	75458:1
mauritani	75458:1
mauv	67556:1 72932:1
mauvais	73684:1 75459:1
maux	74167:1
max	73183:1
maxillo	71616:1
maxim	72932:1
maximal	68640:2 68886:1 69179:2 69538:1
maximum	68281:2 70743:1 70916:1 76209:1
maximus	75460:1
mayen	71358:1
mayonnais	73185:1 74167:1 74752:1
mazar	76211:1
maîtr	70163:1 71836:1 72631:1 72932:1 73683:2 73685:1 74752:1 75063:1 76509:1
maîtress	71836:1
maîtris	67390:1 67554:1 68393:1 68885:1 69177:1 69535:1 69543:1 70163:1 70744:1 70915:4 71836:1 71839:1 72392:1 72394:1 72629:2 72633:1 73185:1 73187:1 73683:1 74168:1 74169:1 74745:1 74749:1 76209:1 76511:1 76514:1
maîtrisent	71836:1 74172:1 74744:1
mba	68276:1
mbfh	68642:1
me	67383:1 68276:1 68387:1 69812:1 69821:1 70161:7 71835:2 72115:1 72394:1 72932:4 73185:1 73430:2 73684:1 74457:1
measur	67939:1
mech	67938:1
mechanic	68639:2
mechanical	68881:1
mechatronic	73884:2
med	67556:5
medellin	73875:1
medi	70169:1 73876:1
mediazion	67945:1
medicen	67799:1 71360:1 73184:1
medtec	69543:2
medtech	71614:12
meeting	73884:2
meg	68638:1 73880:1
megamark	72114:1
megamix	76511:2
megev	73881:1
megh	67939:15 69177:1
mehg	68388:7
mei	70161:2 75457:3
meilleur	67385:1 67557:1 67795:3 67937:1 67944:1 68281:1 68383:1 68391:1 68638:1 69535:1 69811:1 69816:2 69819:1 69820:1 70163:1 70167:1 70168:1 70748:1 70920:1 71357:1 71361:2 71617:1 71837:1 72115:1 72629:1 72636:2 73185:1 73189:1 73684:1 73876:1 73879:1 73882:1 73883:1 74449:1 75789:1 75796:1 76208:1 76209:1 76211:1 76511:1
melbourn	75459:1
melli	70424:1
meltblown	70921:1
melun	74172:2
membr	67071:1 67941:1 68383:1 68384:1 68386:1 68393:1 68640:1 68642:1 68646:1 69179:2 69533:1 70163:1 70170:1 70753:1 71358:1 71839:1 72113:5 72932:1 73182:1 73434:1 73683:1 74746:1 76213:1 76511:1
membran	67800:1 68273:2 68387:1 69183:2 71616:1 72116:3 72397:9 72634:1 75067:1 75462:1
membranair	67391:1 72116:3 72399:2
memolap	75790:1
memory	73184:1
men	67068:1 67389:1 67391:1 67555:1 67795:1 67937:2 67940:1 67945:1 68279:2 68283:1 68385:1 68387:2 68389:1 68390:1 68393:2 69178:1 69533:1 69534:1 69536:1 69537:2 69539:1 69813:1 69816:1 69819:2 70161:2 70163:1 70165:1 70420:1 70422:1 70743:1 70749:1 70753:1 71357:1 71360:1 71612:2 71841:1 71842:1 71843:1 72113:1 72114:1 72115:1 72392:1 72394:1 72396:1 72397:1 72398:1 72630:2 72631:1 72634:2 72637:1 72935:1 72939:1 73182:1 73183:1 73184:2 73189:1 73683:1 73685:1 73688:1 73876:2 73879:1 74168:1 74172:1 74749:1 74750:1 75063:1 75064:1 75065:3 75458:3 75462:1 75463:1 75464:2 75789:2 75790:1 75791:1 75793:1 75794:1 76208:1 76210:1 76510:1 76511:1
menac	72632:1 74457:1 76207:1
menon	70161:1 70166:1 72392:1 72933:1
mensuel	68889:1 69535:1
mensur	74170:1
mental	72396:1
mention	74746:1
menu	67555:1
menus	76507:1
mer	67071:2 67555:3 67939:1 67940:2 68883:1 69181:1 69811:4 70164:4 70743:3 70916:7 70917:1 71621:5 72397:1 72932:2 73183:1 73433:1 73434:3 73880:3 74752:1 75460:1
mercator	73434:1
merck	67798:1 71360:1 75793:2
mercred	70752:2
mercur	68388:5 73183:1
merveil	67938:1 69177:1 72933:1
messag	67386:2 67389:3 70162:1 73182:2 74457:1 76508:1
mesur	67390:1 67553:1 67554:1 67794:1 67939:4 67946:1 68275:1 68638:1 68646:1 68881:2 68883:5 69179:1 69182:1 69533:2 69537:4 69539:1 69540:2 69811:3 69813:1 69817:3 70165:1 70420:3 70422:1 70424:3 70425:1 70426:1 70914:1 70916:4 70919:1 71359:1 71361:1 71620:1 71838:7 72113:1 72114:2 72119:1 72392:2 72397:2 72635:1 72934:1 73430:1 73434:3 73685:1 73688:4 73877:1 73880:1 74168:1 74170:1 74171:2 74449:2 75063:1 75064:1 75067:1 75460:1 75791:1 75793:1 75794:1 76508:2 76511:1
mesurent	73877:1
met	67068:1 67795:1 67800:1 68391:1 69533:1 69816:1 70753:1 70923:1 72392:1 72397:1 72934:1 75462:1 76516:1
metabrain	67799:1 71360:2
metafun	73432:1
metagenopol	73432:2
metah	69815:2 73432:1
metaqu	73432:1
metop	69177:1
metr	67386:1 68275:1 68279:2 68389:1 68883:1 69177:1 69537:1 70163:1 70743:2 70916:2 70919:1 71838:1 72392:2 72397:1 73434:1 73683:5 73688:1 74168:1 75789:3 75794:2
mettent	67938:1 69183:1 70749:1 70922:1 71621:1 73185:1
mettr	67383:1 67388:1 67389:1 67938:1 68273:1 68279:2 68383:2 68639:1 69536:2 69541:1 69812:1 69813:3 69818:1 70161:1 70164:1 70422:1 70425:1 70753:1 70920:1 70923:1 71363:1 71614:1 71836:1 71838:1 72114:1 72116:1 72118:1 72395:1 72396:1 72632:1 72933:2 72936:1 72939:1 73185:3 73683:1 73876:1 74169:1 74450:3 74452:2 74457:1 74748:1 74749:1 74750:1 75065:2 75067:1 75458:1 75459:2 75464:1 75789:1 75792:1 75794:1 75795:1 76207:1 76213:2 76508:1
mettron	71359:1
metz	73875:5
meurent	73434:1
meurtri	70916:1
meut	67553:2
mexiqu	69811:1 71362:1
mgd	67800:3
mgdg	67800:1
mgp	73432:9
mi	68883:1 73683:1 74450:1 75789:1
mic	69815:1 73184:1
mical	70746:1 73432:2
micel	67558:3
michael	67389:1 68881:4 74450:3
michaël	74450:2
michel	68279:1 68387:1 68638:2 70914:1 72400:1 73184:1 73187:1 73878:1 73879:1 74170:1 74450:1 74746:4 75461:1 75793:2 76508:3 76511:6
michelin	73687:1 73875:1
micro	67068:1 67385:7 67939:5 68639:1 68881:1 68886:2 69177:1 69186:1 69814:1 69818:4 70425:5 72634:1 73190:1 73432:1 73691:1 74174:2 75071:1 75460:2 76213:1 76507:1
microalgu	68385:2 72121:2 73433:5 74170:1
microb	70420:1
microbien	67388:1 67937:1 69812:6 70745:1 71837:2
microbiolog	68643:1 68882:1 68885:1 69183:2 69812:6 69813:1 70746:2 71837:1 72394:1 72634:1
microbiot	69815:3 73432:7 76213:1
microbolometr	67796:1
microcapsul	70166:4
microcircuit	70167:1
microcred	73185:1
microdomain	72116:3
microencapsul	70166:4 75462:1
microenviron	72116:1
microfissur	68886:5
microfluid	76208:2
microgl	68388:1
micrometr	68391:1 70163:1 70425:1 73189:1
micron	67558:1 68641:3 69540:2 69819:1 70425:2
microorgan	68643:2 68885:1 69817:1 70420:4 70746:1 71837:1 72116:1 73432:1 76213:4 76511:1
microprocesseur	70423:1 70747:1
microsatellit	67942:1 69179:1
microscop	67390:1 67558:1 68387:1 68391:2 68886:4 69539:2 69540:1 70166:1 70423:1 72119:2 72397:1 73189:1 74451:2 75070:3 76208:1 76210:1
microsoft	76207:1
microsymbiont	71837:1
microsystem	68644:1
microtechn	71359:1 74455:2
microélectron	67383:2 67554:3 68391:1 68881:1 72635:3
mid	68276:2 70170:2 70916:1 73182:1 73434:1 73875:1 73884:2 74450:2 74748:2 75066:3 75457:1 75458:1 75789:1 76512:1 76516:1
midinnov	74748:4
mieux	67071:1 67387:2 67555:1 67557:1 67794:1 67800:1 67937:1 67943:1 68885:1 68886:1 69181:2 69811:1 69812:3 69813:1 70161:1 70164:1 70420:1 70423:1 70745:1 70749:1 70922:1 72113:1 72115:2 72396:1 72634:1 72932:2 72940:2 73182:2 73183:2 73189:1 73430:1 73432:2 73683:1 73685:1 73688:1 73877:4 73878:1 73880:1 74172:1 74451:1 74455:1 74749:2 74750:1 75066:1 75069:2 75458:1 75459:1 75462:1 75788:1 75790:2 75794:1 76206:1 76213:2
migr	68389:3 71837:1 71842:1
migrat	68388:1 68389:2
migrateur	67937:1 70917:1
mil	74170:3 75458:1
milan	76511:1
mildiou	73877:1
miliair	73431:1
milieu	67068:1 67554:1 67798:1 68387:1 68883:1 69821:1 70162:1 70428:1 70917:1 71358:1 71620:1 71621:1 72630:1 72934:1 73183:2 73434:1 73684:1 75457:2 75458:2 76213:1
milieux	68639:1 69535:1 69536:1 70161:1 71618:1 71837:1 72634:1 74750:1 75458:2
milit	74175:1
militair	67386:1 67796:1 68392:1 68638:2 71358:1 71836:4 71839:2 71840:1 72113:1 72114:1 73879:1 74167:2 74744:1
militaro	67068:1
mill	67558:1 68883:3 70425:1 72396:1 72397:1 72934:1
millb	69534:1
milli	69817:1 70167:1 70420:2 70421:1 71835:1 72115:1 72118:1 76208:1
milliard	67071:1 67794:4 68383:1 69538:1 69540:1 69811:1 69813:1 69815:1 70424:1 70914:1 71360:1 71366:1 71840:1 72114:1 72392:1 72934:1 73878:1 73879:1 74746:1 75795:2 76213:2
milliem	72934:1
millilitr	67388:1
millimetr	70425:1 73189:1 75458:1 75791:1
million	67387:1 67557:2 67799:1 67802:1 68275:1 68277:1 68279:2 68638:1 69181:1 69534:1 69538:2 69812:1 69813:2 69815:2 70164:1 70424:2 70747:1 70914:1 70916:1 71359:1 71360:2 71361:3 71616:1 71837:2 72114:1 72115:1 72118:1 72631:1 72633:1 72934:1 72935:3 73183:5 73431:1 73432:3 73684:1 73686:1 73875:2 73878:1 74169:1 74450:1 74451:1 74746:2 74749:1 75065:3 75461:1 75466:1 75795:2 76507:1 76508:2 76510:2
millioniem	70919:1
millipol	67941:1
millon	72935:1
millénair	70745:1
mim	73184:1
mimet	72114:1
min	68281:1 68638:2 68639:1 68642:4 70161:1 70165:2 71614:1 72115:1 73182:1 73430:13 73684:1 74167:1 74175:1 74450:4 75464:3
minc	67554:1 67558:1 70423:2 70749:1 71840:1 72114:1 74744:1
minet	67386:1
mini	71836:1 73430:1 75792:1 75794:1
miniaturis	68881:2 70167:1 70423:1 70747:1 72635:3 75070:1 75792:1
minimal	68882:1 69540:2
minimis	67386:1
minimum	68279:1 69185:1 71357:1 75457:1
minister	68277:1 68888:1 69177:1 69180:1 69181:2 70169:1 70914:1 72113:1 72393:1 72933:1 73430:1 73683:1 73687:1 74746:1 75068:1 75458:1 76208:1 76513:1
ministr	67068:1 67071:1 68888:2 69177:1 70914:4 70915:1 71620:1 71837:3 72393:1 72933:3 73182:2 74456:1 74746:3
ministériel	69177:1 74746:1
minut	68280:1 68281:3 68640:1 68881:1 69182:1 70744:1 71359:1 71843:1 73438:1 73689:1 73691:1 74168:2 74748:1 75066:1 76212:1
minuti	72939:1
minéral	67388:2 68279:1 68280:1 68642:2 71612:1 72630:1
mir	70163:6
miracl	72932:1 74457:1
mirim	70163:3
miroir	67068:1 67938:1 71836:1
mis	67383:1 67385:1 67386:1 67554:1 67555:1 67798:1 67800:1 67937:1 67939:2 67942:1 68273:1 68276:1 68277:1 68281:1 68384:2 68385:1 68386:1 68643:1 68881:1 68882:3 68885:2 68887:3 69177:4 69181:1 69183:2 69534:1 69536:1 69537:1 69538:1 69811:1 69818:1 70162:1 70166:3 70167:1 70420:1 70422:2 70425:1 70743:1 70747:1 70748:1 70914:2 70919:1 70921:1 70923:1 71357:2 71358:2 71359:1 71612:1 71615:1 71617:1 71618:1 71621:1 71836:3 71843:1 72114:3 72115:1 72118:1 72393:1 72394:1 72629:1 72631:1 72634:2 72934:1 72939:1 73185:2 73430:1 73432:2 73434:3 73435:1 73683:2 73684:1 73685:1 73876:2 74167:3 74169:1 74173:1 74175:1 74449:1 74450:2 74455:1 74745:1 74746:1 75063:1 75065:3 75069:1 75457:2 75458:1 75790:1 75791:1 75793:2 75795:1 76207:1 76210:1 76507:1 76508:1 76510:1 76512:1
missil	71839:1
mission	67795:1 67939:15 67940:1 67942:3 68393:1 68645:1 68881:1 68883:3 68884:1 68885:2 69177:4 69179:1 69534:1 69811:2 70163:1 70170:1 70422:3 70424:2 70923:1 71359:1 71362:1 72113:5 72393:2 72394:1 72629:2 73430:2 73434:7 73688:2 73880:6 74170:2 74172:1 74450:1 74746:1 75064:1 75789:4 76207:1 76211:1
mistral	70916:2
mit	70161:1 70422:1 73876:1 76208:2
mixt	67068:1 67388:1 67556:1 67944:1 68278:1 68279:1 68385:1 68387:1 68639:1 68883:1 68885:1 69180:2 69184:1 69538:1 69812:1 70420:1 70743:1 70745:1 71612:1 71837:1 72630:1 72631:1 73184:1 73431:1 73683:2 75458:2 75459:1 75793:1 76514:1
mk	74746:1
mm	67554:2 68886:2
mmc	74750:1
mnhn	73183:1
mobil	67071:1 67386:3 67799:1 68279:1 69181:1 69184:1 69535:1 70420:1 70746:3 70916:1 71359:1 72114:1 72116:1 72400:2 73436:1 74171:2 74456:4 75792:1 76508:1 76509:2
mobili	72114:1 73876:1
mobilis	67071:1 67554:1 68275:2 68882:1 69181:1 69533:1 69541:1 70164:1 70915:1 71359:2 75066:1
mobisic	69814:1
mod	67388:2 68275:1 68389:1 68644:1 68645:1 70162:1 70164:1 70751:1 71835:1 72116:1 72394:1 72396:1 72637:1 72933:1 73430:1 73683:1 73876:2 74167:2 74450:1 75064:1 75068:1 75788:1 75793:1 76516:1
modal	69182:1 75790:1
model	67385:2 67387:3 67390:2 67798:1 67938:2 67939:4 68277:1 68279:1 68388:1 68645:1 68882:3 68888:1 69182:1 69184:1 69533:5 69535:3 69816:6 70161:2 70421:1 70426:1 70745:1 70916:6 70922:1 71618:3 71837:1 72114:1 72116:1 72635:1 72936:1 73184:3 73185:1 73431:1 73875:1 73877:2 73881:1 74456:1 74751:5 75064:1 75065:1 75457:1 75463:1 76211:1 76213:1 76507:1
modem	76508:1
moder	68387:2 69816:1 70743:1 71358:2 74746:1
modern	68643:1 72933:1 73877:1 74746:1 76508:1
modernis	73182:2
modest	72932:1
modif	67389:1 67390:3 67938:1 67942:2 68646:1 69184:1 69811:1 69816:1 70745:2 72116:1 72933:1 73430:1 75793:1
modifi	67388:1 67556:2 67800:1 68887:1 69183:3 69184:1 69539:2 69811:1 70162:1 70167:1 70425:1 70745:1 70917:1 72116:1 72632:1 72933:1 73182:1 73430:1 75459:1 75463:1 75790:1 76213:2
modul	67390:1 67554:1 68273:4 70162:2 70420:1 71618:2 72114:3 72116:2 74451:1 75459:1 75793:1 76507:2
modulent	67388:1
modélis	67385:1 67387:1 67942:1 68645:2 69180:1 69533:1 70162:1 70914:1 70916:2 72939:3 73189:1 74453:1 74456:1 74744:1 74745:2 74751:1 75796:1
moel	67802:1 70744:1
mohamed	72936:1
mohammad	73185:1
moho	73880:1
moi	70161:4 72394:1 72636:1 72932:1 73430:1
moin	67553:1 67554:2 67794:2 67801:3 67938:1 67939:1 68279:1 68383:1 68389:1 68640:1 68643:1 68881:2 68883:1 69178:2 69533:1 69534:2 69811:1 69814:1 69818:1 69819:2 70161:1 70165:2 70166:1 70424:1 70744:1 70747:1 70921:1 71357:1 71359:2 71614:1 71615:4 71621:2 71835:3 71836:1 71837:1 71841:1 71843:1 72117:1 72119:1 72393:1 72397:1 72631:1 72932:1 72934:1 73184:1 73432:1 73437:1 73683:2 73684:2 73877:2 73879:1 74167:2 74168:1 74169:2 74173:2 74176:1 74455:1 74745:3 74752:2 75064:1 75067:1 75459:1 75460:1 75462:1 75789:1 75790:1 75794:1 76206:1 76208:1 76210:1 76213:2 76511:1
moindr	67385:1 72934:1 73431:1 74167:1 75463:1
mois	67388:1 67553:1 67558:1 67801:2 67802:1 67937:1 68273:2 68274:1 68279:1 68388:1 68887:1 69177:2 69185:1 70161:2 70162:1 70420:1 70421:1 70422:1 70743:1 70923:1 71359:1 71612:2 71614:1 71616:1 71841:1 71842:1 72114:1 72119:1 72395:3 72396:1 72629:2 72630:1 72932:3 72933:1 73182:1 73183:1 73185:2 73430:1 73431:1 73875:1 73879:1 74167:1 74170:1 74171:1 74172:1 74451:1 74750:1 75063:1 75065:4 75069:1 75457:2 75458:2 75788:1 75789:1 75794:1
moisson	70749:1 73434:1
moiti	67556:1 68274:1 68646:2 70753:1 71359:1 71840:1 72630:1 73183:1 73684:2 73685:1 74172:1 75064:1
mol	69178:1
molecular	68387:2 73183:1
moll	68280:1 74750:1
mollard	68887:2
moltech	73436:2
molécul	67390:2 67558:5 67800:4 68387:4 68390:2 68646:1 69183:2 69539:4 70167:2 70425:7 70747:1 70914:2 70919:5 70922:3 71843:1 72115:1 72116:2 72118:1 72119:2 72394:1 72634:1 73187:1 73433:1 73436:8 73688:1 73878:1 75065:1 75070:1 75459:1 76206:3 76511:4 76512:1
moléculair	67556:2 67800:2 67802:1 68280:1 68641:1 68643:2 69183:2 69534:1 69812:4 70426:1 70919:1 71837:2 72115:1 72119:2 72631:1 72634:1 73184:1 73436:3 74750:2 74752:3 75070:2 75790:3
moment	67068:1 67389:1 67555:1 67939:1 68643:2 69177:2 70749:1 71617:1 72629:1 72932:1 73183:1 73187:1 73685:1 73691:1 75063:1 75064:1 75065:1 75792:1 76511:1
mon	67383:1 67938:1 68274:5 69812:1 70161:1 71835:2 72115:1 72932:1 75459:1 76213:1
monaco	73183:2
monat	76207:1
mond	67383:1 67387:2 67391:1 67794:3 67795:2 67802:2 67937:1 67938:2 67939:2 68274:1 68276:1 68383:1 68392:2 68638:4 68640:2 68881:4 69179:1 69181:1 69534:1 69535:1 69537:1 69811:1 69813:1 69817:1 69820:2 70161:3 70420:1 70421:1 70422:1 70429:1 70743:1 70748:1 70914:1 70916:2 70920:1 70921:1 71357:3 71358:4 71359:1 71366:1 71612:1 71618:1 71621:1 71835:1 71837:1 71843:1 72113:2 72115:2 72116:1 72392:1 72396:1 72401:1 72629:4 72631:1 72635:1 72932:1 72933:1 72935:1 72939:1 73182:1 73183:2 73185:1 73430:2 73431:1 73432:2 73433:1 73436:1 73683:1 73878:1 73880:1 74167:1 74168:4 74169:1 74170:1 74176:1 74450:2 74454:1 74455:1 74744:1 74745:1 74752:3 75065:2 75068:1 75457:1 75459:1 75796:1 75797:1 76207:1 76211:1 76213:2 76507:1 76515:1
mondel	75793:1
mondial	67071:1 67383:3 67391:2 67557:1 67795:2 67796:1 67798:1 67937:2 67939:2 67941:1 67943:1 68383:4 68638:2 68881:2 69178:1 69179:1 69181:1 69533:1 69535:1 69538:1 69811:1 69812:1 69814:1 69815:1 69820:1 70164:1 70170:1 70426:1 70743:1 70914:2 70917:1 71359:1 71360:1 71363:1 71614:1 71840:2 72117:1 72393:1 72633:1 72933:3 72934:1 72935:2 72938:1 72939:1 73186:1 73435:1 73877:1 74453:2 74744:2 74745:2 74746:1 75064:1 75068:1 75465:1 75466:1 76207:1 76211:1 76515:1
mondialis	69535:1 70422:1 74457:1
monitoring	69811:1
monnet	68392:2
mono	70921:1
monoclonal	72938:1
monocorp	69179:1
monocouloir	74745:1
monocultur	69537:1
monocytogen	70746:1
monod	70922:1
monolith	69179:2
monomod	72934:1
monopolis	68642:1
monsieur	74749:1
mont	67799:1 69541:1 69812:1 69815:1 72114:1 72118:1 72634:2 72934:1 73182:1 73185:3 73434:1 73683:1 73876:1 75068:1 75789:1 76209:1 76510:1
montag	72634:2 73683:1
montagn	67068:1 67555:1 68389:4 70165:4 73881:2 75792:1
montagnard	68389:1
montbard	68387:2
montebourg	72933:3 73182:1 74746:1
monteil	72118:1
montent	75066:1
montlou	72933:1
montpelli	67383:4 67387:2 67392:1 67800:1 68275:1 68887:1 69179:1 69182:3 69537:1 69817:1 71614:1 72121:2 72938:1 73184:2 73430:2 73684:1 74453:1 75464:1
montpelliérain	71614:1
montr	67387:2 67390:1 67554:1 67558:2 67794:2 67795:1 67800:1 67937:1 67938:1 67942:2 68274:1 68281:1 68387:1 68388:4 68389:1 68882:1 68887:1 69534:1 69535:1 69816:2 70423:1 70744:2 70746:1 70753:1 70914:1 70915:1 70919:1 70921:1 71835:1 71843:2 71845:1 72113:3 72122:1 72631:2 72632:1 72635:1 72934:1 73184:1 73431:2 73689:1 74167:1 74173:1 74449:3 74749:1 75065:3 75463:1 75794:1 76206:1 76209:1 76511:2
montrent	68886:1 69533:1 72635:1 73184:1 75463:1
monumental	69821:2
mooc	73876:1
moodboard	76212:1
moor	67554:1
mor	70425:1
morceau	74750:3
mordr	75458:1
mordus	71843:1
morpho	72633:4
morpholog	68390:2 72632:1
morro	75788:3
mort	68274:1 68388:1 75065:2
mortal	69816:1
mosaïqu	71621:1
moscou	72396:1
mosser	72940:1
mot	67553:1 68383:1 69179:1 70420:1 70744:2 71835:2 73182:1 73437:1 74167:1 74455:1 74746:1 74752:1 75459:2 76213:1 76507:1 76508:1
moteur	67797:1 67940:2 68646:1 68883:2 69179:4 69814:2 71617:1 72114:1 72119:4 72933:1 73430:1 73438:1 74171:1 74744:1 74745:2 74751:1 75066:5 75797:1 76210:2
motif	67554:1 67795:1 68390:2 71835:1 75066:1 75458:1 76511:1
motion	71614:1 75791:1
motiv	71359:1 72932:2
motor	72113:1 74745:1
motoris	69814:1 71836:1 75066:1
motric	74173:1
motriqu	68277:1 68646:2
mouch	67937:4
mougin	72634:1
mouill	67938:1
moul	67390:2
mour	67798:1 67802:1
mourou	68638:4 72934:1
mouss	67558:14 74752:1 75794:10
mousson	75458:1
moustiqu	69813:6
mouton	75458:1
mouv	67941:1 68276:1 68646:2 70161:1 70162:1 70421:3 70744:11 70746:1 71614:3 72119:1 73688:3 74171:5 74746:1 75064:1 75794:1
mouvoir	75064:1
moveo	71358:1
moyen	67391:1 67556:1 67558:1 68273:1 68281:2 68383:2 68387:2 68389:2 68638:1 68639:1 68643:1 68881:1 68883:1 68887:1 69177:1 69178:2 69179:1 69185:1 69540:2 69541:1 69812:1 69816:1 69821:1 70162:2 70163:3 70420:2 70914:1 70916:4 70920:1 70923:1 71357:2 71366:1 71614:1 71835:1 71840:1 72395:2 72630:1 72934:2 73185:2 73431:1 74167:3 74455:1 74456:1 74457:1 74744:1 74745:1 75065:1 75068:1 75458:1 75461:1 75792:1 75793:1 76508:1 76510:1
mozamb	73875:1
moût	76512:1
mp	70914:1
mpi	74748:2 75066:1
mraih	70923:1
msh	72939:1
msl	69177:1
msu	67943:1
mt	68273:2
mturquois	69539:2
muhammad	73185:1
mulhous	73187:1 74453:1
mult	67068:1 68639:1 70163:1 70745:1 71361:1 74176:1
multicentr	70918:1
multiculturel	67944:1
multidisciplinair	69813:1 71359:1 71615:1
multifonctionnel	68639:1
multilicent	68275:1
multimedi	70914:1 73876:1
multimédi	67068:1
multipl	67553:1 68383:1 68881:1 68882:1 68886:1 69179:1 70423:1 71839:1 72394:1 72630:2 72937:1 72940:1 73434:1 74167:1 75458:1 75788:2 76511:1
multiplatform	73190:1
multipli	67802:1 70425:1 72394:2 73430:1
multiplient	71357:1 72633:1 73685:1
multiproté	67556:1
multisystématis	68646:1
multitud	70916:1 71359:1 71621:1 72934:1 73684:1 73876:1 73877:1 73879:1 73880:1
multivalent	72935:1
mun	73190:1
munich	68393:1
muon	73688:1
muqueux	70918:2 75790:1
mur	67068:1 70162:1 73430:1 74168:1
muraill	75458:13
muri	70425:2
muriel	69813:1
mus	71837:1 73683:3 73875:1 73876:1 75788:3
muscad	67555:2
muscarin	72115:1
musculair	67799:1 70918:3 72115:1
musculo	75791:1
musicolog	72939:1
musiqu	71835:3 72114:1 72933:1 72939:1
muséograph	73683:1
muséum	67071:1 75788:3
mut	67556:1 67937:1
mutat	67556:3 72395:1 72933:1 73430:1
mutual	70420:1
mutualis	71845:1
mutuel	70164:1
mw	72397:1 74168:1
myocard	68387:5
myolog	67799:1 71360:1
myriad	67942:1 69177:1 76207:1
myrrh	69178:1
myrt	68884:2
myrtill	68273:1
myster	75794:1
mystéri	70424:2 73880:1
mythiqu	69542:1
mâcon	74749:1
mâl	72632:4
mènent	70745:1 72392:1 72393:1
mécan	67555:1 67800:1 67937:3 67938:1 67942:1 68276:1 68279:1 68385:1 68388:1 68393:1 68639:4 68643:1 68881:1 69533:1 69811:2 69813:2 69819:1 70161:1 70163:1 70165:1 70746:1 70914:1 70919:1 70922:1 71358:1 71361:1 71615:1 71616:1 71836:1 71837:1 72116:1 72398:1 72631:1 72636:2 72933:1 73184:1 73186:1 73432:1 73687:2 74453:2 74455:1 74745:1 74750:1 74751:1 75063:1 75065:3 75464:1 75790:2 75791:1 76511:1 76514:1
mécatron	67941:2 68393:1 73884:3
méconnu	73183:1
mécénat	75458:1
médaill	67068:1 67383:1 67937:4 68276:1 70161:1 71835:3 72636:1 72932:4 73183:1 73684:1 74750:1
médaillon	69816:1
médecin	67068:1 67937:4 67940:1 68387:2 68881:1 69815:2 70745:1 71616:1 72113:1 72401:1 73187:1 73431:2 73691:1 73879:1 74173:1 74455:1 75458:2 75790:1 76509:1
médi	67937:1 70915:1 72634:1 72933:1 73876:1 74167:1 74455:1
médian	72632:1 75065:1
médiateur	67556:1
médic	67390:1 68646:1 69815:1 70914:1 71360:2 72115:1 72116:1 72938:3 73184:1 73187:5 73878:1 74453:1 75065:2 75458:1
médical	67389:1 67798:1 67937:2 67940:4 67941:1 68881:1 69543:3 69815:1 71616:1 71841:1 72117:1 73431:1 73432:2 73877:1 74453:1 74454:2 74746:1 74750:2 75067:1 75458:1 76208:2 76507:1 76511:1
médicinal	76516:1
médiocr	72934:1
médiqu	67798:1 75793:2
médit	70429:1 72401:1
méditerran	67385:1 67389:1 69183:1 70916:5 73683:2 75064:1 75066:1
méditerranéen	68387:1 70916:4 72632:1 73683:1 73688:1
méfianc	72631:1
mélang	67558:1 68644:1 69819:2 70166:1 72113:1 73878:1 75464:1 76511:3
mémoir	67386:1 67554:1 67798:1 68277:1 68887:3 69540:1 73184:1 73876:1 73879:1 76515:8
mémoris	67389:3 67556:1 68887:1 76206:1 76509:1
ménach	74744:1
ménag	68883:1 76511:1
ménager	75458:1
ménopaus	69184:1
mérieux	71616:1
mérit	67794:1 68274:1 70161:1 70915:1 73182:2
mériton	68383:1
métabol	67556:1 67800:1 68385:1 68387:1 69815:1 71360:1 71837:2 73184:1 73432:1 75459:1
métabolis	75790:1
métabolom	67391:1
métagénom	73432:1 76213:1
métal	68280:1 68388:1 68642:1 70167:1 71612:1 73687:1 75066:2 75792:6
métall	71612:1 76210:1
métallurg	72113:4 75792:1
méteo	73434:1
méthan	69811:1
méthanis	67385:1 69538:1 72121:1 73690:1
méthaniseur	67385:1
méthod	67392:2 67800:2 68275:1 68639:1 68643:1 68885:2 69183:5 69537:1 69813:1 69814:1 69817:1 69819:1 70424:1 70914:1 70923:1 71359:2 71838:2 72118:1 72395:1 72397:1 72630:2 73431:2 73432:1 73683:1 73685:1 73688:1 73876:5 74173:1 74449:1 74744:1 74750:1 74751:1 75068:2 75460:1 76207:4 76509:3
méthodolog	68886:1 69179:1 73431:1 73685:1 75793:1 76206:1
méthylen	72118:1
méthylmercur	68388:1
méti	67068:1 68276:7 68393:2 69535:1 69812:1 70161:6 70165:1 70421:1 70422:13 70923:4 71614:1 72114:1 72115:1 72392:1 72636:2 72637:1 72932:3 73687:3 73877:2 73879:1 73882:3 74744:1 74752:1 75457:11 75791:1
méticul	75458:1
métrolog	73430:2 74451:1 75064:1 76207:1
métropol	73683:2
métropolis	69535:1
métropolitain	69181:2 69535:1
météo	67071:1 67803:1 67939:2 69533:1 69813:1 70916:8 75789:1
météorolog	67939:5 68645:1 69177:2 70914:1 70916:5 71617:1 71836:1 75789:1
mêlent	73876:1
mûr	71614:1
n	70425:2
nacl	67388:1
naco	74174:1
nacr	76210:4
nahum	71614:7
naiss	71358:1 76509:1
naissanc	67555:1 68638:1 68881:1 68882:1 68885:1 70428:1 70749:1 71835:2 74168:1 74174:1
naissent	73434:1
nalin	72932:7
nancy	69186:1 71837:2
nano	67390:1 68639:1 68644:1 68881:1 69177:1 69814:1 70167:1 70423:2 70747:2 70919:1 72119:1 72397:1 72635:1 73184:1 73190:1 74174:2 75065:1 75464:1
nanobiotechnolog	72121:2
nanobiotix	75065:1
nanocharg	75464:1
nanoconstruct	74174:2
nanocristal	74750:1
nanoelectromechanical	70919:1
nanofil	70167:2 72635:4
nanoformul	75065:1
nanoh	74174:1
nanomanipul	70922:1
nanomatérial	67390:1 68640:1 70425:1 70429:1 75789:1
nanometr	67558:1 68391:1 68881:2 70167:2 70423:2 70747:3 72116:1 72119:3 72397:1 72635:6 72934:1 74451:1 75065:1
nanomédecin	75065:1
nanomédic	75065:1
nanoobjet	75067:1
nanoparticul	68644:2 70429:3 70747:2 74174:1 74750:7 75065:1 75067:2 76511:1
nanosatellit	69177:1
nanoscal	72635:1
nanoscient	68881:4 69186:1 74747:1
nanoscop	68644:1
nanostructur	70425:3
nanosystem	68881:3
nanotechmap	74747:2
nanotechnolog	67390:2 68881:2 69186:1 69540:1 72119:1 72635:1 74747:2 75071:1
nanotechnology	70919:1
nanothinking	74747:1
nanotub	67390:8 70425:3 72397:7 74750:1
nanoélectron	68881:1
nant	70743:3 73189:1 73433:1 73685:1 74175:3 74449:1 75068:1 75462:1
nao	72633:2
napl	75788:1
napoléon	72630:1 73431:1
napp	69537:1
narbon	73690:4
nas	67939:1 70163:4 73434:1
nasal	68646:1 70746:1
nash	71835:1 72932:1
naskéo	67385:1
natal	73684:1
nathal	68641:1
natif	75459:1
nation	71357:2 73430:1 75458:1
national	67071:4 67385:1 67386:1 67553:4 67794:1 67795:1 67803:1 67943:1 67945:1 68275:2 68383:1 68384:1 68389:1 68392:2 68642:1 68885:6 68886:2 68889:1 69181:1 69184:1 69185:1 69533:1 69535:1 69536:1 69542:1 69812:1 69816:1 69818:1 70164:1 70420:1 70421:3 70426:1 70428:1 70749:2 70914:2 70916:1 71358:1 71361:1 71362:1 71363:1 71614:2 71616:1 71621:2 71838:1 71840:1 72115:1 72121:1 72122:1 72393:2 72630:1 72933:3 72936:1 72940:1 73182:1 73430:1 73432:2 73685:1 73686:1 73687:2 73876:1 73877:1 73878:1 74167:1 74449:2 74455:1 74746:1 74749:1 75063:1 75460:1 75462:1 75788:3 75790:1 75794:1 76207:1 76507:2 76514:1
natix	69815:1
natur	67554:1 67937:1 67938:1 68387:1 68389:1 68391:1 68887:1 69540:1 70167:1 70747:1 70919:1 70922:1 71357:1 71620:1 72119:1 72397:1 72934:1 73431:1 73432:1 73683:1 74173:1 74750:1 75463:1 76210:2
natural	67938:2
naturalis	73875:1
naturel	67071:3 67390:1 67558:1 67794:1 67799:1 67937:3 67938:2 67942:1 67943:1 68273:1 68283:1 68383:1 68385:1 68387:1 68388:1 68389:1 68390:1 68646:1 68881:1 68882:2 69181:1 69533:1 69535:1 70166:1 70420:1 70914:1 70917:1 71612:1 71614:1 71621:1 71836:1 71843:1 71845:1 72394:2 72630:1 73182:1 73184:1 73684:1 74173:1 74450:1 75459:1 75463:1 75788:3 75789:2 75792:1 76209:1 76507:1 76508:1 76511:3 76516:3
nausica	70164:4 71621:3
nautiqu	73683:1 75464:1
naval	67386:1 73683:3
navig	68883:4 69177:2 72114:1 73183:1 73683:8 74751:1 76208:2
navigu	73183:1 73190:1 73683:2 75063:1
naviguent	73683:1
navir	70916:4
nazair	72636:1
naît	73182:1
naîtr	67553:1 71842:1
naïo	75066:1
ncbir	68642:1
neck	67556:1 69184:1 73875:1
neig	70916:1
nem	68881:1 70919:1
neo	74745:1
nerf	71843:1
nerveux	67556:1 68277:3 68388:2 69539:1 71616:1 72115:1 73187:2 74453:1
nestl	72394:1
net	68390:1 70744:1 73189:1 74173:1
nets	70918:1
nettoi	67385:1
network	69817:1 70420:1 72934:2
networking	70752:1
neuf	68279:2 69179:1 70164:1 70169:2 71843:1 73683:1 73684:1
neumann	72932:1
neuro	73879:3 76515:1
neurobiolog	67389:1 68277:2 68887:1
neurochirurg	71614:3
neurodégéner	67798:1 68646:2 73184:4 73187:1 74173:1 74453:1 76511:1
neurofpg	73879:1
neurolog	73187:1 74171:2 74453:1
neurologu	68646:1 71841:1 74171:1 74453:1
neuromédi	68388:1
neuron	67389:4 67801:1 68388:3 70425:1 73879:3 74173:2
neuronal	68388:3 73879:6 74173:1
neuropic	73879:1
neuroprotecteur	68388:1
neuropsycholog	76515:1
neuropsychologu	71841:1
neuropsychopharmacology	73184:2
neuroscient	72401:1 73189:1 74453:1 75790:1
neurosensoriel	67556:1
neurotox	68388:1
neurotoxict	68388:1
neurotransmetteur	69184:3
neutr	68390:1
neutralis	67937:2
neutrinos	68638:1 73688:1
neutron	67558:1 69178:5 69537:1 74168:1
neuv	73883:1
neuvill	69813:1
never	75063:1
new	69179:1 69180:1 71614:1 72932:1 73875:1 73876:1
newvecty	68384:4
ng	69177:1
ngl	69179:1
ni	67794:2 67938:2 72634:1 74450:1 74750:1 75066:2 76206:2
nic	67561:3 69180:1 75065:1 76513:1
niccolaï	73185:4
nich	67553:1 68643:1 70921:1 72114:1 74749:1 75795:1
nicklaus	70428:1 70749:3
nicol	68882:1 68888:1 70167:1 72115:4 72629:1
nig	75458:1
nigeri	75458:1
nigérian	75458:1
nii	72396:1
nilotic	75458:1
niobium	75792:2
nist	76207:4
nitroglycérin	68644:1
nitrur	69814:1
nitry	68279:1
niveau	67553:2 67554:2 67555:3 67556:1 67794:1 67795:5 67796:1 67800:2 67937:1 68279:1 68281:1 68383:1 68390:1 68638:2 68643:1 68645:1 68881:1 68882:1 68883:1 68886:1 68887:2 68888:3 69534:1 69536:1 69537:1 69539:3 69811:2 69812:1 69813:1 69818:1 70161:1 70420:1 70425:1 70914:1 70915:4 70916:1 71357:2 71358:2 71360:1 71614:1 71621:1 71836:1 72114:1 72118:1 72394:2 72397:1 72398:1 72399:1 72400:1 72631:5 72634:1 72932:2 72933:1 72935:1 72936:1 72938:1 73184:2 73434:1 73436:1 73690:1 73877:2 73880:2 74449:1 75069:1 75457:1 75458:2 75789:1 75790:2 75793:1 76206:1 76508:2 76511:1
niven	76207:1
nizo	69534:1
niçois	76513:1
nm	67390:1
noa	71838:2
nobel	67068:1 67937:8 70424:1 72115:1 72932:2 73185:1 75790:1
nodos	70420:1
noeton	71361:1
noetontexrank	71361:1
nofim	69534:1
noir	68638:1 68643:1 69811:1 70424:7 74167:1
noisy	76507:1
nom	67389:1 67800:1 67938:2 68274:1 68642:1 69177:1 69540:2 69815:1 70166:1 71358:1 71361:2 71835:1 72932:1 73875:1 74169:1 76509:1
nombr	67068:1 67387:2 67388:1 67553:1 67795:1 67798:1 67801:1 67939:2 68279:1 68280:1 68387:1 68642:3 69182:1 69540:1 69817:2 70161:1 70162:1 70166:1 70420:4 70422:2 70425:1 70745:1 70753:1 70914:1 70916:1 70920:1 71357:2 71358:2 71359:1 71618:1 72113:1 72115:1 72392:1 72635:1 72936:1 73187:1 73430:1 73434:1 73683:1 73875:1 74744:1 74745:1 74751:1 74752:1 75063:1 75459:1 75790:1 75792:1 75793:1 76209:1 76508:1
nombreux	67387:1 67553:1 67558:1 67795:1 67799:1 67800:1 67802:2 67939:1 67943:1 67945:1 68274:1 68275:1 68279:1 68280:1 68383:1 68390:1 68392:1 68638:1 68641:1 68644:1 68645:1 68883:1 69177:1 69533:1 69539:1 69811:1 69812:1 69815:1 70169:1 70423:1 70424:1 70429:3 70914:1 70917:1 71360:1 71835:3 71843:1 72113:1 72116:1 72392:1 72393:2 72398:1 72401:2 72629:1 72940:1 73185:1 73436:2 73684:3 73685:1 73877:1 73878:2 74170:1 74449:1 74451:1 74455:1 74457:1 74746:1 74749:1 74751:1 75063:1 75064:1 75066:1 75069:1 75458:1 75792:1 75794:1 76208:2 76210:1 76507:1 76511:4
nominal	67939:1 69179:1
nomm	67795:1 68882:1 70161:2 72117:1 72394:1 74449:1
non	67071:1 67386:1 67388:3 67389:1 67555:1 67556:2 67557:1 67798:1 67938:2 67939:1 68275:1 68384:1 68638:1 68642:2 68646:1 68884:1 68885:1 69178:1 69541:1 69813:1 69815:2 69817:1 69818:1 69821:1 70161:1 70162:1 70166:2 70420:2 70421:1 70423:1 70744:1 70748:1 70914:1 70916:1 71357:1 71617:1 71835:1 72113:1 72116:1 72117:1 72394:1 72396:2 72399:1 72629:1 72630:1 72631:1 72932:1 72936:1 72940:1 73182:1 73185:2 73430:1 73431:1 73434:2 73435:1 73436:1 73684:1 73685:1 73687:1 73876:1 73881:1 74167:4 74168:2 74169:1 74171:3 74451:1 74455:1 74457:2 74751:1 75069:2 75457:1 75792:2 75794:1 76207:1 76210:1 76211:1 76213:1 76508:1 76511:3 76512:1
nontiss	70921:1
norbert	67940:1 68387:7
nord	67794:2 67796:1 68274:1 68281:1 68389:1 68642:1 69820:2 70916:6 71361:1 71366:1 71612:1 71836:1 71837:1 71838:1 71840:1 72632:1 73183:4 73185:4 73430:1 73684:1 73878:1 74172:1 74457:3 75063:1 75463:1 76510:1
norm	67794:1 70169:1 72393:1 76207:1
normal	68278:1 68388:1 69180:1 69184:1 69540:1 69820:1 70161:1 70166:1 71841:1 72932:2 73182:1 73183:1 73684:1 74454:1
normalis	68885:2 73430:1
normand	67943:1 72939:1 75460:1 76515:1
norveg	68274:1 69534:1 74170:1
nos	67071:1 67383:2 67389:1 67553:4 67794:2 67795:4 67938:2 67939:1 68273:1 68383:1 68881:2 69534:1 69812:1 70161:10 70166:5 70420:1 70745:1 70749:1 70915:1 71358:2 71359:4 71614:1 71617:1 71836:1 72392:3 72398:1 72401:1 72629:1 72933:1 72940:1 73184:1 73430:2 73684:2 73685:1 73875:4 73876:2 73877:1 74167:6 74172:1 74455:1 74457:1 74744:2 74745:1 74752:1 75792:1 76213:3 76507:1 76511:1
not	67938:1 68383:1 68387:2 68882:1 69533:1 69821:1 72113:1 72400:1 73184:1 73430:1 73877:1 74449:1 76213:1
notabl	75457:1
notion	68279:1 70745:2 71358:1 75793:4 76213:1
notoir	70421:1
noton	69533:1 73436:1
notoriet	68882:1 72113:1 72114:1 73684:1
notr	67068:1 67386:1 67554:2 67794:2 67795:1 67937:1 68273:1 68275:1 68387:1 68643:2 68881:3 69811:1 69812:1 69813:1 70161:4 70166:1 70420:1 70421:1 70422:1 70429:1 70746:1 70753:1 70914:2 70921:1 71358:2 71359:2 71614:1 71835:2 71842:1 72113:1 72114:3 72392:1 72394:1 72396:1 72630:2 72933:2 73184:1 73186:1 73431:1 73432:3 73875:1 73876:4 73879:3 74167:2 74168:1 74169:1 74450:2 74455:2 74745:1 74749:1 75065:1 75069:1 75070:1 75461:1 75462:1 75792:1 75794:1 76207:2 76208:1 76209:1 76213:6
notz	67388:3 68885:4
nou	70422:1 72396:1 73431:1 74744:1 76212:1
nouffert	74172:1
noumé	73433:1
nourr	67071:1 67385:1 67794:3 68383:1 71358:1 71366:1 72117:2 72398:1 72932:1 72940:1 73182:1 74457:1 74749:1 75458:1 75460:1 76209:1 76213:3
nourrici	76213:2
nourrisson	70428:1 70749:1
nourritur	67794:1 75458:1
nouveau	67557:1 67558:1 67795:3 67804:1 67937:3 67945:1 68276:1 68278:1 68280:1 68638:2 68639:1 68643:1 68644:1 68646:1 68882:2 68887:1 69177:2 69179:1 69181:1 69533:2 69538:4 70164:1 70429:1 70751:1 70752:1 70914:1 70916:1 70919:1 70921:3 71358:1 71359:3 71361:1 71362:1 71612:1 71614:1 71615:1 71616:1 71619:1 71835:1 71841:1 72118:1 72392:1 72393:1 72395:2 72396:3 72629:1 72630:1 72631:1 72637:1 72933:4 72935:2 72938:1 73184:1 73187:1 73189:2 73431:1 73432:1 73684:4 73685:1 73686:1 73687:1 73875:1 73876:3 73877:1 73878:2 73879:1 74167:1 74169:1 74170:1 74171:1 74174:1 74176:1 74449:1 74452:1 74453:1 74454:1 74747:2 74748:1 74749:1 74750:1 75063:1 75065:2 75067:1 75069:2 75458:1 75459:1 75461:1 75792:2 75796:2 76209:3 76210:1 76213:4 76514:1
nouveaut	72120:1 73183:1
novachim	67561:1
novaqt	74176:1
novateur	70164:1 71838:1 72400:1 73684:1
novembr	67555:1 67794:1 67944:1 68277:1 68278:1 68280:1 68384:1 68391:1 68638:1 68882:1 70916:3 71363:1 71837:1 72113:1 72396:4 74175:1 74449:2 74452:1 74454:1 74748:2
novic	76206:4
nox	71615:2
noyal	67943:2 69178:3 74168:3
noyau	67943:1 69178:1 72113:1 73877:1 74168:5
nse	73687:1
nu	74449:1 74749:2
nuag	67939:3 75788:2
nuageux	67939:1 75789:1
nuanc	71835:1
nucadvisor	72629:9
nuclear	71619:1
nucléair	67943:2 68383:1 69178:7 70915:4 71619:8 71837:1 72113:1 72392:9 72397:1 72629:11 72937:1 73883:5 74168:3 75792:1 76207:2
nucléart	73683:1
nucléat	68886:1
nuit	70425:2 72932:1 73187:1
nul	67939:1
null	74749:1 75458:1
numer	67385:1 67939:1 67940:1 68639:1 68886:1 69533:1 69540:1 69820:1 70161:1 70421:1 70426:1 70914:1 70916:1 70923:1 71359:2 72401:1 73182:1 73431:1 73876:4 73879:1 74452:1 74744:5 74745:2 75063:1 75064:2 75791:1 75796:1 76207:1 76209:1
numéro	68638:1 68643:1 68881:1 72119:1 72397:1 72934:1 74744:1 74749:1
nuptial	72632:1
nuremberg	69814:1
nutox	72631:1
nutr	67798:2 71837:1 72116:1 73688:1 75069:1 75793:2 76213:1
nutraceut	71360:4
nutrineuro	75793:2
nutrit	67799:2 68387:3 69534:1 69815:1 70749:1 71360:2 72116:2 72396:5 72631:2 73184:3 74449:1 74455:2 74749:2 75459:4 75462:1 76209:1 76509:2 76511:2
nutrition	74449:1
nutritionnel	67798:1 68273:1 68279:1 68387:1 68882:2 68885:1 69534:2 72116:1 74169:2 74449:5 74749:2 75069:5 76507:1 76511:2
né	68274:1 68275:1 68281:1 68386:1 68643:1 68881:1 68885:1 69534:1 69820:1 70917:1 71842:1 72113:1 72631:1 72937:1 72939:1 73184:1 73431:1 73432:1 73876:1 73878:1 73879:1 75793:1
néanmoin	67555:1 67558:1 68281:1 68646:1 68883:1 68887:1 69540:1 69817:1 70429:1 70745:1 70915:1 71359:1 71621:1 71842:1 72116:1 72634:1 72932:1 72934:2 73182:1 73185:1 73684:1 73877:1 74167:1 74747:1 75792:1 76511:1
nécess	67071:1 67383:1 67386:1 67553:1 67794:1 68277:1 68387:1 68638:1 68643:1 68881:1 68882:1 69814:1 70420:1 70743:1 70916:1 71357:1 71617:1 72119:1 72633:1 73432:2 73685:1 74168:1 74744:1 74745:2 74751:1 75458:1 76507:1 76509:1
nécessair	67071:1 67383:1 67387:2 67794:1 67795:2 67797:1 67798:1 67800:2 67938:1 68279:3 68388:1 68391:1 68638:1 68642:1 68643:1 68882:1 68883:1 69540:2 69816:1 69818:1 70161:2 70162:1 70420:1 70424:1 70744:1 70749:1 70914:1 70923:1 71363:1 71614:1 71837:1 72116:2 72392:1 72394:1 72630:1 72634:2 73182:1 73185:1 73186:1 73187:1 73432:1 73683:3 73684:1 73685:1 73877:1 74167:3 74168:2 74450:1 74453:1 74454:1 74744:1 74745:2 74749:2 75063:1 75064:2 75065:1 75067:1 75069:1 75457:1 75458:1 75459:1 75463:1 75788:1 75792:3 76209:1 76213:1 76508:1 76511:1
nécessit	67386:1 67794:2 67795:1 67801:1 68273:1 68279:1 68884:1 68886:1 69177:1 69534:1 69535:1 69540:2 70161:1 70743:1 71836:1 72392:1 72399:1 72634:1 72635:1 72932:1 72934:1 73432:1 73436:2 73877:1 73879:1 74167:3 74449:2 74451:1 74452:1 74744:1 75065:1 75458:1 75789:2
nécessitent	67558:1 69178:1 69183:1 71358:1 72934:1 73185:1
néel	69186:1 72397:1
néfast	70429:1
négat	67801:2 69183:3 69184:1 69533:1 73185:1 76508:1
néglig	71363:1 71835:1 73432:1
néglige	70166:1 72932:1 74171:1 75070:1
négoci	67945:1 68274:1 73683:1
négret	76512:1
nématod	71618:1
néoform	76514:1
néolith	70745:1
néon	73188:1
néophyt	72932:1
néovin	76512:1
nîm	67387:1
nôtr	70163:1 73685:1
obasanjo	75458:1
obes	67799:4 69534:1 71360:3 72631:1 73432:1
object	67553:1 67794:1 67798:1 67803:1 67939:1 67942:1 70422:1 70748:1 71615:2 72940:1 73877:1 74172:1 74450:1 74744:1 75067:1 75458:1 76211:1
objet	67068:1 67388:1 67390:1 67391:1 67555:1 67796:1 67804:1 67937:1 67942:1 68274:1 68279:1 68383:1 68390:1 68391:1 68881:1 68882:1 70163:4 70165:1 70421:3 70429:1 70744:2 70917:1 70919:1 71836:1 71843:1 72115:1 72117:1 72392:1 72634:1 72637:1 72936:1 73186:1 73435:1 73436:1 73683:1 73877:1 73879:1 74173:1 74175:1 74450:2 75065:1 75068:1 75071:2 75788:5 75791:2
oblig	68279:1 69185:1 69540:1 71359:1 71621:1 72392:1 72630:1 74167:1 76511:1 76513:1
obligatair	73875:1
obligatoir	67389:1 71359:1 74167:1 76507:1
obscur	67796:1
observ	67068:1 67389:2 67553:2 67555:5 67558:1 67798:1 67938:1 67939:1 67942:2 68273:1 68383:1 68387:3 68388:2 68389:2 68390:1 68638:2 68882:1 68883:1 68886:4 69177:1 69181:2 69184:1 69533:2 69534:1 69535:1 69539:1 69811:5 69813:1 69819:1 70162:1 70163:2 70167:2 70420:1 70421:3 70424:4 70745:3 70746:1 70916:13 70923:1 71614:2 71835:1 71836:2 71839:1 72113:1 72119:1 72394:1 72631:1 72632:1 72634:2 72932:1 72939:1 73182:1 73184:4 73185:2 73430:1 73431:2 73434:1 73688:1 73875:1 73877:2 74167:1 74169:1 74170:1 74172:1 74173:1 74449:3 74450:2 74451:2 74745:1 75067:1 75069:2 75070:1 75458:3 75459:1 75788:1 75789:4 75793:3 76209:1 76508:1 76511:1
observatoir	69186:1 70163:2 70428:1 70749:1 70751:1 71838:1 73186:2 74174:1 75458:2 76515:3
observent	67794:1 73685:1 73877:1
observing	69181:1 71838:1
obstacl	70421:2 70917:1 71357:1 72392:1 72629:1 72932:1 74167:1
obten	67068:1 67558:1 67797:1 67799:1 67802:1 69182:1 69819:1 70167:1 70426:2 70744:1 70920:1 71362:1 71612:2 72115:1 72630:1 72933:1 73189:1 73431:1 73432:1 73436:1 73684:1 74449:1 74744:1 75070:1 76210:2 76212:1
obtent	71842:1 71845:1 73188:1 73684:1 76513:1
obtenu	67390:1 67554:1 67558:1 67799:1 67802:1 68274:1 69537:1 70916:1 70917:1 71836:1 71838:1 72394:1 72397:2 73189:1 73431:1 73683:2 73684:2 74168:1 74750:1 75065:1 75459:1 75460:1 76206:1 76210:1
obtenus	67385:1 67388:3 67555:1 67801:1 68280:1 68390:1 69183:1 69184:1 69533:1 70749:2 70920:1 72397:1 72631:1 73184:2 73189:1 73436:1 73684:1 74449:1 74750:1 75794:1
obtiendront	75457:1
obtiennent	71358:1
obtient	74450:1 76511:1
ocar	67386:1
occas	67068:1 67388:1 67555:1 67561:1 67801:1 67804:1 67939:2 67941:1 67945:1 67946:1 68283:1 68638:1 68888:1 69177:3 69186:1 69542:2 69811:1 69817:1 70161:1 70162:1 70164:1 70165:1 70168:1 70170:1 70428:1 70749:1 70751:2 70752:1 70916:1 70917:1 70921:3 71357:1 71612:1 71837:1 71845:1 72113:2 72120:1 72122:1 72393:2 72396:1 72399:1 72400:1 72933:1 72936:1 72938:1 72939:1 73183:1 73190:2 73432:1 73683:1 73685:1 73875:1 73877:1 73882:2 73883:1 74456:1 74746:1 74748:1 74752:1 75064:1 75069:1 75457:1 75458:2 75459:2 75462:1 75464:1 75465:1 76514:1
occasion	68645:1
occident	68383:1 72117:1
occidental	68646:1 68883:1 69815:1 70916:5 72114:1 75460:1 75792:1
occult	67939:2
occup	67795:1 68279:1 68383:1 68645:1 69533:1 69537:1 69540:1 70161:1 70743:1 70914:1 71361:1 72113:1 72393:1 72630:1 73182:1 73430:1 73879:1 74167:1 74749:1 75790:1 76209:1
occupent	67555:1 67794:1 69813:1 75070:1
occurrent	67555:1 67798:1 68391:1 69540:1 70421:1 72396:1
ocde	68383:1
ocean	73183:5 73434:1
oceanic	71838:1
ockham	76207:1
octapeptid	67390:1
octet	74452:2
octobr	67803:1 67804:1 67937:1 67939:1 67944:1 67945:1 68385:1 68386:2 68387:2 68388:1 68389:1 68640:1 69177:1 69179:1 69537:1 70428:1 70749:3 70751:3 70918:1 70921:2 71357:1 71612:1 72394:1 72396:3 73683:1 73689:1 73690:1 73691:1 73882:1 73883:1 74173:1 74450:1 74454:1 75068:1 75069:1 75795:1 76212:1
oculair	68646:2 70744:3 73435:1 74171:2
oculometr	70744:1 74171:1
oculomoteur	71841:1
oculomotr	74171:1
océan	68388:1 68883:2 69811:4 70164:4 70743:2 72401:1 73183:3 73434:10 73683:1 73684:2 73688:1 73878:1 73880:3 74170:1
océanograph	67944:2 68883:1 69177:1 69811:1 70916:2 71621:2 72940:1 73183:1 73434:8 73688:1 74170:2
odeur	70428:1 72631:1 72632:1 72634:1 73685:1 73877:1 75790:1
odontolog	75067:1
odor	75790:1 76516:1
oeil	67388:2 68641:1 68643:1 70420:1 70744:4 70915:1 74171:2 76512:1
oem	75795:1
oenolog	74169:1
oesophag	70918:1
oeuf	74752:1
oeuvr	67068:1 68279:2 68383:1 68384:1 68386:1 69536:1 69538:1 69818:1 70163:1 70166:1 70914:1 70922:1 71358:1 71617:1 71835:2 71836:2 72118:1 72392:1 72395:1 73683:1 73875:1 74167:1 74175:1 74746:1 74750:1 75457:1 75789:2 75795:1
of	67802:1 67942:1 67945:1 68386:1 68881:1 68886:4 69180:4 69184:2 69534:1 69811:1 69814:1 69819:1 70161:1 70422:1 70919:1 71614:1 71837:1 72113:2 72120:1 72393:1 73190:1 73431:1 73876:1 76207:2 76208:1
off	71359:1 71360:1 73686:1 75069:1 76510:1
offert	70914:1 74454:1 74747:1
offici	71358:8
officialis	68888:1 69536:1
officiel	67553:1 67794:1 67937:1 67939:1 68393:1 68643:1 68881:1 68888:1 69178:1 69181:1 69534:1 70161:1 70169:1 70422:1 70751:1 71359:1 71619:1 72936:1 74167:1 76508:1
offraient	74744:1
offrait	72395:1
offrant	75792:1
offre	67939:1 68273:1 68275:1 68281:1 68643:2 68644:1 69535:1 69537:1 69540:1 69813:1 70421:2 70749:1 71358:2 71359:1 71361:1 71616:1 72395:1 72398:1 72399:1 72629:1 72637:1 73431:1 73687:2 74171:1 74452:1 74747:1 74750:1 75068:1 75071:1 75788:2 75789:1 76211:1 76514:1
offrent	68390:1 69184:1 70747:1 72632:1
offreur	75796:1
offrir	67940:2 68274:1 69180:1 70163:1 70745:1 71359:1 73432:1 73879:1 73881:1 75461:1 75789:1
offriront	73691:1
ogoou	73684:4
oh	68276:1 69812:1 72940:1 75466:1 76509:1
ohio	72119:1
ohm	75458:1
ohmi	75458:5
oie	74745:1
oiseau	68387:1 71617:1 74745:1 75458:1
olfact	70749:1 74449:1 75790:3 76515:1
oliv	68273:1 68387:1 74749:1 75796:1
olivi	68276:1 68383:2 68883:1 69813:1 70163:1 73431:2 75791:1
olusegun	75458:1
oléagin	67391:2 72121:1
om	67798:1 72935:1 74746:1
omar	73684:2
ombistocking	74746:1
ombre	69819:1
omnt	69186:1 74174:1
omp	73434:1 75066:1
onde	67068:12 67386:1 67939:6 67942:2 68641:2 68886:1 70163:1 70420:2 70747:3 72932:7 72934:1 73880:1 74744:1 75067:1 75794:2
ondimb	73684:2
one	71843:1 73688:1
oner	67801:1 71358:1 72934:1
ong	73185:3 74457:1
onir	75462:1
onlin	73876:1
ontario	76206:1
onu	68392:1 73430:1
onze	75458:1 76509:1
onziem	69811:1
opac	75789:1
opalin	70428:1 70749:4 72396:1
open	71359:8 73876:1 76211:2 76513:4
openlab	68639:3
oper	67071:1 67797:1 68387:2 69177:1 70162:6 70165:1 70421:1 70424:2 71357:1 71614:2 71617:2 71619:1 71836:1 72392:4 72629:1 72937:1 73683:1 74450:3 74456:1 75064:5 75068:1 75458:1 75789:2 75791:2 76510:2
ophtalmolog	72116:1 73435:1
ophtalmologu	71841:1
opin	74457:1
opinion	72113:1 72940:2
oppenheim	72932:1
opportun	69815:1 70166:1 70422:2 71358:1 71612:1 71619:1 71845:1 72121:1 72392:1 72637:1 73183:1 73430:1 73683:1 73691:1 74172:1 74450:1 74456:1 74745:1 74746:1 74747:1 75465:1 75795:1 76209:1
oppos	67937:1
opter	72629:1 73185:1 74744:1 75462:2
optifel	75069:3
optim	67794:1 69533:1 73182:1 74169:1
optimal	68273:1 71612:1
optimis	67385:1 67554:1 67561:1 67800:1 68274:1 68385:1 68882:2 68885:2 68889:1 69539:1 69813:1 70163:1 70914:1 70921:1 71362:1 71612:1 71615:1 71617:1 71840:1 72118:1 72393:1 72395:1 72630:3 72637:1 73182:1 73184:1 73434:1 73436:1 74170:1 74449:1 74453:1 75064:1 75067:1 75069:2 75070:1 75462:1 75464:2 75790:1 75791:1 75793:1 76208:1 76507:1
optimised	75069:1
optimisent	67557:1
optimiz	67557:1
option	67804:1 72395:3 75071:1
optionnel	75071:1
optiqu	67068:2 67554:2 68641:3 69540:2 69811:1 70163:1 70747:2 71837:1 72932:3 72934:2 74451:2 75070:1 76507:1
optitec	68393:1
opto	70163:1
optoélectron	70748:2
optron	67554:1
opté	70422:1 71614:1 72395:1 75063:1 76210:1
opv	72114:2
opèrent	69819:1
opérationnel	67553:1 67798:1 67939:3 68275:1 68638:1 68887:1 69178:1 69811:4 69812:1 69813:1 70162:3 70914:1 70916:1 71840:1 72114:1 72633:1 72936:1 73185:1 73434:4 74453:1 76513:1
opératoir	70918:1 71612:1 71614:2 73431:1
or	67383:1 67387:1 67388:2 67390:1 67553:1 67554:1 67556:1 67558:1 67794:1 67795:1 67798:1 67802:1 67937:7 67943:1 68273:2 68279:3 68281:1 68385:1 68389:1 68638:2 68641:1 68642:1 68643:4 68644:1 68884:1 68886:1 68887:3 69177:2 69533:2 69534:1 69538:1 69811:1 69818:1 69821:1 70161:1 70163:2 70167:2 70420:1 70421:1 70423:1 70425:2 70743:2 70745:1 70746:2 70747:3 70749:1 70914:1 70916:1 71359:1 71361:1 71612:1 71621:1 72113:1 72114:1 72115:1 72119:2 72396:1 72399:1 72629:2 72630:2 72631:1 72635:1 72636:1 72932:2 72934:1 72935:1 72939:1 73183:1 73184:3 73186:1 73189:1 73430:1 73431:1 73433:1 73684:3 73688:4 73877:1 73878:3 74169:3 74172:1 74173:2 74449:2 74452:1 74455:2 74745:1 75065:1 75069:1 75070:3 75457:1 75458:1 75460:1 75462:1 75788:1 75792:2 75794:3 76207:2 76507:1 76510:2
orag	67939:1 67942:1
oral	72117:2 72631:1 74449:1
orbit	67939:5 67942:1 69177:5 69179:2 69186:1 69811:2 71836:3 73434:3 73880:1
orbital	69179:1
ordin	68281:1 69540:1 70914:2 72401:1 72932:1 73190:1 73876:1 74744:1
ordinair	68390:1
ordonnanc	70162:1
ordre	67553:3 67941:2 68391:1 68638:1 68642:1 70162:4 70425:2 70747:1 70919:1 72120:1 72397:3 72934:1 73189:2 75792:2 75794:1 76508:1 76510:1
ore	67553:1 67554:1 67555:1 68279:1 68389:1 68643:1 69181:1 70421:2 70429:1 70914:2 70918:2 70919:1 71618:1 71843:1 72392:1 72633:1 72634:1 72635:1 73184:2 73431:1 73876:1 73880:2 74449:1 74451:1 75063:2 75458:1 75788:1
oreil	68643:1 76508:1
org	69181:1
organ	67383:1 67794:1 67795:2 67800:5 67802:5 67937:1 68279:2 68280:1 68385:2 68386:2 68388:2 68885:2 68887:1 69181:1 69184:2 70167:1 70420:1 70745:1 70746:1 70747:1 71361:1 71621:1 71836:1 71838:1 72114:2 72116:1 72632:1 73184:1 73432:2 73434:1 73436:2 73683:1 73686:1 73688:1 73884:1 74746:1 74748:1 74750:1 75067:1 75789:1 75790:1 75796:1 76207:2 76213:2 76511:4 76516:1
organic	72114:1
organis	67071:1 67392:1 67553:1 67798:1 67802:1 67804:1 67939:2 67940:1 67941:1 67944:1 67945:1 67946:1 68384:2 68638:1 68882:1 68889:1 69186:1 69535:2 69541:3 69543:1 70162:1 70166:1 70170:2 70423:4 70746:1 70751:2 70921:2 70923:1 71357:1 71363:1 71619:1 72114:1 72120:1 72121:2 72122:2 72393:2 72396:2 72399:1 72400:1 72629:2 72637:1 72935:1 72938:1 72939:1 73182:1 73185:1 73430:1 73437:1 73689:1 73691:1 73880:1 73883:1 73884:2 74170:1 74172:1 74174:2 74175:1 74449:1 74456:1 74457:1 74746:2 74748:2 75066:1 75071:1 75457:1 75464:1 75466:1 75788:2 75795:1 76206:1 76514:1 76515:1 76516:1
organisationnel	72637:1
organisent	67561:1 68887:1 70170:1 70428:1 71617:1 71620:1 71845:1 73690:1 74175:1 76212:1
organiz	67804:1
organolept	68273:1 68279:1 68882:1 72634:1 74169:1 76511:2
orgu	73880:1 74176:1
oriano	76507:2
orient	67389:1 68277:1 68392:1 68644:1 68885:1 69179:1 70422:1 70920:1 72115:1 72629:1 72631:1 73184:1 73875:1 73877:2 74450:2 74457:1 75796:2 76208:1 76510:1
oriented	70162:1
orientent	70421:1 75457:1
origin	67068:1 67388:1 67555:1 67558:1 67794:1 67937:1 67938:1 68638:1 68885:1 69177:1 69534:1 69539:1 70163:1 70423:1 71614:1 72116:1 72933:1 73186:1 73431:1 74744:1 75067:1 75069:1 75795:1 76213:1 76514:2
originair	71612:1 75788:1
original	67068:3 67383:1 67939:2 68273:1 68275:1 68276:1 68279:1 68387:2 68638:1 68643:1 68881:1 68887:1 69536:1 69541:1 69813:1 69817:1 70420:1 70745:1 70914:1 71835:1 71836:1 72115:1 72394:1 72629:1 73185:1 73431:5 73434:1 73689:1 73876:1 74171:1 74748:1 74749:1 75063:1 75792:1 75793:1 76209:1
originel	68644:1
orl	74454:1 76508:2
orléan	67946:1 69812:1 71618:1 72932:2
ormeau	76210:1
ornemental	72632:1
oro	72631:3
orpaillag	68388:1
orphelin	75065:1
orpheon	68279:1
orsay	68641:1 69178:1 69183:1 72932:2 74752:3 76510:1
orthoped	71614:4 71616:2
orthophon	71841:1
orthopt	71841:1
orval	69534:1
oré	73875:2
oréal	71612:3 74744:8
os	69184:3 71612:2 73190:1 73431:3
oscill	70424:2 70747:1 70919:2
ose	67938:1
oseo	68383:1 70914:1 75065:1
oser	73684:1
osir	70915:1
oslo	73691:1
osmot	72397:8
ossement	73431:1
osseux	69184:9 71612:2 71616:1 73431:7 75067:1
ostéo	67798:1
ostéoclast	69184:3
ostéoporos	69184:1
osé	70166:1 76206:1
oséo	67798:1 71614:2 72114:1 72118:1 72933:3 73879:1 74450:1
otc	71616:1
oto	76508:1
ouagadougou	75458:1
oubli	69813:1 72393:1 72938:1 75067:1 75458:1 76213:1
oublion	75789:1
oudghir	76209:2
ouest	69816:2 70917:2 71836:1 73183:2 73882:1 75458:1 75463:2 76512:2
ouf	67939:1
ougadougou	75458:1
oui	67794:1 72397:1 74167:1
ouragan	73880:1
out	73184:1 73875:1
outcom	75793:1
outdoor	69541:1
outil	67554:1 67555:1 67798:2 68275:4 68281:1 68639:1 68643:2 68882:1 68885:1 69183:1 69534:1 69536:1 69537:1 69811:1 69812:5 69813:1 69815:1 69820:2 70161:1 70162:7 70166:1 70170:1 70420:2 70421:4 70914:2 70921:2 71359:5 71618:2 72115:2 72392:3 72637:1 72932:1 72940:2 73182:1 73431:4 73434:2 73685:1 73876:1 73877:2 73879:1 74167:1 74168:1 74171:1 74744:1 74745:1 74751:1 75064:6 75070:1 75459:1 75788:7 75796:1 76207:6 76208:1 76507:3 76510:3 76513:1 76514:1
outillag	75064:1
outr	67802:1 67939:2 68274:1 68276:1 68280:1 68392:1 68644:1 68881:1 69181:1 69542:1 70161:1 70163:1 70165:1 70425:1 70914:1 70923:1 71358:1 71617:1 71836:3 72398:1 72932:1 72934:1 73189:1 73190:1 73433:1 73435:1 73683:1 74171:1 75457:1 75461:1 76510:1 76512:1
ouvert	67555:1 67795:1 67937:1 70751:1 71358:1 71620:1 73437:1 73876:1 73882:1 74749:1 75792:2 76211:1 76515:1 76516:1
ouvertur	68276:1 68882:1 68889:1 71358:3 71614:1 72634:2 72635:1 72936:1 73183:1 73882:1 75068:1
ouvr	67390:1 67391:1 67558:1 67800:1 68278:1 68886:2 68887:1 69813:1 70426:1 70923:1 71614:1 72629:2 73184:1 73430:1 73432:1 74454:1 74750:1 75071:1 75795:1 76208:1 76513:1
ouvrag	67794:6 67938:4 68276:4 68283:1 68383:3 68882:2 69821:1 70163:1 70165:1 70429:1 70753:1 71366:1 71621:3 71835:2 71836:1 72398:1 72401:1 72629:2 72940:2 73185:1 73683:2 74457:1 74752:2
ouvrent	69816:1 72632:1
ouvri	67941:1 72933:1
ouvron	76507:1
ovat	75066:2
ovoïd	67385:1
oxford	69539:2
oxy	70426:2
oxyd	68387:1 68644:3 71615:1 72394:2 73184:3 76511:10
oxydo	73877:1
oxydoréduct	68388:1
oxygen	68883:1 68884:1 70426:2 72113:1 73688:1 76511:1
oz	75066:1
ozon	68645:1 69811:1
oïdium	73877:1
p	67795:1 68279:1 69177:1 69179:3 69811:1 72114:1 73683:2 74168:1
pac	67553:1 68393:1 71357:1 73431:2 73683:1 75789:1
pacif	71840:2 73684:1
pack	68640:1
packag	74749:1
packaging	67946:1 69814:1 72120:4
packard	73876:1
pact	67553:1 72936:1
pactol	69812:1
pag	68276:1 68383:1 69821:2 71835:2 72940:1
pai	75068:1
pain	73183:1 76213:1
paindavoin	73879:1
paisibl	72629:1
paix	73185:1
pal	68888:1 69535:1 69820:1 71836:1 72119:1 72936:1
palaiseau	68638:1 68641:2 70162:1 75796:1
paleo	73431:1
palet	68273:1 70162:2 70916:1 72630:1
pali	74449:1
palli	69539:1 76208:1
palm	74457:2
palmi	67391:7 72632:3 74457:4
palmivor	72632:1
palud	69813:1
paléoanthropologu	67938:6
paléoenviron	68388:1
paléopatholog	73431:3
pam	72394:1 72634:1
pamatec	73185:1
pan	74454:1
panach	70162:2
pancré	67802:2
pancréat	67802:2 68887:1
panel	67390:1 71363:2 72120:1
pann	70165:1 76510:1
panneau	68884:2 69179:1 71836:1 72114:7 73436:1
panopl	68643:1 72392:1
panoram	67388:1 68882:1 73690:1 74167:1 76514:1
pap	73435:1
papi	67068:1 72932:1
papill	72631:2
papillom	72935:1
papillon	70425:3 72632:4
par	75458:1
parachev	73183:1
parad	72632:1
paraiss	72934:1
parallel	67383:3 67389:1 67553:1 67555:2 67795:3 67801:1 67940:1 68274:1 68384:1 68387:1 68388:1 68638:1 68643:1 68882:1 68885:1 69181:1 69533:2 69534:1 69536:1 69537:1 69539:1 69541:1 69819:1 70161:1 70162:1 70170:1 70422:1 70425:1 70751:1 71614:2 72114:1 72394:1 72397:1 72398:1 72629:1 72630:1 72935:1 73182:1 73183:1 73186:1 73437:1 73687:1 73691:1 73877:1 73879:2 73880:1 74168:1 74454:1 74746:1 74748:1 75458:1 75788:1 75793:1 76206:1 76208:1 76508:2 76510:2
paralys	68646:1 71843:1
parametr	68279:1 68387:1 68646:2 68885:1 69813:3 71841:1 73879:2 74168:1 74751:1
parasit	71618:2
parasitoïd	73877:1
paraît	73432:1
paraîtr	67937:1 67938:1 69821:1
parc	67794:1 67799:1 67938:1 68279:1 68383:1 68387:1 68638:1 68881:1 69821:1 70424:1 70745:1 71359:1 71360:1 72392:1 72394:1 72939:1 73185:1 73430:1 73431:1 73683:1 73877:1 74752:1 75458:1 75792:1 76212:1 76213:2 76507:1 76511:2
parcel	68279:1 69537:3 71842:1 73877:1 75458:2
parcellair	72940:1
parcour	67794:1 68389:1 68641:1 68883:1 69535:1 73182:1 73430:2 73437:1 74167:1 74170:1 74176:1 74748:1 74749:1 75458:1
parcouru	67068:1 68640:1 68883:1 69811:1 74170:2 75458:1
parcourus	73183:1
pareil	71835:1 73683:1
parent	67555:1 68881:1 70749:5 72401:2 72932:1 75458:1 76509:1
parental	67555:1 70749:1
parenthes	72394:2
parf	69177:1 71359:1 71614:1 75063:1 76509:1
parfait	67558:1 67802:1 68273:1 68383:1 69177:2 70161:1 70420:2 70421:1 70916:1 71842:1 72932:1 73184:1 73436:1 73877:1 73878:1 74168:1 74172:1 74449:1 74450:1 74455:1 75063:1 75794:1 76507:1 76508:1 76511:1
parfois	67388:2 67937:2 68643:1 71835:1 72113:1 72401:1 72629:1 72630:2 72932:2 72933:1 72940:1 73431:1 73434:1 73685:1 75458:1 75460:1 76210:1 76211:1 76511:1
parfum	70166:1 76516:1
parfumer	67946:1 76516:2
pari	73684:1 76213:1
parietal	69819:1
parieur	71357:1
paris	67068:3 67386:1 67556:1 67795:1 67803:1 67804:2 67941:1 67942:1 67945:1 68277:1 68280:3 68384:1 68392:3 68646:1 68885:1 69178:1 69183:2 69184:3 69185:2 69186:1 69536:3 69815:1 69816:1 70162:4 70163:1 70168:3 70169:1 70421:1 70422:1 70424:1 70426:2 70747:2 70748:4 70914:1 70918:1 70922:1 71358:1 71360:2 71620:1 71837:1 71841:2 72113:1 72120:2 72121:1 72393:1 72396:1 72399:1 72633:1 72636:1 72932:4 72935:1 72936:3 72939:2 73184:1 73186:1 73190:4 73430:2 73431:1 73683:1 73684:1 73875:2 73879:1 73883:1 74172:2 74451:1 74456:1 74746:5 74749:1 74750:1 74751:3 74752:2 75063:2 75065:2 75071:2 75457:1 75788:2 75794:1 76207:1 76211:3 76507:1 76508:2 76510:1
parisien	67799:1 68638:1 72936:1 76507:1 76508:1
paristech	67068:1 68276:3 68393:1 68639:1 69186:2 70161:6 70422:10 70747:1 70923:4 71612:1 73182:1 73882:1 74750:1 75457:6
parkinson	68646:3 74173:2 76511:1
parkinsonien	68646:3 74171:1
parl	67383:1 67795:1 67798:1 67939:1 68273:1 68274:1 69535:1 69821:1 70161:1 71357:1 71363:1 71614:2 71615:1 71617:1 71835:1 71841:1 71842:1 72393:2 72397:1 72629:2 72631:2 72932:1 72933:1 72938:1 73432:1 73433:1 73683:1 74167:1 74454:1 74747:1 74752:1 76206:1 76514:1 76515:1
parlent	74167:1 74751:1 75065:1
parm	67383:1 67554:1 67556:2 67795:1 67800:2 67801:1 67937:1 68383:1 68388:2 68885:1 69179:1 69181:1 69537:1 70420:1 70422:1 70425:1 70744:1 70745:1 71612:1 71615:1 71837:1 72392:1 72393:1 72398:1 72939:1 73182:2 73432:1 73684:1 73877:1 73879:1 74449:1 74744:1 74746:1 74752:1 75064:1 75066:2 75458:1 75788:1 75797:1 76208:1 76209:1 76211:1
paroi	70421:1
parois	76213:1
parol	75796:1 76516:1
parrain	70168:1 73190:1 76514:1
partag	67794:1 67937:1 67939:1 68275:1 68642:1 69541:1 69821:1 71358:1 71838:2 72113:1 72115:1 72393:1 72932:2 73689:1 74172:1 74176:2 75461:1 76209:1 76212:1
partagent	67388:1 70745:1
partenair	67385:2 67388:1 67554:1 67555:1 67940:2 67944:1 67945:1 67946:1 68273:1 68278:1 68279:3 68393:1 68642:1 68881:2 68884:1 68888:2 69178:1 69179:1 69180:1 69182:1 69534:2 69536:1 69538:2 69812:1 69813:1 69817:1 70164:1 70166:1 70168:1 70421:1 70753:1 70920:1 70923:1 71358:2 71359:8 71360:1 71615:1 71837:1 71842:1 72114:1 72121:1 72392:1 72396:2 72629:2 72630:1 72634:1 72637:1 72933:1 73183:1 73184:4 73190:1 73434:1 73875:1 73876:2 73878:1 73879:2 73884:1 74168:2 74170:1 74449:2 74744:3 74745:2 74748:1 74749:3 75064:1 75069:2 75071:1 75458:1 75461:1 75465:2 75789:2 75793:2 76211:1 76513:1
partenarial	73690:1 75464:1
partenariat	67561:1 67795:3 67944:1 67945:2 68276:1 68278:1 68384:4 68392:1 68393:1 68639:1 68642:1 68883:1 68888:1 69536:1 69813:1 69815:1 70161:1 70166:1 70420:1 70421:2 70422:1 70745:1 70748:1 70751:1 70753:3 70920:4 70921:1 71357:1 71358:2 71360:3 71363:1 71612:1 71621:1 72121:1 72122:1 72396:4 72398:1 72630:2 72938:1 73185:1 73430:1 73434:1 73684:2 73689:1 73691:2 73876:1 74170:1 74172:1 74174:1 74455:1 74744:3 74748:1 75068:1 75464:2 75465:1 75793:1 76515:1
particip	67383:1 67391:1 67556:1 67795:1 67942:1 67944:2 68383:1 68386:1 68387:1 68388:1 68392:1 68638:2 68885:3 69178:1 69534:1 69536:1 69541:1 69542:2 69543:1 69812:1 69820:1 70161:1 70169:1 70422:1 70749:2 70914:2 70921:4 71362:1 71363:1 71614:1 71619:1 71620:1 71835:1 72122:1 72398:1 72399:1 72630:1 72634:3 72937:2 73185:1 73190:1 73430:1 73431:1 73438:1 73683:1 73685:1 73686:1 73687:1 73689:2 73691:1 73875:2 73877:1 73882:1 73884:1 74167:1 74453:1 74747:1 74749:1 74751:1 75065:1 75464:1 75466:1 75795:2 75796:1 76207:1 76510:1
participent	67385:1 67798:1 67799:1 67940:1 70916:2 71842:1 73184:1 73430:1 73432:1 73880:1 75458:1
participon	67553:1
particul	68390:1 68638:2 68644:1 68645:1 69178:2 69540:2 70747:1 70914:1 70919:4 71612:1 72934:1 73183:1 73688:3 75464:1 76210:1
particular	67068:1 67391:1 67553:1 67558:1 69183:1 71621:1 72394:1 73684:1 73688:1 73875:1 73879:1 76206:1
partiel	69180:1 73435:1
partit	72939:1
partner	69815:2 71360:1 71616:1 72935:3 73686:1 76510:1
partnering	73691:1
partout	70751:1 72114:1 73434:2 74749:1 75066:1 76511:1
parut	72398:1
parven	67068:1 67071:1 67558:1 67800:1 68275:1 68644:1 69178:1 69183:1 69818:1 70161:2 70422:1 70744:1 70916:1 70921:1 70922:1 72113:1 73877:1 74168:1 74169:1 74744:1 74750:1 75065:1 75069:1 75791:1 75792:1 75794:1 76213:1 76512:1
parvenon	70749:1
parvenu	73187:1
parvenus	67068:1 68274:1 68280:1 68640:1 69819:1 70425:1 72114:1 72630:1 74173:1 74750:2
parvient	75792:1
pasaden	68881:3
pascal	67386:1 67937:2 67938:6 71358:1 73431:1 75063:3 76207:1
pass	67068:2 67071:1 67385:1 67386:1 67387:1 67554:1 67561:1 67794:1 67795:2 67801:1 67939:1 67945:1 68273:1 68280:1 68281:1 68383:1 68641:1 68643:1 69185:1 69533:3 69534:1 69540:1 69814:1 69821:2 70161:3 70166:1 70168:1 70421:1 70745:1 71357:1 71359:2 71612:1 71836:1 71840:1 71845:2 72115:1 72392:1 72394:2 72395:1 72397:2 72633:1 72634:1 72635:1 72636:1 72932:1 72939:2 73182:1 73185:1 73187:1 73190:1 73430:2 73431:1 73432:1 73437:1 73683:1 73684:2 73685:1 73688:1 73876:1 73882:1 74167:1 74171:1 74175:1 74450:2 75065:1 75066:1 75068:1 75070:1 75459:1 75792:1 75795:1 76508:1 76511:1
passag	67939:1 68640:1 68643:1 68881:1 69820:1 71836:1 72118:1 72635:3 73183:3 73184:1 73430:1 73683:1 73688:2 74168:1 75459:1 75462:1 75792:1 76213:1
passager	72932:1 74751:1 74752:1
passent	74175:1
passif	71838:1 74167:1
passion	69542:1 71612:2 71835:1 71837:1 72630:1 72633:1 72940:2 73689:1 74168:1 74752:4 75793:1 76206:1 76212:1 76515:1
passionnent	68383:1
pastel	72630:11
pasteur	69813:5 73686:1 74451:1 75458:2
patern	67553:1
pathogen	68387:1 68643:1 69183:2 70420:1 71618:1 73686:1
patholog	67798:2 67799:2 68387:1 69534:2 69813:1 69815:1 73431:5 73432:1 73435:1 74453:1 75065:4 75067:1 75459:1 76507:2 76511:2
pathoquest	73686:4
pathway	69533:1
paticip	72634:1
patient	67556:2 67801:8 67941:1 68387:2 68646:3 68881:1 70918:2 70919:1 71841:1 72117:1 72935:4 73187:2 73435:1 73686:1 74171:2 74173:2 74452:1 74453:1 74454:5 75065:9 75067:1 75459:1 75793:1 76208:1 76507:4 76508:2
patr	69542:2
patric	68887:2 72939:2 73683:6 74457:2
patrici	71616:1
patrick	68883:2 74172:1
patrimoin	72939:1 73683:1 74167:1
patron	72629:1
patronag	74456:1
patt	72632:3
pau	75067:1
paul	68386:1 69180:1 69819:1 71612:1 72398:1 73433:1 74744:1
paulo	71362:1
paus	70921:1
pauvr	73185:1 75792:1
pauvret	67794:1
pavillon	69542:1
pay	67391:1 67553:2 67555:4 67794:4 67938:1 67945:1 68273:1 68281:1 68383:1 68386:1 68392:1 68638:2 68642:4 68646:1 69179:1 69180:1 69181:1 69534:2 69538:1 69542:2 69813:2 70163:1 70164:1 70422:1 70743:1 70914:2 70916:2 71358:2 71362:1 71614:1 71619:1 72113:2 72117:2 72393:4 72396:4 72629:7 72630:1 72631:1 72633:1 72933:2 72936:1 73182:2 73185:3 73188:1 73430:2 73684:2 73691:1 73878:1 74167:2 74169:1 74170:1 74450:1 74746:2 74749:2 75067:1 75069:2 75458:6 75797:1 76209:3 76507:1 76512:2
payraud	74169:3
paysag	67794:1 67938:1 70161:1 73877:1
paysager	69537:1
paysan	69821:2
paysandisi	72632:2
paysann	67794:1
pc	69178:1 70914:1
pcd	72120:2
pcr	68643:1
pcrd	69538:1 71361:1 74749:1 75069:1
pdc	67945:1
pdg	70914:2 72392:1 75461:1
peau	71360:1 74744:2 74750:1 75067:1
pech	74169:1
pect	68281:4
pecten	75460:1
pegas	68393:1
pein	67794:1 67937:1 68281:1 74449:1 75790:1 76213:1
peintur	73685:2 74744:1 75788:1
pekn	68888:1
pelco	67796:4
pelti	76510:1
pen	72634:2
pench	68881:1 75069:1
pend	67389:1 67558:1 67937:2 67939:1 68391:1 68642:1 69185:1 69811:1 70162:1 70749:1 71837:1 71843:1 73434:1 74450:1 75460:1 76509:1
pens	67389:1 67795:1 67798:1 68283:1 68882:1 69177:1 69821:1 70161:3 71842:1 72394:1 72396:1 72401:1 72932:2 72939:1 72940:1 73684:1 73877:1 73879:1 74167:2 74455:1 74744:1 75459:1 76213:1
penson	68887:1 69177:1
pent	71617:2
pentrit	70425:1
pepsin	67388:2
peptid	67390:5 67937:2 72115:2 73184:4 73878:4
per	67937:1 68273:1 68884:1 72636:1 72932:1 73431:1 75790:1
perc	69815:1 72397:1
percept	69534:2 72395:1 72631:2 73685:1 75790:6 75793:1 76206:4 76508:1 76514:1
perceptibl	72629:1 72631:1
percev	70161:2
percevoir	70744:1
perdent	74454:1
perdr	67798:1 68383:1 74167:1 74169:1
perdu	71366:1 72629:1 75458:1 75459:1
perdus	72393:1
perfection	74751:1
perfor	70746:1 70918:1
perform	67554:1 67556:1 67801:1 68883:3 69177:1 69179:1 69541:1 69820:2 70163:2 70423:1 70425:3 70743:1 70752:1 70914:4 71836:2 72397:3 72633:1 72635:1 73430:2 73434:1 73436:3 73876:1 73879:1 74168:2 74171:1 74452:1 74744:1 74745:1 74748:1 74749:1 74751:1 75063:1 75067:1 75070:1 75464:1 75788:2 75792:1 75796:3 76211:1
perfum	72120:1
perig	75463:1
perm	67389:1 67390:1 67391:1 67553:1 67795:1 67801:1 67802:1 68387:1 68388:2 68643:1 68883:2 68885:1 69177:2 69184:1 69537:3 69811:3 69816:1 70162:5 70169:1 70425:1 70428:1 70743:1 70749:1 70914:1 70918:1 70919:1 70921:2 71836:1 72117:1 72392:1 72395:3 72398:1 72631:1 72633:1 72634:1 72934:1 73185:1 73430:1 73431:1 73432:1 73434:1 73436:1 73683:2 73685:1 73878:1 73880:2 74168:1 74170:1 74449:1 74746:1 75461:1 75788:1 75794:1 75795:1 76213:1 76507:1 76512:2
permanent	67389:1 67795:1 68280:1 69181:1 70422:4 71359:1 72114:1 72629:1 72932:2 74167:1 74745:1 75458:1 76507:1 76508:1
permettent	67068:1 67386:1 67795:1 67937:1 68273:1 68280:1 68281:1 68389:1 68390:1 68641:1 68885:1 68887:1 69177:1 69182:1 69183:1 69534:1 69812:1 70163:1 70420:1 70421:1 70423:1 70429:1 70744:1 70746:1 70916:2 71357:1 72116:1 73189:1 74171:1 75071:1 75794:1 76207:1 76508:1 76511:1
permettr	67385:1 67387:2 67388:1 67389:1 67391:1 67554:1 67555:2 67558:1 67798:1 67801:3 67937:1 67939:7 68273:2 68277:1 68279:2 68638:1 68643:1 68884:2 68886:1 69177:1 69178:1 69181:1 69183:1 69534:1 69536:2 69811:1 69812:2 69813:1 69816:1 69817:2 70161:1 70163:1 70164:1 70165:1 70420:1 70421:2 70424:1 70744:2 70745:1 70747:1 70916:3 70919:2 70921:1 71358:2 71359:1 71360:1 71361:1 71362:1 71363:1 71366:1 71612:1 71614:1 71617:2 71835:1 72118:1 72392:1 72394:1 72397:1 72400:1 72631:2 72635:1 72636:1 72637:1 72934:1 72935:1 72937:1 72940:1 73182:1 73186:1 73188:1 73430:1 73432:2 73438:1 73683:1 73686:1 73689:1 73875:1 74167:2 74168:1 74169:1 74176:1 74451:1 74744:1 74746:1 74748:1 74749:1 75063:1 75064:2 75068:1 75069:1 75070:1 75457:3 75461:2 75465:1 75789:1 75792:2 76211:1 76213:1 76510:1 76513:1
permettront	67071:1 67941:1 68277:1 69814:1 69817:1 69820:1 70420:2 70426:1 71359:2 71617:1 71842:1 72118:1 75069:1 75464:1 75789:1 75796:2
permis	72939:1
perméabl	68273:1 72397:2 72634:1
peroxysom	68387:1
perpétuel	67937:1
perpétuent	70161:1
perret	71358:2
perri	71357:3
persist	67387:1 71357:1 76213:1
persistent	74453:1
person	67068:3 67389:1 67553:1 67794:1 67798:1 67799:2 67801:1 67802:1 67940:3 68273:1 68387:7 68643:1 68645:1 68646:3 68881:2 69534:1 69812:1 69813:3 69815:1 70165:1 70166:1 70422:1 70744:2 70745:1 70749:1 70914:1 71357:1 71359:2 71361:1 71366:2 71612:1 71614:1 71615:1 71616:1 71837:1 71840:1 71841:1 71842:1 72113:1 72114:1 72115:2 72393:1 72629:2 72630:1 72633:2 72634:1 72933:1 73184:1 73187:3 73190:2 73432:3 73435:2 73684:2 73685:2 73691:1 73875:2 73876:1 73879:1 74173:1 74449:10 74450:1 74451:1 74453:5 74746:8 74749:2 74752:1 75063:5 75065:1 75069:7 75458:1 75466:1 75793:5 75795:1 76206:2 76207:1 76211:1 76507:1 76508:6
personnag	67937:1 67938:1
personnal	72400:1 75796:1
personnalis	68885:1 71359:1 73691:1 75071:1
personnel	67940:1 67941:1 68643:1 69535:1 69536:1 71619:1 72122:1 72394:1 72401:1 72634:1 73185:1 76507:1
perspect	67558:1 67800:1 67804:1 67937:1 67939:1 68390:1 68887:1 69184:1 69537:1 69540:1 69816:1 70752:1 70921:1 71363:1 72398:1 72632:2 73877:1 74174:1 75466:1 75788:1 76208:1
persuad	67553:1 68274:1 73876:1
pert	67799:1 68388:3 68640:1 69814:1 69816:5 71617:1 72932:1 72939:1 74449:1 75066:1 75069:1 76510:2
pertinent	67553:2 67801:1 68275:1 70166:2 70916:1 71359:1 74169:1 74746:1 75793:1
perturb	67802:1 67942:2 69540:1 70421:1 74173:1 75458:1
perçoit	69812:1 70421:1 75790:1
perçu	71615:2 72632:1 75790:1
pes	67553:1 67555:1 68383:1 69179:1 69182:2 70165:2 70919:1 72392:1 72933:1
pessim	67794:1 68383:1 69533:1
pesticid	73877:1
pet	67794:1 67798:1 67801:1 68274:1 68283:1 68881:3 69179:2 69540:1 69812:2 70429:1 71359:1 71366:1 71842:1 72629:1 72633:1 72932:2 73431:1 73683:1 74450:1 74452:1 74457:4
petawatt	68638:3
petit	67390:1 67555:2 67558:1 67800:2 68388:1 68391:1 68887:2 69177:1 69182:1 69540:2 69812:1 70165:1 70166:1 70169:1 70420:1 70421:1 70423:1 70425:1 70747:1 71358:1 71614:4 71837:1 71840:1 71841:1 71842:1 71843:1 72119:1 72395:1 72629:1 72630:1 72634:2 72933:1 72934:1 72939:1 73432:1 73433:1 73434:1 73683:2 73685:2 73689:1 74169:1 74450:2 74455:2 74749:1 75070:1 75458:1 75792:2 76206:1 76208:1 76507:3 76511:1
petr	70420:1
peu	67068:1 67391:1 67555:3 67801:2 67937:4 67938:1 68274:2 68275:1 68279:1 68280:1 68387:1 68389:1 68390:1 68638:2 68640:1 68643:2 68882:2 68887:1 69181:1 69817:1 69821:1 70166:1 70421:1 70422:1 70425:2 70744:1 70916:1 71614:2 71621:1 71835:1 71836:1 71842:1 72113:1 72114:3 72394:2 72395:1 72631:1 72634:1 72932:2 72939:1 73182:1 73183:1 73430:1 73431:2 73434:1 73436:2 73684:6 73688:1 73875:3 73877:1 73879:1 74167:3 74169:2 74170:1 74449:1 74450:3 74457:1 74749:1 75067:1 75459:1 75460:1 75788:1 75790:2 76206:1 76207:1 76213:1 76507:1 76509:1
peugeot	68383:1 68639:1 70748:3
peupl	68644:1 68888:1 71621:1 73430:1
peuplent	67554:1 70746:1 73879:1 75792:1 75794:1
peur	70422:1 74167:1
peut	67388:2 67389:1 67390:1 67391:1 67555:2 67794:1 67802:1 67937:2 67938:1 67942:1 68273:1 68274:2 68275:1 68279:1 68280:1 68281:2 68390:1 68391:1 68882:1 68883:1 68885:1 69178:1 69179:1 69183:1 69533:1 69534:1 69535:2 69538:1 69540:1 69820:1 70161:2 70162:3 70166:1 70425:1 70744:2 70745:1 70746:2 70749:1 70915:1 71366:1 71618:2 71835:5 71836:1 71841:1 71842:1 71843:1 72113:2 72115:2 72116:1 72394:1 72629:3 72631:2 72634:1 72636:1 72932:2 72934:1 73182:2 73185:1 73189:1 73431:2 73432:1 73434:1 73435:2 73683:2 73684:1 73688:1 73876:2 73878:1 73879:1 73880:1 74167:2 74169:1 74172:1 74457:2 74745:1 74746:1 74747:1 74748:1 74749:2 74752:1 75063:1 75064:3 75066:2 75460:1 75789:1 75794:1 76206:1 76207:1 76213:1 76507:1 76508:1 76509:1 76510:2 76511:3
peuvent	67385:1 67387:1 67390:1 67555:1 67556:1 67798:1 67800:1 67801:2 68385:2 68388:1 68389:2 68641:1 68643:1 68644:1 69177:1 69178:1 69182:2 69183:1 69534:1 69813:1 69816:1 70162:1 70167:1 70743:2 70745:1 70746:1 70922:1 71359:1 71617:1 71835:1 71836:1 72113:1 72116:1 72398:2 72634:1 72932:2 72934:3 73184:1 73431:1 73684:1 73876:1 73879:1 74744:2 74750:1 75458:1 75459:1 75460:1 75788:2 75790:1 76206:1 76508:1 76511:1
peyn	69537:2
ph	73683:1 73684:1 75067:1
phar	68273:1 68274:1 70420:1 70914:1 72396:1 72633:1 72935:1 73190:1 74450:1 75795:1
pharm	71360:1 73187:2 74453:1 75065:7
pharmac	69536:2 69815:1 70166:1 71616:1 72116:1 72393:1 73433:1 75065:1
pharmaceut	67392:1 68387:1 71360:1 72115:2 72118:1 72393:1 72938:1 73691:1 73877:1 75461:1
pharmacien	70745:1 72113:1
pharmacolog	72115:4
pharmacologu	72115:1 72116:1
pharmacotechn	71612:2
phas	67385:1 67388:1 67555:1 67798:1 68642:1 68881:1 69177:1 69179:2 69813:1 70164:1 70916:2 71360:2 71616:1 72117:1 72393:1 72934:2 72935:3 73878:1 74168:1 74451:1 74454:1 75065:6 75068:1 75461:1 75788:1 75789:2 75792:1 75793:5 76511:1
phe	73189:1
phenom	69817:4 70420:3
phenotyping	69817:1 70420:1
phi	70744:2
philip	75459:2
philipp	67802:1 68641:1 68885:1 70421:4 70914:1 70916:1 71357:3 71621:3 72394:6 72631:7 72937:1 73877:5 74451:1
philippin	73185:2
philosoph	67938:1 70161:1 72113:1 72932:1 74169:1 75459:1
phon	68881:1 73190:1
phosphat	67385:1 67388:1 68640:2 71612:3
phospholipid	72116:1 73184:1
photo	67068:1 71612:1 73683:3
photocoagul	75067:1
photocop	70167:1
photodetector	71839:1
photodétecteur	71839:1
photograph	74747:1 75788:1
photomultipl	73688:1
photon	67554:1 70747:1 70748:2 73688:1 75795:2
photonic	72934:1 75795:4
photophys	68641:1
photos	71836:1 75788:2
photosynthes	67385:1 68385:1
photosynthet	67800:1
photothequ	67937:2 68280:2 70916:2 71835:1 74750:1 75458:4
photovoltaic	72114:1
photovoltaïqu	68642:1 70423:1 72114:5 72940:1 73185:2 73436:3 75789:2
phovoir	75465:1 76515:1
phras	76508:1
phy	75790:1
physco	74750:1
physic	72932:1
physical	67068:1 73188:1 75794:1
physicien	67068:3 67937:1 67943:2 68391:1 68638:5 68645:1 68881:1 69540:2 70745:1 72397:1 72932:2 72934:2 72940:1 74168:1 74451:1
physico	67071:1 68639:1 70423:1 72394:1 74744:1 74752:2
physiolog	67387:1 67800:1 67937:4 68388:1 68887:1 69534:1 70746:1 71837:1 72116:1 72631:2 73433:1 75069:1 75459:1 75793:1 76213:2
physionom	71357:2
physiopatholog	68646:1 75459:2
physiqu	67068:9 67390:1 67798:1 67943:1 68280:2 68638:3 68639:1 68645:1 68883:1 69178:4 69180:1 69536:1 69540:1 70167:1 70421:1 70422:2 70424:1 70914:1 72637:1 72934:1 72940:1 73186:1 73188:1 73688:1 74168:1 74170:1 74745:1 75070:1 75791:1 75794:1
phyto	72630:1
phytochip	75460:2
phytosanitair	68643:1 71618:2
phénix	70915:1
phénoarch	69182:2
phénol	73877:1
phénomen	67558:1 67939:1 67942:1 68639:1 69820:2 70421:2 70426:1 70746:1 70916:3 71836:1 72932:1 73188:1 73683:1 73877:1 74168:2 74453:1 74457:1 74745:2 74752:1 75070:1 76507:1
phénoménal	72932:1
phénotyp	70420:3
phénotypag	69817:4 70420:7
phéromon	70425:1 72632:2
piano	71835:1
pib	73182:1
pic	67938:1 68273:1 73688:2
picf	69814:1
picosatellit	69179:2
picot	71616:1
picq	67938:5 73876:3
picqu	68641:1
piec	67068:1 69541:1 70421:1 70918:1 71836:1 71842:2 73431:7 73683:1 74745:1
pied	67938:1 73684:3 73877:1 74169:1 74749:1 75459:1
pieg	69540:3 74744:1 76206:1
piercan	75464:1
pierr	67068:1 67798:1 67799:1 67937:1 68273:2 68277:1 68383:1 68384:1 68387:2 68643:1 68881:4 69533:1 69812:1 70421:1 70424:1 70743:1 70916:1 71360:1 71842:5 72117:2 73876:6 73882:1 74172:1 74450:1 74744:1 74746:1 75063:1 75070:1 75460:1 75789:2 76213:7
pierrot	67068:1 67383:4
pieux	74455:1
pigment	72630:4
pign	74746:1
pil	67797:4 68884:1 74174:2 75789:1
pili	73182:1
pilot	67385:2 67799:1 68275:1 68639:1 68882:1 68883:1 69178:2 69538:1 69813:1 70162:1 70165:1 70421:1 70744:1 71362:1 71837:1 72114:1 72392:2 72634:1 72637:1 72933:3 74450:1 74452:1 74746:1 75066:1 75457:1 75458:1 75789:1 75792:1
pilotag	68884:1 69177:2 69179:1 72637:2 72936:1 72937:1 75791:1 75792:1
pin	69816:3
pinc	69540:1
pionni	67937:1 68641:1 68881:1 71621:2 71842:1 72935:1 73182:1 74449:1 74450:1
pip	74450:1
piqu	67937:1 69813:1
pir	69177:1 73684:1
pirater	75789:1
pist	67385:1 67391:1 67561:1 68882:1 69534:1 69538:1 69813:1 70161:1 71366:1 71617:3 71835:1 72394:1 72398:1 75790:1
piti	68384:1
pixel	67554:1 68881:4 70424:1 72401:1
pizz	75462:1
piégeag	72632:1
piétin	73182:1
piézometr	69537:1
pla	76514:1
plac	67385:1 67555:1 67558:2 67795:1 67800:1 67938:2 67939:3 67941:1 67943:1 68273:1 68275:1 68276:1 68277:1 68279:1 68383:2 68385:1 68882:3 68883:1 68885:1 68887:1 69179:1 69181:1 69182:1 69537:1 69812:1 69813:3 69816:1 69818:1 70161:3 70162:1 70164:1 70420:2 70424:1 70425:1 70426:1 70748:1 70749:1 70914:1 70920:2 71357:3 71358:1 71361:1 71363:3 71619:1 71621:2 71838:1 72113:1 72114:1 72116:1 72119:2 72393:3 72395:1 72399:1 72629:1 72637:1 72936:1 73182:5 73185:5 73430:2 73432:1 73434:1 73683:2 73684:2 74167:1 74168:1 74169:1 74450:2 74746:1 74749:2 74752:1 75063:1 75065:3 75070:1 75457:3 75458:1 75790:1 75793:2 76207:2 76209:2 76211:1 76213:1 76507:1
placebo	72117:1 72935:1 75065:1
plain	68389:6 69816:3 72630:1
plais	67937:1 72631:1 72932:3 73182:1 73684:1 74449:2 74749:1 74752:2 76209:4
plan	67071:1 67554:1 67803:1 67937:1 68273:1 68279:1 68643:1 69541:1 70162:1 70420:1 70424:1 70744:1 70914:1 71619:1 72395:1 72630:1 72634:1 72635:1 72936:1 72938:2 73184:1 73430:1 73432:1 73877:2 74449:1 74748:1 75790:1 75792:2 75795:1 76206:1
planair	72635:1
planch	69541:1 73183:1 73683:1
planchent	73182:1
plancton	73183:4
planet	67071:1 67794:1 68387:1 69811:1 69814:1 71614:1 72940:1 73185:1 73434:1 73880:1 76210:1 76213:2
planif	74456:1
planifi	70162:1
plant	67071:1 67387:7 67794:1 67800:3 68279:1 68387:2 68389:1 68643:2 68645:1 69182:7 69817:7 70420:20 71618:2 71837:3 72630:10 73433:1 73684:6 74457:1 75458:7 76213:1 76511:1 76516:2
planteur	74457:1
plantul	70420:1
planétair	69533:1 70163:1 75458:3
planétolog	69819:1
plaqu	67554:1 74171:1
plaquet	69184:2 76210:3
plasm	74168:8 75064:1 75459:1
plasmiqu	72116:1
plastilax	72634:1
plastipol	70752:2 72634:1
plastiqu	67389:1 67556:1 68887:1 70167:1 70752:1 72114:1 72630:2 72634:3 73183:1 73687:1 73877:1 75464:1
plasturg	70752:2 72634:4
plat	67798:1 67939:1 68277:3 68279:9 68638:3 68640:1 68642:1 69177:1 69181:1 69182:4 69534:1 74449:1 75069:1 75788:3 75789:4 75792:1 76514:2
plateau	67795:1 68638:1 72119:1 73684:1
plateform	67391:1 68385:1 68393:1 68884:3 69180:2 69812:4 69817:8 70162:3 70420:7 70426:2 70914:1 70923:6 71359:11 71836:1 71842:1 72116:1 72633:1 72939:1 73190:1 73432:3 73437:1 74168:2 74452:2 75063:1 75064:1 75068:2 75457:2 76208:1 76507:1 76516:1
platform	73879:1
plausibl	71357:1
plaît	74457:1
plein	67068:1 67798:1 68279:1 68643:1 68885:1 69817:1 69821:1 70162:1 70166:1 70420:1 70421:1 70422:1 70744:1 71357:1 71614:1 71835:1 72113:1 72116:1 72396:1 73185:1 73683:1 73684:1 73687:1 74449:1 74455:1 74457:1 74748:1 75458:1 75461:1 76511:2
plexigl	68886:3
plomb	69178:2
plong	69540:1 70421:2 72397:1
plongeur	73190:1
plos	71843:1 73688:1
ployag	73683:3
pltp	73184:5
plui	67796:1 67939:1 70916:4 75458:2
plupart	67386:1 68643:2 69534:1 69812:1 69816:1 70746:1 70753:1 72115:1 72634:1 73182:1 73184:1 73876:1 73879:1 74454:1
plur	74169:1 75460:1
pluriannuel	68279:1
pluridisciplinair	71615:1 73183:1 75460:1
pluridisciplinar	67068:3 68276:1 70745:1 72398:1 73431:1
pluriel	76213:1
plusieur	67068:1 67385:1 67795:1 67802:2 67803:1 67937:2 67939:2 67942:2 68273:1 68274:1 68279:2 68390:1 68638:1 68645:1 68881:1 68882:1 68883:1 68885:2 68887:1 69179:1 69180:1 69183:1 69184:1 69533:1 69534:2 69537:1 69813:1 69816:1 69817:3 70163:1 70165:1 70166:1 70167:2 70420:1 70422:1 70424:1 70745:1 70916:3 70917:1 70922:1 71359:1 71612:1 71616:1 71621:1 71835:2 71842:3 71843:1 72115:3 72116:1 72394:1 72395:1 72396:1 72398:1 72629:2 72630:1 72631:1 72633:1 72634:1 72932:5 72937:1 73182:1 73184:2 73186:1 73187:1 73431:1 73432:1 73435:1 73683:1 73876:1 73878:1 74167:1 74169:1 74172:1 74173:1 74449:2 74453:1 74457:1 74746:1 75065:1 75457:1 75460:2 75462:1 75790:1 75792:2 75793:1 76209:1 76213:1 76508:1 76511:2 76512:1 76513:1 76515:1 76516:2
plutonium	70915:1
plutôt	68881:1 68882:1 70161:1 70166:1 70424:1 71357:1 72114:1 73183:1 73683:1 74449:1
pluviometr	75458:2
pléiad	71836:14 72120:1
pléni	69820:1 71363:1 73691:1 75796:2
pléïad	69177:2
pme	67388:1 67553:7 67941:1 67945:2 68383:1 68885:1 69541:1 70162:1 70166:2 70420:1 70914:3 71612:2 71614:2 71840:3 71842:2 72114:5 72118:1 72395:6 72396:1 72634:5 73430:3 73435:1 73687:2 73691:1 74167:6 74169:2 74172:1 74455:4 74748:1 74749:3 75063:5 75066:1 75461:1 75462:1 75789:1 75795:2 76211:1 76507:1 76508:2 76511:2 76512:1
pmi	67945:1 68383:1 68885:1
pmrc	69533:1
pnas	68886:1 69184:1 70746:1
pnb	71619:1
pneumophil	69183:1
pnra	70749:1
poc	71615:1
poch	69812:1 71612:1 71614:1 72932:1 73685:1 74450:1 74457:1 75790:1
poid	68385:1 68640:1 68883:2 69179:1 69535:1 71366:1 73430:1 74170:1 74450:1 75792:1
poign	72115:1 72631:1 72634:1 73430:1 73434:1
poincar	67940:2 68276:1 71835:3 72932:3
point	67068:1 67386:1 67553:1 67554:1 67555:1 67800:1 67939:1 68273:1 68274:1 68277:1 68383:1 68384:1 68385:1 68638:1 68645:1 68882:1 68884:1 68885:1 69183:1 69534:1 69813:1 69820:1 70161:1 70162:1 70165:1 70425:1 70743:1 70747:1 70914:2 70919:1 70921:1 71357:1 71363:2 71612:1 71614:1 71836:2 71838:1 71839:1 72114:1 72118:1 72119:3 72394:1 72397:1 72629:1 72634:1 72636:1 72933:1 73432:1 73433:1 73683:1 73690:1 73880:2 73883:1 74168:3 74174:1 74176:2 74450:1 74452:1 74457:2 74744:1 74745:2 74749:1 75063:1 75069:1 75070:3 75457:1 75461:1 75464:2 75788:4 75791:1 75793:1 75796:1 76206:1 76213:3 76507:2 76510:1 76511:1
pointill	70744:1
pointu	68881:1 70749:1 72394:1
pointus	76507:1
poinçon	68274:1
poisson	67383:1 68387:1 68388:2 69811:1 71621:2 73183:1 74449:1 76213:1
poiti	71358:1 76509:1
polair	67939:1 69179:1 73183:3
polar	73183:3 75070:1
polaris	68280:1 68886:1
polic	68274:1 70162:1 72633:1
poligny	67388:5 68885:4
polit	67794:2 68275:1 68383:1 68392:1 68642:1 68645:1 69533:3 69534:1 69538:1 69813:1 69821:1 70161:1 70164:2 70914:1 70916:1 71357:3 71358:2 72113:1 72396:1 72401:1 72629:1 72939:1 72940:1 73183:1 74175:1 75796:1
pollen	67800:1 68645:6
pollin	67800:1
pollu	68388:1 68645:2 69178:1 70425:1 72114:1 72392:1 74453:1
pollut	67386:1 69811:1 72399:1 73183:1 76511:1
pologn	67555:1 68642:1 71361:1 73875:1 75069:1
polon	67945:1
poloïdal	74168:1
poly	72116:1
polygon	70421:2
polymer	70167:1 70423:4 71612:1 72634:1 73436:2 74750:2 75065:3 75067:1 75464:4 76210:2 76514:1
polymorph	73430:1
polyméras	67556:1
polynes	73684:8
polyphas	75067:1
polyphenol	68387:1
polyphénol	68387:6 74169:1 76511:1
polysaccharid	69183:1
polystyren	70423:2
polytechn	68638:7 68639:1 68645:1 69180:1 69819:1 70916:1 71361:1 71362:1 72398:6 72633:1 72932:2 72934:1 73182:1 73186:1 73188:1 74450:1 75796:1 76206:1 76208:1
polytechnicien	74450:2 76208:1
polythiophen	75070:3
polyvalent	68888:1 69179:1 75458:1
polyéthylen	75789:1
pomey	73683:8
pomm	68273:2 74752:2
pommi	72401:1
pomp	69818:2 76509:1
pompag	71363:1
pompi	68274:2 70162:2 70421:18
pompéi	75788:2
poncelet	75462:3
ponchon	70918:1
ponctu	69819:1 71837:1 72629:1
ponctuel	69181:1 75070:1
ponctuent	72940:1
pont	70916:1 71621:1 72396:1 73875:1 74172:1 74450:1
popul	67071:1 67385:1 67556:1 67794:5 67938:1 68645:2 68646:1 69538:1 69813:1 69815:2 69821:1 70162:1 70422:1 70746:1 70916:1 70917:2 71618:1 72396:1 73183:1 73435:1 73684:1 74449:1 74453:1 74746:4 74749:1 75064:1 75069:3 75458:3 75460:1 75465:2 75793:1 76213:1
por	70746:1
poreux	68390:1 73683:1 74454:1
poros	67387:1
port	67386:2 67555:1 67798:1 67799:1 67941:2 67945:1 68274:7 68275:2 68277:1 68279:2 68393:1 68887:3 69178:1 69535:1 69537:1 69818:2 70421:1 70745:1 70751:2 70752:1 70914:2 70918:1 71357:1 71362:1 71618:1 71835:1 71842:1 72394:1 72395:1 72398:2 72632:1 72634:2 72932:2 72938:1 72939:1 73430:1 73432:1 73437:1 73685:1 73882:1 74168:1 74449:1 74450:1 74453:1 74457:1 74746:1 74749:1 75067:2 75071:1 75459:1 75465:1 75466:1 75789:1 76509:1 76515:1 76516:1
portabl	67554:3 70747:1 76507:1
portag	75069:1
portail	74746:1
portefeuill	70923:1 71360:4 72395:1
portent	67554:1 73431:1 73684:1 75789:1 76206:1 76213:1
porteur	67556:1 67938:1 73432:1 73438:1 74457:1 75465:1
porteux	67940:1 72935:1 73182:1
porti	73685:1
portion	74449:1
portrait	68276:1
portugal	67945:1 68281:1 68642:1 74170:1
portzamparc	73875:1
pos	67794:3 67798:1 67937:1 68275:1 68279:1 68383:1 68882:1 69821:1 70425:1 70919:1 71359:1 71614:1 72114:2 72630:1 72632:2 72940:1 73182:2 73683:1 74752:1 75457:1 76206:1 76213:1
posent	68276:1 68638:1 68643:1 72401:1 73182:2 74751:1
posit	67555:2 67801:2 68387:1 69183:1 69540:2 69818:1 70166:1 70744:1 71366:1 71614:1 71842:1 72117:1 72119:1 72634:1 74168:1 75458:1 75788:1 76511:1
position	67553:1 68273:1 68383:1 68643:2 69818:1 70166:1 70753:1 71836:1 72392:1 72629:1 73875:1 73878:1 74167:2 74749:1 75064:1 75466:1 75789:1
positron	72934:1
possed	67390:1 68392:1 69186:1 69815:1 70425:1 72115:1 72629:1 73687:1 73875:1 73879:1 75067:1 75462:1 76211:1 76213:1
possibil	67554:1 67937:1 68273:2 68275:1 68882:2 68883:1 69533:1 69536:1 70421:2 70747:1 70914:1 71357:1 71362:1 72115:1 72932:1 72933:1 72934:1 73879:1 74168:1 74452:1 75063:1 75457:1 75461:1 75464:1 75788:2 75792:1 76212:1 76510:1
possibl	67068:2 67383:2 67385:1 67386:1 67553:1 67554:1 67558:1 67794:2 67795:1 67798:1 67801:1 68279:1 68280:1 68388:1 68882:1 69178:1 69182:1 69183:1 69535:1 69540:3 69811:1 70162:2 70743:1 70744:2 70746:1 70914:1 70916:2 70921:1 71357:2 71617:1 71836:1 71838:1 72115:1 72397:1 72934:1 72939:1 73184:1 73431:1 73432:1 73434:1 73435:1 73683:1 73876:1 74167:1 74168:1 75065:1 75067:1 75070:1 75071:1 75459:2 76208:1 76510:1
possèdent	72932:1 73185:1
possédon	72393:1
post	68387:2 69812:1 70162:1 70918:1 71361:1 71612:1 71837:1 72113:1 72394:1 73182:1 73686:1 75064:1 75068:1 75457:1 75789:1 76206:1
postbac	75071:1
postdoctoral	75790:1
poster	72939:1 74449:1 76516:2
posterior	72394:1
postfac	69821:1
postul	75457:1
postulat	70751:1
postur	72637:1
poséidon	73434:2
pot	69182:2 70420:1
potential	67391:1 70162:1 72115:1 72630:1 73432:1
potentiel	67068:1 67383:2 67389:1 67555:1 67797:2 68279:1 68391:1 68881:1 69181:1 70421:2 71614:1 71618:1 72113:1 72115:1 72118:1 72401:1 73433:2 73875:1 73878:2 73879:1 74167:1 74748:1 74750:1 75067:2 75458:1 75465:1 75788:1 75790:1 75792:1 76208:2 76508:1 76511:1
poudr	68644:1 69819:1 70166:1 76210:2
poughon	72114:5
poul	72120:1
poumon	68881:1
pourcentag	68276:1 69816:1
pourquoi	67389:1 67937:1 67938:1 69178:1 70749:1 70751:1 71359:1 71612:1 71614:1 72115:2 72392:1 72396:1 72631:1 73185:1 73430:1 73433:1 73877:1 74173:1 74752:1 75459:1 76511:1
pourr	67068:1 67385:1 67388:1 67390:1 67391:1 67553:1 67558:1 67801:1 67939:2 67941:2 68280:1 68383:1 68385:1 68387:1 68390:1 68638:2 68644:1 68881:1 68883:2 68886:1 68887:1 69183:1 69184:2 69534:1 69535:1 69540:1 69812:1 69813:1 69818:1 70165:2 70420:2 70421:3 70425:1 70744:1 70747:1 70916:3 70918:1 70919:2 71357:2 71358:1 71618:2 71837:1 71843:1 72116:1 72631:4 72634:1 72635:2 72933:1 72934:2 72935:2 73184:2 73187:1 73188:1 73190:1 73430:1 73432:2 73683:1 73684:1 73685:1 73688:2 73877:2 73878:1 73879:2 74167:1 74170:1 74173:1 74450:1 74746:1 74752:1 75063:3 75067:1 75461:1 75788:2 75789:4 75790:1 75794:1 76509:1 76511:1
pourrion	71617:1
pourron	70420:1 74449:1
pourront	67554:1 67939:4 67943:1 68645:1 69178:1 69181:1 69535:1 69536:1 69817:1 70163:1 70165:1 70923:3 71359:2 72395:1 72400:1 72939:2 73186:1 73188:1 75464:1
poursuit	67068:1 67383:1 67388:1 67794:1 70166:1 70917:1 71362:1 71837:1 71840:1 72629:1 72932:1 73434:1 73684:2 73875:3 73880:1 74169:1 75065:1 76206:1 76511:1
poursuiv	70749:1 70914:1 73685:1 74745:1 76206:1 76510:1
poursuivent	67388:1 68383:1 72630:1 73184:1 73436:1 73880:1 74454:1
poursuivon	67798:1
poursuivr	68392:1 70425:1 70749:1 70915:1 70916:2 70918:1 71360:1 72394:1 72395:1 72396:2 72634:2 72635:1 73430:1 73875:1 74170:1 74746:1 74752:1 75457:1
pourt	67554:1 68383:1 68882:1 70161:1 70420:1 70745:1 71835:1 73185:1 73187:1 73432:1 73683:1 73879:1 74167:1 76209:1 76210:1 76507:1
pourtour	70916:1
pourvoi	70164:1
pouss	67068:1 67939:1 68387:1 68643:1 68882:1 69179:1 71357:1 71617:1 71835:1 73434:1 73684:1 75458:1 75794:1
poussi	68273:1 74168:1
poutin	68638:1
poutr	70919:2
pouv	67388:2 67391:1 67939:1 68276:1 68390:1 68645:1 68886:1 68887:1 69537:1 69540:1 70161:1 70422:1 70745:1 70918:1 71618:1 71835:1 71842:1 72114:1 72115:1 72634:1 72934:1 73185:1 74168:1 74750:1 74752:1 75063:1 75066:1 75459:2 75463:1 75791:1 76210:1
pouvoir	67383:1 67389:1 67390:1 67391:2 67553:3 67802:2 68273:1 68275:1 68638:1 68881:1 68886:1 69178:1 69535:1 69539:1 69813:1 69815:1 69817:1 69819:1 70161:1 70162:1 70166:1 70420:4 70421:4 70424:1 70425:1 70748:1 70914:1 70915:1 70916:1 70923:1 71357:1 71359:3 71360:1 72114:1 72393:1 72631:1 72932:1 73183:1 73184:1 73185:2 73431:2 73432:3 73683:1 73684:1 73686:1 73877:2 74169:1 74170:1 74171:2 74172:1 74450:2 74744:3 74745:2 74746:1 75064:4 75069:2 75458:1 75460:1 75788:4 75790:1 75791:1 75792:2 76208:1 76511:1
pouvon	67795:2 69177:1 70161:1 73875:1 74167:1
ppb	70425:1 71612:1
pphd	69817:3 70420:7
ppq	70425:2
prac	70914:2
practical	73185:1
prair	68279:1 71618:1 71837:1
praticien	68277:1
pratiqu	67383:1 67392:1 67555:1 67801:3 68279:1 68885:1 69537:1 70421:1 70921:1 71362:1 71616:1 71836:1 72113:1 72401:1 72630:1 72636:1 72937:1 73184:1 73431:1 73438:1 73683:1 73685:2 73876:2 73883:1 74169:1 74172:1 74454:2 74455:1 74748:1 75069:1 75071:1 75458:1 75793:1 75797:1 76211:1 76513:1
pratiquent	67068:1 70420:1 70745:1 73431:1
pre	72116:1 72938:1
prec	67068:1 67387:1 68881:1 69533:1 70424:2 71615:1 74744:1 76208:1 76511:1
precisio	68279:1
pred	67554:1 68881:1
prefalc	71362:1
premic	73685:1
pren	67386:1 67553:1 67938:1 68645:1 70421:1 71362:1 71835:1 72631:1 72637:1 72932:1 72933:1 73684:1 73881:1 74167:1 74744:1 75792:1
prend	69813:1 71357:1 71361:2 74167:1 74456:1 74750:1 76511:1
prendr	67553:2 67937:1 67939:1 68883:1 69538:1 69540:1 70161:1 70163:1 71357:1 71359:1 71619:1 71620:1 71621:1 71835:2 71837:1 72113:1 72120:1 72392:2 72932:1 72935:1 73185:1 73186:1 73434:1 73684:1 73876:2 74167:2 74744:1 74745:1 74749:1 75457:1 75459:1 75791:1 76507:1
prennent	69533:1 75794:1
prenon	74749:1
pres	67556:2 67796:1 67937:1 68274:1 68384:1 68387:2 68641:1 68645:1 68646:1 69179:1 69542:1 69812:1 69813:1 69821:1 70743:1 70914:1 70916:3 71358:1 71360:1 71616:1 71841:1 72113:1 72119:1 72392:1 72393:1 72394:1 72630:2 72632:1 72932:1 72934:1 72935:2 72940:1 73184:1 73186:1 73435:1 73438:1 73683:1 73684:1 73691:1 73875:3 73879:1 73882:1 73883:1 74172:1 74746:1 74748:1 74749:1 75065:1 75068:1 75458:1 75466:1 75788:1 75795:1 76508:1 76510:1
prescrir	75458:1
prescrit	74455:1
present	73691:1
president	71617:1
presqu	67391:1 68881:1 71835:1 72394:1 73432:1 73683:1 75464:1 76206:1
press	68274:2 69177:1 69813:1
pressent	69181:1 73430:1
pression	70426:2 70915:1 70918:1 72397:1 73435:1 74168:2 74745:1 75066:1 75067:3 75458:2
prestat	67799:1 68885:2 75068:1
prestatair	74456:1
prestig	69811:1
prestigi	67937:2 68881:1 70161:1 70422:1 70429:1 70923:1 71835:1 72932:2 72936:1 74450:1 75788:2 76208:1
preuv	67795:1 67937:1 68383:1 69821:1 70421:1 70918:1 71359:1 71840:1 72113:1 73431:1 73684:1 73686:1 74167:1 74172:1 74752:1 75458:2 76206:1 76508:1
prid	67561:1 68393:1
priest	71616:1
prim	70422:1 73435:1
primair	68642:1 71619:1 71841:2 72631:2
primit	75065:2
primordial	76208:1
princ	73183:2
princeton	70422:1 71835:2 72932:5
princip	69540:1 70746:1 70747:1 70915:1 72118:1 72397:1 73683:2 75065:1 75793:1
principal	67071:1 67388:1 67390:1 67553:3 67795:2 67800:1 67804:1 67938:1 67939:1 68273:1 68276:1 68383:1 68389:2 68642:3 68643:1 68886:1 69177:1 69178:1 69179:1 69535:2 69536:1 69537:1 69815:2 69818:1 69821:1 70162:1 70914:1 71357:1 71360:1 71363:1 71619:3 72114:1 72393:1 72395:1 72629:1 72634:1 72932:1 73184:1 73430:1 73431:1 73878:2 74453:1 74455:2 75458:3 75465:1 75466:1 75796:1 76206:1 76213:1
printemp	68883:1 71362:1 72629:2 73430:1 73683:1 73685:1
prion	76511:1
prior	69821:1 72940:1
priorit	67943:1 68383:6 71840:1 73877:2 76209:2
prioritair	73877:1 74748:1
pris	67555:1 67801:3 67942:1 68274:1 68387:2 68886:1 68889:1 69177:2 69182:1 69533:1 69813:1 69816:1 70161:1 70424:1 71618:1 71836:3 71837:1 72113:2 72393:1 72396:1 72629:1 72630:1 72935:1 73182:1 73187:2 73430:1 73431:1 73684:1 73685:1 73687:1 74169:2 74449:2 75063:1 75064:1 75457:1 75458:1 76213:1
priv	67383:1 67803:1 67945:1 68642:1 68643:1 69538:1 70166:1 70753:1 71357:2 71360:1 71361:1 71615:1 72113:1 72394:1 74169:1 75068:1 75792:1 75795:1
privat	72935:1
privileg	71357:1 73875:1 76209:1
privilégi	68885:1 69535:1 69812:1 71357:1 72394:1 73881:1 75458:1
prix	67068:1 67937:11 68273:1 68274:2 68641:2 68881:2 68882:1 70168:1 70751:1 71612:1 71835:1 72115:1 72630:1 72633:1 72634:1 72932:8 72933:6 73185:1 73190:2 73435:3 73438:1 74169:1 74450:1 74746:1 75066:2 75790:1 75797:1 76208:1 76509:1 76516:1
pro	68274:1 75793:1
prob	69537:1
probabl	70749:1 71359:1 74170:1 76213:1
probiot	75067:3 75462:1
problem	67383:2 67386:1 67801:1 68274:1 68276:1 68383:1 68643:3 68645:2 68881:1 68883:1 68885:1 69177:1 69539:1 70161:4 70421:1 70423:1 70425:1 71621:1 71835:1 72113:1 72394:1 72629:1 72634:1 73182:6 73434:1 73683:2 73876:1 74167:1 74168:3 74457:1 74744:1 75457:1 75458:2 75465:1 76210:1 76509:1
problémat	67553:1 67803:1 68280:1 68383:1 69178:1 69541:3 69820:1 70161:2 70170:1 70751:1 71357:1 71362:1 72120:1 72398:1 72938:1 73183:2 74746:1 74749:1 75064:1 75464:1 76212:1
proced	67385:2 67390:1 67554:6 67561:3 68276:1 68278:1 68881:1 68882:1 69179:1 69534:1 69814:1 69819:2 70166:1 70425:2 70426:1 70920:1 71362:3 71845:2 72114:1 72393:1 72394:2 72399:1 72630:2 72634:1 72635:1 73186:1 73436:1 73683:4 73878:1 74454:1 75064:1 75065:1 75069:2 75792:8 76207:1 76210:1
proceeding	68886:1 69184:1
procervix	72935:3
process	67554:2 68278:1 68882:1 72114:1 76511:1
processeur	67554:1 73879:9 74745:1
processing	68882:1
processus	67556:1 68277:1 68639:1 68887:1 69184:1 69539:3 70167:1 70426:1 70746:1 70914:1 70916:1 71361:1 71840:1 72113:1 72116:1 72117:1 72394:1 72630:1 73431:2 73432:2 73882:1 74451:1 74749:1 74750:1 75064:1 75067:1 75458:1 76210:1
proch	67383:1 67388:1 67392:3 67801:1 67802:1 68276:1 68643:2 69819:1 70163:1 70420:1 70424:1 70425:1 71357:1 71617:1 71836:1 72631:1 74449:1 75789:1 76210:1
prochain	67386:1 67388:1 67389:1 67555:1 67794:3 67795:2 67937:1 67939:1 67941:1 67944:1 68389:1 68883:2 69186:1 69534:1 69535:1 69543:1 69811:1 69817:1 70420:2 70428:1 70429:1 70744:1 70749:3 70916:2 70918:1 70920:1 70921:1 71363:1 71614:1 71616:1 71835:1 71837:1 71840:1 71842:1 72116:1 72119:1 72392:1 72396:1 72932:1 72939:2 73186:1 73430:1 73431:2 73432:1 73434:1 73683:2 73687:1 73875:1 73876:1 73880:1 74167:1 74169:1 74170:1 74171:1 74172:1 74745:1 75071:1 75457:3 75459:3 75460:1 75462:1 75793:1 76209:2 76508:3 76509:1 76512:1 76513:2
procur	72631:1 75458:1
procurent	73877:2
procédur	69178:1 73435:1 74454:2 76207:1
product	67385:2 67390:1 67391:3 67794:2 67796:1 67800:1 67802:1 67945:1 68273:1 68278:1 68279:2 68283:1 68385:1 68881:1 68882:2 68885:1 68887:1 69184:2 69538:4 69541:1 69811:1 69819:1 70426:1 70914:1 70920:1 71362:1 71366:2 71614:1 71842:1 71843:1 72393:1 72630:3 72933:4 73182:2 73184:1 73185:1 73433:1 73436:2 73684:4 73687:1 73877:2 73881:1 73882:1 74168:1 74169:3 74174:1 74455:1 74746:1 75063:1 75064:1 75068:1 75069:1 75458:1 75463:4 75792:1 76213:4 76507:2 76510:1 76513:1
producteur	68273:3 68881:2 69812:1 69821:1 71357:1 72637:1 73877:1 74169:1 76206:1 76516:1
productric	67802:2
produir	67385:2 67391:1 67558:1 67794:2 67795:1 67943:1 68385:1 68390:1 68638:1 68644:2 69178:1 69813:1 69821:1 70420:1 70424:1 71357:1 72114:1 72397:1 72630:2 72932:1 72934:1 72940:1 73184:1 73434:1 73436:1 73684:3 73688:1 73878:1 74168:2 74173:1 74450:1 74455:1 74745:1 75458:1 75460:1 75461:1 75789:1 76213:1
produis	67388:1 67802:2
produisent	67801:1 68387:1 69819:1 73688:1 75070:1
produit	67068:1 67383:2 67388:3 67555:1 67557:1 67558:2 67794:2 67798:2 67937:3 67939:1 67942:1 68273:10 68274:8 68278:1 68279:1 68385:1 68387:1 68390:1 68391:3 68641:1 68642:1 68881:2 68882:3 68884:1 68885:5 68887:1 69177:1 69179:1 69181:1 69184:1 69534:6 69535:1 69538:1 69539:1 69811:1 69813:2 70162:1 70165:1 70166:1 70169:1 70421:2 70744:1 70919:1 70921:1 71359:1 71362:2 71616:1 71837:1 71841:1 72113:1 72114:1 72393:2 72395:1 72396:1 72397:1 72629:2 72630:4 72633:2 72634:5 72933:5 72934:1 72935:2 72939:1 73187:1 73431:1 73435:1 73684:2 73876:2 73877:4 73879:6 74167:5 74168:1 74450:3 74451:1 74455:2 74456:1 74744:5 74747:1 74748:1 74749:1 75065:1 75069:9 75792:4 75793:1 75797:3 76206:1 76207:1 76507:2 76508:2 76511:1 76513:2 76514:1
prof	70161:1 70748:1 76208:1
profess	67388:2 68273:1
professeur	67798:1 67937:2 67944:1 67945:1 68276:1 68277:1 68280:1 68281:2 68387:1 68646:1 68881:4 69539:1 70161:2 70426:1 70918:1 71360:1 71361:1 71835:1 72394:2 72631:1 72932:4 72938:1 73182:1 73431:2 73434:1 73437:1 73876:1 73879:1 74454:3 75458:1 75459:1 75462:1 75788:1 75791:1 76508:2 76511:1 76515:1
professionnal	69541:1 70166:1
professionnalis	70748:1 75457:1
professionnel	67383:1 67794:1 67803:1 67940:1 67944:1 68274:1 68392:1 68641:1 68885:4 68889:1 69535:1 69815:1 70165:2 70169:1 70753:1 71614:1 71842:1 72120:1 72122:2 72629:1 73182:3 73430:1 73689:1 73877:2 73884:1 74169:1 74746:2 74749:1 75063:1 75068:1 75457:2 75797:1 76212:1 76513:1 76514:1
profil	67553:1 67795:1 67939:3 71358:1 72394:1 73430:1 73880:1 75063:1 75071:1 75792:1 76212:1 76508:5 76512:1
profilent	76511:1
profit	68881:1 70164:1 70916:1 72396:1 73431:1 73875:1 74455:1 74745:1 75457:1
profitent	68281:1 73875:1
profond	67794:2 68279:1 69178:1 69181:1 70746:1 70915:1 70918:1 71366:1 73182:1 73430:1 73684:1 73688:3 73876:1 74750:1 75458:1 76211:1
profondeur	68383:1 70743:2 70916:1 73190:1 73688:2
programm	67071:1 67386:1 67554:1 67939:4 67940:1 67941:1 67944:2 67946:1 68639:1 68642:1 68881:1 68882:1 68883:1 68889:1 69177:1 69181:1 69533:1 69542:1 69543:1 69813:1 69814:1 69820:1 70422:1 70424:1 70428:1 70749:5 70751:1 70752:1 70916:5 71359:3 71362:1 71615:3 71616:1 71617:1 71619:3 71621:1 71835:2 72113:1 72117:1 72118:2 72393:1 72394:2 72395:1 72629:3 72630:4 72937:1 72938:1 73183:2 73186:1 73187:1 73430:2 73438:1 73684:1 73690:1 73879:2 73884:3 74168:2 74174:1 74176:1 74449:1 74450:1 74456:1 74744:1 74748:1 74749:3 75063:2 75065:1 75067:1 75071:2 75459:1 75460:1 75797:1 76207:2 76515:1 76516:1
progres	67553:1 67554:1 70923:1 72113:1 73432:2 74450:1 74745:1 74746:1
progress	67068:1 67556:1 67795:1 67800:1 68274:1 68275:1 68276:1 68279:1 68385:1 68643:1 68646:1 68882:1 69538:1 69814:1 70161:1 70162:1 70166:1 70420:2 70421:1 70917:3 71357:2 71612:1 71842:1 72115:1 72396:1 72398:1 72401:1 72630:1 72631:1 72634:1 72935:1 73184:1 73186:1 73431:1 73434:1 73683:1 73684:1 73876:1 74168:1 74752:2 75063:2 75069:1 75070:1 75457:1 75459:1 75462:1 76213:1 76510:1 76511:1 76512:1
proi	74167:1
project	69533:2 69541:2 70916:1 76515:1
projecteur	74457:1
projectil	73431:1
projet	67383:1 67794:1 67945:1 68275:2 68276:1 68277:1 68279:2 68383:1 68387:1 68392:1 68638:1 68885:2 69177:1 69179:1 69180:1 69534:1 69541:1 69811:1 69815:1 69816:1 69817:2 69818:1 70168:2 70420:2 70421:1 70745:1 70918:1 70921:1 70923:2 71357:1 71358:2 71360:2 71363:1 71619:1 72116:1 72118:1 72121:2 72392:2 72394:2 72395:1 72631:2 72634:2 72936:1 72937:2 72939:2 73185:7 73190:3 73430:1 73432:2 73691:1 73875:3 73876:1 73879:1 74172:3 74176:1 74449:2 74746:3 74748:2 74749:1 74751:1 75063:2 75066:1 75067:3 75068:1 75457:3 75458:1 75461:2 75465:2 75789:2 75790:5 75793:1 76208:1 76211:1 76511:2
prolactin	68887:1
prolifer	68387:1 68645:1 75460:1
prolong	67794:2 67798:1 69178:1 71842:1 73432:1 74168:1 74451:1
promess	70745:1 72396:1 73185:1 74746:1
promet	67385:1 67391:1 67801:1 67937:1 68882:1 69537:1 70161:1 70426:1 70920:1 72115:1 72632:1 74174:1 74746:1 75466:1 75789:1
prometteur	67554:1 67555:1 68273:1 68385:1 70745:1 72118:1 72392:1 73691:1 73876:1 73878:1 74449:1 75070:1
promot	67946:1 68888:1 69185:2 69541:2 71358:1 72395:2 73683:1 74450:1 75457:1 76516:1
promoteur	67802:1
promouv	69538:1 75792:1
promouvoir	68386:1 70748:1 70914:1 71361:1 72394:1 72629:1
promulgu	75457:1
pronostic	73432:2
propack	76514:1
propag	68645:1 68886:1 69539:1 69811:1 69813:2 71618:1 72932:8 74173:1 75794:1 76210:2
propagent	74173:1
propagnent	68886:1
propergol	69179:2
propic	67068:1 72932:1 73876:1
proport	67385:1 67388:1 67795:1 69534:2 73432:1
proportionnel	72935:1
propos	67068:2 67553:1 67554:1 67794:1 67795:1 67801:1 67938:2 68273:2 68274:1 68276:1 68279:1 68383:2 68387:1 68392:1 68638:2 68643:1 68645:1 68882:1 68885:1 69534:1 69535:1 69540:1 69541:2 69543:1 69818:1 69821:1 70165:2 70166:3 70169:1 70421:1 70422:1 70744:1 70751:3 71359:3 71366:1 71617:1 71619:3 71840:1 71843:1 72114:2 72118:1 72122:1 72392:1 72398:1 72629:2 72634:1 72637:2 72933:1 72934:1 72937:1 73182:1 73431:1 73432:1 73434:2 73436:1 73437:1 73689:1 73876:1 73877:1 73879:1 74168:1 74171:2 74176:1 74449:1 74451:1 74455:1 74745:1 74746:3 74747:1 74749:1 74752:1 75063:1 75067:2 75068:2 75069:3 75071:2 75457:3 75458:1 75465:1 75788:1 75792:1 75796:1 75797:1 76208:1 76212:1 76213:2 76507:1 76509:1 76510:1 76511:1 76513:1 76516:1
proposent	68276:1 72394:1
proposit	68383:1
proposon	68273:1 70161:1 70166:1
propr	67388:1 68273:1 69812:1 69816:1 70422:1 70425:1 70426:1 70744:1 71359:2 71614:1 71616:1 71621:2 72392:1 72932:1 72933:1 72940:1 73182:1 73183:1 73683:2 73876:1 74455:1 75065:1 76207:2 76209:1 76509:1 76511:1
propranolol	72117:1
propret	73684:1
propriet	67388:1 67389:5 67390:2 67558:2 67802:1 67939:1 68280:1 68390:2 68644:1 69186:4 69537:1 69539:1 70163:1 70167:1 70421:1 70424:1 70746:1 71612:1 71614:1 71616:1 71840:1 71843:3 72634:1 73436:1 73878:1 74750:1 74751:1 75070:1 75790:1 76510:1 76511:1
propriétair	67797:1 71616:1 73431:1 73683:1 73686:1
propuls	68644:1 68883:1 69177:1 69179:3 70163:1 71617:1 73683:1 74745:1
propulseur	69179:1 73190:1
pros	74749:1
prospect	67939:1 68638:1 68642:1 69535:1 70422:1 70914:1 71357:6 71837:1 72395:2 72398:1 72629:1 73690:1 74456:1 75458:1 75465:1 76209:2
prost	68387:1 73184:1 75789:2 76511:6
protect	67553:1 67557:1 67939:1 68643:1 69177:1 69811:1 70917:1 71360:1 72115:1
protecteur	68388:2
protection	69535:1
proteg	67553:1 68274:1 68283:1 68882:1 69816:1 71614:1 74167:1 75458:4 75462:1 76208:1
protein	73184:1 75459:1
prothes	71614:1 74750:1 76508:2
protib	74746:1
protip	74454:6
protocol	67386:2 67802:1 68279:1 68638:2 71359:1 73687:1
proton	74168:3
prototyp	67383:2 67554:1 67940:3 67941:2 68881:1 69817:1 70162:2 71359:1 72397:1 72933:1 73186:2 73187:1 73877:1 74450:2 74751:1 75789:1 76513:2
prototypag	75068:1 76513:1
protéin	67556:3 67801:5 68388:1 68390:1 69539:6 70420:1 71837:1 72115:6 72116:2 72394:1 72630:2 72631:3 73184:5 73878:1 74173:3 75069:1 75459:6 76213:3
protéiqu	67388:2
protéolyt	67388:1
protéom	74452:1
prouess	70425:2 72934:1
prouv	67554:1 67798:1 69815:1 76207:1
proven	67555:1 67795:1 68881:1 69542:1 69820:1 70166:1 71359:1 72115:1 72935:1 73684:2 73880:1 73884:1 75797:1
provenc	67553:1 68393:2 68885:1 71358:2 71845:1 72118:3 73683:9 75461:5 75789:1
provepharm	75461:2
proviendr	75463:1
proviennent	69533:1
provinc	73430:1 73684:3
provoqu	67937:1 68887:1 70424:1 76511:1
provoquent	70916:1
proxim	69535:2 73430:1 73875:1 74455:1 76209:1 76213:1
pré	67798:3 67799:1 70918:1 72121:2 72395:2 72938:1 73187:2 73432:1 73683:1
préalabl	69183:1 71618:1 73683:1 74750:1 75067:1 76212:1
précar	72631:1
précaut	70915:1
précieux	69184:1 73185:1
précipit	67939:5 69533:2 70916:1 75463:1
précisent	67794:1
précison	67388:1 67556:1 67557:1 67802:2 67939:1 67940:1 67941:1 67944:1 68275:1 68388:1 68393:1 68884:1 69181:1 69182:1 69533:1 69537:1 69541:1 69815:1 70162:1 70426:1 70743:1 70747:1 70919:1 70920:1 70923:1 71359:1 71361:1 72117:1 72121:1 72633:1 72935:2 73437:1 73686:1 73876:1 73880:1 73883:1 74176:1 74451:1 74452:1 74454:1 74750:1 75068:1 75071:1 75795:1 76208:1 76209:1 76210:1 76508:1 76510:1
préclin	68277:1 71360:1 75461:1 75793:1
précoc	67556:2 68646:1 70918:1 73432:1 73877:1 75065:1
préconis	67557:1 74749:1
précurseur	73432:1
précèdent	74449:1
précédent	67945:1 68640:1 68641:1 68883:1 69177:1 69533:3 69542:1 69815:1 70161:2 70916:1 72113:1 72118:1 72634:1 72932:1 73432:1 73683:1 73685:1 74171:1 74172:1 74451:1
prédat	72115:1
prédiag	74748:1
prédict	67392:1 71357:1 74744:1
prédir	67390:1 69816:1 71837:1
prédisent	71837:1
prédispos	67389:1
prédomin	71357:1
prédécesseur	71615:1 73430:1
prédéfin	73689:1
préfac	68276:3 74752:1
préfer	67937:1 68883:1 73185:1 75462:1
préfet	70162:1
préfigurent	72119:1
préférent	67555:2 70428:1 70746:1 70749:4 72631:1
préférentiel	68646:1
préhistoir	73431:1
préhistor	75788:2
préhistorien	75788:7
prélev	67801:1 70917:1 71838:1 73183:1 73432:1 75458:2
préliminair	67798:1 75065:1
prémic	73879:1 75063:1
prénom	70744:1
préoccup	68273:1 68383:2 68389:2 69535:1 70916:1 71357:1 71835:1 72637:1 73182:2 73430:1 73876:1 73877:1 74457:2 75457:1 75459:1 75792:1 75793:1
préoccupent	75791:1
prépar	67388:8 67939:1 67942:1 68384:1 69179:1 70162:2 70749:1 71363:1 71838:1 71843:1 72396:2 72636:1 74167:2 74175:1 74450:1 74752:1 75069:2 76507:1 76511:1
préparatoir	68888:1 71358:1 75071:1 75457:1
préparent	69816:1 76508:1
préparon	67555:1
présenc	68274:1 68388:1 68638:1 68885:1 68888:1 69542:1 70162:2 70424:1 70919:1 71618:1 72936:1 73183:1 73185:1 73430:1 73875:1 74168:1 74449:2 74744:1 74746:1 75460:1 75792:1 76210:1
présentent	67385:1 67388:1 67389:1 67391:1 67553:1 67554:1 67556:1 67558:1 68385:1 68388:1 69535:1 69537:1 70423:1 72114:1 72118:1 72634:1 73688:1 76210:1 76508:1
présentiel	76509:1
préserv	67068:1 67553:1 67795:1 68279:1 68283:1 68889:1 69534:2 69538:1 70161:1 71621:1 71835:1 72634:1 73877:1 74449:1 76511:2 76514:1
présid	68273:1 68279:1 68386:1 68643:1 71357:1 71842:1 72629:1 73182:1 73185:1 76515:1
président	67071:3 67553:1 67794:3 67937:2 68386:2 68643:1 68881:3 69177:5 69813:1 70165:1 70914:3 71357:2 71358:2 71616:1 71842:1 72113:7 72114:2 72392:3 72629:5 72634:1 72936:1 73182:8 73183:2 73187:1 73434:1 73684:5 73875:4 73878:1 73879:1 74167:1 74171:1 74172:1 74175:1 74453:1 74454:1 74456:1 74744:1 75066:1 75458:1 75795:1 76208:1 76507:1 76510:1 76511:2
présur	67388:5
présélection	68279:1
prétend	73182:1
prétendr	67553:1 69535:1 70422:1 74749:1
prétrait	67392:1
prévalent	68646:1 75065:1
préven	67799:1 70165:1 72935:1 74170:1
prévent	67799:1 67801:1 67945:1 68274:1 68387:1 68645:1 69534:1 69813:1 71616:1 72935:1 73431:1 73432:1 74453:3 75458:1 76514:1 76515:1
prévient	73876:1 75063:1
prévis	67939:3 69177:1 69533:2 69816:3 70745:1 70914:1 70916:14 73434:1
prévisibl	68881:1
prévision	70916:2
prévoi	75463:1
prévoient	69816:1 71838:1
prévoir	68886:1 70421:1 75064:1
prévoit	68384:1 69815:1 71616:1 71838:1 71839:1 72117:1 73186:1 74171:1 74451:1
prévoît	71842:1
prévu	68279:1 69534:1 69816:2 70424:1 70916:2 71842:1 72629:1 72936:1 73183:1 73683:1 74450:1 74749:1
prêt	67068:1 68881:1 70421:1 70426:1 72396:1 74455:1
prôn	72396:1 73434:1
prôt	73683:2
psa	68639:1 70161:1 70748:4
pslv	67939:1
psp	68646:1
pspc	71359:1 75789:1
psychiatr	71841:1 73187:1 74171:1 74453:1
psycholog	67798:1 72401:1 76206:4 76511:1
psychologu	72401:1
psychosocial	70428:1
pti	76514:2
ptychograph	68391:1
pu	67068:2 67383:1 67389:2 67391:1 67555:3 67558:1 67800:1 67937:2 68387:1 68882:1 69177:1 69182:1 69539:2 69540:1 69541:3 69811:1 69819:2 69821:1 70162:4 70166:1 70922:2 71836:1 72395:1 72396:3 72632:2 72634:1 73185:3 73431:1 73434:4 73437:1 73683:2 73685:1 73877:1 73879:1 74173:1 74449:3 74746:1 74752:1 75067:1 75458:1 75459:1 75793:1 76206:1 76207:1 76508:2 76511:1
publ	68276:1 68387:1
publi	67068:1 67071:1 67556:2 67558:1 67794:1 67802:1 67937:1 67938:1 68280:1 68383:1 68388:1 68389:1 68886:1 68887:1 69184:1 69533:2 69540:1 69816:1 69819:1 70167:1 70429:1 70746:1 70747:1 70753:1 70922:1 70923:1 71361:1 71617:1 71621:1 71835:1 71843:1 72113:1 72119:1 72397:1 72398:1 72401:1 72632:1 72635:1 72934:1 72940:2 73182:1 73184:2 73188:1 73189:1 73431:1 73436:1 73688:1 74167:2 74173:1 74449:2 74748:1 74750:1 74752:1 75463:1 75794:1 76210:1 76213:1 76508:2
public	67068:1 67794:1 67803:1 67940:1 67946:1 68275:4 68642:2 68884:2 69178:1 69535:1 70162:1 70164:2 70166:1 70748:1 70753:1 70915:1 71357:2 71360:1 71612:1 71835:1 72113:5 72392:1 72393:1 72633:1 72938:1 72939:1 73683:1 73875:2 73882:1 73883:1 74170:1 74171:1 74746:1 74752:1 75068:1 75071:1 75788:1 75795:1 75796:1 76516:1
publient	67938:1 68387:1 68882:1
publiqu	67068:1 67388:2 67801:1 68275:1 68277:1 68384:1 68391:1 68638:1 68645:2 69183:1 69811:1 69812:1 69813:1 70428:1 70745:1 70748:1 70749:1 70753:1 70919:1 71357:3 71361:3 71366:1 71614:1 71615:1 71837:1 71841:1 72113:2 72114:1 72393:1 72398:1 72401:1 72933:1 72939:2 73182:4 73432:1 73435:1 73690:1 74457:2 74746:1 75065:1 75465:1 75793:1 76508:1 76511:1 76512:1
puc	67554:5 70166:1 72116:1 72635:1 73879:1 76208:1
puis	67068:2 67383:1 67385:1 67798:1 67939:1 68383:1 68641:1 68644:1 68882:1 69812:1 70161:1 70164:1 70917:2 71835:1 71837:1 72114:1 72115:1 72392:1 72394:1 72395:1 72634:1 72932:1 73185:2 73430:2 73431:1 73434:1 73689:1 73879:3 74167:1 74168:4 75064:1 75459:1 76507:2 76511:1 76516:1
puisqu	67071:1 67383:1 67385:1 67391:1 67555:1 67795:2 67939:1 68391:1 68642:1 68881:1 69177:1 69178:1 69185:1 69537:1 69540:1 69812:1 69813:1 69819:1 70161:1 70162:1 70421:3 70744:1 70745:1 70917:1 71359:2 71615:1 71621:1 71836:1 72632:1 72936:1 73182:1 73431:1 73432:2 73434:1 73683:1 73875:1 73878:1 73879:1 74168:1 74450:1 75063:1 75064:1 75066:1 75460:1 76511:1
puiss	67554:1 67556:1 67796:1 69819:1 70163:1 71836:1 72119:1 72631:1 73432:1 75063:1 75459:1 75789:1 75792:1 76207:1
puissanc	68638:4 68887:1 69178:1 69814:2 69821:1 70421:1 70914:2 72119:1 72392:1 72630:1 72934:4 74168:2 74452:1 74745:3
puissent	67383:1 67553:1 68390:1 69819:1 70749:1 72634:1 73186:1 74749:1 75069:1 75794:1 76508:1
puission	72629:1 73683:1
puit	68283:1 71839:1
puls	68638:1 69178:1 70918:2 75067:1
pulvéris	73877:1
pupitr	73876:1
pur	69177:1 69816:1 72118:1 72393:1 73183:1 74169:1 76507:1
puret	72118:2
purif	70426:1 72118:2
purifi	71360:1
pusceddu	70916:1
puteau	75063:1
puzzl	71842:2
pwr	71619:1
pyren	70170:2 73434:1 73884:2 74450:1 74748:2 75066:5 75789:1 76512:1
pyréen	74450:1
pythagor	71835:1
pâteux	70166:1
pâtisser	74752:1
pâturag	70745:1
pécress	67068:1 67071:1
pédagog	67795:1 68281:3 69536:1 70421:1 70923:2 71362:1 72398:1 72939:1 73431:5 73437:3 73683:1 73687:1 73876:9 75457:2 76211:1
pédiatr	67555:1 72117:2
pédo	69537:1
pédologu	71837:1
pégas	71358:1 75789:2
pékin	68888:4
pénalis	76213:1 76508:1
pénetr	68889:1 70746:1 71614:1 72116:2 74173:1 76206:1 76207:1
pénibil	75791:1
pénur	74169:1
pépini	68277:1 75066:1 75458:3
pépit	75461:1
péren	67553:1 68283:1 71366:1
pérennis	75068:1
périmetr	72396:1 74744:1 74749:1
périod	67555:1 67939:1 68643:1 69533:1 70165:1 70749:1 70916:5 71357:1 72113:1 73432:1 73877:2 75457:1 75459:1
péripher	67554:1 68279:1 68643:1 69184:2 74455:1 74746:1 75063:1 75790:1
péripl	73185:1
pérou	73185:3
péruvien	73185:1
pétaflop	70914:1
pétrochim	68881:1 75066:1
pétrol	68278:1 70423:3
pétroli	70423:1 70914:1 71836:1 74450:3 75794:1
pêch	68388:1 69811:1 70917:1 73183:1 75460:1
pôl	67388:1 67555:1 67561:2 67795:4 67798:1 67799:1 67946:1 68273:2 68277:1 68279:4 68387:1 68393:2 68638:1 68643:1 68884:1 68885:13 69534:1 69542:1 69812:1 69817:2 69818:2 70162:1 70166:4 70420:1 70421:1 70428:2 70745:4 70752:1 70915:1 70921:1 71358:4 71359:3 71360:1 71619:2 71842:3 71845:2 72116:3 72394:1 72396:8 72631:2 72634:5 72938:1 73184:2 73431:1 73433:1 73434:1 73685:1 73687:4 73691:1 73875:1 73877:1 73879:2 74169:1 74172:5 74449:1 74453:1 74455:5 74746:2 74748:1 74749:3 75068:1 75069:1 75462:1 75465:1 75789:3 75792:1 75795:1 75796:1 76209:1 76507:4 76508:1 76509:1 76511:5
qdiv	69816:1
qua	68882:2 74457:1 76213:2
quadrillent	75788:1
quadrillion	70425:1
qual	75790:1
qualif	67068:1 69177:1 69179:4 70914:1 72394:2 73687:2 76507:1
qualifi	67388:1 68638:1 69177:1 69179:1 69534:1 69535:1 72392:1 72395:2 72933:1 73876:1 76511:1
qualifient	67068:1
qualigr	75790:1
qualimed	74169:1
qualit	67071:2 67388:3 67554:1 67794:1 67798:1 67800:1 67937:1 67945:1 68273:1 68279:3 68283:1 68643:1 68645:2 68881:2 68883:3 68885:5 69183:1 69534:2 69541:1 69816:1 69819:1 70161:2 70422:1 70745:1 70917:1 71361:2 71835:2 72115:1 72116:1 72394:1 72399:1 72634:2 72938:1 73182:1 73185:1 73430:1 73431:1 73684:3 73685:1 73877:2 74169:1 74450:2 74749:1 75069:4 75458:1 75793:1 75794:1 76206:1 76207:1 76209:1 76511:3 76514:1
quality	68645:1
quand	67553:1 67555:4 67795:1 67937:1 67938:2 67939:1 68274:1 68884:2 69813:1 69816:1 70161:2 70163:1 70166:1 70421:1 70422:3 70915:1 70919:1 71359:1 71614:2 71835:1 71840:1 71842:1 72114:2 72115:2 72393:1 72394:1 72629:1 73182:1 73431:1 73432:1 73684:2 73685:1 73876:1 73877:2 74168:3 74449:2 74745:2 74750:1 75458:1 75790:1 75792:1 76207:1 76507:1 76511:1
quant	67553:2 68279:1 68389:1 68882:1 69178:1 69179:1 69182:1 69533:1 69811:1 70161:2 70169:1 70421:1 70424:1 70429:1 70915:1 70916:1 71361:1 71617:1 72401:1 73183:1 73433:1 73683:1 73880:1 74169:2 74749:1 75067:1 75789:2 76209:1 76213:3 76509:1 76511:1
quantifi	67388:1 70916:1 75463:1 75793:1
quantiqu	70421:1 70747:3 70914:1 71839:1
quantit	67071:1 67385:1 67388:1 67555:1 67558:3 67794:1 67800:2 68643:1 69540:1 70749:1 70920:1 71361:2 72116:1 72392:1 72630:1 72932:1 72934:1 72939:1 73184:2 73187:1 73431:2 73432:1 73685:1 74168:3 74449:2 74452:1 75458:1 75788:1 75790:1 75794:1 76511:1
quantum	71839:1
quar	73877:1
quarantain	72630:1 74746:1 76508:1
quart	74168:1
quas	67942:1 68643:1 68881:1 69537:1 69816:1 69821:1 70745:1 71357:2 71359:1 71362:1 72113:1 72117:2 72629:1 72631:1 72636:1 72932:1 72933:2 72939:1 73432:2 73684:1 73685:1 73877:2 74167:1 75065:1
quatorz	75793:2
quatr	67068:2 67071:1 67383:2 67555:1 67795:1 67941:1 67943:1 67946:1 68383:1 68639:1 68886:1 69533:1 69534:2 70162:1 70422:1 70744:1 71357:3 71362:1 71618:1 72629:1 73185:1 73683:1 74449:1 75459:1
quatriem	67388:1 67794:1 68639:1 68882:1 69179:1 69534:1 69535:1 69543:1 70745:1 71357:1 71614:1 71617:1 71835:1 75067:1
quel	67388:1 67390:1 67554:1 67794:1 67795:2 67937:1 68283:1 68643:1 68645:1 68881:1 68882:1 69538:1 69539:1 69813:1 70161:2 70422:1 70425:1 70745:2 70915:1 70921:1 71358:1 71366:1 71835:2 72392:1 72401:2 72932:2 72940:2 73182:1 73183:2 73684:2 74168:1 74175:1 74450:1 74748:1 74749:3 75064:1 75069:1 75458:1 75462:1 75463:1 75790:1 76206:1 76209:2 76210:1 76213:1
quelqu	67386:1 67390:1 67555:2 67558:3 67800:1 67801:2 67937:1 67942:1 68274:1 68276:1 68280:2 68281:1 68383:2 68389:1 68391:1 68638:3 68644:2 69179:1 69535:1 69821:1 70161:3 70163:1 70166:2 70167:1 70169:1 70420:1 70421:1 70422:1 70425:1 70744:1 70745:1 70916:1 70919:1 70921:1 70923:1 71357:2 71358:1 71612:2 71621:1 71835:4 71836:1 71837:1 71840:1 71842:2 72113:1 72394:1 72396:1 72397:1 72629:2 72932:2 72933:1 72934:2 72937:1 73182:3 73184:1 73189:1 73430:2 73431:1 73432:2 73434:1 73438:1 73683:1 73684:1 73685:1 73688:1 73875:2 73877:1 73878:1 73879:2 74167:2 74168:1 74169:1 74450:1 74744:1 74747:1 74750:1 74751:1 74752:2 75065:1 75457:1 75458:2 75462:1 75789:1 75791:1 75793:1 75795:1 75797:1 76206:3 76208:1 76209:1 76507:1 76511:1
quentin	69533:1
quercypôl	75066:1
querleux	74744:2
question	67389:1 67553:1 67555:1 67794:3 67937:1 67939:1 68275:1 68383:1 68638:1 68642:3 68643:2 68882:2 69533:1 69821:1 70161:1 70163:1 70421:1 70749:1 71359:2 71363:1 71835:2 71837:1 72398:2 72401:2 72630:1 72932:1 72938:2 72940:2 73182:4 73184:1 73188:1 73877:1 74175:1 74457:1 74748:1 74749:1 74751:1 74752:2 75069:1 75463:1 75792:2 75793:1 76206:1 76209:1 76508:1
questionnair	67555:3 75793:8
quid	73877:1
quinoli	71360:1
quinz	67937:2 69819:1 76209:2
quinzain	67794:1 68646:1 68881:1 69821:1 70422:1 70916:1 71614:1 71837:1 72114:1 72394:1 72630:1 73182:1 73684:2 74171:2 74748:1 74749:1 75063:1 75458:1 76206:2 76507:1 76508:1 76509:1
quitt	68276:1 71842:1 73183:1 73430:1 75063:1 76206:1
quiz	68281:1
quoi	70161:1 71612:1 71835:2 72394:1 72940:1 76511:1
quotidien	67383:2 67554:1 67798:2 67801:1 68283:1 69817:1 70166:1 70420:1 70422:1 70429:1 70745:1 70746:1 70753:1 71359:3 71621:1 71835:2 71836:1 72113:1 72932:2 73190:1 73431:1 73684:1 73875:1 73879:1 74167:1 74450:1 74747:1 75070:1 75458:1 75459:1 75462:1 75792:1 75794:1 76507:1
québec	73185:1
quêt	73879:1 74168:1
qwip	71839:1
r	67940:2 67946:2 68383:3 68384:1 68885:1 69813:1 70166:2 70425:1 71615:1 71621:1 71840:1 71842:1 72113:1 72114:1 72118:4 72121:1 72392:2 72394:3 72398:1 72634:2 73182:2 73875:1 73876:1 73877:2 74167:1 74168:1 74172:1 74176:1 74450:1 74455:1 74749:1 74752:1 75063:2 75065:1 75067:1 76212:1 76513:1
rac	72934:2
raccourc	72119:1
rach	71614:2
rachat	73875:1
rachet	67383:1 71842:1
rachit	73431:3
racin	71837:1 73684:1
racinair	69817:3 70420:3
rack	69541:1
raczinsk	76508:3
radar	69811:2 70916:2 75789:1
raddian	75458:1
radeau	72116:4
radiat	67939:1 67942:1 68391:1 69179:2 69539:1 69819:1 73688:1
radical	68390:1 70161:1 75457:1 76511:5
radicalair	76511:5
radio	67386:1 67939:2 76208:1
radioact	69178:1
radiolog	70162:1
radiometr	67939:2
radionavig	67942:1
radioprotect	72392:1
radios	70747:2
radiosondag	70916:1
radiotox	69178:3
raffolent	71621:1
rafraîch	69818:1
raft	72116:5
raftom	72116:2
raid	73689:2 76212:2
raisin	73877:3 74169:10 76206:1 76512:1
raisol	74169:5
raison	67558:1 67795:1 67939:1 68389:2 68642:1 68882:1 69183:1 69537:1 69811:1 69821:1 70165:1 70916:1 70921:1 71617:1 72113:1 72934:1 73684:1 73685:1 73878:1 74167:1 74168:1 74169:1 74744:1 75065:1 75792:1 76210:1 76213:1 76507:1
ralent	68390:1 68646:1 70424:1 72629:1 74173:1 74749:1 75794:1
ralli	76212:1
rallong	73432:1
ram	70421:9 73683:1
ramen	67554:1 69177:1
ramn	72396:1
randomis	75065:1
rang	67943:1 70914:1 71361:1 73687:1 74745:1
ranjard	69812:5
rapatri	71842:1
rapen	72119:1
raphael	67802:1
raphaël	72932:1 74752:4
rapid	67383:2 67385:1 67553:1 67556:1 68274:1 68385:1 68387:1 68640:2 68886:3 69178:4 69183:4 69533:1 69540:1 69811:1 69819:1 70166:1 70420:1 70421:1 70424:1 70747:1 70916:2 71612:1 71617:2 71618:1 71836:1 71841:1 72394:2 72629:1 72630:2 72632:1 72633:1 72932:2 72937:1 73432:1 73433:1 73435:1 73683:1 73876:2 73879:1 74167:3 74168:1 74171:1 74173:1 74457:1 74750:1 75068:1 75460:1 75466:1 75792:1 76212:1 76509:1 76510:2
rappel	67071:1 67383:2 67388:1 67553:1 67555:2 67798:1 67937:4 67938:2 67939:1 68273:1 68274:1 68387:1 68638:1 68643:2 68881:3 68883:1 68885:1 69177:2 70420:1 70749:1 70914:3 70915:1 70923:1 71357:3 71358:1 71359:1 71612:1 71614:3 71835:2 71836:1 72113:4 72115:1 72117:1 72118:1 72392:1 72393:1 72394:1 72396:1 72629:2 72630:2 72631:2 72932:1 72933:1 72939:1 73182:3 73183:2 73184:1 73185:1 73430:3 73432:2 73434:1 73683:2 73684:2 73685:1 73875:1 73876:1 73877:1 73879:1 74167:1 74169:1 74172:1 74450:1 74455:1 74744:2 74745:1 74752:1 75065:1 75458:3 75459:2 75462:2 75788:2 75790:1 75792:1 75793:1 76207:1 76213:3 76508:1 76511:2
rappellent	75794:1
rappelon	67388:1 67389:1 67554:1 67555:1 67558:1 67796:1 67799:1 67800:1 67801:1 67802:1 67937:2 67942:1 67943:1 67944:1 67945:1 68275:1 68279:1 68281:1 68283:1 68383:1 68388:2 68390:1 68392:1 68640:1 68641:1 68644:2 68646:2 68889:1 69177:3 69179:1 69185:1 69186:1 69533:3 69536:1 69539:1 69541:1 69542:1 69811:3 69815:1 69816:1 69818:1 70165:1 70169:1 70425:1 70428:1 70743:1 70748:1 70916:2 70917:1 70919:1 71360:1 71615:1 71620:1 71836:2 71838:1 71840:2 72113:2 72121:1 72122:1 72393:1 72399:1 72632:1 72935:1 72936:1 72938:1 73186:1 73190:1 73430:1 73435:1 73437:1 73683:1 73684:1 73687:3 73875:1 73876:1 73880:2 73882:1 74168:1 74170:1 74171:1 74449:1 74453:2 74746:1 74748:1 75064:1 75065:2 75067:1 75071:1 75460:1 75462:1 75466:1 75795:2 75796:1 76206:1 76207:1 76208:1 76210:1 76212:1
rapport	67071:1 67555:1 68383:1 68389:1 68643:1 68645:1 69533:4 70421:1 70745:1 70749:1 70916:1 71615:1 72113:2 72933:1 72935:1 73182:1 73430:1 73434:1 74457:1 74746:1 75065:1 75463:1 75789:1 75797:1
rapporteur	70420:1
rapproch	67068:1 69535:1 70166:2 70745:1 71358:1 72392:1 73431:1 74455:1 76211:1 76507:1
rar	68389:1 68642:1 68881:1 71614:1 71835:1 72115:1 72394:1 73431:2 73683:1 75461:1 75792:2 75795:1
raréfact	75066:1
rasoir	68274:1
rassembl	67386:1 67387:1 67557:1 68392:1 68645:1 69542:2 69818:1 70164:1 70170:1 70424:1 70753:1 71359:1 73884:1 74170:1 75068:1 75465:1 75795:1 76207:1 76212:1
rassur	67801:1 70161:1 75458:1
rat	67389:1 71843:1 73876:1
rationalis	67390:1 67557:1 68279:1
rattach	68646:1 72113:1 73430:1 73431:1 75067:1
rattrap	73877:1 74169:1
rav	67799:1 71612:1
ravag	72632:1
ravageur	72632:1
ravassard	67802:1
ravaud	75066:1
ravitaill	69177:1
ray	73186:1
rayleigh	68886:1
rayon	67390:2 68387:1 68391:4 68886:1 69539:2 70163:1 71358:1 73186:5 74450:2 74744:1 76511:1
rb	67941:1
rcp	69533:2
rcpg	72115:2
rcuk	68386:1
reactor	74168:1 75064:1
rebaptis	67939:1
rebois	75458:1
rebond	72932:2
recal	72395:1
recens	68279:1 73433:1 73878:1
recentr	71357:1 72629:1 73430:1
recentrag	71357:1
receptor	67937:1
recet	67383:1 67555:2 71359:3 74449:2 74749:1 74752:1 75063:1
recev	68387:1 75065:1
recevoir	67939:1 72396:1 72634:1
recevront	67939:1 75790:1
recharg	71619:1
recherch	67068:1 67391:1 67799:1 67937:2 68279:1 68385:2 68387:1 68393:1 68884:1 68885:1 69178:1 69533:1 69536:1 69537:1 69813:1 70423:1 70425:2 70743:1 70749:1 70916:1 70923:1 71835:1 71837:1 72115:1 72394:1 72396:1 72397:1 72399:1 72631:2 72938:1 73184:2 73188:1 73876:1 73877:2 74168:1 74174:1 74450:1 74744:1 74750:1 75458:1 75460:1 75790:1 76511:1 76515:1
recherchent	72121:1
recoll	74750:3
recombin	72934:1 73184:1
recommand	67388:1 67939:1 68383:2 68645:1 69541:1 71841:1 72393:1 76207:1
reconduit	73184:1
reconfigur	70161:1 74168:1
reconnaiss	68888:1 69811:1 70421:1 70744:1 71836:2 72633:1 72932:1 73182:1 73879:4 75788:1 76207:2 76511:1
reconnaissent	72932:1
reconnaît	67937:1 67938:1 68274:1 68276:1 68387:1 70161:1 70166:1 72394:1 72629:1 74167:1 75459:1 76206:1
reconnaîtr	68643:1 69183:1 71359:1 73879:2 75065:1 76206:1
reconnu	67795:1 67937:1 67946:1 68392:1 69536:1 69813:1 69815:1 70743:1 72400:1 75064:1 75793:1
reconnus	71614:1
reconstitu	70745:1 72939:1 73431:1
reconstruct	68886:1 72939:1
reconstructric	73431:3
reconstruir	70745:1 73431:1 75457:1
reconstruit	71842:1
record	68640:2 68883:2 73430:1 73689:1 74168:1 74170:1 75797:1
recour	68644:1 69818:1 70923:1 72934:1 74453:1 76513:1
recouvert	73684:1
recouvr	67071:1 70422:1
recrudescent	70916:1
recrut	67383:2 67801:1 68888:1 69185:1 69812:2 70161:3 70923:1 71358:2 71616:1 72631:1 73430:2 73683:1 75790:1
recruton	70161:1
recré	70421:1
recteur	74175:1
rectorat	73687:1
rectum	70918:1
recueil	67797:1 68883:1 69811:1 74449:1
recuit	67388:1
recul	67937:1 69816:1 71357:1 73183:1
recycl	74167:1 75464:1
recyclag	68642:1 69538:1 71362:1 72399:1 75792:1
recyclent	75792:1
recycleur	75792:1
recèlent	72630:1 73433:1 74744:1
redirectix	67802:1
rednr	75464:1
redon	70161:1 73430:1 75457:1
redouan	70423:1
redoubl	69185:1
redout	70922:1
redress	71614:1 72933:4 73182:2 74167:1 74746:1 75068:1 76513:1
redéfin	68392:1 75065:1
redémarrag	72629:1
redévelopp	67794:1
refair	73683:1
refais	74176:1
reflet	73182:1
reflow	67554:1
refocalis	71836:1
reformat	71362:1
reforment	67558:1
reformul	68882:1 69534:4 70161:1
refriger	67557:1 72393:1
refroid	67557:1 68640:1 71839:1 72934:1 74168:1 76210:1
reg	67390:1 67801:1
regard	68881:1 69533:1 69821:1 70744:1 70749:1 71835:1 71836:1 72392:1 73182:1 73432:1 73685:1 74172:1 74749:1 74750:1 74752:1 75462:1 76206:1
regardent	73684:1
region	67942:1
registr	68281:1
regl	67553:1 72398:1 72634:1 74455:1 75063:3 75458:1 75792:1 76208:1
regn	67068:1
regond	67553:4 74167:7
regorg	73684:1
regorgent	71621:1
regret	67937:1 68383:1 70166:1 71614:1 71835:1 72113:1 72394:1
regroup	67071:1 67388:2 67553:4 67938:1 67939:2 68275:1 68276:1 68279:2 68385:1 68386:1 68638:1 68639:1 68642:1 68885:2 69181:1 69817:1 70914:1 70921:2 71359:2 71361:1 71615:1 71837:1 71839:1 71842:3 72113:1 72116:1 72634:2 72934:1 73184:1 73187:1 73434:1 73687:1 73877:1 74168:1 74171:1 74746:2 74747:1 75065:1 75068:1 75796:1
reichhart	67937:1
reim	72634:1
rein	67938:3 68388:1 72115:1 73189:1
rejet	67385:1 67555:1 67557:1 71621:1
rejoignent	67795:1
rejoindr	67553:1 70422:1 71842:2 73182:1 73683:1 74450:1 74745:1
rejoint	68273:1 70166:1 71358:1 71839:1 73430:1 73683:1 74455:1
rel	67383:2 67386:5 68279:1 72635:1 73875:1 76515:1
relai	68640:1
relanc	68281:1 70420:1
relargag	75067:1
relargu	69184:1 72634:1
relat	67937:1 67942:1 68383:2 68387:1 68643:1 69177:1 69178:1 69179:1 69536:1 69541:1 70161:1 70166:1 70422:2 70745:1 70749:1 71357:2 71614:2 72113:2 72394:2 72395:1 72401:2 72629:1 72630:1 72635:1 72637:1 72932:1 72934:1 72936:1 73185:1 73432:1 73683:1 73875:1 74169:1 74172:1 74744:1 75458:1 75795:1 76211:1 76213:3 76514:1
relationnel	73185:1
relev	67071:2 67554:1 67795:1 68280:1 68640:1 69180:1 69814:1 70422:2 70424:1 70744:1 70919:1 71359:1 71845:1 72392:2 72634:1 73182:1 73684:4 74176:1 75458:1 75466:1 76213:1
relevon	67798:1
reli	70162:1 70425:1 72635:1
religion	76213:1
relir	72401:1
relocalis	69535:1
relâch	70917:1 72934:1 74168:1
relèvent	74167:1
rem	67068:1 67555:1 68274:1 70751:1 72114:1 73190:1 74746:1 76208:3
remani	75459:1
remarqu	67068:1 67383:2 67937:1 67938:1 69186:1 69540:2 70424:1 70425:2 71621:1 72933:1 73184:1 76213:1
rembours	76508:1
remerci	73183:1
remet	67387:1
remettent	68886:1
remettr	67794:1 72400:1 72933:1 74457:1 76510:1
remettront	67944:1
remis	67937:1 68888:1 69185:1 72933:2 75797:1 76516:1
remodel	71612:1
remont	70161:1 70162:1 70165:1
remonton	67798:1
rempl	72113:1 72932:2 74752:1 76211:1
remplac	68280:1 69177:1 69814:1 71614:1 72934:1 73188:1 74745:1 75066:2 76510:1
remport	74170:1
remportent	75066:1
remus	74449:1
ren	69821:3 70162:1 71360:1 71841:1 75794:2
renaiss	72629:1 72939:1
renard	75069:4
renaut	67939:2
rencontr	67068:3 67383:1 67937:1 67939:1 68274:2 68392:1 68881:2 68886:1 68889:1 70421:1 70743:1 70751:1 70752:1 70915:1 70921:1 71612:2 71837:1 72118:1 72121:1 72634:1 72932:1 72937:1 73182:1 73183:1 73685:2 73691:1 73877:1 74174:1 74175:1 74176:2 74456:2 74748:1 74752:2 75465:3 75795:1 75797:1 76515:1 76516:1
rencontrent	68643:1
rend	67385:2 67388:1 67561:1 67795:1 67941:1 67946:1 68279:1 68385:1 68389:1 68885:1 68889:1 69177:1 69542:1 69543:1 70161:1 70751:1 71621:1 72121:1 72630:2 73430:1 73436:4 73438:1 73684:4 73691:1 73875:1 73881:1 73884:2 74748:3 75066:3 75457:1 75458:1 75466:1 75788:1 75794:1 75795:2 75796:1 75797:1 76209:1 76514:1
rendent	67387:1 70744:1 70921:1 75065:1 75460:1
rendr	67555:1 69533:1 69542:1 71359:1 71835:1 72629:1 72932:1 73182:1 73430:1 74744:1 76207:1
rendu	67798:1 69539:1 69541:1 70421:1 70422:1 70914:1 71836:1 72396:1 72934:1 72936:1 73434:1 73437:1 73685:1 73879:1 75458:1 76210:1 76508:4
rendus	67068:1 72630:1 75459:1
renessen	74449:1 76507:2
renferm	67383:1 67388:1 68274:1 69534:1 69815:1 69819:1 70420:1 71612:1 71621:1 72634:1 72934:1 73431:1 73432:2 73878:1 73879:1 75462:1 75792:1 75794:1 76511:1
renferment	67388:1 67554:2 70745:1 72115:1 73879:1 74167:1
renforc	67795:1 68277:1 68279:1 68384:2 68386:1 68888:1 69816:1 70745:1 70916:1 73430:2 73875:1 73883:1 75789:1 76211:2
renfort	70916:1
renomm	67799:1 71359:1 71619:1 72121:1
renonc	76209:1
renouveau	73882:1
renouvel	68884:2 69535:1 69538:1 69818:1 70420:1 70423:1 70743:1 71363:4 71617:2 72121:1 72398:1 72940:1 73185:1 73190:1 73684:1 73881:1 75464:1 76206:1 76514:1
renseign	69177:1 70162:1 70424:1 71618:1 75071:1
rentabilis	74169:1
rentabl	73877:1
rentr	69177:1 70923:1 71362:1 72932:1 73687:2 75457:3 76509:1 76513:1
renvers	67068:4
rep	67555:2 68387:1 70749:1 74449:1 75063:1 76507:7 76509:2
repart	70422:1 71362:1
repens	68279:1 68882:3 73876:2
reper	67389:1 73432:1
repeupl	70917:2
repli	74173:1
report	69177:1
reported	75793:1
repos	68641:1 68881:1 69814:1 70164:1 70421:1 70914:1 70919:1 71357:1 71835:1 72398:1 72401:1 72934:1
reposition	74750:1 75789:1
repouss	71843:1
repr	70749:1 72115:1 72394:1 73184:1
represent	69533:1
repris	67795:1 71835:1 72937:1 73436:1 73684:2
reproduct	67387:1 70917:3 73431:3
reproducteur	68388:1
reproductibil	74455:1
reproduir	67802:1 68388:1 69533:1 73431:1 75791:2
reproduisent	70421:1
reproduit	69178:1 70917:1 71619:1
reprogramm	72116:1
représent	67387:1 67388:1 67391:2 67556:1 67557:1 67795:1 68274:1 68280:1 68885:1 69177:1 69178:1 69186:1 69537:1 69541:1 69542:1 69815:1 69820:1 70162:1 70163:1 70164:1 70166:1 70421:1 70422:4 70424:1 70745:1 70747:1 70749:1 70916:1 70917:1 70921:1 71360:1 72114:1 72392:2 72396:1 72398:1 72631:1 72933:1 72938:1 72940:1 73182:1 73188:1 73683:2 73875:1 73877:1 73878:1 74167:1 74169:1 74172:1 74744:1 74746:1 74749:1 75064:1 75067:1 75071:1 75465:1 75788:3 75795:1 76206:2 76208:1 76513:1
représentat	68642:1
représentent	67802:1 68645:1 68882:1 69535:1 69813:1 70420:1 70421:2 72114:1 72396:1 72938:1 73182:1 73878:2 74452:1 74746:1 74747:1 75070:1 75792:1 75794:1
requ	71612:1
requalifi	71619:1
requis	72399:1 72631:2 75069:1
rer	70421:6
research	67799:1 67939:1 68386:3 68387:2 69180:1 69534:2 70162:2 71360:2 71615:1 71837:1
resif	69181:6
resp	74454:1
respect	67071:1 67553:1 67561:1 67794:1 67802:1 68881:1 69533:1 69538:1 70164:1 70170:1 70420:1 71835:1 71838:1 73683:1 74751:1 75792:1
respectent	70165:1 75792:1
respectu	71617:1 71842:1
respir	74454:1
respons	67391:1 67553:2 67556:1 67800:1 67801:1 67939:4 67946:1 68274:1 68279:2 68885:1 69179:1 69534:1 69539:1 69813:2 69817:2 69821:1 70162:1 70163:1 70920:1 70923:1 71359:1 71619:1 71620:1 71836:1 71840:1 72113:1 72393:1 72394:1 72396:4 72401:1 72629:1 72631:1 72637:1 72933:1 73431:1 73437:1 73683:2 73876:1 73877:1 74175:1 74176:1 74455:1 74456:1 74744:1 75063:1 75064:2 75069:1 75788:2 75789:1 76209:1 76508:2 76511:1 76512:1 76513:1
responsabilis	70164:1 71361:1
resqm	68274:8
ressembl	67553:1 71835:1 72932:1 73684:1 74173:1
ressent	70421:1 72398:1 72401:1
ressort	75788:1
ressourc	67071:2 67387:1 67794:1 67938:1 67946:2 68278:1 68642:4 68882:1 69181:1 69535:2 69536:1 69538:1 70164:1 70423:1 70914:1 71357:1 71619:1 71621:2 72121:1 72394:1 72630:1 72632:1 72634:1 73433:1 73434:1 73684:1 75458:1 75792:1
rest	67068:1 67385:1 67387:1 67388:2 67389:3 67390:1 67553:1 67554:1 67555:1 67557:1 67795:4 67938:1 68273:1 68274:1 68383:3 68391:2 68638:1 68643:1 68887:2 69182:1 69184:1 69535:1 69540:1 69811:1 69813:1 69821:1 70161:1 70163:1 70167:1 70425:1 70914:1 70915:1 70920:1 70921:1 71612:1 71614:2 71835:2 72113:2 72114:1 72115:1 72397:1 72629:1 72630:1 72634:2 72636:1 72933:1 73182:2 73183:1 73185:1 73187:1 73431:1 73433:1 73436:1 73683:2 74167:2 74168:1 74173:1 74450:1 74746:1 74747:1 75069:1 75789:2 75791:1 75793:1 75794:1 76209:1 76210:1 76213:4 76508:2
restaur	67802:1 71842:1 73683:1 74749:6 74752:1 75458:1 76507:1
restent	67556:1 67794:1 68644:1 70429:1 70749:1 71614:1 72113:1 74745:1 75071:1 75459:1 75463:1
restitu	72939:1 73683:1 75064:1
restreint	75064:1
restrict	73432:1
restructur	69812:1 76213:1
resvératrol	68387:1
retard	68390:1 68882:1 71841:1 73684:1 73877:1 74169:1 76510:1
reten	71835:1
retent	70161:1
retenu	69533:1 69818:1 70162:1 73185:1 73879:2 75789:1 76507:2
retenus	70753:1 74748:1 75068:1 76209:1
retiendr	68383:1 71835:1
retient	72932:1
retir	67802:1
retomb	70749:1 72634:1 73435:1 75790:1
retorik	75063:6
retour	67553:1 68387:1 69535:1 72396:1 72399:1 72629:1 72932:1 72937:1 73185:2 73431:1 73683:3 73690:1 73877:1 75458:1 75459:2 76206:1 76209:1
retourn	67068:2 75064:1
retrait	68387:1 68643:1 72629:2 73431:1 75069:1
retranch	73434:1
retravaill	75065:1
retrouv	67068:1 67558:1 67801:1 68276:2 68389:2 69184:1 71357:1 71359:2 71835:1 72631:1 72932:2 72937:1 73189:1 73430:1 73879:1 75064:1 75457:1 75789:1 76511:1
revanch	67938:2 68644:1 68882:3 69540:1 70421:1 71359:1 71835:1 72631:1 72634:1 73183:1 73875:1 75462:1 75789:1 75794:1 76207:1
revellin	72113:7
reven	68281:1 68882:1 73877:2
revendeur	75063:1
revendiqu	70161:1
revenu	69177:1 70422:1 75792:1
revenus	71621:1
revers	70744:2
revien	67794:1 73430:1
revient	67071:1
review	67068:1 73188:1 75794:1 76208:1
revis	70161:1
revisit	67939:1 70161:2 71836:1
revitalis	68638:1
revivr	67068:1 68273:1
revoir	70161:1 73876:1
revu	67556:1 67558:1 67802:1 67937:1 68280:1 68387:2 68388:1 68391:1 68638:1 68886:1 68887:1 69540:1 69815:1 70163:1 70167:1 70746:1 70749:1 71614:1 71837:1 71843:1 72632:1 72635:1 73184:1 73188:1 73189:1 75064:1 75463:1 76210:1
revêt	67557:1 74454:1 74744:1
rexia	73687:1
reçoit	67389:1
reçoivent	67389:1 67801:1 71358:1 73437:1
reçu	67937:1 68888:1 69185:1 69821:1 70169:1 70749:1 71837:2 72113:1 72636:1 72932:4 72933:1 73182:2 73186:1 73878:1 74450:1 74746:1 75063:1 75065:3 76206:1 76208:1 76509:1
reçus	67389:1 72396:1 75066:1
rff	76510:1
rfid	76514:1
rhenep	74453:2
rhenovi	73187:2 74453:2
rhepach	73187:1
rhepatch	73187:1
rhino	76508:1
rhizotron	69817:2 70420:6
rhodi	68278:2
rhôn	68385:1 68645:1 69543:1 69818:1 71616:1 72392:1 72395:1 73435:1 73689:1
rhônalpin	72400:1 76212:1
ribereau	67801:1
ribon	71358:1
rich	68388:1 70161:1 71619:1 72115:1 72394:1 72396:1 72938:1 73185:2 73876:1 74168:1 75792:1 76515:1
richard	68881:1 73875:1 74169:3 75790:1
richess	69821:1 72933:1 73430:1
ricin	67558:1
rid	69177:1
rien	68886:1 68887:1 69177:1 70747:1 70915:1 71835:2 72392:1 72636:1 73432:1 73684:1 74450:1 74744:1
rifl	68387:2
rift	69813:1
rigid	67554:1 67558:2 71836:1
rigour	76207:1
rigueur	72398:1
rihb	69542:3
riken	67943:1
rillieux	73435:1
ringuet	73186:1
risqu	67071:1 67801:3 68276:1 68283:1 68645:2 68883:1 69181:2 69813:2 70165:2 70429:2 70914:1 70915:6 70916:1 70918:1 71360:1 71612:1 71618:2 72113:1 72395:1 72631:1 72935:1 73183:1 73430:1 73431:1 73432:2 73435:1 73684:1 73691:1 74167:1 74449:1 74450:1 74453:2 74455:1 75069:1 75459:1 76514:2
rivag	70916:1
rival	74457:4
rivaton	73433:1
rivi	70914:3 73434:1
riz	72394:1
rizlen	70422:5
rjh	70915:1
rmn	71837:2
rmt	76514:1
rncp	73437:1
road	71835:1
robert	71841:1 72115:1 72392:1 72932:1
robot	67383:5 67941:2 67945:1 68883:5 70420:2 71614:11 72119:1 72122:5 72392:1 72633:5 73190:2 73884:5 74170:4 75066:1 75466:1 75791:4
robotic	67383:1 67945:1 72122:2 72633:1 73884:1 74170:1
roboticien	67068:1 67383:1
robotis	67383:1 73432:1 75791:2
robust	67939:1 69177:1 69179:1 74751:1 75067:1 75460:1
robustess	68882:1
roc	67939:2
rockefel	70922:1
rodin	73875:1
rog	67071:1 68275:1 73687:1
rogeau	75793:2
roger	73875:1
roi	69539:1 72936:1
rolly	70747:1
rom	67945:1 69821:1 73683:1
romain	70916:1 74172:1 74450:2 75066:1
romainvill	71360:1
romeo	72633:1
rond	68889:1 69186:1 70751:1 70752:1 70921:1 71845:1 72400:2 72932:1 72937:1 73438:1 73882:1 74170:1 74172:1 74456:1 75462:1 75466:1 75797:1 76515:1 76516:1
rondonopol	75788:1
rongeur	72631:1 73184:1 75458:1
room	75797:1
roquecourb	74169:1
roquet	67798:1 75793:1 76213:1
ros	67939:1 68273:1 70421:1 71614:5 73684:2
rosym	75797:1
rotat	68279:2 72119:2 75463:1
rothschild	72935:1 76508:2
rotor	72119:3 75066:1
rotul	72119:1
rou	67797:1
roubaix	70751:1 70921:2
roucairol	72113:1 73182:7
roug	67938:2 67939:1 68387:3 69816:1 70744:1 70745:1 72635:1 73684:4 73877:1 74169:1 75462:2 76512:1
rouk	68881:4
roul	67797:1 67940:5 74169:1
roulag	67797:1 68640:2
rouman	73875:1
rousseau	68883:2
roussillon	68275:1 69182:1 69537:1 71614:1 73430:1 73684:1 74169:1 76512:1
rout	68274:2 68386:1 68387:1 68389:1 68645:1 69179:1 72114:1 72634:1 73183:1 73434:1 73875:1 75795:1 76511:1
routi	68274:3
routin	67801:1
rov	69177:1
royal	72936:1 74450:1
royaum	69542:1 75069:1
rt	70169:2
ru	70162:1
rub	72934:1
ruch	71842:3 71843:1 75068:1
rud	70161:1 72114:1
rumeur	72940:1
rumin	67388:1 68885:1
rupestr	75788:2
ruptur	67794:1 68273:1 68384:1 68638:1 68886:6 71357:1 71358:1 72633:1 72637:1 73438:1 73686:1 74451:1 75066:1 75464:1 75465:1 76210:1 76213:3
rural	67794:1
russ	67942:1 68638:1 68642:1 69177:1 71836:1 72396:8 73183:3 73431:5 74168:1 75064:1 76209:1 76511:4
russel	68882:1
rustiqu	73684:1
rutherford	70163:1
ruthénium	72119:1
rvv	73877:1
rwth	71361:2
rythm	68281:1 70752:1 75458:1
rythment	72932:1
règnent	74168:1
ré	71620:1 71836:1 73882:1
réacteur	69178:13 70915:4 71617:1 72113:1 72392:2 72397:1 72629:3 74168:3 75064:1
réactif	69819:1 73436:1
réaction	67800:1 67943:1 69178:2 69819:2 70162:1 70746:1 72937:1 74168:3 74750:1
réactiv	68281:1 68389:3 70428:1 70749:1 74169:1 75792:1
réag	67794:2 67938:1 69539:1 70425:1 70745:1 71621:1 74450:1 75457:1 76511:1
réalisent	68885:1 71362:1 72932:1 72939:1 73185:1 73684:1 73685:1 74450:1
réalison	68643:1 72113:1 73875:1
réalist	67794:1 68383:1 68882:1 70914:1 75463:1 75788:1
réalit	68392:1 70162:1 70421:5 70749:1 72631:1 73182:1 73185:1 73683:1 74167:2 74168:1 74746:1 75064:9
réapparaîtr	75458:1
réassur	72939:1
récent	67391:1 67553:1 67794:1 67937:1 67939:1 68273:1 68279:1 68383:1 68638:1 68885:1 69184:1 69533:1 70161:1 70424:1 70753:1 71366:1 71837:1 71843:1 72113:1 72116:1 72117:1 72630:1 72631:1 72932:1 72935:1 72940:1 73182:2 73184:1 73431:1 73436:1 73685:1 73875:1 73876:1 74751:1 75463:1 75464:1 76213:1
récept	67386:1 70162:1 73432:1
récepteur	67937:6 67939:1 69181:1 69184:2 72115:4 72116:1 72631:3 73878:1 75790:3
réchauff	67387:1 67939:2 68389:5 69540:1 69814:1 73434:1 73688:1
réclam	72392:1
récolt	68643:1 73183:1 73684:2
récompens	68274:1 71612:1 71840:1 72633:1 72932:1 73435:2 75066:1 75458:2 76207:1 76208:1
récuper	69177:1 71842:1 72397:2 74168:1 75792:2
récurrent	70916:1 71357:1
rédact	71612:1 74449:1
rédig	72401:1 72940:1 74457:1
réduct	68279:2 68639:1 69533:3 69814:3 70914:1 71357:1 71366:1 71615:1 71617:4 73184:1 73433:1 73877:1 75790:3
réduir	67554:3 67557:1 68278:1 68882:2 69177:1 69178:1 69179:1 69534:2 71617:4 71836:1 71840:2 72118:1 72635:1 73182:1 73435:1 74745:1 75066:1 75790:1 75791:1 76210:1 76510:1
réduis	67554:2
réduisent	70745:1
réduit	67387:1 68887:1 69535:1 69540:1 70420:1 70917:1 71621:1 72392:1 74169:1 76208:1
réel	67385:1 67387:1 67553:3 67937:1 67939:1 68643:1 69534:1 69819:1 70161:1 70162:2 70421:4 70922:1 70923:1 71841:1 72631:1 73431:1 73879:1 74751:1 75064:1 75067:1 75459:1 75791:2 76211:1 76508:1 76510:1
réeuropéanis	73430:2
réflech	67553:1 70161:1 70423:1 72395:1 72397:1 72932:1 73876:1 73879:1 73882:1 74167:2 74169:1 74450:1 74746:1 75063:2 75788:1 75789:1
réflex	68882:1 69813:1 70161:1 71357:1 72940:1 73182:1 74752:1
réflexion	67388:1 68383:2 68638:1 68642:1 68882:1 69179:1 69541:1 70429:1 71357:1 71359:1 72113:1 72398:1 72637:1 72932:4 73182:3 73876:2 74169:1 74752:1 75462:1 76209:1 76213:1
réform	67795:1 75459:1
réfract	68641:1
réfriger	67557:2 70746:1
référent	67946:1 68642:1 68888:1 68889:1 69543:1 70162:2 70918:1 71359:1 72114:1 72116:1 72396:2 72398:1 73687:1 75065:1
référentiel	69812:1
régal	71366:1 73430:1
régim	67794:1 67798:1 68387:1 68638:2 69534:1 69538:1 73432:1
région	67391:1 67553:5 67794:1 67939:3 68275:1 68276:1 68384:1 68385:1 68387:1 68389:1 68391:1 68393:1 68638:2 68885:1 69537:2 69538:1 69543:1 69816:3 69818:1 70162:1 70170:1 70421:1 70428:1 70743:1 70745:1 70915:1 70916:10 71358:2 71360:1 71361:1 71614:1 71840:1 72113:1 72114:1 72117:1 72395:1 72396:2 72630:3 72933:1 72938:1 73183:4 73186:1 73190:1 73430:2 73431:1 73435:1 73683:3 73684:2 73687:6 73877:1 73884:1 74169:1 74171:1 74172:3 74176:1 74450:2 74457:1 74748:4 74749:1 75066:2 75071:1 75458:5 75463:1 75789:1 76206:1 76507:1 76512:1 76513:2 76515:1
régional	67388:1 67391:1 67553:3 67561:1 67798:1 67804:1 67939:1 68277:1 68385:1 68393:1 68884:1 68885:2 69182:1 69535:2 69817:1 70420:1 70422:1 70743:1 70745:1 70749:1 70916:1 70921:3 71617:1 71841:1 71842:2 72395:1 72396:1 72400:1 72630:1 72933:1 72938:3 73430:1 73434:1 73687:1 73879:1 74172:1 74176:1 74455:1 74748:4 74749:1 75066:1 75789:1 76508:1
régionalis	68275:1
réglag	68883:1 73186:1 75067:1 76508:1
réglement	68643:2 69818:1 70165:3 71357:2 72118:1 74450:1 74455:1
réglementair	70917:1 72629:1 72938:1 73690:1 76516:1
régress	68383:1
régul	67391:1 67556:1 68643:1 69178:1 69184:2 69812:1 69818:1 72116:1 73877:1
régular	68391:1
régulent	67555:1 67802:1 68887:1
réguli	68281:2 68390:2 68881:1 69182:1 69537:1 69811:1 70744:2 73683:1 75064:1
régéner	71616:3 75458:1
réhabilit	71363:1 71842:1 73883:1
réindustrialis	73182:2
réinject	67558:1 68884:1
réinsert	71357:1
réintegr	72394:2
réinvest	71614:1
réjou	72629:1 72636:1 74172:1
rémuner	75458:1
rémy	67939:2 72940:1 73878:1 76209:2
rénov	69178:1 71842:1 73683:1
réorganis	67389:1 67939:1 68280:1 71357:1 74455:1
répandu	72632:1 73436:1
répar	68277:1 70922:3 71840:1 74167:2
répart	67939:1 68387:1 69181:1 69538:1 69541:1 70164:1 70422:1 71612:1 71615:1 72939:1 73184:1 73875:1 74449:1 74749:1 75063:1 75794:1
répartit	69816:1 70424:1 70919:1 71618:1
répercuss	73184:1
répertori	67937:1
répet	69540:1 71835:1 75064:1 76508:1
répliqu	73683:7
répond	67794:1 70169:1 72117:1 72394:1 72629:1 72932:1 72936:1 73687:1 73689:1 74453:1 75069:1 75790:1 76509:1 76513:1
répondent	70920:1 72399:1 74749:1 75069:2
répondr	67938:1 68275:1 68279:1 68643:3 69177:1 69535:2 70161:2 70751:1 70915:1 71359:1 71615:1 71617:1 71619:1 71621:1 71835:1 71836:2 72637:1 72936:1 73184:1 73188:1 73684:1 73876:1 74450:1 74455:1 74744:1 74748:1 75063:1 75064:1 75069:2 75792:1 76212:1 76213:1 76507:1 76509:1 76512:1
répondront	73877:1
répondu	70162:1 70169:1 72629:1 73683:1
répons	67389:2 67937:3 67939:2 68383:1 68638:1 68887:1 69181:1 69184:1 69533:2 69535:1 69816:1 71357:1 72116:5 72935:1 72940:1 73182:1 73188:1 73683:1 73684:1 73689:1 74752:1 75458:1 75790:1 76208:1 76209:1 76212:2 76507:1
républ	72936:1 73684:2
réput	67068:2 67383:2 67795:1 67937:1 67938:1 68276:1 68387:1 68638:1 68881:1 70161:2 70422:3 70743:1 70919:1 71358:1 72932:1 73683:1 73877:1 73878:1 74450:1 75462:1 76211:1
répétit	69816:1
réseau	67386:4 68273:1 68276:1 68280:1 68393:1 68638:1 68642:1 68881:1 68884:7 68885:1 68886:2 68887:6 69180:1 69181:1 69535:1 69538:1 69812:3 70162:1 70165:1 70422:2 70423:1 70746:1 70753:2 70916:1 71363:1 71615:1 71838:3 72635:1 72934:2 73185:1 73876:2 73877:1 73878:2 74167:1 74750:2 75063:1 75071:2 75461:1 75789:1 76211:1 76510:1 76514:1
résect	70918:2 75065:1
résed	76511:1
réserv	68385:1 71363:1 72940:1 75457:1 76511:1
réservoir	68283:1 72397:3 74167:1 75067:1
résid	68887:1 72118:1 72932:1
résident	68883:1 72932:1
résidentiel	69535:1
résidu	73189:1
résidus	67385:1 68387:1 71362:1
résilient	69816:1
résin	68280:2 73431:1
résist	67794:1 68280:1 68886:1 69541:1 69816:1 70163:1 70167:1 70743:1 70914:1 70922:1 72630:1 73877:1 74745:1 74750:3 75065:3 75458:1 75789:1 75792:1 76209:1 76210:1
résistent	76210:1
résolu	68275:2 68391:3 68885:1 69177:1 69537:1 69819:1 70163:1 70423:1 70424:1 71836:5 72635:1 72939:1 73189:2 73434:1 74451:5 75789:1
réson	70425:1 70919:1 71837:1 73189:1
résorb	69184:1 71616:3
résoudr	68283:1 72932:1 73182:1 73683:1 75457:1 76213:1
résu	73685:1 73875:1 74454:1
résult	69534:1 70420:1
résultat	67385:2 67388:4 67391:1 67555:3 67556:2 67558:1 67801:2 67802:1 67937:3 67942:1 68280:1 68387:4 68388:1 68389:1 68390:2 68885:1 68886:1 68887:1 69183:1 69184:3 69533:3 69535:1 69539:1 69540:2 69811:1 69816:3 69819:1 70167:1 70421:1 70428:1 70429:1 70746:1 70749:5 70751:1 70915:2 70917:1 70918:1 70919:1 70920:1 71357:1 71614:1 71617:1 71621:1 71837:1 71843:1 72114:1 72117:2 72392:1 72397:2 72629:1 72630:2 72631:2 72632:2 72633:1 72634:1 72635:1 72934:1 72939:1 73184:4 73188:1 73189:1 73431:2 73436:1 73684:1 73685:1 73688:1 74167:1 74168:1 74169:1 74173:1 74449:4 74450:1 74454:1 74748:1 74750:2 74752:1 75063:1 75065:1 75458:1 75459:1 75460:1 75463:1 75788:1 75794:3 76206:1 76208:1 76209:2 76210:2 76508:3 76511:1
résultent	73876:1
résum	67068:1 67383:1 67937:1 67938:1 68274:1 68383:1 68387:1 68643:1 68881:1 69177:1 69179:1 69533:1 69817:1 69821:1 70166:1 70420:2 70749:1 70914:1 70916:1 70921:1 71358:1 71359:1 71612:1 71835:1 72113:2 72115:1 72629:1 72631:1 72932:1 72933:2 73184:1 73431:1 73684:1 73875:1 73876:1 73877:1 74167:3 74168:1 74169:2 74172:1 74450:1 74455:1 74457:1 74745:2 74749:1 74752:1 75064:1 75065:1 75066:1 75069:1 75457:1 75458:3 75788:1 75790:1 76206:1 76209:1 76509:1 76511:1
rétin	73184:2
rétinien	73184:1
rétinopath	76511:1
rétorqu	76509:1 76511:1
rétract	68274:1
rétrocontrôl	72116:1
rétrospect	67794:1 67937:1 68645:1 69533:1
réun	67071:1 67555:1 67804:1 67937:1 68279:1 68884:1 69542:1 69815:1 69820:1 71363:1 72120:1 74174:1 75068:1 75069:1 75462:1 75792:1 75794:1 75796:1 76513:1
réunion	67555:1 73684:1 75069:1
réuss	67389:1 67794:1 67937:1 68283:1 68383:1 68639:1 68882:1 69177:1 69178:2 69179:1 69535:1 69819:1 70166:1 70167:1 70915:1 71359:1 71612:1 71621:1 71836:1 71842:1 72119:1 72396:1 72397:2 72398:1 72634:2 72932:1 72933:2 73185:1 73432:1 73434:1 73683:1 73684:1 73880:1 74168:1 74450:1 74745:2 75065:2 75069:1 75794:1 76507:1 76511:1
réussit	67068:2 68275:1 69177:1 72392:1 72396:1 72937:2 73434:2 74167:1 74744:1 75457:1
réutilis	67385:1 72399:2
rével	68281:1 70167:1 70749:1 73189:1 74457:1 74748:1
réversibl	67558:1 68280:1
révolu	68276:1 72401:1 73434:1 73876:2 73877:2 74744:3 76213:6
révolution	67937:1 68391:1 73875:1 74752:1
révolutionnair	68273:1 71614:1
révèlent	68389:1 69819:1
rééduc	67940:4
réémettr	67068:1 69539:1
rêv	72396:1 72629:1 73185:1 73683:2
rêvon	72933:1
rôd	75457:1
rôl	67556:2 67800:1 67803:1 67937:1 67946:1 68274:1 68387:1 68388:2 68881:1 68882:1 68886:1 69181:1 69184:2 69540:1 69815:2 70161:4 70749:2 70914:2 70921:1 72116:3 72119:1 72631:2 72634:1 72932:1 73184:1 73185:1 73434:1 73683:1 73685:1 73691:1 73878:1 74744:1 74746:1 75070:1 75459:4 76206:1 76209:1 76511:1
s	67390:1 67557:1 67801:4 67804:1 68886:2 69534:1 69537:1 70161:2 72115:1
sabati	69180:1 69819:1 71612:1 72634:4
sabl	69819:2 71621:2 73684:1
saccad	68646:2 70744:1
sach	68389:1 70162:1 70746:1 73683:1 73879:1 74167:1 74744:1 75457:1 76508:1
sachet	75462:1
saclay	67390:1 67795:1 68638:1 68886:1 69186:1 69819:1 70915:1 72115:2 76207:1
sacrifi	72932:1
sad	75458:1
sadron	70167:1
saf	67804:1
safir	70916:1
safran	70168:1 71615:2 71839:1 72633:1 73687:1 74745:6 74751:2
sagem	67945:1 71839:2 72633:1
sahar	69821:1 75458:1
sahélosaharien	75458:1
said	70923:1
sailing	74170:1
sain	67798:1 69534:1 69812:1 70164:1 70918:1 71359:1 72394:1 73189:1 75793:1
saint	67068:1 68279:1 68390:1 68886:2 69533:1 69819:1 70161:2 70169:1 70425:1 70917:1 71360:1 71616:1 72636:1 75458:1 75460:3 76210:1 76507:1 76508:1
sais	70162:2 72392:1 76209:1 76507:1 76511:1
saison	69537:1 75458:3
saisonni	69811:1
sait	67383:1 69812:1 69816:1 69821:1 70421:1 70915:1 71614:1 71840:1 72115:1 72393:1 72634:1 73684:1 73877:1 76206:1 76507:1 76509:1
sal	72397:1 72631:2
salair	68643:1
salaison	72634:4
salari	67553:1 68643:1 69535:1 70161:1 70748:1 73879:1 75066:1
salem	72932:1
salin	68883:1 70916:2 72397:2 73434:1 73688:1 73880:2 74170:1
salivair	75067:1
sall	68281:4 68881:1 69534:3 69535:2 69814:1 70162:1 70163:1 70746:1 71842:4 72392:1 73876:3 74168:1 75064:6 75790:2
salmonel	69183:1
salon	67553:2 67941:1 68274:1 69543:1 69817:2 70165:1 70169:2 70420:6 71358:2 72120:1 72939:5 73431:1 73683:1 73687:1 74452:1 74746:1 74747:1 74748:1
salpêtri	68384:1
salsif	67555:3
salu	69541:1 76207:1
salzbourg	69811:1
samed	69177:1 72933:1
san	67386:2 67553:2 67794:2 67798:1 67802:2 67937:1 67941:1 68273:1 68280:1 68383:1 68389:1 68390:2 68391:2 68643:1 68882:1 68884:1 69186:1 69535:2 69813:1 69816:1 69818:1 69821:1 70161:1 70165:2 70166:2 70421:2 70422:2 70429:1 70749:2 70916:1 70922:1 71357:1 71359:3 71621:2 71835:2 71837:1 71842:3 72115:3 72393:1 72394:3 72629:1 72631:1 72634:1 72932:4 72933:2 72934:1 72938:1 73182:2 73185:1 73430:1 73431:2 73683:1 73875:2 73876:1 73877:1 74167:1 74450:1 74451:1 74455:3 74749:1 74750:2 74752:3 75066:3 75067:1 75457:1 75458:1 75459:1 75462:1 75463:1 75789:2 75791:2 75793:1 75794:1 76206:1 76207:1 76208:1 76209:1 76213:2 76511:1
sandr	70749:1
sandralis	76512:1
sandy	72636:3
sang	67801:2 70919:1 74167:1 74455:1 75459:1 76208:1
sanguin	67801:3 68387:1 72117:1 73189:1
sanitair	68279:1 68645:2 68885:2 69818:1 70162:1 73877:1 74169:1 74457:1 75458:1 76514:1
sanof	69813:5 73182:1
sant	67798:4 67801:1 67940:2 68274:1 68384:2 68387:1 68645:2 68882:1 69183:1 69535:1 69813:3 69815:2 70162:1 70422:2 70429:1 70745:3 70746:1 71366:1 71612:3 71618:1 71841:1 72116:4 72118:1 72393:1 72396:2 72401:1 72935:1 73184:1 73188:1 73190:1 73432:1 73689:2 73691:1 73878:1 74455:1 74746:3 74748:1 74749:2 74752:1 75067:2 75071:2 75458:3 75459:3 75461:2 75462:1 75465:1 75466:1 75796:1 75797:2 76209:3 76507:3 76509:1 76511:2
sao	71362:1
sap	70163:1
sapeur	70162:2
saph	67939:2
saragoss	73875:1
saral	69177:1 73434:1
sarcob	67799:1 71360:1
sarcopen	67799:2 71360:2
sarix	67796:2
sarkozy	72629:1
sarment	73684:2 73877:1
sarnak	72932:1
sas	74169:1
satellit	67939:8 67942:2 68275:1 68644:2 69177:17 69179:2 69537:3 69811:5 69813:1 70163:2 70170:1 71836:8 71839:1 73434:4 73880:1 75789:4
satellitair	68275:5 69813:1 73434:1 76208:1
satiet	67555:1
satisf	68883:1 70166:1 72117:1 73184:1 73683:1
satisfact	67795:1 69183:1 74171:1 74172:1 74751:1 75066:1 75458:1 76511:1
satisfair	67794:1 69535:1 71617:1 72114:1 76511:1
satisfais	70421:1 73184:1 73187:1 74449:1 74453:1
satisfait	67795:1 68643:1 69177:1 70749:1 71836:1 73685:1 75457:1
satt	72117:1 73431:1 75067:1
sauc	69534:1
sauf	74752:1 75789:1
saumur	68273:1
saur	71359:1 73687:1
saut	71357:1 72629:1 73685:1
sautelet	67940:1
sauv	68274:1 73877:1
sauvegard	70917:1
sauveteur	67941:1
sauvignon	76206:1
sav	71835:1 75063:1 75459:1 76512:1
savent	70161:1 70914:1 73875:1 74168:1
savety	67557:1
saveur	70428:1 71614:1 72394:1 72631:2 72634:1 75790:2
savion	73432:1 73684:1
savoi	67387:1 68885:1 73689:2 73881:1 76212:1
savoir	67386:1 67553:3 67795:1 67946:1 68279:1 68638:1 69533:1 69538:1 69813:2 69815:1 69821:2 70161:2 70163:2 70168:1 70421:1 70746:1 70748:1 71358:1 71359:3 71362:3 72113:1 72114:2 72392:1 72393:1 72394:1 72634:1 72932:1 72935:1 73184:1 73190:1 73683:2 73684:3 73689:1 73875:1 73881:2 73884:1 74173:1 74450:2 74455:2 74457:1 74745:3 74749:3 74751:1 75462:2 75792:3 75793:1 76207:1 76213:1 76507:2 76508:2
savon	67798:1 70161:1 75459:1 75794:2 76511:1
saxon	72629:2
sayet	71358:1
saôn	68273:1 68279:3 75459:1
sbr	70916:1
sc	74452:1
sca	74169:1
scal	68281:1 68881:1
scalpel	74750:1
scandium	75792:1
scann	67801:6 73431:5
scanner	71614:1
scar	68643:1
scarab	67939:2 73684:1
scen	67794:1 70421:1 73683:1 75792:1
sceptic	72933:1
sceptiqu	76213:1
scharfmann	67802:1
schem	68889:1 70161:2 72397:1 72940:1 73182:1 75065:1 76213:1
schist	73182:1 76514:1
schneid	67796:1 73185:1
schnel	70425:2
scholarship	68888:1
school	68641:2 73876:4 76513:1
schull	70426:1 75070:1
schwartz	70749:1
schémat	70747:1 72635:1
sciatiqu	71843:1
scid	67802:1
scienc	67071:4 67388:1 67555:1 67556:2 67557:1 67794:1 67795:1 67799:1 67937:12 68276:3 68280:1 68283:1 68386:4 68388:1 68390:1 68391:1 68638:3 68645:1 68882:1 68886:1 68889:1 69177:1 69179:1 69180:2 69184:1 69533:1 69534:1 69536:1 69813:1 69815:1 69819:1 70161:1 70422:1 70428:1 70749:1 70914:1 71358:1 71359:2 71612:8 71614:2 71616:1 71620:2 71835:1 71838:1 72113:4 72117:2 72393:1 72394:2 72398:2 72401:2 72932:2 72939:6 73182:2 73183:1 73184:1 73189:1 73431:4 73434:1 73436:1 73683:1 73685:1 74169:1 74744:1 74748:1 75063:1 75064:1 75067:2 75458:1 75463:1 75465:2 75790:1 75791:1 75793:1 75795:1 76206:3 76210:1 76509:1 76515:3
scientif	67068:1 67071:2 67383:2 67387:1 67388:1 67555:1 67557:1 67794:2 67802:1 67803:2 67937:3 67939:11 67942:3 67943:1 68275:3 68277:2 68279:1 68383:1 68384:1 68386:1 68387:1 68638:5 68639:2 68642:1 68643:4 68884:2 69180:1 69184:1 69533:2 69534:1 69536:2 69811:5 69812:4 69813:1 69815:2 69816:1 69817:2 69820:1 70161:1 70420:3 70424:1 70749:2 70914:2 70916:1 70917:1 70919:1 71358:2 71359:1 71361:2 71363:1 71612:1 71614:1 71616:1 71620:1 71837:1 71839:1 72113:3 72114:1 72115:1 72121:1 72393:3 72394:2 72396:1 72398:4 72633:1 72634:1 72932:3 72934:1 72936:1 72939:1 72940:1 73183:3 73186:1 73430:1 73434:2 73683:2 73685:1 73689:1 73690:1 73877:2 73880:2 73883:1 74168:3 74170:1 74449:1 74450:1 74453:1 74457:1 75063:2 75457:1 75459:6 75460:1 75462:1 75464:1 75789:1 75790:1 75793:1 76206:1 76213:1 76511:1 76512:1 76515:3
sck	69178:3
scléros	70744:1 74171:1
scolair	68881:1 71835:1 72932:1 73876:1
scolar	70923:1
scorpion	72115:2 73878:1
screening	68643:2 72118:2
scrupul	70165:1 70915:1 73684:1
sculptur	73875:1
scénarii	69816:1 70751:1 72392:2
scénario	67794:1 69533:3 69535:8 70162:2 70916:1 71357:12
scénarios	67554:1 67794:1 69182:1 69533:6 69535:2 70916:2 71357:5 75463:2
sd	76513:1
sdsc	72637:1
se	70164:2
seb	67798:1 69537:1 71359:9 72394:1 73879:1 75069:4 75793:1 76509:1
sec	68385:1 69182:1
sech	69537:1 75458:2
second	67068:1 67383:1 67385:3 67555:1 67794:1 67802:1 67939:1 67942:1 68273:2 68388:1 68389:1 68638:2 68639:1 68646:1 68882:1 68887:1 69177:1 69179:1 69533:2 69535:1 69540:2 69817:2 69819:1 70161:1 70167:1 70169:2 70420:1 70421:1 70424:2 70745:1 70749:2 70751:1 70914:1 70916:2 70920:1 70921:1 71357:1 71360:2 71361:2 71616:1 71617:1 71842:1 72118:1 72122:1 72393:1 72397:1 72629:1 72934:3 72935:1 73685:1 73686:2 73879:1 73882:1 74168:3 74169:1 74173:2 74454:1 74748:1 74750:1 74752:1 75064:1 75067:1 75789:1 75790:2 75793:1 75794:2 76208:1 76209:2 76507:1 76508:1 76514:1 76516:2
secondair	68387:1 68642:1 75065:1
secour	70162:1 75789:1
secret	67802:1
secrétair	67937:1 74453:1
secrétariat	72113:1
secteur	67068:1 67383:1 67386:2 67553:3 67558:1 67798:1 67803:1 68273:2 68274:1 68279:1 68280:1 68383:1 68392:1 68642:1 68643:3 68885:5 68889:1 69177:1 69541:1 69815:1 70161:3 70163:1 70165:1 70166:6 70169:2 70421:3 70749:1 70752:1 70753:2 70914:1 70921:1 71359:1 71614:1 72113:1 72114:1 72393:1 72394:1 72395:1 72629:2 72634:2 72636:1 72637:1 72934:1 72937:1 73182:1 73185:1 73188:1 73685:2 73687:1 73689:1 73875:2 73877:2 73879:3 73882:1 73884:1 74167:1 74169:1 74172:1 74449:1 74450:1 74455:5 74456:1 74744:2 74746:1 74747:3 74748:1 74749:1 74750:1 75063:2 75065:1 75067:1 75458:1 75461:1 75462:1 75793:2 75794:1 75795:3 75796:1 75797:1 76206:1 76207:1 76208:1 76213:1 76507:1 76508:1 76510:1
section	70918:1 72932:2
security	69811:1 70162:1
sed	70745:1
see	73875:1
segalen	67801:1 75067:1
segard	67940:1
segment	67939:1 69177:1 72632:1
sein	68277:2 68279:1 68646:1 69535:1 70744:1 71360:1 74171:1 74172:5 74746:2 76508:1
sel	67555:2 67558:2 68390:2 69534:5 73432:5 75790:2
selenid	72114:2
selon	67383:1 67388:1 67556:1 67558:1 67794:2 67939:1 68279:1 68389:1 68638:1 68883:1 69184:1 69533:2 69535:1 69812:1 70162:1 70916:1 71835:1 71841:1 72119:1 72629:1 72631:1 72935:1 73185:1 73434:1 73436:1 73684:1 73688:1 73878:1 74167:1 74171:1 74744:1 74746:1 74749:1 75064:1 75067:1 75463:1 75794:1 76510:1 76511:1
selongey	71359:1
sem	68279:2 69814:2 72396:1 72397:2 72632:1 72635:1 74451:1
semain	67801:1 68387:1 68883:1 69183:1 69185:1 70169:1 70916:1 72394:1 72396:1 72629:1 72932:2 72933:2 75460:1 76515:2
sembl	67388:1 67555:1 68383:1 68389:1 68638:1 68881:1 69814:1 69816:2 69821:1 70161:2 70421:1 70424:1 70744:1 70745:1 72631:1 72635:1 72932:2 73182:1 73430:2 73685:1 73876:1 75069:1 75070:1 75792:1 75793:1
semblabl	68644:1 69537:1
semblent	68387:1 72116:1 76209:1
semenci	70420:1
semrev	70743:1
sen	67383:1 68889:1 70914:2 72119:3 73430:2 73684:1 73685:1 73875:1 75457:1 75790:1 76206:1
senegal	75458:1
senior	72394:1 72396:1 74449:3 74746:2 75063:2 75069:2 76507:2 76514:1
senobl	67798:1 75793:2
sens	75063:1
sensat	72631:2 74752:1 75791:1
senseur	72631:2
sensibil	67796:1 70425:1 75791:1 75793:1
sensibilis	67803:1 70164:1 71845:1 73183:1
sensibl	67389:1 67553:1 68387:1 69179:1 69812:1 70163:1 70425:1 72938:1 73183:1 74167:1 74171:1 75067:1 76208:2
sensill	70425:1
sensing	73879:2
sensofat	72631:2
sensoriel	67388:1 67555:1 68885:2 69534:2 70421:1 70425:1 70428:1 70749:1 72631:1 73685:9 73877:1 74449:1 75069:1 75790:3 75793:1 76206:4 76512:1
sensostat	73685:6
sent	68883:1 70161:1 72932:1
sentinel	69811:4 70745:1 71621:1
sention	73685:1
sept	69179:2 69537:2 75064:1
septembr	67386:1 67392:1 67561:1 67795:1 67937:1 68274:1 68883:1 70752:2 70916:5 70917:2 70922:1 71358:1 71362:2 71615:1 71617:1 73438:1 73683:1 73687:1 73879:1 73880:1 73881:1 73884:1 74170:2 74172:1 74745:1 75457:3 76513:1 76514:1 76515:5 76516:1
septentrional	73877:1
ser	67389:1 67554:1 67555:2 67558:1 67794:2 67798:1 67801:1 67804:1 67937:1 67938:2 67941:1 67944:1 67946:2 68389:1 68391:1 68640:1 68642:1 68645:2 69177:2 69180:1 69181:1 69533:1 69536:1 69538:2 69542:2 69811:3 69817:3 70163:1 70164:2 70420:2 70421:3 70426:1 70428:1 70749:1 70751:3 70916:4 70921:3 71357:2 71359:2 71362:2 71363:1 71614:2 71837:2 71840:1 71845:1 72114:1 72115:2 72121:1 72122:1 72393:3 72397:2 72399:1 72400:1 72634:1 72637:1 72932:1 72933:1 72934:2 72936:1 72937:1 73182:1 73183:2 73185:1 73186:2 73190:1 73432:1 73434:1 73683:4 73684:2 73880:2 73881:1 73882:1 73883:1 74168:1 74176:1 74449:1 74452:1 74455:1 74456:1 74748:1 74752:2 75064:1 75069:2 75457:3 75458:1 75461:1 75462:1 75463:1 75465:1 75789:1 75792:3 75793:2 76209:2 76211:1 76213:1 76508:1 76513:1 76514:3 76515:1
serein	73430:1 75063:1 75792:1
serenad	72121:1
serg	74171:1 74453:1
sergey	76207:1
serion	70915:1
seron	67798:1
serono	71360:1
seront	67392:2 67803:1 67940:1 67945:1 68393:2 69177:2 69534:3 69542:1 70168:2 70170:2 70420:2 70424:2 70749:2 70751:3 70916:2 70923:1 71359:2 71616:1 71617:1 71837:1 71842:1 72119:1 72120:1 72122:1 72393:2 72395:1 72933:1 72937:1 72938:1 72939:1 73182:1 73190:2 73430:1 73683:1 73877:1 73882:1 74167:1 74176:1 74746:1 75068:1 75457:1 75458:2 75797:1 76209:2 76508:1 76514:2 76516:1
serpent	72115:1 73878:1
serr	68278:1 69533:6 69811:2 69817:1 70165:1 70420:2 71836:1 71838:4 71842:1 72114:1 75463:1
serrag	73683:1
sert	67383:1 68646:1 73880:1
serv	67555:1 68638:1 68644:1 68645:1 69811:1 70162:1 70425:1 70744:1 72115:1 72119:1 72394:1 73431:1 74170:1 74450:1
servadou	76512:1
servent	69183:1 70421:1 71359:1 72115:2
servic	67392:1 67555:1 67801:2 67939:2 68279:1 68383:1 68639:1 68885:1 68889:1 69535:2 69811:2 69813:1 70161:2 70162:3 70163:1 70169:1 70170:2 70746:1 71357:1 71359:5 71836:2 72118:2 72122:2 72392:2 72397:1 72937:1 73185:1 73190:1 73430:1 73434:1 73879:1 74167:1 74174:1 74450:1 74454:1 74456:3 74745:1 74746:2 74748:1 75069:2 75461:1 75466:1 75789:2 75792:2 75796:2 76507:1 76508:3 76510:1
serviz	69534:1
sessil	69816:1
session	70744:1 71620:1 72120:1 73438:1 73691:1 73883:1 75465:1 75796:2
seuil	67386:1 70425:1
seul	67071:1 67383:1 67388:1 67389:1 67390:1 67553:2 67557:1 67794:1 67798:1 67801:2 67804:1 67937:1 67939:1 67940:1 67944:2 68273:1 68275:1 68279:2 68384:1 68638:1 68643:1 68646:1 68883:1 68884:1 68885:1 68887:1 69177:2 69178:1 69183:1 69535:1 69540:1 69541:1 69813:1 69817:1 69818:2 69821:1 70161:2 70166:1 70420:1 70421:2 70422:1 70423:1 70744:1 70747:1 70748:1 70914:2 70916:3 70917:2 70918:1 70922:1 71357:2 71612:1 71617:1 71837:1 71840:3 71842:1 72113:3 72115:2 72116:1 72392:1 72394:2 72399:1 72629:1 72932:2 73182:1 73434:2 73436:1 73684:2 73876:1 73878:1 73881:1 74167:3 74168:3 74169:2 74171:1 74173:1 74451:1 74455:1 74745:2 74748:1 74749:1 75065:1 75069:2 75070:1 75793:1 75794:1 76210:1 76211:1 76213:4 76508:1 76512:1
seurin	70917:1
seventur	69815:2 71360:1
sevrag	67388:1 68887:1
sexuel	72632:1
sgu	68642:1
sh	72939:3 73431:1 73683:1 74748:1
sham	71616:1
shampoing	67558:1
shangh	68278:1 76508:1
shanghaï	73430:1
shast	70422:1
shaw	67937:1
shna	69815:2
shom	73434:1
show	70170:2 73438:1 75797:1
sicard	75069:1
sicoval	70170:1
sidérurg	72113:1
siecl	68276:2 68383:1 69533:2 69821:1 70161:2 70163:1 71359:1 71835:1 72932:1 72939:1 73683:2 73688:1 73875:2 74168:1 74752:1 75795:1
sieg	67942:1 70421:2 71842:1 72116:1 75063:1 75461:1
sien	72396:1
sig	68889:2 70162:1
sigl	72396:1
sign	67795:2 67796:1 67939:2 68276:1 68384:1 68638:3 69180:1 69536:2 69541:1 70161:1 70748:1 71838:1 71839:1 72114:1 72392:2 72393:1 72396:4 72629:2 72936:1 73687:1 73875:1 73876:1 73878:1 74168:1 74172:1 74746:1 76511:2
signal	67555:1 67945:1 68279:1 69539:2 70747:1 70749:2 71837:1 72114:1 72116:1 73186:1 73879:4 74453:1
signalis	67802:1 72116:2 73184:1
signatur	67553:1 67556:1 68643:2 70919:1 72396:1
signent	72392:1
signif	67387:1 67388:2 67555:1 67556:1 67795:2 67801:1 68278:1 68387:3 68642:1 69178:1 69181:1 69814:1 72113:1 72115:1 72933:1 73685:1 74171:1 74455:1 75065:1 75457:1 75790:1 75794:1 76206:1 76209:1 76213:1 76507:1 76510:1
signifi	67939:1
signific	67554:1 67798:1 73688:1
silenci	67389:5 71617:1
silic	67390:1 69540:1 69819:1 74750:3
silici	70423:2
silicium	67554:2 69814:2 70425:1 70919:1 72114:1 73436:1
silico	67385:1
silicon	67554:1 74455:1
sillag	70745:1
sillon	70746:1
silv	74171:1 74449:1 74746:9 75063:1 75466:1
silvereco	74746:1
silxw	67802:1
simil	76213:1
similair	68389:1 68887:1 70421:1 71843:1 74750:1
similar	69535:1
simon	70916:1
simpl	67386:1 67555:2 67558:2 67794:1 67801:1 67937:1 67938:2 68273:1 68390:1 68882:1 69817:1 69821:1 70161:2 70425:1 71357:1 71612:1 71618:1 72392:1 72635:1 73183:1 73436:2 73876:1 73879:1 74167:1 74171:1 74750:1 74752:2 75457:1 75792:1 76213:1 76509:1
simplif	76208:1
simplifi	68279:1 75793:1
simplified	69537:1
simpliqu	74450:1 74451:1
simul	67385:1 67945:1 68279:1 68639:1 69182:1 69533:7 69540:1 69814:1 69820:2 70162:6 70421:5 70914:6 70916:2 71618:1 72392:1 72937:1 72939:1 74453:7 74744:4 74745:5 75064:1 75463:1 75792:1 75796:3
simulent	70743:1
simultan	69182:1 69183:1 70162:1 70426:1 70743:1
sing	67938:1 73684:1
singapour	71840:1 74167:1 74749:1
sinon	67794:1 68881:1 69177:1 69817:1 70915:1 72940:1 73182:1 73875:1
sir	73875:1
sirat	74451:2
sisin	67945:1
sismiqu	67068:1 69181:2
sismolog	67942:1 69181:2 69811:1
sismometr	69181:1
sit	67386:1 67795:2 67797:1 67800:1 67802:2 67941:1 68279:1 68384:1 68884:1 68885:3 69178:1 69184:1 69542:1 69813:1 69819:1 69821:1 70162:2 70420:1 70743:2 70914:1 70916:1 70921:1 71358:2 71838:2 71842:6 72392:2 74176:1 74449:1 74450:1 74457:1 75064:1 75068:1 75457:1 75463:1 75788:8 75792:2 76208:1 76210:1 76513:1
sitac	70162:1
sitg	68387:1
situ	67943:1 69813:1 70420:1 70424:1 71360:1 71362:2 71842:1 72632:1 72932:2 73183:1 73431:1 73436:1 73683:1 73684:1 73875:1 73876:1 73879:1 74168:1 74172:1 74455:1 74748:1 74749:1 74751:1 75063:1 75068:1 75458:1 75788:1 75789:1 75790:1 75792:1
situat	67553:1 68281:1 68383:2 69535:1 70162:3 70421:3 70916:1 70917:1 71357:1 71359:1 71366:1 71615:1 71835:1 71841:1 72113:1 72394:1 72939:1 73182:1 74167:1 74169:1 75069:1 75457:2 75792:1
six	69821:2 70163:1 70422:1 71358:1 71612:1 72629:1 72932:1 74171:1 74450:1 74455:1
siègent	74746:1
ski	71617:2
slagmuld	71837:1
slicom	73687:1
slovaqu	67945:1
smart	71617:2 72937:1
smartox	73878:1
smartphon	75792:1 76207:1 76507:1 76508:1
smos	73880:2
smr	68642:1
sncf	74450:1 76510:1
snecm	67068:1 74745:1
so	70162:1
social	67071:1 67557:1 67798:1 68276:1 68283:1 68386:2 68882:1 69533:1 69535:2 69813:2 70161:1 70748:1 70916:1 70920:1 71357:3 71620:1 72393:1 72398:1 72637:2 72939:5 73185:3 73190:1 73431:1 73432:1 73683:1 73882:1 74167:2 74175:1 74746:1 74748:1 75063:3 75461:1 75793:1 76208:1 76213:1
societ	68273:2 68276:1 68279:3 69535:2 69543:1 69816:1 70164:1 70745:2 70748:1 70914:1 70916:1 70918:1 71357:1 71366:1 71620:2 71835:1 71840:1 72113:1 72117:1 72629:1 72939:2 72940:1 73182:3 73183:1 73431:1 73875:2 74175:1 74454:1 74457:1 75066:2 75067:1 75458:2 75461:1 75465:1 75792:1 75793:1 76207:1 76208:1 76211:1 76213:2
society	69819:1 70164:5
socio	67795:1 69533:4 69538:1 72939:1
sociolog	73876:1
sociologu	72113:1 76509:1
sociétal	68275:1 69535:1 70161:2 70916:1 72113:1 72939:1 74176:1 76213:1
sodexo	75793:1
sodium	69819:1 71843:1
soeur	71840:1
sofimac	71616:1
sofiproteol	72637:1
sofrad	67796:1 71839:3
soft	71359:1
softwar	71359:3
soi	74752:1
soient	67553:1 67801:1 68885:1 69534:1 70425:1 71357:1 71359:1 71621:1 72113:1 72116:1 72392:1 72393:1 73684:1 74744:1 75458:2 76511:1
soign	73182:1 73878:1 76507:1
soin	67801:1 67940:1 68645:1 71357:2 72630:2
soir	73875:1
soit	67387:1 67388:2 67389:1 67555:3 67558:1 67795:4 67798:1 67801:2 67937:1 67939:1 68638:1 68640:2 68883:2 69536:1 69543:1 69811:1 69813:1 69817:2 69821:1 70166:2 70420:2 70421:1 70422:2 70424:1 70425:2 70921:2 71358:1 71359:2 71362:1 71621:1 71837:2 71840:1 71842:1 72119:1 72122:1 72395:1 72397:2 72399:1 72629:1 72932:1 72934:2 73189:1 73190:1 73684:1 73686:2 73878:3 73884:1 74450:2 74453:1 74744:3 74749:2 74751:1 74752:2 75066:1 75457:1 75458:2 75789:1 75795:1 75797:1 76208:1 76210:1 76511:1
soix	71359:1
soixantain	67945:1 68387:1 69536:1 72395:1 72629:1 73684:1 75459:1
sol	67071:1 67797:1 67939:2 68279:4 68388:1 68643:3 68645:2 68882:4 69177:1 69181:1 69182:2 69537:2 69538:1 69812:17 71617:3 71836:1 71837:2 71840:2 72392:1 73430:1 73434:1 73684:5 73880:2 75066:1 75458:1 75788:2 75789:2 75792:1 76213:2 76510:1
solair	67796:1 67800:1 68884:2 69179:1 69814:1 70167:1 70747:1 71836:1 72114:6 72393:1 72940:1 73185:2 73436:1 74744:1 75789:2
solary	75459:1
sold	67390:1
soldat	67941:1 73431:2
soleil	67385:1 67390:1 69186:1 72117:1 72396:1 73684:2 74168:2
soliag	74746:1
solid	67068:1 67802:1 68280:1 68639:2 68643:2 68644:2 69177:1 69179:2 70166:1 70422:1 70426:1 72113:1 72119:1 72629:1 72634:1 72934:1 73683:1 73687:1 74172:1 74174:1 74454:1 75067:1 75462:1 75464:1 75789:1
solidag	74746:1
solidair	67561:1 68393:1
solitair	67383:1
sollicit	67389:1 68639:2 68643:1 70166:1 70422:1 70425:1 72394:1
solliqu	75788:1
solteiro	75788:3
solubl	73436:1
solut	67071:1 67383:1 67385:1 67553:1 68273:2 68276:1 68384:1 68390:1 68639:1 68882:1 68884:1 69178:2 69535:1 69816:1 69818:1 70162:1 70166:1 70167:1 70169:1 70170:2 70426:1 70751:1 70920:1 71359:4 71366:1 71612:1 71614:1 71617:1 71621:6 71840:1 72117:2 72118:1 72392:1 72933:1 72934:1 72940:1 73182:1 73185:5 73685:1 73686:1 73876:2 73879:2 73884:1 74167:2 74449:1 74450:1 74454:1 74455:2 74746:1 74749:1 74750:5 75063:3 75066:1 75457:1 75462:1 75465:1 75789:2 75796:1 76208:1 76213:1 76507:2 76508:1 76513:1
solv	73436:1
somatostatin	67390:1
sombr	68383:1
somm	67553:4 67795:1 67798:1 67799:1 67937:2 67938:2 68273:1 68274:2 68279:1 68643:2 68882:1 69534:1 70161:1 70165:1 70166:1 71357:1 71614:1 71621:1 71842:1 72114:1 72392:1 72634:1 73182:1 73432:1 73683:1 73684:1 73876:2 73877:1 74167:2 74169:1 74450:1 74455:1 74457:1 74744:1 74749:1 75458:1 76213:1 76507:2 76508:1 76509:1
sommeil	68277:1 69184:1
sommet	67939:1 68389:1 72122:1 75458:1
son	72116:1
sond	67800:4 68638:1 69818:1 70916:2 74170:1 75070:1 75794:5
sondeur	67939:2
sonor	72939:1 73880:1 76508:4
sopagly	74169:3
soph	70428:1 70749:3
sophi	67385:1 69180:1
sophistiqu	69534:1 69813:1 73431:1 73877:1 74171:1 75065:1 76507:1
soplagy	74169:1
sorafenib	75065:1
sorigny	72933:1
sorption	72634:1
sort	67385:1 67391:1 67553:2 67794:2 68638:2 68882:2 68883:1 70161:2 70162:1 70169:1 70420:1 70744:1 70916:1 70921:1 70923:1 71612:1 71614:1 71835:1 72113:1 72114:1 72116:1 72393:1 72631:1 72634:1 73879:1 74449:1 74749:1 74752:1 75458:1 76209:2 76211:1 76509:2
sortent	67939:1
soubresaut	72629:1
souc	74745:1 74749:2 75458:1 76507:1
souch	68277:1 68643:4 72935:5 75067:1
souchothequ	75067:1
soudain	73688:1 74172:1
soudan	75458:1
souffert	69539:1
souffl	67937:1 68881:1 74745:1
souffler	70743:1
souffr	68646:1 70916:1 74454:1 76507:1 76508:1 76509:1
souffranc	72932:1
souffrent	68389:1 68645:1 71366:1 75459:1
souh	68274:1 68638:1 70166:1 72636:1 73185:1 73431:1 74455:2
souhait	67068:2 67553:2 67795:1 67800:1 68273:2 68274:1 68638:3 68642:2 68643:1 69812:1 70421:1 70422:2 70745:1 70749:1 70921:1 71359:1 71612:2 71618:1 71835:1 72392:1 72395:1 72401:1 72629:1 72630:2 73182:1 73185:1 73431:1 73683:1 73684:2 73687:1 73875:1 73876:1 73877:1 74168:1 74455:1 74746:1 74748:1 74749:2 74752:1 75068:1 75461:1 75462:1 75792:1 76206:1 76207:1
souhaitent	67553:2 68643:2 69819:1 70165:1 70425:1 70921:1 72395:1 72635:1 72938:1 73876:1 74174:1 74747:1 74748:1 75457:2
souhaiton	67553:1 67795:1 70161:1 70420:1 70422:2 73685:1 75069:1 75461:1 76207:1
soulag	67939:2
soulev	71357:1 71363:1
souligin	74172:1
soulign	67068:1 67383:1 67389:1 67937:2 67939:2 67941:1 68279:1 68383:1 68643:1 69177:2 69812:2 69813:1 69816:1 69817:1 70162:1 70421:1 70743:1 70749:1 70914:1 70915:2 71357:2 71621:1 71835:1 72113:2 72398:1 72629:1 72932:1 72933:2 73182:1 73183:1 73185:1 73430:3 73431:1 73432:1 73433:1 73684:1 73685:1 73875:2 73877:1 74169:1 74172:1 74449:1 74450:1 74451:1 74744:2 74745:1 74746:2 75065:2 75066:1 75458:2 75461:1 75789:1 75790:1 75792:1 75793:1 76206:1 76208:1 76209:1 76213:1 76508:1 76511:1
soulignon	68645:1 69543:1 69820:1 70169:1 73436:1 75466:1
soum	67387:1 67801:1 69539:1
soumettr	70915:1 73182:1
soumis	68387:1 70743:1
soupl	70167:1 70423:1 70751:1 71617:1 72114:2 75789:1
soupless	68273:2 69535:1 71617:1 75792:1
soupçon	75459:1
sour	67802:2 68388:4 68887:2 69184:2 72631:1 73184:5 73189:1 74173:1
sourc	67068:1 68638:1 68644:1 68881:1 68884:1 69178:1 69814:1 70745:1 70747:1 71363:3 71617:1 72115:1 72119:1 72634:1 72934:1 73186:1 73188:2 73876:1 74168:1 74454:1 75070:1 75464:1 76207:1 76209:1 76213:2
sous	67388:2 67390:1 67553:1 67554:2 67555:2 67556:1 67558:2 67796:1 67798:1 67802:1 67938:1 67939:4 68273:2 68274:3 68275:1 68277:1 68279:1 68280:2 68383:1 68638:1 68639:1 68643:1 68644:1 68881:1 68883:1 68884:2 68885:3 69178:4 69181:2 69533:1 69539:1 69540:1 69543:1 69815:1 69817:1 70163:3 70165:1 70167:1 70420:1 70425:1 70429:1 70746:1 70916:3 70918:1 70920:1 70921:1 71358:2 71612:1 71619:1 71835:1 72113:2 72114:2 72115:1 72121:1 72392:1 72401:1 72634:1 72635:1 72637:1 72932:1 72935:1 72939:1 73182:1 73190:1 73430:1 73683:2 73684:5 73686:2 73687:2 73688:2 73875:1 73877:2 73884:1 74173:1 74175:1 74176:1 74449:1 74455:1 74456:1 74746:2 74748:1 74752:1 75067:3 75068:2 75457:2 75462:1 75463:1 75465:1 75788:3 75792:1 76207:1 76210:4 76511:2 76512:1 76515:1
souscrit	71360:1
souten	68383:1 70914:2 70920:1 75065:1
soutenu	67940:1 68275:1 68884:1 69179:1 69536:1 70749:3 71359:1 71363:1 71612:1 72394:1 72637:1 74452:1 75789:1 76508:1
soutenus	68881:1 69816:1 70424:1
soutien	67391:1 68277:1 68280:1 68389:1 68884:1 68888:1 69177:1 69179:1 69181:1 69182:1 70169:1 70422:1 71357:1 71614:1 72114:1 73183:1 73185:1 73186:1 73431:1 73683:2 73690:1 73878:1 73879:1 73884:1 74746:1 75461:1 75463:1 75466:1 75793:1 76516:1
soutiendr	71612:1
soutiennent	75794:1
soutient	67383:1 71614:1 72398:1
souvenir	72932:1
souvent	67383:1 67386:1 67390:1 67553:1 67558:1 67794:1 68283:1 68643:1 68885:1 68887:1 69181:1 69186:1 69821:1 70161:1 70422:2 70918:1 71363:1 71614:1 71835:1 71837:1 72113:1 72396:1 72401:1 72634:1 72932:3 73182:2 73185:1 73876:1 74167:2 74453:1 74455:1 74457:3 74750:1 75069:2 75461:1 75462:1 75792:1 76508:1
souvient	67937:1 71835:1 73182:1 76206:1
soviet	74168:1
soyon	67553:1 67795:1
soyouz	69177:3 69179:1 71836:1
spa	69534:1
spac	67939:1 70163:1 70170:4 71836:1 75789:4
spaghet	74173:2
spatial	67939:3 68392:3 69177:6 69179:1 69537:2 69811:1 69812:2 69819:1 70163:3 70170:5 70424:2 70746:1 70914:1 71358:4 71836:2 71839:2 72113:1 73189:2 73434:8 73880:2 73884:2 75066:1
spatialis	69537:1
spatio	70162:1 73186:1
spc	70424:1
speaker	72120:1
specimen	73431:1
spectr	70162:1 72113:2 72629:1
spectral	70163:1 75067:1
spectro	70163:1 70424:2
spectrometr	70163:1
spectroscop	67392:4 69186:1
speech	73438:1
speed	69541:2
sphériqu	67558:1
spi	73190:1
spin	69186:2 71359:1 71360:1 73686:1 76510:1
spinal	71616:1
spintron	69186:1
spir	67392:1 68883:1
spiral	67943:2 68387:1 73184:1 75793:2 76511:4
spiritu	76516:1
spo	74169:1
sponsoris	72393:1
spontan	67390:1 67558:1 68644:1 70746:1 72631:1 73432:1
sporad	75459:1
sporaltec	73689:2 76212:1
sport	73689:3 74748:5 75797:2 76212:3
sportif	69536:1 70744:1 72114:1 74748:1
sportiv	69536:1 70165:1 73689:1 74748:2
spot	68275:1 69177:1 71836:3
spunbond	70921:1
spé	73430:1
spécial	67388:1 67557:1 67937:1 67938:1 68276:1 68638:1 68645:1 69185:1 69533:3 69812:1 69813:1 69820:1 70916:2 71358:1 71359:2 71362:1 71841:1 72115:1 72401:1 72630:1 72934:1 73182:1 73437:1 73684:1 73877:1 73879:1 73883:1 74746:2 75065:2 75066:1 75069:1 75458:1 75462:1 75464:1 75793:1 75794:2 76507:2 76511:1
spécialis	67385:1 67796:1 67799:1 68276:1 68384:1 68640:1 69535:1 69538:1 70166:1 70923:1 71361:1 71612:1 71616:1 71621:1 72118:1 73184:1 73185:1 73187:1 73437:2 73683:1 73685:1 73687:1 74453:1 75063:1 75064:1 75065:1 75461:3 75464:1 75792:1 76508:1 76515:1
spéciat	71843:1
spécif	67388:1 67390:1 67553:1 67554:2 67555:1 67556:2 67558:1 67798:1 67802:2 68385:1 68387:2 68882:1 68885:1 69183:2 69186:1 69813:1 69816:1 70162:1 70420:1 70424:1 70425:1 70749:1 71359:2 71619:1 72113:1 72116:2 72398:1 72399:2 72630:1 72631:2 73431:1 73432:2 73876:2 74168:1 74171:1 74450:2 74749:1 74751:1 75064:1 75065:1 75069:3 75459:1 75788:2 75792:1 76208:1 76209:1 76213:1 76507:1 76508:1 76511:1
spécimen	70917:2
spécul	67794:1
squelet	73683:1 75791:1
sriharikot	67939:1
srl	67945:1 69534:1
stabilis	67558:2 68390:1 68884:1 74168:2
stabilisent	67558:1
stabl	67558:4 67802:1 68390:1 69537:1 69540:1 70424:1 71616:1 72938:1 73436:1 75459:1
stad	67800:1 68882:1 73187:2 73875:1 75065:2
stag	68393:1 70422:4 73185:1 73687:1 75457:2 75790:1 76206:1
stagiair	73685:1
stand	67554:1 67941:1 72939:2 75796:1
standard	68640:1 72629:1 72936:1 76207:1
standardis	68882:2 69812:2
stanisl	67799:1 71360:1
stap	69536:1
staphylococcus	70746:1
start	67068:2 67799:1 67802:1 68643:3 68881:8 71359:2 71616:1 71842:2 72629:6 73691:1 73878:1 74450:2 74451:1 74452:1 75066:1 75068:1 75461:1 75465:1 75466:1 75795:1 76207:2 76208:2 76211:4
stat	74168:1 75064:1
statin	67798:1
station	69177:1 70165:1 70917:1 76510:1
stationnair	74745:1 75789:4
statiqu	70744:1 76207:2
statist	67942:1 68281:1 68645:1 69180:1 73685:1
stator	72119:2
statut	70161:1 71358:1 72936:1 74449:3
steady	74168:1 75064:1
stefan	75457:3
stev	71614:1
sti	75457:1
stigmatis	74457:1
still	76208:2
stimul	67937:1 69534:1 72932:1 73431:1
stimulus	67389:1 68887:3
stipul	68274:1
stmicroelectronic	67554:1
stock	68273:1 68884:2 69184:1 70162:1 70426:1 70914:1 72940:1 73432:6 75792:1 76511:1
stockag	68273:3 68884:1 69178:1 70423:1 71362:1 72393:1 74174:2 74452:1 75789:2
stockent	69539:1
stockyimag	76507:1 76508:1
stopp	68883:1 75065:1
stout	70747:1
strasbourg	67556:1 67937:1 68389:1 69178:1 70167:1 70425:1 74454:3 75070:3
strasbourgeois	67937:1
strass	74170:1
strateg	67795:1 67798:1 67803:1 67937:1 68275:1 68277:1 68638:1 68642:2 68882:1 68884:1 69535:2 69812:2 69813:1 69816:1 70746:1 70914:1 70916:1 71357:1 71616:1 71842:1 72113:1 72392:2 72395:1 72398:1 72629:1 72637:1 73184:1 73430:3 73875:1 73876:2 73883:1 74167:2 74172:1 74173:1 74175:1 74449:1 74748:1 74749:1 75066:1 75069:1 76206:2 76211:2 76511:2
stratif	69815:1
stratobus	75789:9
stratospher	75789:6
stratrobus	75789:1
stress	67798:2 67801:1 68387:1 69182:1 70420:1 72933:1 73184:3 76511:8
strict	67553:1 70165:1
stropp	74168:1
structur	67390:3 67558:2 67938:1 67939:1 67941:1 67943:1 68275:1 68279:2 68390:1 68391:1 68639:6 68642:3 68643:1 68881:1 68882:1 68885:5 68886:1 69177:1 69534:1 69537:1 69812:1 69820:1 70161:1 70167:1 70422:1 70423:3 70424:3 70425:1 70745:2 70753:1 70923:1 71359:1 71614:1 71836:1 71842:3 72116:2 72392:1 72396:1 72629:2 72632:1 72637:1 73184:1 73430:3 73433:1 73434:2 73436:2 73685:1 73687:2 73883:1 74167:1 74173:1 74174:1 74749:1 75065:2 75458:2 75459:2 75462:1 75789:1 75790:1 75794:1 76210:2
structural	67387:1 68639:1 69539:1 72119:1 72636:1 74173:1
structurel	68383:1 73690:1 74169:1
study	72932:4
sturio	70917:1
styl	75793:1
stéariqu	67558:3
stéato	69815:1
stéphan	69179:1 71837:1 72114:5 75797:1
stéril	70420:1
su	67553:1 67795:1 67939:1 68273:1 69541:1 69811:1 71359:2 71614:1 71842:1 72932:1 74168:1 74450:1 76208:1 76513:1
sub	68280:1 68638:1 69813:1 70163:1 70916:1 72629:1 72630:1 72933:1 73431:1 74170:1 74454:1 74750:1 75459:1 76210:1
subatom	69178:1
subbotin	76509:1
subcellulair	67800:1
subject	73190:1
subsist	70917:2 71621:2
subsistent	68383:1 69816:1 70429:1
substanc	67799:1 67937:1 70162:1 70746:1 71843:1 76514:1
substantiel	73432:2 74169:1
substitu	67390:1 67553:1 68642:1 69534:1
substitut	68882:1
substrat	76213:1
subtil	72116:1 73877:1 74167:1
subtilis	75457:1
subvent	67799:1 70426:1
succed	71835:1 72113:1 72932:1
succes	67554:1 67802:1 67945:1 68640:1 69177:4 69179:2 70917:1 70919:1 71359:1 71616:1 71837:1 71840:1 72117:1 72118:1 72629:1 72633:1 73431:1 73435:1 74175:1 75066:1 75458:1
success	67390:1 67937:1 67940:1 68276:1 68641:1 68882:1 69182:1 72395:1 73183:1 75790:1
succinct	76516:1
sucr	67555:2 67802:1 69183:3 69534:5 70423:4 72631:2 73684:1 74169:1 75790:1
sud	67386:1 67794:3 68279:1 68392:3 68642:1 69178:1 69183:2 69536:3 69811:1 69816:2 69821:1 70748:4 70916:3 71621:2 71836:1 71842:1 72396:4 72629:3 72630:1 72632:1 72932:2 72933:1 73185:1 73684:2 73688:1 73875:1 73882:1 74168:2 74455:1 74457:3 74752:2 75063:1 75064:2 75065:2 76512:2
sued	68642:1 69179:1 69185:1
suff	67800:1 67938:1 68638:1 70425:1 71618:1 71835:1 72119:1 73876:1 74167:1 74169:1 75457:1 75458:1
suffis	68383:1 68644:1 68886:1 70421:1 70919:1 72940:1 73683:1 73880:1 74167:1 76213:2
sugg	72631:1 72935:1
sugger	67556:1 68388:1 75063:1
suis	68276:1 68387:1 69821:1 70161:2 70914:1 72114:1 72115:1 72394:2 73182:1 73430:1 73876:1 74449:1 75790:1
suiss	68638:1 69179:1 73187:1 73875:1 74172:1 75069:1
suit	67389:1 67556:1 67804:1 67937:3 68274:1 68279:1 68389:2 68640:1 68887:1 69179:1 69815:1 70162:2 70166:1 70421:1 70915:2 71621:1 71835:1 71836:1 71837:1 71840:1 72113:3 72114:1 72117:2 72393:1 72632:1 72636:1 73182:1 73432:1 73434:1 73876:1 74454:1 75065:1 75458:1
suiv	67392:1 67798:1 67937:3 67939:1 68273:1 68387:1 68640:2 68643:1 68881:2 68885:1 69177:1 69537:1 69811:2 69813:1 70161:1 70162:4 70164:1 70428:1 70749:2 70917:1 71838:1 72115:1 72396:1 73185:2 73188:1 73879:1 74167:1 74171:1 75457:1 76208:1 76507:1 76511:2 76516:1
suivent	69185:1
suiveur	68883:1
suivon	72113:1
suivr	68643:1 69182:1 70161:1 70164:1 70420:1 70421:2 70422:1 70744:2 70922:2 70923:2 72119:1 72398:1 72631:1 73880:2 75457:1 75793:1
suivront	68393:1
sujet	67385:1 67794:1 67937:3 67940:1 67942:1 68387:1 68643:1 68881:1 69812:1 69820:1 70169:1 70744:1 70751:1 71359:1 71363:1 71612:1 72115:2 72116:1 72393:1 72932:1 72937:1 72938:2 72940:2 73182:4 73183:1 73689:1 73877:2 74167:1 75464:1 75789:1 76211:1 76212:1 76213:1
sunaero	67553:2 71840:2 74167:1
sunaéro	74167:6
sunlabob	73185:1
sup	71359:1 73430:1 74451:2
supaero	71358:3
supagro	67387:1 69182:1 72121:1
supercalcul	70424:1 70914:4 74744:1
supercomputing	74452:1
superfic	69814:1 74172:1 75458:1 75461:1
superficiel	68279:2 68883:1 70918:1
superior	74450:1
supermarch	72393:1
superpos	67554:1
superposit	75463:1
supervis	67941:1
supmec	69541:7
suppl	68884:1
supply	72637:2
supplé	70917:1
supplément	73184:1
supplémentair	70162:1 70163:1 73431:1 73875:1 76513:1
support	67388:3 67554:1 67941:2 68275:1 70425:1 72114:1 72632:1 73434:1
suppos	67389:1 67390:1 67794:1 71357:1 72631:1 72637:1 73432:1 74744:1
supputon	68882:1
supr	74168:9
supraconducteur	67943:1
supramoléculair	70167:1
supranational	71357:1
supranucléair	68646:1
supélec	74751:4
supérieur	67068:1 67071:1 67795:4 67940:1 67944:1 68273:1 68277:1 68280:1 68383:1 69180:1 69181:1 69185:1 69540:1 69820:1 70161:1 70167:1 70168:1 70743:1 70748:1 70914:5 70915:1 70917:1 70923:1 71358:2 71361:2 71362:2 71363:1 71620:1 71837:1 72113:1 72119:1 72397:1 72633:1 72637:1 72932:2 72935:1 72936:1 72938:1 73182:2 73183:1 73430:1 73876:2 74168:1 74173:1 74175:1 74455:1 75066:1 75457:2 76210:1 76513:1
surcl	73189:1
surexploit	67794:1
surf	70744:1
surfac	67554:1 67794:1 67939:1 68385:2 68883:1 68886:4 69178:1 69182:1 69184:1 69186:1 69537:3 69811:1 69817:1 69819:1 70425:2 70746:2 70916:1 72114:1 72119:3 72392:1 72934:1 73190:1 73434:2 74170:2 74744:1 74750:1 75067:1 75070:3 75461:1 75462:2 75794:1 76210:1 76213:1
surg	72932:1 74172:1
surgical	71614:1
surhumain	72932:1
surmont	68391:1 69814:1
surnomm	68393:1 73185:1
surpr	72629:1
surpren	67389:1 67938:1 68390:1
surprend	70424:1
surprendr	72631:1
surpris	68390:1
surproducteur	74169:1
surtout	67555:1 67558:1 67794:1 67798:1 67938:1 68389:1 69186:1 69533:1 69540:1 70161:1 73432:1 74167:1 74169:1 74457:2 75063:1 75458:1
surv	68388:1 71618:1 75065:2 76208:1 76213:1
surveil	67939:1 67945:1 68883:1 69177:1 69811:6 69812:2 69813:1 70916:1 71836:2 71839:1 73877:1 74450:2 75789:1 76510:1
surven	75458:1
survenu	70915:1
survenus	73688:1
survien	72629:1
survivr	67389:1 67938:1 71837:1 75458:1
sus	70424:1
susceptibl	69538:1 70425:1
suscit	68278:1 68638:1 70424:1 70921:1 71357:1 71360:1 72631:1 72934:1 72938:1 72940:1 74171:1
suscitent	72631:1 76206:1
suspendu	75070:1
suspens	68390:1 76210:2
sustain	68275:1 72637:1 76513:1
sustainability	72393:1
suédois	71361:1
sved	75796:1
svi	68886:1
swarm	69177:1 73880:1
swot	73434:2
sydney	75459:1
sylv	67555:4
sylvain	68390:3 71612:5 71616:1
sylvestr	69816:3
sylvicultur	69816:1
symbios	67385:2 71837:3
symbiot	71837:2
symbol	67798:1 74175:1
symbolis	76209:1
sympath	67068:2 70166:1
symphon	71835:1
symposium	69811:2
symptôm	73184:1 74173:1
synapcel	74453:1
synchrotron	67390:1 68391:2 69186:1 69539:2 69819:1 73186:1
syndicat	67944:1 74746:1
syndrom	67556:1 68646:2 74171:1
synerg	67803:1 67940:1 68279:2 72398:1 75461:1 76211:1
syngent	67804:1
synthas	67800:1
synthes	67390:1 67556:1 67800:1 68390:2 69541:1 70167:1 71620:4 72118:2 72119:1 73182:1 73189:1 73436:3 76210:1
synthet	67558:1 68390:1 70423:1 70747:1
synthétis	67390:1 67800:2 69183:1 69184:1 72115:1 73189:1 75067:1
synucléin	74173:4
syphil	73431:4
syphilit	73431:2
syrot	68386:1
sysf	74452:1
sysiass	67940:2
sysnav	76208:2
system	67071:1 67383:1 67385:1 67387:1 67390:2 67556:1 67557:1 67796:1 67937:6 67939:3 67940:1 67945:4 68274:1 68276:1 68277:4 68279:1 68388:4 68393:2 68644:1 68881:2 68882:5 68883:2 68886:1 68887:5 69177:4 69178:1 69179:1 69180:1 69181:1 69533:1 69535:2 69538:5 69811:2 69814:1 69817:3 69818:2 69820:1 70162:5 70163:1 70165:2 70168:1 70420:7 70421:3 70424:1 70425:4 70426:1 70744:2 70916:3 70919:2 70922:2 71358:1 71359:8 71362:1 71363:1 71366:1 71614:1 71620:2 71836:10 71838:2 71839:1 72116:1 72631:3 72633:6 72635:1 72637:1 72937:3 73185:1 73187:3 73189:1 73190:2 73434:2 73683:1 73686:1 73877:3 73879:1 74171:1 74453:1 74456:1 74746:1 74751:7 75064:1 75067:1 75071:4 75463:1 75788:1 75789:1 75791:2 75794:1 75796:1 76207:1 76213:3 76507:1 76511:2
systematic	70162:1 70421:1
systerr	75460:1
systèmess	69179:1
systémat	68643:1 70420:1 74167:1
syt	76508:3
séanc	75068:1
sébastien	71835:1 75458:1
sécheress	67794:1 68387:1 69816:4 70916:2 75458:2
sécret	68887:1 71843:1
sécur	67794:1 67796:4 67941:3 67945:1 68274:5 68881:1 68885:1 70425:2 70744:1 71615:1 72392:1 73432:1 74456:1 74744:1 74745:1 74751:1 75069:1 76207:4 76208:1 76514:2
sécuris	68642:1 69535:1 72395:1 72633:1 74167:2
sédiment	76210:1
séduir	70421:1 73185:1 74172:1 75788:1 76209:1
séduit	68274:1 70166:1 74169:1
ségalen	67391:1
séism	67942:3 69181:1 69811:2 70915:1 73880:1
séjour	68881:1 69185:1 71837:1 75459:1 76206:1
séjourn	72932:1
sélect	67802:1 67938:3 68273:1 70420:2 72113:1 72115:1 72629:1 72932:1 73879:1 74449:2
sélection	67794:1 67800:1 67938:1 67939:1 68385:1 69179:1 70420:1 70918:1 70920:1 72629:1 72631:1 73190:1 74169:2
sélénium	68642:1
séminair	68384:2 69186:1 72399:3 73430:1 73884:1 74174:1
sénagral	74172:1
sénart	67945:2
sénartais	67945:2
sénat	72396:1 72636:1
sénégal	69813:1 75458:14
séoul	76508:1
sépar	68644:1 68882:1 68884:1 69179:1 70167:1 70918:1 72397:1 72399:3 72635:1
séquenc	68643:2 69177:1 70914:1 73432:1 75064:1
séquenceur	74452:1
séquençag	73686:2
séquestr	72116:1
sérieux	69812:1 72629:1 73684:1 74453:1 75457:1
sérotonin	69184:14
séver	67801:1 69533:1 69815:1 70163:1 72113:1 72939:1 73686:1 75065:2 75458:1 76210:1
sûr	67554:1 67794:1 67801:1 68881:1 68882:1 73876:1 74449:1 74455:1
sûret	69178:2 70915:2 71619:1 76207:2
tabag	76511:1
tabl	68889:1 69186:1 69815:1 70751:1 70752:1 70921:1 71360:1 71845:1 72400:2 72935:2 72937:1 73438:1 73686:1 73882:1 74172:1 74449:1 74456:1 75462:2 75466:1 75793:1 75797:1 76510:1 76515:1 76516:1
tableau	68276:1 68383:1 69177:1 70162:1 73876:1 75457:1
tablet	72401:1 76507:1 76508:1
tactil	67068:1 72401:1 73876:1
tahit	73684:5
taill	67071:1 67387:1 67390:6 67554:3 67801:1 68274:1 69179:1 69541:1 70420:1 70423:1 70425:1 70747:1 70919:1 71358:1 71835:1 72114:2 72395:1 72633:1 72635:2 72934:1 73185:1 74167:2 74168:3 74169:1 74449:1 74749:1 75070:3 75465:1 76210:2 76507:1 76510:1
tailleur	70421:1
tajim	68638:3
talenc	73882:1 75457:2
talent	67383:1 68276:1 76208:1
talon	73683:1
tamarindus	75458:1
tand	68646:1 70747:1
tango	74746:1
tanin	73877:1
tank	68383:5 74176:2
tant	67068:1 67388:1 67794:2 67795:1 67797:1 67802:1 67938:1 68273:2 68275:1 68279:1 68283:1 69185:1 69535:1 69820:1 70161:1 70165:1 70170:1 70421:1 70422:2 70746:1 71366:1 72113:1 72115:1 72393:1 72394:2 72396:1 72399:1 72634:2 72636:1 72932:1 73430:1 73683:1 73685:1 73880:1 74167:1 74168:1 74450:1 74455:2 75064:1 75459:1 75793:1 76206:1
tantal	75792:1
tanzan	73185:3
tapiss	72117:1
tar	73183:11
taran	67942:1
tard	67798:1 67937:1 68274:2 68279:1 68881:2 69177:1 69811:1 69812:1 70916:1 71614:2 71621:1 71835:1 72394:1 72629:1 72630:2 72932:1 73430:1 74450:1 75063:1 76507:1
tardiv	68646:1 73182:1 75065:1
targu	70420:1 70915:1 72629:1 73432:1 73434:1 74746:1
tarn	75066:2
tars	72632:1
tart	74752:2
tas	76213:1
tat	69180:1
taux	67802:1 69184:1 70917:1 73183:1 73684:2 75457:1
taxibot	72933:5
tcf	67556:1
tchad	75458:1
tcr	70922:1
tech	68280:2 70420:1 70751:1 72121:1 73182:2 74172:1 74450:8 74750:1 75066:2 75457:1
technicien	67071:1 67939:1 68279:1 72115:1 75068:1
technico	75463:1
techniqu	67068:1 67383:1 67388:2 67389:4 67553:3 67554:2 67561:1 67795:1 67801:1 67939:1 67940:2 67943:1 68277:1 68279:2 68391:7 68638:1 68642:1 68643:1 68884:1 68885:6 69179:1 69536:1 69538:1 69539:2 69812:2 69819:1 69820:1 70162:1 70423:1 70747:1 70751:2 70916:2 70917:1 70918:2 70921:2 70922:1 71835:1 71838:1 72113:3 72115:1 72392:1 72393:1 72394:1 72399:3 72629:2 72632:1 72636:1 72933:1 72934:1 72936:1 72939:1 73182:1 73185:2 73186:1 73189:1 73431:2 73434:1 73683:1 73685:1 73687:1 73689:2 73690:2 73876:1 73877:2 73879:1 73884:4 74168:1 74171:1 74745:2 74746:1 74747:1 74749:2 75068:1 75071:1 75464:1 75788:1 75796:2 76508:1
technocampus	75068:3
technolac	73689:1 76212:1
technolgy	68881:1
technologu	68882:1 73182:1
technology	68638:1 68881:4 69180:2 70161:1 70162:2 70919:1 73190:1 73876:1 76207:1 76208:2
technopol	70914:1 73433:3
technopôl	68279:2 68643:1 71842:2 75461:2
tecnali	67383:2
tecnic	74450:1
tecton	67942:1
teign	71843:1
teillet	73685:3
teindr	72630:1
tek	68642:1
tel	67383:1 67386:1 67388:1 67555:2 67794:3 67800:1 67938:1 67942:1 68275:1 68280:1 68383:1 68387:1 68882:1 68883:1 68886:1 68887:2 68888:1 69177:1 69182:1 69183:1 69535:3 69538:1 69813:3 69814:1 69816:2 69821:1 70161:1 70166:1 70420:3 70422:1 70423:1 70425:2 70745:1 70747:1 70917:1 70920:1 71357:1 71359:1 71366:1 71612:1 71615:2 71616:1 71621:1 71835:1 71838:1 72114:1 72392:1 72393:1 72630:1 72634:1 72937:2 73182:1 73184:2 73185:1 73187:1 73430:3 73432:7 73436:1 73683:1 73688:1 73877:3 74167:1 74168:1 74170:1 74449:1 74450:1 74455:1 74745:2 75063:1 75065:1 75069:1 75457:1 75462:2 75791:1 75796:1 76206:1 76209:1 76210:2 76213:1
telecom	67945:1 70161:2
telescop	70163:1 73186:2
tellur	69181:1 69817:1 70420:2 72114:1
temp	67068:4 67383:1 67385:1 67553:1 67555:1 67794:1 67798:1 67937:1 67939:2 68274:1 68275:1 68279:1 68638:1 68646:1 68882:1 68883:1 69177:1 69537:1 69539:1 69811:1 69812:1 69819:1 70161:1 70162:2 70424:2 70744:1 70752:1 70914:1 70916:2 70922:1 70923:1 71359:1 71617:1 71618:1 71835:5 71837:1 71840:1 72114:1 72116:1 72121:1 72396:2 72400:2 72629:1 72630:1 72932:4 72933:2 72934:1 72937:1 73434:1 73436:1 73438:1 73683:3 73689:1 73875:1 73879:1 73881:1 74167:2 74171:1 74172:1 74455:1 74457:1 74748:1 74749:2 74750:1 75069:1 75457:2 75459:1 75466:1 75788:1 75791:2 75792:1 76508:2 76509:3 76510:3 76515:1
temper	69816:1 75789:1
temporair	74167:1
temporel	67068:2 70162:1 71837:1 73186:1
températur	67557:1 67558:4 67939:3 68280:1 68389:4 68390:1 68640:2 68644:1 68883:1 69182:1 69533:2 69537:1 69811:1 69819:1 70916:3 72119:1 73190:1 73434:1 73688:1 74168:1 74170:1 75463:1 76210:2
tempêt	72629:1
ten	70421:2 70916:1 71358:1 72933:1 73884:1
tenac	73684:1 76210:4
tend	72115:1
tendanc	67794:4 67938:1 68274:1 68383:1 69533:1 71619:1 71835:1 72120:1 72629:1 73185:1 73877:2 74167:1 74752:1 75065:1 75458:1 76209:7 76213:1
tendent	68387:1 69533:1
tendr	67938:1
tenerrd	69818:1
teneur	67391:1 68885:1 69182:1 69816:2 74169:1 75069:1 75790:1
tensioact	67558:5
tension	69184:1 71357:1
tent	68383:1 71612:1 71837:1 72397:1 73182:1 73183:1 75463:1
tentat	67390:1
tentent	67389:1 67553:1 67802:1 70423:1
tenu	67558:1 67804:1 67942:1 69534:1 69540:1 69541:1 70162:1 70165:1 73431:1 73684:1 74449:1 74746:1
tequ	68276:1
ter	74452:1
teractec	70914:1
teratec	70914:1 75796:1
terifiq	69534:3 75790:1
term	67388:2 67390:1 67391:1 67553:1 67554:1 67794:1 68273:1 68274:1 68277:1 68280:1 68383:3 68390:1 68638:2 68881:1 68882:1 68883:2 68884:1 68886:1 68887:1 69178:2 69183:1 69533:1 69534:1 69535:2 69538:1 69540:1 69812:1 69813:1 69814:1 69817:1 69819:1 70161:1 70165:1 70420:1 70421:1 70429:1 70744:1 70745:1 70747:1 70749:1 70753:1 70915:1 70916:2 70918:1 70919:1 70921:2 71358:2 71361:3 71366:2 71835:2 71842:2 71843:1 72114:1 72116:1 72395:2 72629:1 72634:1 72937:1 73184:2 73186:1 73187:1 73188:1 73189:1 73430:1 73432:1 73683:2 73684:2 73876:2 73879:1 74167:2 74170:1 74173:1 74451:1 74454:1 74455:2 74744:2 74752:1 75063:1 75064:1 75067:1 75068:1 75069:4 75458:3 75459:1 75461:1 75788:1 75789:2 75792:1 75793:1 75794:3 76206:1 76209:1 76213:2 76509:2 76511:1
termin	70916:1 71362:1 71363:1 71835:2 71845:1 72634:1 72935:1 73185:1
terminal	70161:1 72633:1 76507:1
terr	67387:1 67553:1 67794:5 67939:1 67942:2 67943:1 68387:1 68642:1 68644:1 68645:1 69177:4 69181:2 69811:5 69812:1 70420:1 70424:1 70745:1 70916:2 71621:1 71836:2 73880:3 74168:2 75458:1 75463:1 75792:1 76209:1 76210:1 76213:2
terrain	67068:1 67387:1 67388:1 68274:1 68275:1 68383:1 68643:2 69813:1 69821:1 70421:1 70916:1 73182:1 73185:1 73430:1 73684:1 74172:1 74450:1 74457:1 75458:2 75788:1
terrali	75069:1
terren	72637:1
terreo	76512:1
terrestr	67553:1 68385:1 69179:1 73880:4 74456:1
territoir	67071:4 67939:2 68275:3 68279:2 68889:1 69181:1 69535:2 69538:2 69812:4 70422:1 71357:2 72113:2 72933:2 72937:1 72939:1 73875:1 74172:2 74175:1 74455:1 74746:1 74748:1 75066:1 76209:1
territorial	68884:1 68889:1 69535:2 71357:2 74457:1 74746:1
terroir	68279:1 70745:2
tertiair	70169:1
test	67386:1 67554:1 67798:2 67801:7 67802:1 67940:3 68387:4 68638:2 68643:1 68646:1 68883:1 68884:2 69179:2 69534:3 69815:1 70163:3 70421:1 70425:2 70743:1 70744:1 70916:2 70923:2 71359:1 71618:1 71836:1 72395:1 72397:1 72634:3 73182:1 73184:1 73186:1 73684:1 73685:3 73686:2 73876:1 74168:5 74169:1 74171:1 74451:1 74751:1 75064:2 75792:1 75793:1 75797:1 76207:1 76508:1 76511:3
testent	70743:1
testeur	71359:1
tet	68275:1 68887:3
tev	72934:1
tex	70751:1 70921:1
text	68276:1
textil	70166:1 70751:5 70921:5 71361:10 73685:1 73687:1
textur	67558:1 70166:1 72631:1 72634:1 73685:1 74746:1 75069:2 76507:1
tgcc	70914:2
tgu	69812:1
thal	67940:1 70162:10 70421:1 71835:1 71836:1 71839:2 72934:1 75788:6 75789:6
thalian	67800:2
the	67557:1 67802:1 68886:2 69184:1 69819:2 71617:2 71837:1 72121:1 72393:1 76513:1
them	67803:1 68882:2 68889:1 69535:2 70164:1 72113:1 72121:1 72398:1 72399:1 73877:1 74456:1
theodorus	69539:1
thermiqu	67796:2 68639:1 68640:1 69537:1 69818:2 70165:1 71836:1 71839:1 72630:1 72934:1 72940:1 75066:1
thermograph	67796:1
thermomagnet	69186:1
thermonuclear	74168:1 75064:1
thermonucléair	74168:1 75064:1
thermoplast	75464:1
thermorégul	69184:1
thermoélectr	69186:2
thes	67383:1 67937:1 69536:1 69812:1 70166:1 70743:1 70749:1 71612:7 72115:2 72394:2 72630:1 72932:1 73685:3 74454:1 75064:1 75459:3 75790:1 76206:2 76208:1 76512:1
thiengol	75458:2
thierry	67553:4 68638:3 68888:1 70426:1 70916:1 70918:1 73182:1 73876:3 74167:7 74752:5 75790:3
thin	72114:1
think	68383:5 74176:2
thinking	75068:1
thom	75790:3
thorac	71616:2
through	67554:1
thé	75462:1
thémat	67071:1 67795:1 67946:1 68279:6 68642:1 69543:1 69820:1 70161:1 70422:1 70745:7 70751:1 71359:1 71615:1 72116:2 72120:1 72393:1 72396:1 72398:1 72400:1 72631:1 72937:4 72938:1 73431:1 74172:1 74748:3 75064:1 75460:1 75793:2 76212:1 76213:1 76514:1
théor	67938:4 69180:1 70424:1 70748:1 70914:1 71841:1 76511:3
théorem	71835:16
théoriqu	67383:2 68886:1 70421:1 71836:1 72397:1 72631:1 72932:2 74744:1 76206:1 76211:1
thérap	72117:1 74171:1 74453:1 74454:1 75065:2
thérapeut	67802:1 68384:1 69536:1 71612:1 72115:5 72116:2 72938:3 73184:5 73435:1 73878:1 74173:1 75065:1 75459:1 76208:1
thésam	72122:1
thésard	73430:1
théty	70916:2
théâtr	71836:1 73875:1
tianjin	71362:1
tic	71359:1 73182:1
tien	72634:1 74450:1
tiendr	67555:1 69535:1 69820:2 70168:1 70170:1 70749:1 72116:1 72122:1 72393:1 72400:1 72939:1 73438:1 74456:1 74748:1 75465:1 75795:1
tiennent	72120:1
tient	67803:1 69542:1 70169:1 70421:1 70749:1 71612:1 72113:1 72629:1 72940:1 73183:1 73185:1 73430:1 73875:1 73881:1 73882:1 75458:1
tier	67555:1 69819:2 71366:1 74455:2
timbr	73187:3
timid	68383:1
tinc	73883:1
tinctorial	72630:1
tio	70425:1
tir	70753:1 71617:1 71839:1 72629:1 72934:2 72937:1 73684:1 76208:1 76211:1
tirent	71621:1 75794:1
tison	68646:1
tissu	69184:6 74168:1 75789:3
tissulair	68887:2
tissus	67802:1 69184:1 70918:1 76511:1
titan	68642:1 70425:2 74168:1 74454:2 75067:1
titanesqu	68383:1
titr	67794:1 67938:1 68275:1 68383:1 69812:1 71357:1 71359:1 73430:1 73683:1 73684:1 74170:1
titulair	67798:1 72113:1 75457:1
tivm	73431:1
tld	72933:8
tlr	67937:1
tm	71616:2 75791:1
tnt	70425:2
to	67946:1
togeth	69538:1
tohoku	67942:1
toil	67798:1
tokamak	74168:10 75064:3
tokyo	76508:1
toler	68389:1 69178:1 69182:1 69820:1 70746:2 75065:1
toll	67937:5
tomb	72938:1 73875:1
tomograph	69819:1
ton	67391:2 68273:2 69177:1 69179:1 69811:1 70163:1 71836:1 72630:1 72933:2 75066:1
tonal	71359:1 76508:1
top	73687:1 74450:1
topex	73434:1
topograph	67944:1 70165:1 73880:1
topography	73434:1
topolog	69186:2
tor	74168:9
toroïdal	74168:1
torsion	68280:1
tort	72629:1
toscan	70916:1
toshik	68638:3
total	67555:1 67796:1 67937:1 68279:1 68387:1 68638:1 69177:1 69179:2 69181:1 69538:1 69540:1 69811:1 69816:1 70161:1 70421:1 70745:1 70749:1 70923:1 71621:1 71841:1 72117:1 72635:1 72939:1 73188:1 73683:1 74169:1 74450:1 74454:1 75063:1 75064:1 75793:1 76507:1
totalis	69177:1
totalisent	67068:1
touch	67799:1 68882:1 70162:2 70914:1 72394:1 72629:1 72634:1 73435:1 73685:1 74173:1 74449:1 74453:1 75791:1 76206:1 76511:3
touchent	67802:1 71841:1
toujour	67068:1 67383:1 67386:1 67553:1 67554:3 67939:1 68276:1 68389:1 68638:1 68643:1 69812:2 70161:2 70166:1 70422:1 70429:1 71612:1 71614:2 71835:2 72393:2 72396:2 72629:1 72932:1 72939:1 73182:1 73183:1 73185:1 73189:1 73432:1 73683:1 73877:1 73879:1 74167:2 74450:1 74455:2 74457:1 74744:1 74745:1 74746:1 75066:1 75797:1 76206:1 76213:1 76507:2 76508:1
toulon	73688:2 73875:1
toulous	67386:1 68644:2 69177:2 69180:1 69542:1 69814:2 69819:1 70170:6 70914:1 71362:9 71612:4 71615:1 72121:3 72630:1 72635:1 72935:1 73185:2 73434:4 73438:1 73691:1 73884:2 74748:1 76512:1
toulousain	68644:1 71362:1 72630:3 73434:2
tour	67937:1 68384:2 69815:1 70916:2 71360:1 71362:1 72119:1 72397:1 72933:1 72935:2 72938:2 73185:1 73683:1 73686:2 74168:1 74746:1 75066:1 75461:1 75793:1 76507:1 76510:1
tourbi	70745:1
tourbillon	73434:1
tourin	67068:1
tourism	68645:1 71621:1
tourist	69535:1 70165:1 70916:1
tourn	68638:1 68882:1 71621:1 72114:1 72119:1 72397:1 72633:1 72932:1 74450:1 75066:1 76210:1
tournesol	67391:1 68385:1
tourt	69821:3
tous	67383:1 67553:1 67555:1 67794:2 67801:1 67937:2 67938:1 67939:1 67940:2 68276:1 68279:1 68383:1 68387:1 68392:1 68638:2 68885:1 68889:2 69179:1 69185:2 69533:1 69541:1 69542:1 69811:1 69821:1 70162:2 70169:1 70421:2 70743:1 70749:1 70753:2 70915:1 70921:1 70923:4 71357:3 71359:2 71619:1 71621:1 71835:1 71842:1 72113:1 72392:1 72393:2 72394:1 72400:1 72401:1 72634:1 72636:1 72932:2 72933:2 72935:1 72937:1 72939:1 72940:1 73182:1 73183:1 73185:1 73430:1 73431:1 73434:3 73437:1 73683:1 73875:1 73877:1 73881:1 73882:1 74169:1 74449:1 74453:1 74455:1 74456:1 74748:1 74749:1 74750:1 74751:3 74752:1 75457:1 75458:3 75462:1 75788:1 75792:1 75793:1 76206:1 76207:2 76509:2 76511:1 76513:2
touss	68881:1
tout	67071:2 67383:1 67553:2 67555:1 67796:1 67937:2 68276:1 68279:1 68386:1 68387:1 68882:1 68886:1 69177:1 69180:1 69533:1 69541:1 69543:1 69817:1 69819:1 70162:5 70165:2 70170:1 70420:1 70421:3 70745:1 70916:2 70917:1 70923:1 71357:2 71362:1 71614:1 71618:1 71835:2 71836:2 71839:1 71842:3 72116:1 72400:1 72629:1 72630:1 72631:2 72934:2 72940:2 73184:2 73188:1 73431:1 73432:1 73683:3 73875:1 73879:2 73882:1 74167:1 74168:1 74172:1 74454:1 74744:2 74749:1 75064:1 75069:1 75458:1 75459:1 75461:1 75462:1 75788:1 75789:1 75792:1 75793:1 75794:1 76208:3 76507:1 76509:1 76515:1
toutefois	67801:1 69181:1 70165:1 70744:1 71835:2 75463:1
toxicolog	68387:1 72631:1
toxicological	68388:1
toxin	72115:12 75460:1
toxiqu	68387:1 68388:1 70162:2 70746:1 71843:1 72115:2 72392:1 72935:1 73189:1 73436:1 74170:1 74173:1 75460:1
toyot	76513:1
tpe	67553:1 71614:1 72630:1 76211:1
trac	70425:1 70744:3 72114:1 75458:1
trachéal	74454:2
trachéotom	74454:1
track	68646:2 74171:1
tract	72933:2
tracteur	72933:3
tractus	68887:1 73432:2
tradit	68276:2 68383:1 70161:1 73875:1 73877:1 74752:1
traditionnel	67388:2 67557:1 70161:1 72630:1 72932:1 73683:1 74747:1 74748:1 75458:2 76206:1 76210:1
tradmatik	76513:1
traduct	72116:1
traduir	68885:1 69542:1 71357:1 71359:1 72393:1 73185:1
traduis	74173:1
traduisent	68646:1
traduit	68383:1 70923:1 71836:1 73430:1 74172:1 74746:1 76209:1
trafic	71840:1 72939:1
trail	76212:1
train	67797:1 67798:1 68279:1 69177:1 71612:1 72114:3 72116:1 72933:1 73431:1 73683:1 73876:1 74167:1 74450:2 75458:1 76510:1
training	70162:1
trait	67387:3 67554:1 67794:1 67796:1 67799:2 67939:1 68388:1 68391:1 68641:1 68642:1 68646:3 68883:1 69177:1 69533:1 69813:2 69814:1 69819:1 70424:2 70744:1 70918:1 71360:4 71616:1 71617:1 72117:1 72120:1 72392:4 72393:1 72630:1 72632:1 72637:2 72932:1 72935:4 72937:1 73183:1 73184:1 73187:4 73431:4 73432:2 73433:1 73434:1 73435:1 73683:2 73684:1 73685:1 73686:1 73687:2 73691:1 73879:2 74173:1 74452:4 74453:5 75065:8 75067:2 75458:1 75790:1 76208:1 76512:1 76514:1
traitanc	69543:1 72114:1
trajectoir	68644:1 69533:2 70744:2
trajet	68883:2
tram	68889:1
tramontan	70916:1
tramway	73875:3
tranch	71835:1 74457:1
tranquill	72932:1
trans	75459:1
transact	71614:1 72633:1
transcontinental	75458:1
transcript	67556:4
transcriptionnel	67391:1
transcriptom	67391:1
transcrit	67391:1
transderm	73187:3
transdisciplinair	75068:1
transf	73184:1
transfer	67554:1 67555:1 67802:1 68274:1 68641:1 68881:1 69534:2 70745:1 71362:1 72115:1 72395:1 72630:1 73430:1 75791:1 76508:1
transfert	67392:1 67554:2 68881:3 69534:1 69815:1 70426:1 70745:2 70746:1 70753:1 71362:1 71612:1 71614:1 71839:1 71842:1 72117:5 72392:1 72394:1 72938:1 73182:1 73431:3 73878:1 74451:1 74746:1 75067:4 75068:1 75459:3
transform	67068:1 67383:2 68279:1 68644:1 68646:1 68881:1 68885:1 69819:3 72113:1 72114:1 73435:1 73876:2 74168:1 74746:1 75792:1
transgen	73184:1
transistor	67554:1 70167:1 72635:8
transit	67071:1 67558:1 68280:2 72940:2 73182:1 74175:1 75792:1
transitoir	67556:1 70746:1
translationnel	68384:1
transm	69813:1 76508:1
transmembranair	72397:1
transmettr	70748:1 72629:1
transmis	68281:1
transmiss	67386:1 67554:1 68388:1 68391:1 69820:1 70748:1 72115:1 73881:1 74453:1 75794:1
transmitted	67942:1
transmut	69178:3
transparent	71361:2 75789:1
transpir	69182:1
transplant	67802:1 67937:1 75065:1
transport	67553:1 67796:1 67941:1 68273:4 68888:1 69186:1 69541:1 69814:1 70162:1 70165:1 70167:1 71358:4 71362:1 71617:1 72397:1 72631:1 72935:1 72937:1 72939:2 72940:1 73184:1 73875:1 74456:3 75071:1 75459:5 75466:1 75790:1 75795:1 76208:1
transportent	73434:1 75459:1
transporteur	69184:2 72631:1
transpos	69534:1 73684:1 75068:1
transvers	67939:2 68642:1 70161:2 72116:1 72937:1 74748:1
transversal	74167:1 75461:1
traqu	70163:1 70421:1
traumat	67801:5 73431:2
traumatis	67801:1 73431:1
travail	67071:1 67383:2 67555:1 67561:1 67794:1 67795:1 67937:1 68274:1 68276:1 68279:4 68283:1 68383:4 68391:1 68392:1 68638:1 68643:1 68881:1 68882:2 69177:1 69533:1 69535:1 69541:1 69812:2 69813:2 69817:1 69818:1 69821:3 70161:2 70162:1 70164:1 70420:1 70745:2 70915:2 70923:1 71357:3 71361:1 71612:1 71614:1 71615:2 72113:2 72115:1 72119:1 72392:1 72394:3 72396:1 72629:1 72630:2 72634:1 72636:1 72932:4 72933:1 72939:2 73182:1 73183:2 73184:1 73432:1 73435:1 73436:1 73683:1 73684:2 73685:2 73687:1 73876:4 74172:2 74746:1 74749:1 75064:1 75068:2 75457:1 75458:2 75793:1 76206:1 76510:1
travaill	67068:3 67383:2 67385:1 67553:3 67554:2 67802:1 67937:3 67940:1 67942:1 67944:1 68273:1 68279:2 68383:1 68387:1 68393:1 68638:1 68641:1 68881:2 68885:1 68886:1 69533:2 69541:1 69812:2 70161:1 70166:1 70421:1 70422:2 70745:1 71358:1 71359:2 71361:1 71612:2 71614:4 71840:1 72113:1 72115:5 72394:6 72395:1 72630:1 72631:1 72634:2 72636:3 72932:2 72933:1 73185:3 73431:1 73434:1 73683:1 73684:1 73685:3 73875:2 73876:3 73877:1 74168:2 74449:1 74450:4 74451:1 74453:1 74752:1 75064:2 75067:1 75457:1 75459:2 75788:2 75789:1 75790:1 75791:1 75792:1 75793:2 75795:1 76206:3 76213:1 76509:1 76511:2
travaillent	67554:2 68383:1 68387:2 68643:1 68881:1 68885:1 71612:1 71835:1 71842:1 72116:1 72393:1 72636:1 72936:1 73432:1 73685:1 73875:1 74172:1 75788:1 76507:1
travaillon	70745:1 72114:1 73876:1 74169:1 74450:1 75063:1 75789:1 75790:1 76508:1
traval	67068:2 67388:1 67389:3 67391:1 67556:1 67558:1 67802:2 67937:3 67940:1 68279:1 68280:1 68383:1 68388:1 68390:1 68393:1 68881:2 68882:1 68885:1 68886:1 69184:3 69534:2 69539:2 69540:2 69812:1 69813:1 69816:1 69819:2 70161:1 70167:1 70420:1 70421:2 70425:1 70426:2 70743:1 70745:3 70746:1 70922:1 70923:2 71362:1 71612:1 71837:2 71841:1 71843:1 72113:5 72115:1 72119:1 72392:1 72393:2 72394:1 72397:1 72398:1 72630:4 72631:1 72632:1 72932:5 72934:2 72939:1 73182:3 73184:2 73188:1 73189:1 73431:3 73432:2 73434:1 73435:1 73436:1 73685:1 73688:1 73690:1 73875:2 73876:1 73877:2 73878:1 73883:1 74168:1 74173:1 74453:1 74454:2 74744:1 74745:1 74750:1 74752:1 75063:1 75070:1 75458:1 75459:2 75464:2 75790:1 75794:1 76206:3 76207:1 76210:1 76213:1 76511:4 76512:1 76513:1 76516:1
traver	67554:1 67555:1 67561:1 67796:1 67798:1 67939:1 68275:1 68383:1 68882:1 69535:1 69536:1 70164:1 70169:1 70421:1 70424:1 70745:1 70748:3 70921:1 71362:1 71363:1 72397:1 72630:1 72631:2 72936:1 73184:1 73883:1 74744:2 74748:1 74749:1 74751:1 75070:1 75458:1 75460:1 76515:1
travers	67554:1 67939:1 68389:1 72397:2 72629:2 72634:1 75458:4 75794:1
traçabl	68273:1 74455:1
traîn	71617:1
trembl	67942:1 74173:1
tremplin	72400:1
trent	67794:1 68387:1 75788:2
trentain	67802:1 68385:1 68638:1 69821:1 70744:1 71358:1 71616:1 71835:1 72393:1 73183:1 73434:1 74167:1 74171:1 75460:1 75795:1
trentenair	72932:1 76208:1
tri	69541:1 70921:1 72392:2 73879:1 75788:1
triarylamin	70167:1 73436:1
tribart	73437:2
tribolog	68886:1
tribun	74174:1
tributair	75789:1
tricycl	75066:1
tridimensionnel	70746:1
trilingu	68888:1
trimatec	67561:1
trimestr	67553:1 71841:1
trimouv	75066:1
trinitrotoluen	70425:1
trip	71835:1
tripl	75461:1 76512:1
tritium	74168:5
tritur	74457:1
troi	75065:2
trois	67068:1 67383:1 67386:1 67388:1 67553:2 67555:3 67795:3 67937:3 67939:1 68274:2 68276:1 68279:1 68389:1 68391:1 68640:1 68642:1 68643:1 68645:1 68881:1 68888:1 69179:3 69182:1 69183:1 69533:1 69534:1 69536:1 69811:2 69818:1 69820:1 70161:3 70162:2 70164:1 70422:1 70424:2 70746:1 70914:2 70916:5 71361:1 71362:2 71366:1 71614:1 71615:1 71616:1 71618:1 71842:1 72113:1 72114:2 72119:2 72393:2 72395:1 72397:1 72398:2 72630:1 72634:2 72637:1 72932:2 72933:1 73430:1 73434:1 73683:2 73684:2 73685:1 73689:1 73690:1 73877:1 73880:3 73881:1 73882:1 74167:1 74169:1 74176:1 74449:1 74452:1 74453:1 74455:1 74747:1 74749:1 75063:1 75457:1 75464:1 75466:1 75788:1 75789:1 75790:1 75791:1 76207:2 76213:1 76507:1
troisiem	67939:1 68281:1 68387:1 68389:1 68639:1 68882:1 69533:1 69535:1 70745:1 70749:1 71357:1 71359:1 71361:2 71614:2 71617:1 71842:1 72114:1 72629:1 72635:1 73432:1 75067:1 75793:1 76213:1
tromp	68638:1 72631:1 75065:1
tronc	72117:1
tronic	72122:1
trop	67555:2 67801:1 67937:1 68274:1 68643:1 68887:1 69184:1 69534:1 69821:1 70161:1 70421:1 71363:1 72396:1 72629:1 72630:1 72932:1 73183:1 73185:1 73684:1 73876:1 74167:1 74453:1 74455:2 75458:2 75792:1
troph	70752:1 71840:1 72400:1 75458:1
tropical	67939:8 69181:1 69821:3 74457:1
tropiqu	67939:16 69177:1 75789:2
trossat	68885:1
trou	69811:1 72397:1
troubl	67556:1 68277:2 71841:6 72632:1 74171:1 74173:1 75791:1 76508:1
troupeau	75458:2
trouv	67068:2 67383:1 67389:1 67798:1 68273:1 68388:1 68646:1 68882:1 69534:1 69535:1 70420:1 70421:2 70744:1 70745:1 70749:2 70915:1 71359:1 71614:1 71621:1 71843:1 72115:1 72118:1 72394:1 72630:1 72631:2 72932:1 72933:1 72940:1 73434:1 73683:4 73684:1 73687:2 73884:1 74450:1 74745:1 74746:1 75065:1 75458:1 75461:1 75788:2 75789:1 75792:1 76208:1 76210:2 76507:1
trouvent	70421:1 71358:1 72115:1 73437:1
trouvon	74745:1
trustinsoft	76207:5
try	67387:2
trystram	67795:6
trésorer	68643:2 74167:1
trésori	67553:1
tseu	72396:1
tsinghu	70920:2
tsunam	67942:1 69811:1 70915:1 73880:1
tsv	67554:1
ttc	69818:1
tu	70161:2 74173:1
tub	67558:4 67800:1 70918:1 73188:1 73432:1
tubercul	73431:1
tuberculos	73431:2
tulip	68273:1
tumeur	67068:1 67802:1 70918:2 72117:1
tumoral	73691:1 75065:3
tungsten	74168:12 75064:2
tunis	69820:1 72629:1
tunisien	67391:1
tunnel	72119:1 72397:1 73875:1 75070:2 76510:1
turbid	68883:1
turbin	72397:1 74745:2
turbomec	67068:1 74745:1
turboréacteur	74745:1
turbulent	69537:1 73434:1
tutel	68883:1 69181:1 74752:1
tuyau	68881:1
typ	67386:1 67387:3 67388:2 67390:1 67553:1 67795:1 67802:2 67937:1 67940:2 68274:1 68275:1 68387:3 68640:1 68643:1 68644:3 68881:1 68883:1 69177:1 69178:2 69183:1 69534:1 69537:1 69539:1 69540:1 69813:2 69817:1 70166:1 70420:3 70421:2 70425:1 70914:1 70916:1 70919:3 70920:1 71357:2 71359:3 71612:2 71617:1 72113:2 72118:1 72392:1 72393:2 72394:1 72631:1 72634:1 72635:1 72935:1 73182:1 73185:2 73186:1 73430:1 73432:1 73434:2 73436:1 73683:1 73684:1 73688:1 73879:1 74168:1 74173:4 74449:1 74450:1 74744:1 74749:1 74750:1 75065:1 75067:1 75789:1 75793:2 75794:1 76206:1 76207:1 76209:1 76508:1 76509:1 76515:1
typhimurium	69183:1
typiqu	69181:1
typolog	68279:1
tâch	70165:1 70422:1 72394:1 72932:1 73182:1 73190:1 74452:1 75791:1
télescop	70163:1 70424:2 70914:1 73186:3 73688:3
télécom	72633:1 73430:3 75063:2 75071:1
télécommun	67068:2 67386:1 68392:5 70168:1 72934:1 73190:1 75071:2 75789:5 76508:1
téléphon	67386:1 67554:3 68279:1 70747:1 72401:1 76508:7
télévis	70747:1 72401:1
téléviseur	76508:1
témoign	70422:1 71612:1 71842:1
témoignag	67561:1 68276:1 70170:1 70923:1 71612:1 74174:1 75796:1
témoignent	71362:1 71835:1 74746:1
témoin	68387:1 68646:1 68889:1 72937:1 74175:2 75797:1
téraflop	74452:1
téraoctet	69811:1
térawat	72397:1
tésséker	75458:2
têt	70422:1 71837:2 72117:1 72394:1 72396:1 72933:1 73430:1 74171:1 74172:1 74450:1 74744:1 74749:1
tôt	69812:1 70749:1 71617:1 71621:1 72394:1 72396:1 73434:1 76509:1
u	72637:1 76511:1
uag	71362:2
uas	70165:1
uc	70422:1 73435:1
ucad	75458:2
ufr	69536:1
ugb	75458:1
ujf	73878:1
uk	68386:1
ulcer	73431:1
ulis	67796:3
ulm	69542:3 73182:1
ultim	69813:1 75070:1
ultra	70423:1 72118:1 72934:1 76208:1
ultrason	67068:2 73435:2
ultraviolet	74744:1
ultérieur	72629:1
umam	72631:2
umi	68278:2 69180:2 75458:3
umpc	67802:1
umr	68275:1 69812:1 69817:1 70745:2 71837:1 72631:1 72634:2 73184:2 73683:1 75459:2 75793:1
umt	67388:3 68885:3
un	67554:1 67938:1 68383:1 68638:1 70422:1 71835:1 73875:1 74751:1 74752:1 76507:1
unanim	76209:1
une	68886:1 70161:1 70424:1 70745:1 73875:1 74450:1 76206:1 76209:1
unesco	71612:3 74175:1
uni	73430:1 75069:1
uniform	72630:1
union	67557:1 67944:1 68277:1 68642:3 71841:1 72934:1 74168:2 75064:1 75792:1
uniqu	67068:1 67553:1 67795:1 67798:1 67799:1 67937:1 67941:1 67944:1 68279:1 68638:1 68643:2 68881:1 68884:1 68886:1 69178:1 69182:1 69185:1 69534:1 69815:1 69818:1 69819:1 70162:1 70167:1 70420:2 70421:1 70423:1 70747:1 70916:1 70919:1 70921:2 71361:1 71616:1 71617:2 71619:1 71842:2 72113:1 72114:1 72394:1 72397:3 72629:1 72631:1 72634:1 72932:1 72939:1 73432:1 73438:1 73683:1 73685:1 73687:1 73876:1 73879:1 74168:2 74169:2 74453:1 74455:2 75070:2 75457:1 75788:1 75790:1 75793:2 75797:1 76206:1 76208:1 76513:1
unir	72933:1
unis	67383:1 67942:1 67943:1 68274:3 68281:1 68638:1 68881:1 69815:1 69820:1 70163:1 70422:5 70922:1 71614:1 71616:1 71837:1 71838:1 71840:1 72117:1 72393:1 72932:1 73183:1 73187:1 73879:1 74167:1 74168:1 74452:1 74749:1 75064:1 75065:2 75792:1 76207:1 76209:2 76508:1
unit	67068:1 67388:2 67389:1 67390:1 67556:3 67801:1 67802:1 67941:2 68278:1 68384:1 68385:1 68387:1 68388:1 68882:1 68883:1 68885:1 69180:2 69184:1 69812:4 70420:4 70425:1 70426:1 70743:1 70745:1 70746:1 70916:1 71612:1 71618:1 71836:1 71837:1 71842:1 72393:2 72394:1 72630:1 72631:1 72633:1 73184:1 73431:1 73432:1 73683:1 73687:1 73877:1 74169:1 74170:1 75063:1 75069:1 75458:2 75459:1 75793:1 76515:1
unitair	67390:1 71836:1
united	68886:1
univer	68638:1 70163:2 70421:2 70424:4 71357:2 71359:1 71835:1 72401:1 72932:1 73878:1 74169:1 74752:1 75063:1 76206:2
univers	67068:1 67071:1 67386:1 67387:1 67800:1 67944:1 68278:1 68388:1 68391:1 68881:1 68888:2 69179:1 69539:1 70422:2 70914:2 70922:1 71362:1 71614:1 72114:1 72116:1 72394:1 73185:1 73876:1 75063:1 75460:1 75788:2 75796:1
universel	70162:1 73182:1
universit	73688:1
universitair	67561:1 67795:1 67798:2 67799:1 67940:2 68387:1 68646:1 70161:2 70745:1 70923:1 71612:1 72394:4 72631:1 72937:1 73877:1 73879:2 73881:1 74454:3 74752:1 75458:2 75793:1 76509:1 76513:1
universiteit	69534:1
university	68278:1 69179:1 71614:1
unmanned	70165:1
unrpa	69541:1
up	67068:2 67799:1 67802:1 68281:1 68643:3 68881:8 70751:1 70921:1 71359:2 71616:4 71842:2 72119:1 72392:1 72629:6 73691:1 73878:1 74450:2 74451:1 74452:1 75066:2 75068:1 75461:1 75465:1 75466:1 75795:1 76207:2 76208:2 76211:4
upec	67945:2
upmc	67068:1 68277:1 68384:1 68645:1 69533:1 70744:1 70747:1 70916:1 71360:3 73183:1 74746:1 74750:1 75063:1 75070:1
ur	75791:1
uranium	73684:1
urbain	69535:1 70162:2 70170:1 71836:1 72114:1 72399:1 72939:1 73683:2 73875:1 75796:1
urban	72113:1
urbanis	69181:1 69535:1 70916:1 76213:1
urbano	73685:5
urgenc	67801:2 70918:1 72940:1 73430:1 74457:1 76213:1
urgent	67794:1 68383:1 68387:2 69182:1 73182:1 73183:2 75069:1 75458:1 75792:1
url	67802:1
urtal	67388:1
us	71840:1
usag	68645:2 68882:1 69818:1 70165:2 70169:1 70920:2 71357:3 72113:2 72121:1 72399:1 72400:2 73182:2 73184:1 73876:3 73877:1 74176:1 74747:1 75063:2 75069:1 75796:1 75797:1 76514:1
use	68645:1
usin	67385:1 67386:1 69813:1 72392:1 72630:1 72636:1 72933:1 73433:1 76213:2
usinag	73687:1
usttb	75458:1
usur	67386:1
util	67387:1 68883:1 69179:5 70161:1 71618:1 71836:1 72113:1 73432:1 73879:1 74457:4 75789:1 75793:1
utili	67801:1
utilisent	69540:1 69811:1 70744:1 70916:1 72115:1 72932:1 73875:1 75794:2
utérus	72935:1 74455:2
uv	71360:1
uvsq	68645:1 69533:2 71838:1 75463:1
v	71839:1 76511:1 76515:3
va	67068:1 67383:1 67385:1 67554:1 67555:2 67558:1 67794:2 67795:2 67938:1 67939:5 67945:1 68273:1 68275:1 68276:1 68277:1 68279:2 68383:1 68638:1 68643:2 68882:1 68884:2 69178:2 69534:2 69812:2 69815:1 69817:1 70166:1 70420:1 70421:1 70424:1 70744:1 70745:2 70916:3 70923:3 71357:1 71359:8 71360:1 71612:1 71614:4 71835:2 71836:1 71837:3 71840:1 71842:1 72114:1 72116:2 72118:1 72392:6 72393:1 72394:3 72397:1 72629:1 72631:1 72634:1 72932:2 72935:1 72936:1 73183:3 73430:2 73431:1 73432:4 73683:1 73685:1 73686:2 73689:1 73875:1 73876:2 73884:1 74167:1 74168:5 74450:5 74451:1 74746:1 74749:2 74751:1 75063:1 75064:2 75065:2 75067:1 75069:2 75070:1 75457:1 75459:2 75461:1 75462:2 75788:1 76208:1 76209:2 76213:6 76510:1 76511:2
vacccin	69813:1
vaccin	67937:1 69813:3 72935:7 73184:1
vagu	69817:1 70743:2 70744:1 73434:1
vaimos	68883:7 74170:5
vain	70745:1 74455:1
vaison	70916:1
vaisseau	69177:1 72117:1 73189:1
val	67945:1 68277:1 68885:1 72938:1 72939:1 74172:3
valenc	67945:1 68393:1 70916:1
valenci	76206:1
valencien	72635:1
valer	67068:1 67071:1
valeur	68276:1 69535:1 69540:3 69811:1 70748:1 70920:3 70921:1 71358:2 72395:1 72637:1 72933:2 72939:1 73182:1 73876:1 74169:2 76511:1
valid	67071:1 67385:1 67392:1 67554:1 67797:1 67939:1 68883:1 69178:1 69179:1 69537:1 69815:1 70914:1 70918:1 72113:1 72118:1 72634:2 72934:1 73875:1 74168:1 74449:1 74453:2 74751:1 75064:2 75067:2 75069:1 75792:1 75793:2
valis	73431:5
vall	68645:1 68889:1 69537:2 69813:1 72392:1
vallet	71621:3
valley	67946:1 74455:1 74746:3
valo	72117:1
valoir	74457:1
valorial	74449:1
valoris	67385:2 67553:1 67946:1 68273:1 68885:1 69815:1 70426:1 71362:1 71845:1 72117:1 72630:1 72634:2 72939:3 73430:1 73431:2 73433:1 73438:1 73683:1 73877:2 73878:1 74748:2 75067:1 76209:1
valros	67561:1
valu	72115:1
valv	74454:1
van	74449:2
vanni	70914:1
vant	74167:1
vapeur	67939:6 70426:1 72394:1 73683:1
var	67388:1 68274:1 70744:1 70916:1 73688:1
vari	67068:1 67388:1 67554:1 67938:1 68639:1 68886:1 70161:1 70745:1 70919:1 71363:1 71837:1 72116:1 72394:1 73881:1 74167:1 74173:1 74744:1 75466:1
variabl	67387:1 67388:2 67800:1 68273:1 68882:1 69181:1 69537:1 70420:1 70916:1 72395:1 74449:1 75463:1 75790:1
variat	67390:1 67938:3 69811:2 75067:1 75458:1
variet	67391:1 68882:1 69182:1 69535:1 70420:1 72113:1 73877:1 74449:1
variétal	68279:1 70420:1 73877:1
varsov	67555:1
vasculair	69184:1 73189:1
vassal	74169:1
vassivi	67944:2
vast	67386:1 69184:1 70421:1 74456:1 76211:1
vauclus	70916:1
vaudr	70424:1 71835:1 73185:1
vaut	70914:1 72396:1
veau	67388:3 74750:1
vecteur	67802:2 69813:2
vectoris	73184:1
veg	69177:4 69179:9
vegepoly	75069:1
veil	67386:2 68273:1 73685:1 74449:1 74455:1 75465:1
veillet	67799:1 71360:1
velléit	71614:1
ven	67068:1 67071:1 67795:1 67942:1 68280:1 68882:2 68883:1 69533:2 69816:1 69817:1 70162:3 70422:1 70423:1 70916:2 70921:1 72113:1 72394:3 72634:2 73690:1 73875:1 73876:1 73877:2 75458:1 76515:1
vend	69811:1
vendang	73684:1 73877:1 76206:1
vendr	75458:1
vendu	68274:1 72933:1
vendus	71614:1 74171:1
venim	73878:1
venin	72115:9 73878:6
venon	68643:1 72629:1 73877:1
vent	68273:1 68389:1 68883:1 70743:4 70916:3 71614:1 72629:1 73187:1 73434:1 73880:1 75463:1 75789:1 76510:1
ventral	67937:1
ventur	68273:1 69815:1 72400:2 75466:1
venu	67939:1 68387:1 72396:2 72630:1 73683:1 73685:1 74170:1
venus	67945:1 68638:1 69178:1 69542:1 70921:1 71362:1 71619:1 72393:1 73683:1 74744:1 76515:1
veoli	72392:6 74450:1
ver	67071:1 67798:1 68279:1 68389:2 68884:1 69533:1 69540:2 69542:1 70422:1 70753:1 71358:1 71621:1 71837:1 72115:1 72117:1 72392:1 72633:1 72932:2 72935:1 72937:1 73182:1 73184:1 73430:1 73683:1 74175:1 74450:2 74457:1 74749:1 74752:1 75067:2 75069:1 75070:2 75457:1 75463:1 75791:1 75794:2 76210:1 76213:3 76507:1 76510:1
verb	74167:1
verbalis	75793:2
vercherand	68276:1
vercueil	74453:1
verit	70169:1
vern	73683:3 75068:4
vernejoul	69184:1
vernissag	70751:1
verr	68280:2 68387:1 68886:2 69177:2 69819:10 70420:1 70421:2 71842:1 72400:1 72934:1
verront	71619:1 72939:1
verrou	73188:1
verrous	75789:1
vers	70420:1
versaill	69533:1
version	67940:1 69821:1 70916:1 74168:1 75793:2
vert	67068:1 67071:1 68278:1 68889:1 69535:4 69814:1 69816:1 70744:1 72115:2 72121:1 72635:1 75067:1 75458:12
vertical	67939:1 68883:1 69178:1 70425:1 70744:1 72635:2
vertigo	74746:1
vertueux	69538:1 71359:1
vertus	67558:1 72113:1
vertébral	71614:1
verwaerd	68638:2
very	68881:1
vestig	75788:1
veulent	67794:1
veurey	67796:1
veut	67795:1 68383:1 74450:1 75069:1 76213:1
veux	67795:1 72394:1
vho	73684:2
vi	67068:1 67071:1 67383:1 67553:1 67554:2 67555:1 67798:2 67799:1 67801:1 67937:1 67938:1 67939:4 67944:1 68274:2 68277:1 68279:1 68383:1 68387:1 68388:2 68389:1 69177:1 69178:1 69179:1 69535:1 69539:1 69811:1 69819:1 69821:1 70161:1 70162:2 70420:4 70429:1 70745:1 70923:2 71357:1 71358:1 71362:2 71620:1 71835:5 71836:1 71842:1 71845:1 72116:2 72119:1 72392:1 72396:1 72629:1 72932:3 72933:1 72936:1 73182:2 73431:1 73434:1 73435:1 73684:2 73688:1 73878:1 74167:2 74169:1 74172:1 74746:1 74751:1 75063:2 75065:1 75071:1 75459:1 75464:1 75465:2 75791:1 75792:2 75793:3 75795:1 76207:1 76208:1 76213:1 76509:1 76511:2
viabl	67554:1 75789:1 75792:1
viagor	72634:1
vialou	75788:2
viand	67794:2 71357:1 76213:2 76511:1
vibrat	69820:3 70163:1 70421:1 70425:1 70919:1 75794:1
vibratoir	69820:1
vibreur	70421:1
vic	67553:1 68386:1 71358:1 71617:1 72113:1 73182:1 73187:1 74167:1 74175:1 74456:1
victim	67801:1 70162:1 74167:1 76510:1
victoir	70915:1
vid	68638:1
vidar	69534:1
vidéo	67554:1 67802:1 70162:1
vidéos	76509:1
vidéosurveil	67796:1
vieil	67798:1 68277:2 68387:1 69535:1 71357:1 71360:1 74449:2 74746:4 74749:2 75063:1 75465:5 76213:1 76515:3
viem	73683:2
vien	70421:1
viendr	68277:1 71842:1
viendront	72940:1 74174:1 74749:1 75796:1
viennent	67556:1 67558:1 67802:1 67940:1 67942:1 68388:1 68643:1 68886:1 69536:1 69814:1 70429:1 70746:1 70916:1 71621:1 71835:1 71838:1 72117:1 72630:1 72632:1 72934:1 72940:1 73186:1 73188:1 74450:1 74451:1 74752:1 75070:1 75458:1 76511:1
vient	67796:1 67798:1 67799:1 67802:1 67939:1 67943:1 67944:1 68274:2 68277:1 68384:1 68385:1 68638:1 68641:1 68642:1 68643:2 68882:1 68887:1 69183:1 69533:1 69535:1 69536:1 69812:1 69815:1 69816:1 69821:2 70163:1 70421:2 70424:1 70426:1 70753:1 70916:2 70917:1 70919:1 70920:1 70922:1 70923:1 71360:1 71361:1 71612:1 71616:1 71837:1 71839:1 71840:2 72113:1 72119:1 72631:1 72632:1 72935:2 73182:1 73189:1 73433:1 73686:1 73875:1 73878:1 73882:1 74450:1 74452:1 74453:1 74455:1 74749:1 75458:1 76207:2 76213:1 76510:1
vign	68387:2 69182:1 69537:6 73684:12 73877:12 74169:1 76511:1 76512:1
vigneron	73684:1
vignobl	68387:1 73684:5 73877:3 74169:1 76206:1
vignon	72629:1
viking	70745:1
vilain	68885:1
vilarem	72630:4
vilhen	75788:1
vill	67068:1 67071:1 67383:1 67555:1 68277:1 68280:1 68889:1 69535:1 72113:1 72396:1 72400:1 72939:1 73182:2 73690:1 73875:1 75466:1 76511:1
villag	69542:1 73185:1 75458:1
villain	76509:1
villan	68276:2 70161:1 71835:7 72932:2
villeneuv	67940:1
villet	69185:1
vilvord	72394:1
vin	68387:6 73684:11 73877:11 74169:2 76206:10 76512:5 76516:1
vinc	73875:1
vingt	67383:1 68385:1 69181:1 69813:1 71357:1 71362:1 72113:1 72634:1 72933:1 73434:2 73683:2 75459:1
vingtain	68274:1 68387:1 68638:1 69541:1 70161:1 70422:1 70428:1 70749:1 70916:1 71357:2 71361:1 71612:1 71614:1 71840:2 71842:2 72933:1 72939:1 73187:1 73684:2 73691:1 74168:1 74450:1 74453:1 74744:1 75068:1 75458:1 75459:1
vinicol	73877:2 76512:1
vinicultur	73877:1
vinif	73684:1 73877:1
vinneo	76512:2
vinnov	68642:1
violent	70916:1 72940:1
violet	76512:1
virag	71359:1 71837:1
viral	67802:2 72935:2
vircopal	73431:7
virey	68279:2
virgin	67389:1 68391:2 74449:2
virtual	73431:1
virtuel	70162:1 70421:18 73431:2 73437:1 74168:2 74751:1 75063:8 75064:11
virur	73683:1
virus	69813:2 72935:2 73183:1 74452:2
vis	67386:1 67388:1 67557:2 67798:1 68274:1 68277:1 68279:6 68384:1 68385:1 68387:2 68388:4 68639:2 68642:1 68646:1 68881:2 68882:3 68884:1 68885:1 69177:1 69534:2 69537:1 69541:1 69813:2 69814:1 69818:2 70161:6 70421:2 70424:1 70426:1 70745:2 70916:2 70921:1 71612:1 71614:3 71615:1 71620:1 71838:2 71845:1 72114:1 72122:1 72394:3 72395:1 72634:2 72939:2 73432:3 73435:1 74167:2 74168:1 74173:1 74174:1 74449:1 74455:1 74745:2 74748:1 74749:1 74751:1 75064:1 75067:2 75457:2 75458:3 75464:1 75790:4 76206:1
visag	72630:2
visco	70746:1
viscos	69540:1
visent	69816:1 70922:1 76511:1
visibil	71358:1 74747:1 75465:1
visibl	67385:1 67388:1 67553:2 67939:1 68273:1 69539:1 70420:1 70422:1 70424:2 71359:1 73182:1 74169:1 75067:1
vision	67561:2 67794:1 67945:1 68383:1 68388:1 68638:1 68642:1 68886:1 70161:1 70162:1 70164:1 70421:3 70749:1 70751:1 71360:1 71617:2 73430:1 73434:1 73876:1 75793:1 76211:1
visionnair	73434:1
visit	67553:1 70751:3 70916:1 70921:1 71619:1 72396:2 72629:1 72939:1 74748:1 75071:1 75457:1 75458:1 76515:1
visiteur	69542:1 69543:1 72122:1 72396:1 72939:2 73437:1 73438:1 74748:1
vissi	76208:2
visualis	67796:1 68280:1 69817:1 69819:2 70162:1 70420:1 70421:1 70744:1 75064:1 75788:7
visuel	70744:1 72939:1 75788:1
vit	67068:1 67383:3 67938:1 68881:1 70161:1 70420:1 70422:1 70923:1 71366:1 71835:1 72630:2 73430:2 73684:1 73877:2 74167:2 74450:2 75069:1 75458:1
vitagor	67388:1 67555:1 67795:2 67798:2 68273:1 68279:6 68387:1 68643:1 68885:2 69534:1 69812:1 69817:1 70166:5 70420:1 70428:2 70745:3 70749:1 71359:1 71842:5 72116:1 72394:1 72396:12 72631:2 72634:6 73184:2 73685:2 73879:2 74169:1 74172:4 74449:3 74455:3 74749:3 75063:1 75069:1 75459:2 75462:1 75790:1 75793:2 76209:2 76507:4 76509:1 76511:5
vital	68642:1 72940:1 73877:1
vitamin	73184:7 75069:3 76511:1
vitess	67554:1 68390:1 68638:1 68886:6 69540:2 70420:1 70744:2 70914:1 70916:1 71617:1 72396:1 73434:2 73880:1 75794:3
viticol	69537:2 73877:2 76512:1
viticulteur	74169:1
viticultur	73684:1 73879:1 74450:1 75066:1
vitivinicol	73684:1
vitr	68274:3 69819:1
vitreux	68280:2
vitrin	72400:2 75466:1
vitro	68277:1 74455:1
viv	67795:1 67800:2 68280:1 68388:1 68391:1 69183:4 69539:1 69821:1 71612:1 71835:8 72119:1 72637:1 72932:1 74449:4 74451:4 75069:1 76511:8
vivar	70916:1
vivent	69813:1 70746:1 73688:1 75458:1
viver	71616:1 74451:1
vivifi	71358:1
vivo	67389:1 68277:1 68388:1 69534:1 71837:1
vivon	67938:1
vivr	67383:1 71621:1 72629:1 73684:2 73877:1 74749:1 75458:1
vivri	67794:1
vladim	68638:1
vlsi	68881:2
vocabulair	76206:1
vocal	75063:2
vocat	68386:1 68393:1 68641:1 72113:1 72392:1 72398:1 73685:1 75457:1 75460:1
voeux	74455:1
voi	67390:1 67391:1 68882:1 70163:1 70426:1 72116:1 72118:1 73184:1 73436:2 73683:1 74169:1 74174:1 74449:1 74450:1 74454:1 75068:1 75795:1 76510:1
voil	68883:1 72114:1 73683:1 73880:1
voili	68883:6 72634:2 73183:3 74170:5
voilur	74450:1
voilà	72397:1 73875:1
voir	67068:1 67383:1 67388:1 67390:1 67553:1 67557:1 67794:1 68273:1 68280:1 68283:1 68387:2 68638:1 68643:1 68882:1 68886:1 69177:1 69533:1 69534:2 69535:1 69813:2 69814:1 69819:1 69821:1 70161:1 70166:1 70420:1 70421:2 70422:3 70424:1 70743:1 70744:1 70745:1 70747:1 70749:1 70915:2 70919:1 70921:1 71359:1 71619:1 71621:1 71835:1 71843:1 72114:2 72115:1 72116:1 72392:1 72393:1 72396:1 72630:3 72632:1 72636:1 72932:3 72939:1 73431:1 73432:1 73684:1 73685:2 73687:1 73875:1 73876:2 74167:2 74168:1 74169:1 74172:1 74449:1 74450:2 74457:2 74744:1 74749:2 74750:1 74751:1 75068:1 75069:2 75789:1 75793:1 76211:1 76213:1 76511:2
voiron	75797:1
voisin	68641:1
voit	69540:1 70166:1 70421:2 71614:1 74450:1 75457:1
voitur	68274:3 69814:1 73685:1
vol	67939:1 68387:1 68640:1 69177:3 69179:6 69542:3 70165:3 71617:3 72937:1 73879:1 74450:4 76510:4 76511:1
volatil	70425:2
volcan	67942:1 69811:1
volent	71617:1 74450:1
volet	67555:2 67938:1 69533:1 71838:1 72393:1 74176:4 75458:1 75793:1 76514:1
volgograd	72396:1
volont	67553:2 68278:1 68280:1 68643:1 68881:1 70164:1 70745:1 70923:1 71362:1 72392:1 73184:1 73430:2 73687:1 73879:1 74172:1 75457:1 76209:1
volontair	67798:1 68387:1 71357:1 72119:1 73185:1
volt	72934:1
voltag	72114:1
volum	67558:2 68273:1 69821:3 70165:1 75064:1 75067:1 75792:2
volumin	68881:1
von	71615:1 72932:1
vont	67387:1 67554:2 67794:1 67795:1 67800:1 67802:2 67937:1 67939:1 68273:2 68638:1 68643:1 68646:1 68882:1 69533:1 69539:1 69812:1 69813:2 69817:1 70168:1 70420:3 70424:1 70425:1 70745:1 70748:1 70749:1 70916:3 70923:2 71357:1 71358:1 71359:1 71362:1 71842:1 72116:1 72392:1 72397:1 72933:1 72935:1 72938:1 73182:1 73183:4 73683:1 73876:1 74167:1 74170:1 74744:1 74745:1 74749:1 75064:3 75065:1 75069:1 75070:1 75458:2 75461:1 75462:3 75788:1 75792:1 75793:1 76206:2 76213:2 76511:1
voroiz	67796:1
vos	67795:1 73684:1
votr	73684:1 74455:2 75462:2
voul	67068:1 67938:1 72629:1
voulion	67937:2
vouloir	72115:1 73878:1
voulon	70914:1
voulu	70425:1 74457:1
vous	67068:8 67385:1 67555:1 67561:1 67794:2 67795:4 67938:2 67946:1 68274:1 68643:1 68889:1 69177:1 69542:1 69543:1 70161:10 70751:1 72114:3 72121:1 72396:1 72397:1 72630:1 72632:1 72932:1 72933:2 73430:2 73438:1 73684:4 73691:1 73875:1 73876:1 73877:1 73881:1 73884:2 74450:1 74455:2 74748:3 74752:1 75063:1 75457:1 75458:1 75466:1 75795:2 75796:1 75797:1 76512:1 76514:1
voyag	69179:1 69821:1 71617:1 72116:1 72396:3 72629:1 72936:1 74169:1
voyageur	72933:1 74456:1
voyon	73684:1
vrai	67068:1 67386:1 68391:2 68884:1 69186:1 69813:1 70161:1 70421:2 71359:1 71614:1 72629:2 72634:1 73182:1 73184:1 73430:1 73683:1 73684:1 74169:1 74172:1 74454:1 74749:1 75458:1
vrais	70421:1 70429:1 75466:1
vrillag	73683:1
vtt	76212:1
vu	67068:1 67554:1 68886:2 69177:1 69179:1 70424:1 70425:1 70916:1 71363:1 71836:4 71842:1 72635:1 72637:1 72933:1 73182:1 73683:1 73686:1 73879:1 74168:1 74450:2 74454:1 74457:1 75069:1 75070:1 75458:1 75788:1 75792:1 75793:1 76206:1
vulner	68283:1 68389:3 69533:1 69816:2 70916:2 71621:1 73183:1 74167:1
vécu	69821:1 72396:1 73185:1
vécus	71835:1
véget	67387:1 69816:1 74450:2
végétal	67385:1 67387:1 67388:1 67800:1 68279:1 68389:3 69537:1 69538:1 69811:1 70420:1 70423:1 71362:1 71618:1 71837:1 71845:1 72116:1 73433:1 74169:1 75069:1 75458:6 75796:1 76511:2 76516:1
véhicul	68640:8 70162:1 71836:1 72114:1 72934:1 73884:1 74455:1 76508:2
véliqu	68883:1
vélo	74748:2
véoli	72392:2
vérif	67390:1 69820:1 72113:1 74173:1 74751:1
vérifi	68279:1 68281:1 69540:1 76508:1
vérin	69179:1
vérit	67071:1 67383:1 67553:2 67795:3 67939:2 67941:1 68275:1 68387:1 68881:1 68885:1 69535:1 69813:1 70161:2 70170:1 70421:1 70744:1 70745:1 70915:1 70923:1 71621:1 71835:1 71842:1 72113:1 72394:1 72400:1 72401:1 72630:1 72633:1 72635:1 72636:1 73182:1 73185:1 73186:1 73187:1 73433:2 73436:1 73683:1 73876:1 74167:1 74169:2 74172:1 74453:1 74747:1 75065:1 75066:1 75068:1 75457:1 75458:1 75797:1 76206:1 76211:1 76507:1 76511:1
véron	70916:4
vétérinair	68384:1 73686:1 74455:1 74750:1 75462:1
vêt	73183:1 74746:1
vôtr	72396:1
w	74168:1
waard	73878:1
wafer	67554:3
wageningen	69534:1
wagn	70749:1
waldenström	70919:1
walllois	70921:1
wallois	70921:1
walt	68391:1
wany	67383:1
wat	69537:1 73434:1
wati	72938:1
watt	69179:1 72397:1
wavebreakmedi	75793:1 75795:1 76211:1
wayn	68388:2
wdi	69537:1
weak	70424:1
web	71359:2 71362:1
webb	70163:1
webrest	76507:1
weil	73182:1
wel	71839:1
welienc	71842:1 72116:1 72634:5
wellington	72935:1
west	74168:5 74450:1 75064:1
westinghous	72629:1
what	75459:1
whit	72121:1
whylot	75066:1
widou	75458:2
win	76510:5
window	73190:1 76507:2
winrest	76507:1
wipak	72634:1
wis	69814:2
wollongong	75459:1
wolton	68889:1
work	74749:1
workshop	68638:2 70752:1
world	74170:1
wrsc	74170:1
www	69181:1 69815:1 70914:2 70915:1 75071:1
wymelbek	74449:2
x	67390:1 68279:1 68391:4 68886:1 69539:2 69819:1 71836:1 72114:1 72635:1
xavi	68638:2 73879:3
xerox	70167:1
xiwrit	67945:1
xix	68276:1 70161:1
xixem	73875:1 74752:1
xviem	72939:1
xxem	68276:1 72932:1
xxiem	68383:1 69533:1 70161:1
yacht	72114:1
yannick	69177:5 70424:1
yaourt	68273:1
yeux	68274:1 70161:1 70744:4
yon	68279:2
york	71614:1
yttrium	75792:1
yunus	73185:2
yurok	76206:1
yve	72398:1 73875:5
yvelin	69533:1
yvet	72932:1 74751:1
z	69179:2
zefiro	69179:2
zet	68638:1
zetawatt	68638:1
zettawatt	68638:3
zimm	71614:1
zirconium	68390:6
ziziphus	75458:1
zodiac	75789:3
zon	68389:1 69181:2 69811:1 69819:1 70162:2 70169:1 70420:2 70916:1 71836:3 72632:1 73185:2 73684:1 73875:1 75458:6 75460:1 75461:1 75789:5
zonal	70162:1
zoolog	67938:1 71618:1
zuckerberg	71614:1
zébus	75458:1
zéland	67942:1 72393:1
zéro	72119:1
zérodur	71836:1
ß	73184:1
âge	67068:1 67388:1 67553:1 67555:5 68387:2 68646:1 70428:1 70749:1 71841:2 74449:2 74453:1 74746:1
âgé	67068:1 67555:1 67799:2 68645:1 72633:1 72636:1 74449:2 74453:1 74454:1 74746:6 74749:2 75063:3 75069:6 75466:1 76208:1
âme	71835:1 72114:1
ça	74752:1
è	67946:1
ème	67804:1 67945:1 67946:1 68279:1 68383:1 69178:1 69533:1 69538:1 69542:2 69818:1 70163:1 70168:1 70169:2 70170:3 70743:1 70745:1 70752:1 70914:1 71363:1 71612:3 71614:1 71620:1 71837:1 72114:4 72396:1 72400:1 72631:1 72633:1 72933:2 72937:3 73184:1 73190:1 73430:2 73435:1 73691:1 73879:1 73882:1 73884:1 74176:1 74456:1 74746:1 74749:1 75065:1 75066:3 75069:1 75458:2 75459:1 75462:1 75464:1 75465:2 75466:1 75795:2 75796:1 75797:1 76209:1 76511:1 76516:1
ère	69185:1 69541:2 69820:1 70422:1 71362:1 72114:1 72939:1 73430:1 73431:1 73437:1 73689:1 73875:1 73881:1 73882:1 73883:1 73884:1 75063:1 75457:1
ébauch	67798:1 72634:1 74746:1
éblou	73688:1
écart	67557:1
échang	67553:1 67794:1 67939:1 67946:1 68642:1 68882:2 68888:1 69538:1 70170:1 70422:1 70749:2 70751:1 70921:1 70923:1 71618:1 71838:1 71840:1 72120:1 72393:1 72394:2 72396:2 72398:1 72400:2 72932:2 72937:1 73430:1 73685:1 73690:1 73691:2 73876:1 73877:1 73881:1 73882:1 74169:1 74174:1 74175:1 75071:1 75458:1 75459:1 76211:1
échangent	67803:1
échantillon	67068:1 67388:1 68391:7 68885:1 68886:3 69177:1 69812:1 69819:1 70919:1 71836:1 73432:2 75067:1 75458:1 76208:1
échantillonnag	68883:1 69812:1 73183:1
échapp	67938:1
échappent	70749:1
échec	67390:1 70161:1 75457:1
échel	67554:1 67557:1 67803:2 67939:2 68642:1 68886:3 69533:3 69534:2 69535:1 69538:1 69812:1 69813:1 70421:1 70423:1 70424:1 70426:1 70745:1 70915:1 70916:1 70917:1 71617:1 71619:1 72392:1 72397:1 72629:1 72634:2 72939:1 73185:1 73436:1 73683:1 74168:1 75064:1 75461:1 75463:1 75792:1 76207:1 76208:1
échelon	74176:1 74450:1
échelonnent	67794:1
écho	76508:1
éclair	73182:1 74457:1
éclairag	68280:1 68642:1 73188:1 75070:1
éclat	75462:1
éclor	75461:1 75792:1
éco	68278:1 71845:3 76513:1
écol	67068:3 67555:1 67795:2 68276:12 68883:1 69185:1 69536:3 69541:1 70161:15 70168:1 70422:6 70743:1 70923:3 71358:7 71614:1 71841:1 72114:1 72394:2 73185:2 73430:10 73437:3 74170:1 74450:2 74751:2 75071:2 76211:1 76513:1
écoli	71835:1
écolo	72933:1
écolog	67071:2 69812:2 69816:2 70745:2 70920:1 72398:1 72940:1 73183:2 74457:1 75458:3 75460:1 75464:1
économ	67068:1 67071:1 67383:1 67391:2 67554:1 67557:1 67795:2 67803:1 68283:1 68383:2 68642:2 68645:1 68882:3 68885:1 69533:7 69535:5 69538:1 69816:1 70161:1 70164:2 70751:1 70753:1 70916:2 70920:1 71357:2 72113:2 72392:2 72396:1 72398:3 72637:2 72933:1 72938:1 72939:2 72940:1 73183:2 73185:2 73188:1 73430:1 73432:1 73684:1 73690:1 73877:1 73882:1 73884:1 74176:1 74449:1 74450:1 74456:1 74457:1 74746:3 74749:1 75063:2 75460:1 75463:1 75792:1 75793:1 75795:1 75796:1 76207:1 76208:1 76213:1 76507:1
économis	73188:1
écophysiolog	69817:1
écoproduit	76513:1
écosystem	67387:2 68283:1 68882:1 70745:3 70914:3 73183:4 75068:1 75457:1 76211:1
écotechnolog	76513:1
écotox	67071:1 76511:1
écoul	69540:3 70421:2 72397:1 74171:1 75069:1
écout	71835:2 73881:1 74455:1
écran	68881:1 70162:1 70167:1 70421:1 70744:3 72401:5 75792:1
écrir	67794:1 70744:1
écrit	67794:1 68276:1 70744:1 71835:3 72113:1
écritur	69540:1 71835:1
écrivain	72932:1
écroul	71835:1
édit	67068:1 67945:2 67946:2 68387:1 68889:1 69541:2 69542:3 69543:1 70164:1 70167:1 70168:1 70169:5 70170:2 70752:1 71612:3 71620:1 71621:1 71835:1 72116:1 72122:3 72393:2 72396:1 72400:1 72633:1 72932:1 72933:2 72937:3 72939:1 73190:1 73431:1 73435:1 73438:1 73689:1 73691:1 73881:1 73884:1 74175:1 74176:1 74456:1 74746:1 74748:3 74752:1 75066:2 75458:1 75459:1 75462:1 75464:1 75465:1 75466:1 75795:1 75796:1 75797:1 76209:1 76212:1 76509:1 76511:1
éditeur	68383:1 75796:1
éduc	67555:2 68274:1 69821:1 71357:1 72401:1 72939:1 73876:1 74167:1 76509:1
éduqu	67555:1 75063:2
égal	68385:1 68886:1 69539:1 72118:1 73880:1 73882:1 75065:1
égid	67553:1 74175:1
éject	71843:1
élabor	67388:1 67798:1 68390:3 69533:1 69536:1 69812:2 69819:1 70916:1 71357:1 72113:1 72392:1 74169:1 75063:1 75064:1 75069:2 75464:1 75793:1
élaborent	76206:1
élan	67071:1 67553:1 71842:1 75790:1
élarg	69813:1 71836:1 72398:1 73182:1 73432:1
élast	70746:1
élastograph	67068:1
élastomer	75464:1
élect	67937:1 73182:1
électr	67554:3 67557:1 67797:2 67940:1 68638:1 68640:3 68884:8 69814:2 70167:2 70426:1 70918:1 71363:1 71615:1 72114:2 72397:3 72934:1 73185:2 73188:2 73436:3 73884:1 74450:1 75064:1 75066:6 75794:1 76510:2
électrif	73185:1
électrochim	72394:1
électrod	70167:2 72397:1 74174:1
électroluminescent	75070:3
électrolyseur	68884:1
électromagnet	67942:2 69177:1 70170:1 74744:1
électromécan	69179:1
électroménag	71359:1
électron	67068:1 67390:1 67554:2 68280:1 68391:1 69186:2 69814:1 70165:1 70166:1 70167:2 70168:1 70423:1 71359:1 72114:1 72116:1 72119:1 72934:2 73187:1 73190:1 75070:2 75071:1 75795:1 76511:2
électronucléair	72392:1
éleg	67937:2
éleph	73684:1
élev	67385:1 67554:1 67939:1 68276:1 68281:1 68383:2 68385:1 68387:1 68393:1 68881:3 68888:1 69182:1 69185:2 69538:1 69541:1 69811:1 70161:10 70421:1 70422:1 70917:2 70923:5 71357:2 71358:4 71614:2 72394:1 72398:2 72932:1 73184:1 73185:2 73430:1 73436:1 73437:1 73689:1 73875:1 73876:1 74168:1 74169:2 74449:1 74450:1 74745:1 74747:1 74751:1 75071:3 75457:4 75458:1
élevag	68881:1 69538:1 71621:1
éleveur	75458:3
élimin	72935:1 73189:1 74455:1 76207:1
élit	67941:2 71357:3 73182:1
éloign	68383:1 72932:1 73431:1
éloignent	70424:1
élu	72113:1 73182:3
élucid	72116:1
élus	67803:1 73182:1
élèvent	71621:1
élément	67386:1 67388:2 67558:2 67937:2 68388:1 69178:1 69179:1 69533:1 69819:1 70161:1 70421:1 70914:1 71620:1 71621:1 71836:1 72114:1 72629:1 72635:1 73432:2 73434:1 73438:1 73875:1 74168:3 74449:1 74451:1 74744:1 75792:1 76206:1 76210:1
élémentair	67554:1 68279:1 68882:1
éman	72114:1
émerg	67383:1 67938:2 68279:1 68638:2 68643:1 68882:1 69811:2 69813:1 70744:1 70921:2 71612:1 71620:1 71842:1 72114:1 73431:1 73434:1 73876:1 73880:1 74167:1 74450:2 74751:1 74752:1 75458:1 75793:2 76209:1 76213:1
émergent	68279:1 68638:2 68881:1 68882:1 69534:1 69535:1 69813:1 69820:1 70423:1 70424:1 70429:1 70745:1 70747:1 71357:1 71620:1 71842:2 72116:2 72120:1 72392:2 72396:2 72629:1 72631:1 73877:2 73878:1 74168:1 74169:1 74174:1 74450:2 75063:1 75064:1 75796:1 76512:2
émet	69539:1 72632:1 73186:1 73688:1 75070:1
émetteur	67942:1 70747:2
émettr	73688:1
émeut	67794:1
émis	67942:1 70163:1 71843:1 72632:1 73685:1 73688:1 75070:1
émiss	67942:2 68278:1 69533:7 69539:1 69814:2 71615:2 71617:4 72632:1 72933:1 72934:1 74745:1 75070:2
émot	72630:1 73431:1 73683:1 73877:3 75063:3
émotionnel	73877:2 75063:1
émul	74746:1
émulsion	74752:1
émérit	72113:1 73183:1 73432:1 73683:1
énerg	67557:1 67797:1 67800:1 67939:3 68383:1 68385:1 68638:4 68640:1 68644:3 68882:2 68884:3 69178:1 69538:1 69539:1 69540:6 69814:3 69818:3 69819:1 70165:1 70166:1 70424:4 70743:1 71362:1 71363:9 71617:5 71621:1 72119:1 72121:1 72393:1 72397:5 72398:2 72629:1 72933:1 72934:5 72937:1 72939:1 72940:4 73185:4 73188:1 73190:1 73433:1 73434:1 73436:1 73684:1 73688:1 74168:5 74450:2 74751:1 75063:2 75066:1 75067:1 75071:2 75463:4 75789:4 76210:1 76213:1
énerget	67385:1 67386:1 67554:1 67557:2 68276:1 68385:1 68638:2 68642:2 68644:1 68882:2 68883:1 72631:2 72940:2 73182:2 75458:1 75463:2 75792:2 75795:1 75796:1
énergivor	72940:1
énorm	67388:1 69177:2 70161:1 70749:1 72115:1 72933:2 73183:1 73431:1 73434:2 73878:1 74449:1 74745:1
énumer	68273:1
éolien	68642:1 68883:1 69814:1 70743:4 72940:1 73185:1 75463:10 75792:1
épaisseur	72934:1 73880:2
épav	73683:9
éphémer	73881:1
épidem	72939:1
épidémiolog	67555:2 69813:3 73184:1 74452:1
épigénet	67556:1
épileps	74453:6
épilept	74453:4
épingl	73684:1
épini	67802:1
épisod	67938:1 69813:1 70916:1 73686:1 73688:2
épitax	69814:1
épithélial	73184:2
époqu	67068:1 70745:1 71358:1 72629:1 72630:2 73683:2 75459:1
époxy	68280:1
époxyd	69179:1
épreuv	73689:1 76207:1
épuis	68278:1
épur	72399:3
équat	68283:1 69180:1 70422:1 72932:2 74744:1
équateur	67939:1 73684:1
équatorial	67939:1 73684:4
équestr	71357:3 74748:1
équilibr	67795:2 67941:1 68389:1 69184:2 69534:1 69535:1 73875:1 76206:1
équin	71357:4
équipag	72634:1
équipent	68640:1
équit	71357:2
équivalent	68390:1 68638:1 70420:1 70424:1 70425:1 70915:1 71359:1 71362:1 71838:1 71842:1 72397:1 72629:2 72934:1 73431:1 73437:1 74168:1 74748:1 76207:1 76208:1
éros	67071:1 74168:2
érupt	67942:1
établ	67068:1 67383:1 67554:1 67795:4 67944:2 68276:1 68386:1 68640:2 68642:1 68645:1 68881:2 68888:2 69177:1 69178:1 69181:1 69183:1 69185:1 69533:3 69811:1 70161:2 70162:1 70163:1 70422:1 70425:1 70743:1 70748:1 70915:2 70916:2 70923:1 71357:1 71358:4 71362:2 71614:1 72113:3 72392:1 72393:1 72398:1 72632:1 72637:1 72936:1 73190:1 73430:2 73876:3 73880:3 74168:1 74172:2 74175:2 74449:1 74746:1 74749:4 74750:1 75063:1 75064:1 75065:1 75068:1 75071:2 76213:1 76507:3 76513:3
étag	69177:1 69179:5
étaient	67554:1 67937:1 67942:1 68274:1 68389:1 69177:1 69179:1 69533:1 69539:1 69541:1 69811:1 70161:1 70923:1 71837:1 71843:1 72392:1 72636:1 73432:1 73434:1 73684:1 74449:1 75066:1
étais	70166:1
était	67068:3 67387:1 67553:1 67795:1 67937:8 68273:1 68274:3 68279:1 68387:1 68390:1 68881:1 68883:3 69177:2 69179:1 69184:1 69540:1 69811:2 69812:2 69813:1 69819:1 69821:1 70161:3 70162:2 70421:1 70422:1 70914:1 70917:1 71359:1 71615:1 72113:3 72115:2 72394:1 72630:3 72631:2 72636:1 72932:2 73182:1 73183:3 73185:3 73434:3 73683:1 73684:2 73685:2 73876:1 74168:1 74454:1 74457:1 74752:4 75064:1 75065:1 75788:1 75793:1 75794:2 76206:1
étal	74744:1 74750:1
étalon	71838:1
étalonnag	68885:1
étanch	68273:1
étanché	68273:1 71840:1 74167:1
étant	67068:1 67386:1 67390:1 67553:1 67554:2 67555:3 67556:1 67795:1 67801:1 67802:1 68273:1 68274:2 68279:1 68383:1 68384:1 68387:2 68389:1 68640:1 68643:1 68646:1 68883:1 69177:1 69178:1 69182:2 69185:1 69186:1 69534:1 69535:1 69536:2 69813:1 69815:1 69816:1 70161:2 70162:1 70163:1 70170:1 70421:2 70422:1 70425:1 70743:1 70747:1 70749:1 70914:1 70915:1 70916:2 70922:1 71361:1 71612:1 71617:1 71842:1 72113:1 72114:1 72116:1 72121:1 72392:1 72393:1 72397:2 72932:1 72934:1 72935:1 73182:1 73184:1 73185:2 73430:2 73431:1 73436:1 73683:1 73684:1 73875:1 73876:1 73877:2 74167:1 74168:3 74169:1 74173:1 74174:1 74449:1 74450:4 74746:2 74748:1 74749:1 75064:1 75065:1 75066:1 75067:1 75069:1 75457:1 75458:2 75466:1 75789:1 75790:1 75791:1 75792:2 75794:1 76206:1 76208:1 76507:1
étap	67385:2 67388:3 67554:1 67556:3 67798:1 67802:2 67937:1 67938:1 68279:1 68643:3 70165:1 70167:1 70744:1 70745:1 70914:1 70920:2 70922:1 71617:1 71840:1 71845:1 72115:2 72118:1 72119:2 72392:1 72629:1 72630:2 72933:1 73434:1 73436:2 74167:2 74168:1 74169:1 74176:2 74455:1 75065:1 75069:1 75070:1 75788:1 75792:1 75793:1 75794:1 76210:1 76508:2 76511:1 76512:1
état	67386:1 67553:2 67801:1 67940:1 67943:1 68279:1 68280:2 68383:1 68642:1 68882:1 69182:1 69540:1 69820:1 70161:1 70424:1 70751:1 71366:1 71835:1 72392:3 72393:1 72937:1 73183:1 73190:1 73876:1 73877:1 74449:3 74450:1 75063:1 75069:1 76511:1
éteindr	70163:1 70917:2
étend	68646:1 74172:1
étendent	67068:1
étendr	67561:1 75068:1
étendu	67071:1 68391:1 69180:1 72629:1 73184:1 73880:3
étern	71835:1
éternel	74168:1
éthanol	72121:1 72630:1
éthiqu	72938:1 73435:1
étion	67553:1 67798:1 68881:1 71835:1 73432:1 76207:1 76507:1
étiquet	76206:1
étoff	72932:1
étoil	67943:1 68881:1 70163:1 74168:1 74752:3
éton	68274:1 68881:1 70425:1 71359:1 72116:1 72629:1 72636:2 72939:1 73182:2 73430:1 73434:1 73687:1 74167:1 74744:1 74750:1 74752:3 75794:1
étrang	67553:1 67795:1 67938:1 68383:1 68638:1 69185:1 70422:1 71358:1 71614:1 72113:1 72393:1 72399:1 72637:1 73875:1 74169:1 76508:1
étranger	67553:1 67795:2 69821:1 70161:1 70422:1 70921:1 71358:1 71618:1 71837:1 72396:1 72629:1 72630:1 74167:1
étroit	67554:1 68888:1 70165:1 71357:1 72936:1 75064:1 75794:1 75797:1
étud	67389:1 67555:6 67556:1 67798:5 67937:2 67939:2 67942:1 68276:1 68277:1 68281:1 68387:5 68388:2 68389:2 68391:1 68638:1 68643:1 68646:2 68885:1 68886:1 69178:1 69179:1 69181:1 69185:2 69186:1 69536:2 69537:2 69812:2 69816:2 70165:2 70422:3 70745:1 70751:1 70916:1 70920:1 71366:1 71612:1 71837:1 71841:1 72113:2 72115:4 72117:2 72393:2 72633:2 72634:1 72935:1 72938:1 73183:1 73184:2 73185:1 73186:1 73431:2 73433:1 73683:3 73685:1 73686:2 73877:1 73879:1 74169:1 74454:1 74748:1 75064:3 75065:6 75457:3 75458:1 75459:1 75463:4 75464:2 75789:1 75793:3 75794:1 76206:1 76209:3
étudi	67391:1 67558:1 67795:3 67800:1 67937:3 67939:1 67942:1 67943:1 67944:1 68276:1 68278:1 68281:3 68385:1 68388:1 68390:1 68392:1 68393:1 68640:1 68645:2 68646:1 68881:1 69177:3 69178:1 69179:1 69182:1 69184:1 69185:2 69539:1 69541:6 69812:2 70161:2 70163:1 70167:1 70168:2 70422:8 70745:1 70748:2 70919:1 70923:4 71358:1 71362:4 71618:1 71837:3 72115:2 72397:1 72631:1 72637:1 72936:1 73186:1 73190:3 73430:5 73431:4 73434:2 73437:1 73683:1 73689:1 73878:1 73880:1 73882:1 74175:1 74176:1 74454:1 75068:1 75071:1 75457:9 75460:1 76211:1 76212:2 76513:3
étuv	73683:1
évacu	67558:1 72392:1 72934:2
évalu	67555:2 67798:3 67801:1 68645:2 68881:1 69181:1 69533:2 69537:1 69815:1 69816:1 70162:3 70428:1 70743:1 70745:1 70914:1 70915:1 70916:4 70918:2 70920:2 71361:1 71841:1 71845:1 72121:1 72935:2 73183:1 74744:1 75457:1
évapor	69533:1
évapotranspir	69537:6
éven	67937:1 67945:2 67946:1 68274:1 69177:2 69541:1 69820:1 70162:3 70164:1 70166:1 70751:1 70752:1 70916:5 72116:1 72120:1 72393:1 72400:1 72629:1 72937:2 72938:1 72939:2 73190:1 73438:1 73683:1 73880:1 73881:1 73882:1 73884:1 74170:1 74175:1 74176:1 74449:2 74456:1 74748:2 75790:1 75795:1 75796:1 75797:1 76212:1 76509:1 76514:1 76515:1
éventail	69183:1 71612:1 71836:1 72940:1 73879:1 74749:1
éventuel	67383:1 67553:1 68277:1 69821:1 70429:1 70915:1 71357:1 71838:1 71843:1 72630:1 74749:1 75065:1 75459:1 75789:1
évident	67383:1 67386:1 67388:1 67389:1 67553:3 67794:2 67798:2 67937:1 67942:1 68274:2 68389:1 68638:2 68882:3 68887:1 69533:1 69535:1 70161:2 70162:1 70420:1 71357:1 71359:2 71363:1 71612:1 71614:1 71836:3 71843:1 72116:1 72396:1 72397:1 72630:1 72632:1 72634:1 72932:1 72939:1 73182:1 73189:1 73431:3 73437:1 73683:1 73684:1 73685:1 74168:2 74169:2 74172:1 74449:1 74744:2 74749:1 75063:1 75067:1 75457:1 75458:2 75459:1 75788:1 75789:1 76206:1 76512:1 76515:1
évit	67386:1 67794:2 67801:1 68640:1 69534:1 70918:1 71366:1 71612:1 71836:1 72114:1 72940:1 73683:1 74167:1 75069:1 75792:1 76510:1 76511:1
évoc	71835:1 76509:1
évolu	67389:1 67553:2 67794:2 67795:1 67938:4 67939:1 68275:1 68645:1 68881:1 68882:1 68889:1 69533:7 69537:1 69538:1 69816:1 70161:5 70162:3 70163:1 70423:1 70424:2 70745:1 70916:1 70923:2 71357:3 71366:1 71618:1 71835:2 72113:1 72631:1 73182:2 73183:1 73684:1 73690:1 73880:1 74454:1 74457:1 74752:2 75458:1 76209:1 76213:4 76508:1 76512:1
évoluent	73685:1
évolut	67940:2 72631:1
évoluton	67938:1
évoqu	67383:1 67386:1 67561:1 67794:1 67795:2 67801:1 67939:1 69177:2 70161:1 71835:1 72630:2 72631:1 72932:1 73184:1 73877:3 74167:1 74749:1 75063:1 75462:1 75792:1 75793:1 76209:1 76213:2 76514:1 76516:1
événementiel	70162:1
ête	67068:2 70161:1 72114:1
être	67794:2
île	67945:1 70916:1 71621:4 74170:2 75464:1
îlot	67802:1
ïle	71621:1
