aarhus	68389:1.00
abandon	67937:1.00 68645:1.00 74450:1.00
abattus	67388:1.00
abbay	68279:1.00
abeil	71843:4.00
abiot	70420:1.00
ablat	74454:1.00
abond	67558:1.00 67943:1.00 69812:2.00 70423:1.00 74173:1.00
abord	67068:1.00 67392:1.00 67555:1.00 67794:1.00 67803:1.00 68274:1.00 68643:1.00 68882:1.00 70169:1.00 70170:1.00 70921:1.00 71362:1.00 71363:1.00 72113:1.00 72114:1.00 72115:1.00 72119:1.00 72120:1.00 72393:2.00 72394:1.00 72398:1.00 72937:1.00 72938:2.00 73182:1.00 73185:1.00 73684:1.00 73879:1.00 74168:1.00 74452:1.00 74746:1.00 75459:1.00 76514:1.00
about	67068:1.00 67383:1.00 67939:1.00 69179:1.00 70420:1.00 70749:1.00 70921:1.00 71362:1.00 71612:1.00 71835:1.00 72115:1.00 72393:1.00 72634:1.00 73185:1.00 73187:1.00 73431:1.00 73683:1.00 73876:1.00 74167:2.00 74168:1.00 74169:1.00 74172:1.00 74450:3.00 74454:1.00 74744:1.00 74751:1.00 75069:1.00 75789:1.00 76508:2.00 76511:1.00
abri	68273:1.00
abrit	68277:1.00 68279:1.00 68387:1.00 68393:1.00 69817:1.00 70743:1.00 71358:1.00 71842:1.00 72393:1.00 73431:1.00 73434:1.00 73687:1.00 74746:2.00 75063:1.00 76207:1.00 76213:1.00
abritent	71621:1.00
absenc	68383:1.00 69184:1.00 69816:1.00 70745:1.00 70917:1.00 72117:1.00 73182:1.00 73684:1.00 75065:1.00
absolu	72119:1.00
absolus	69177:1.00
absorb	67385:2.00 70425:1.00 71621:1.00 74744:1.00
absorbon	75462:1.00
absorpt	72631:1.00 73436:1.00
abstrair	72932:1.00
abstrait	70161:1.00
abstress	69817:1.00 70420:1.00
absurd	73684:1.00
abusent	72401:1.00
abyssal	73688:1.00
abîm	68391:1.00
acaci	75458:4.00
academ	67386:1.00 67937:3.00 67946:1.00 68278:2.00 69538:1.00 70422:1.00 70429:2.00 70914:2.00 71360:1.00 71612:3.00 71614:1.00 72113:24.00 72117:1.00 72401:1.00 72630:1.00 72932:1.00 73182:20.00 73431:1.00 73432:1.00 73434:1.00 73687:1.00 74168:1.00 74171:1.00 75065:1.00 75067:1.00 75793:1.00 75796:1.00 76213:2.00
academy	68886:1.00 69184:1.00 71619:1.00
académicien	73182:3.00
acar	71615:2.00
acced	68643:1.00 70161:1.00 70923:1.00 71357:1.00 71619:1.00 74168:1.00
accelerator	69178:1.00
accent	67794:1.00 70753:1.00
accept	67555:1.00 67939:1.00 68274:1.00 68276:1.00 68882:1.00 69534:1.00 69535:1.00 72393:1.00 74745:1.00 74749:1.00 75065:1.00 75458:1.00 75790:1.00 75792:1.00
acces	67071:1.00 67387:1.00 68275:1.00 68279:1.00 69817:1.00 69821:1.00 70420:1.00 70914:1.00 70923:1.00 71357:1.00 72630:1.00 73437:1.00 73879:1.00 74452:1.00 74747:2.00 75790:1.00 75793:1.00
accessibl	68279:1.00 68882:1.00 70421:1.00 70914:1.00 73431:1.00 74744:1.00 75068:1.00 75788:1.00 76207:2.00 76513:1.00
accident	68274:4.00 70421:1.00 70915:2.00
accidentel	72632:1.00
acclimat	72630:1.00
accompagn	67555:1.00 67556:1.00 67795:1.00 67941:1.00 68274:1.00 68885:1.00 69538:1.00 70422:2.00 71359:2.00 71614:1.00 71837:1.00 71845:1.00 72117:1.00 72121:1.00 72395:4.00 72396:1.00 72634:2.00 72938:1.00 73182:1.00 73184:1.00 73430:1.00 73437:1.00 73685:1.00 73687:1.00 73878:1.00 74167:1.00 74172:1.00 74175:1.00 74455:1.00 74745:1.00 74748:2.00 74749:1.00 75064:1.00 75068:1.00 75459:1.00 75461:2.00 76210:1.00 76509:1.00 76515:1.00
accompagnent	72401:1.00 73876:1.00 73877:1.00
accompagnon	74451:1.00 74749:1.00
accompl	67795:1.00
accord	67383:1.00 67795:1.00 67796:1.00 67937:1.00 67939:3.00 68274:1.00 68638:2.00 68888:3.00 69536:2.00 70161:1.00 70166:1.00 71838:2.00 71839:2.00 72117:3.00 72392:3.00 72393:3.00 72396:4.00 73878:1.00 74168:1.00 74172:1.00 75067:1.00 76511:3.00 76516:1.00
accostag	69177:1.00
accroch	70744:1.00 72119:2.00
accroissement	67939:1.00 68887:1.00 70423:1.00 74450:1.00
accroissent	76511:1.00
accroît	72396:3.00
accroîtr	67554:1.00 67794:1.00 68279:1.00 68385:1.00 68642:1.00 72634:1.00 72637:1.00 73182:1.00 73430:1.00 74745:1.00 76207:2.00 76209:1.00
accru	69178:1.00 70420:1.00 71358:1.00 74167:1.00
accrédit	67944:1.00
accueil	67940:1.00 67945:1.00 68392:1.00 68638:1.00 68888:1.00 68889:1.00 69179:1.00 69536:2.00 69542:2.00 70169:1.00 70170:2.00 71358:1.00 71362:1.00 71842:2.00 72122:1.00 72396:1.00 72633:1.00 73430:2.00 73685:1.00 73875:1.00 73883:1.00 74172:1.00 74175:1.00 74748:1.00 75464:1.00 75797:1.00
accumul	67391:3.00 68385:1.00 68640:1.00 69182:1.00 72392:1.00
accus	76511:1.00
accèdent	71358:1.00
accéler	67799:1.00 67943:4.00 68386:1.00 68638:2.00 68881:1.00 69178:6.00 70429:1.00 70914:1.00 70920:1.00 71615:1.00 71616:3.00 71617:1.00 72117:1.00 72934:6.00 72935:3.00 73183:1.00 73184:1.00 73431:1.00 74450:1.00 74452:1.00 74453:1.00 75065:1.00 75067:1.00
accélérometr	69181:1.00
acetat	68390:1.00
acharn	69177:1.00
achat	67794:1.00 68274:1.00 68881:3.00 69534:1.00 71357:1.00 76213:1.00
achemin	75789:1.00
achet	68274:1.00 69534:1.00
achev	67795:1.00 68283:1.00 69533:1.00 69817:1.00 70421:2.00 70422:1.00 70751:1.00 70920:1.00 71357:1.00 72938:1.00 73683:1.00 75460:1.00 76508:1.00 76516:1.00
achill	73683:1.00
achèvent	67557:1.00
aci	68274:1.00
acid	67390:6.00 67558:3.00 68387:1.00 72116:1.00 72630:1.00 72631:3.00 73684:2.00 73877:1.00 74169:1.00
acipens	70917:1.00
acoust	67068:3.00 68886:1.00 69820:1.00 70424:1.00 71615:1.00 72933:1.00 73876:1.00 75794:6.00
acoustic	70424:1.00
acousticien	75794:2.00
acousto	67068:1.00
acquer	68391:1.00 69812:1.00 71837:1.00 72395:2.00 72637:1.00 73683:1.00 73881:1.00 74745:1.00 75789:1.00
acquiert	75065:1.00
acquis	67795:1.00 68281:1.00 69534:1.00 69537:1.00 69811:1.00 70915:1.00 70923:1.00 72113:1.00 72114:1.00 72629:1.00 72630:1.00 73184:1.00 73431:1.00 73432:2.00 73686:1.00 74167:1.00 74171:1.00 74451:1.00 76211:1.00
acquisit	68275:1.00 68279:1.00 71839:1.00 73431:2.00 73685:1.00 73875:2.00 75790:1.00
acte	70918:1.00 71357:1.00 71621:2.00 74746:1.00 76516:1.00
acteur	67386:1.00 67388:1.00 67798:1.00 67802:1.00 67803:1.00 67946:1.00 68273:1.00 68275:3.00 68641:1.00 69535:1.00 69817:1.00 69818:1.00 69821:2.00 70161:2.00 70162:2.00 70164:3.00 70166:2.00 70169:1.00 70170:1.00 70921:2.00 70922:1.00 71358:1.00 71619:1.00 71842:1.00 71845:1.00 72392:1.00 72393:3.00 72629:1.00 72634:1.00 72637:3.00 73183:1.00 73185:4.00 73434:1.00 73435:1.00 73690:1.00 73884:1.00 74169:2.00 74172:1.00 74174:1.00 74450:1.00 74455:1.00 74457:1.00 74746:2.00 74751:1.00 75068:1.00 75457:1.00 75466:1.00 75792:1.00 75796:1.00 76207:1.00 76211:1.00 76511:1.00 76512:1.00
acti	69534:1.00
actif	67389:1.00 67946:1.00 68274:1.00 70746:1.00 71360:3.00 71612:1.00 72118:1.00 72629:1.00 72634:10.00 73878:1.00 74167:1.00 74746:1.00 75065:1.00 76514:1.00
actil	67388:3.00 68885:13.00
action	67553:2.00 67795:1.00 67938:1.00 68280:1.00 68383:1.00 68386:1.00 68645:1.00 68882:1.00 69184:1.00 69536:3.00 70164:1.00 70167:1.00 70746:1.00 70748:1.00 70914:2.00 70921:1.00 71357:1.00 71366:1.00 71845:1.00 72113:1.00 72395:1.00 73182:1.00 73185:1.00 73435:1.00 73690:1.00 74172:1.00 74450:2.00 74746:1.00 74748:1.00 75458:1.00 75462:1.00 76508:1.00 76511:1.00
actionnair	71360:1.00 72114:1.00 76510:1.00
actionnarial	73875:1.00
actionneur	71836:1.00
actis	75066:1.00
activ	67388:1.00 67389:2.00 67391:1.00 67553:1.00 67554:1.00 67556:1.00 67800:3.00 67938:1.00 67942:3.00 68274:2.00 68276:1.00 68383:1.00 68385:1.00 68387:1.00 68388:2.00 68392:2.00 68643:1.00 68882:1.00 68885:3.00 69178:1.00 69179:1.00 69184:1.00 69186:1.00 69533:1.00 69535:3.00 69536:1.00 69812:1.00 70161:3.00 70166:2.00 70422:1.00 70426:1.00 70745:1.00 70753:2.00 70915:2.00 71361:1.00 71612:1.00 71614:1.00 71619:1.00 71839:1.00 72114:1.00 72115:7.00 72116:1.00 72392:1.00 72394:2.00 72398:2.00 72629:4.00 72634:1.00 72934:1.00 72937:1.00 72938:1.00 73182:2.00 73183:1.00 73683:1.00 73688:5.00 73691:1.00 73875:7.00 73877:1.00 73878:1.00 73879:2.00 73882:1.00 74168:2.00 74169:1.00 74450:2.00 74749:2.00 75068:1.00 75458:1.00 75459:2.00 75460:1.00 75461:1.00 75462:1.00 75789:1.00 75795:1.00 76212:1.00 76508:1.00 76510:1.00
actual	72113:2.00 72938:1.00 76516:2.00
actualis	74747:1.00
actualit	70915:1.00
actuel	67557:1.00 67794:3.00 67795:2.00 67942:1.00 67943:1.00 68273:1.00 68279:1.00 68383:1.00 68642:2.00 68643:1.00 68646:1.00 68881:2.00 68882:2.00 68883:1.00 68884:1.00 69183:1.00 69186:1.00 69539:1.00 69543:1.00 69814:1.00 69816:1.00 69819:1.00 70167:1.00 70425:2.00 70743:1.00 70751:1.00 70920:1.00 71360:1.00 71366:1.00 71614:1.00 71621:2.00 71838:1.00 72113:1.00 72115:2.00 72117:1.00 72119:1.00 72397:3.00 72399:1.00 72631:1.00 72635:2.00 72636:1.00 72932:1.00 72935:1.00 73182:3.00 73187:1.00 73431:1.00 73432:1.00 73436:1.00 73683:1.00 73684:1.00 73690:1.00 73875:1.00 73879:2.00 73880:1.00 74167:1.00 74168:1.00 74169:1.00 74173:1.00 74174:1.00 74450:1.00 74454:1.00 74455:1.00 75065:1.00 75457:1.00 75789:2.00 75792:1.00 76511:1.00
acuit	72939:1.00
acv	71845:1.00
acétat	68390:5.00
ad	69178:4.00
adapt	67071:1.00 67554:2.00 67556:1.00 67803:8.00 67937:3.00 67938:2.00 67939:1.00 67940:2.00 68273:1.00 68277:1.00 68281:1.00 68383:1.00 68387:1.00 68389:1.00 68391:1.00 68642:1.00 68887:1.00 69533:1.00 69813:2.00 70420:3.00 70421:1.00 70425:1.00 70914:1.00 70916:2.00 71835:1.00 71837:2.00 72114:1.00 72116:2.00 72397:1.00 72399:1.00 72630:1.00 73684:2.00 73877:1.00 73879:1.00 74168:1.00 75063:2.00 75066:1.00 75067:1.00 75069:2.00 75458:1.00 75462:1.00 75790:1.00 76211:1.00 76507:2.00 76508:3.00 76512:1.00
adaptent	67938:1.00 74451:1.00
addit	68882:1.00 74750:1.00 76511:1.00
additionnel	71360:1.00
adecal	73433:3.00
adem	68389:1.00 70169:1.00 73690:1.00
adept	67383:1.00
adher	67553:1.00 73685:1.00 73879:1.00 74455:1.00
adhes	68273:1.00 69541:1.00 71358:1.00 74455:1.00 74750:4.00
adhérent	67553:6.00 68273:2.00 70166:2.00 70745:1.00 71358:1.00 71616:1.00 72396:1.00 73184:1.00 74172:1.00 74455:1.00 74749:1.00 75063:1.00 76209:1.00 76507:1.00
adjoint	67068:1.00 67795:1.00 72630:1.00
adjonct	76210:1.00
adjuv	67937:2.00
administr	68383:1.00 68885:1.00 70914:2.00 71358:2.00 71838:1.00 72392:1.00 72393:1.00 72629:2.00 72935:1.00 73187:3.00 74167:1.00 74453:1.00 75065:1.00
admir	69542:1.00 71835:1.00
admis	73430:1.00
admiss	75071:1.00
adn	67802:1.00 68644:8.00 70747:2.00 70922:6.00 75460:3.00
adolescent	67937:1.00
adopt	68280:1.00 68387:1.00 69542:2.00 69814:1.00 72935:1.00 76511:1.00
adoptent	71359:1.00 72633:1.00
adoss	67795:2.00 71842:1.00
adour	75067:1.00
adress	67940:1.00 68273:1.00 72401:1.00 72629:1.00 72939:1.00 73183:1.00
adri	69534:1.00
adriat	70916:1.00
adrien	73433:1.00
adsl	70914:1.00
adsorpt	74750:1.00
adult	67801:1.00 67802:1.00 73876:1.00 76509:1.00
advanced	71837:1.00 72932:4.00 75068:1.00
advisor	72394:1.00
advisory	71615:1.00
adéquat	68882:1.00 70920:1.00 72936:1.00
ae	68885:1.00
aed	69813:1.00
aegypt	69813:1.00
aegyptiac	75458:2.00
aer	72634:1.00
aeri	73687:1.00
aero	67553:1.00
aerocampus	69542:1.00 73687:8.00
aerokw	71840:4.00 74167:1.00
aeronautic	71615:1.00
aerosol	72120:4.00
aerospac	72933:1.00
aerospatial	67068:1.00
aerowing	71840:1.00
afam	70422:1.00
aff	72393:1.00
affair	68274:2.00 68276:1.00 68885:1.00 70166:2.00 70170:1.00 70749:1.00 70751:1.00 71361:1.00 71840:3.00 72633:1.00 73875:1.00 73878:3.00 73884:1.00 74746:2.00 75795:3.00 75797:1.00 76508:1.00 76512:1.00
affect	67798:1.00 68646:1.00 69184:1.00 70916:1.00 71357:2.00 73183:1.00 74453:4.00 75063:1.00 75790:1.00
affectent	67387:1.00 69815:1.00
affich	67553:1.00 68638:1.00 71360:1.00 73430:2.00 73691:1.00 73876:1.00 74172:1.00 75788:1.00
affichent	70744:2.00
affil	68883:1.00 69177:1.00
affin	67388:1.00 70916:1.00
affinag	68885:1.00
affirm	69821:1.00 72398:1.00 73877:1.00 75792:1.00
affirmon	72113:1.00
affluent	69537:1.00
affranch	68884:1.00 70917:1.00 71836:1.00 72934:1.00 75791:1.00
affront	70914:2.00
affût	71835:1.00
afin	67383:1.00 67386:1.00 67387:2.00 67389:1.00 67553:2.00 67557:2.00 67558:1.00 67794:1.00 67797:1.00 67940:1.00 68275:1.00 68279:5.00 68882:1.00 68884:1.00 68887:1.00 69177:1.00 69178:2.00 69181:1.00 69534:1.00 69538:1.00 69539:4.00 69540:1.00 69811:1.00 69813:4.00 69816:1.00 69819:1.00 70161:3.00 70162:3.00 70163:1.00 70166:1.00 70170:1.00 70421:2.00 70422:1.00 70425:2.00 70429:1.00 70749:1.00 70916:3.00 70920:2.00 70921:2.00 71359:2.00 71366:1.00 71612:2.00 71617:2.00 71619:1.00 71842:2.00 71845:1.00 72114:1.00 72115:2.00 72118:1.00 72119:1.00 72394:1.00 72397:1.00 72629:2.00 72630:2.00 72634:1.00 72635:1.00 72932:3.00 72933:1.00 72937:1.00 73183:1.00 73184:1.00 73186:1.00 73683:3.00 73684:1.00 73691:1.00 73876:2.00 73877:1.00 73880:1.00 73884:1.00 74168:3.00 74169:1.00 74170:1.00 74449:1.00 74450:1.00 74452:1.00 74454:1.00 74744:1.00 74747:1.00 74749:1.00 75063:2.00 75064:1.00 75065:2.00 75066:1.00 75068:1.00 75069:1.00 75070:1.00 75457:1.00 75458:3.00 75465:1.00 75788:4.00 75789:2.00 75790:1.00 75791:2.00 75792:1.00 75793:3.00 75794:1.00 76207:1.00 76209:1.00 76211:1.00 76213:1.00 76508:4.00
afis	72633:1.00
afni	72629:1.00
afnor	68885:1.00
afpa	69542:1.00
africain	69821:1.00 72115:1.00 72629:1.00 73683:1.00 73684:1.00 75458:4.00
afriqu	67794:1.00 68642:1.00 69820:2.00 69821:9.00 70916:1.00 72396:1.00 72629:2.00 72632:1.00 73185:2.00 73684:4.00 73875:5.00 75458:2.00
aft	72634:3.00
agath	72634:2.00
age	71360:1.00 74449:1.00 74749:4.00
agenc	67385:1.00 67386:1.00 67939:1.00 68383:1.00 68386:2.00 68642:1.00 68643:1.00 69179:1.00 69536:3.00 69811:1.00 69816:1.00 70163:1.00 70422:1.00 70426:1.00 70428:1.00 70749:1.00 72629:1.00 72938:1.00 73432:1.00 73880:1.00 74449:1.00 74748:1.00 74749:1.00 75066:1.00 75460:1.00 75463:1.00 75790:1.00 75794:1.00 76507:2.00 76513:1.00
agend	67794:1.00
agent	67388:1.00 68387:1.00 68388:2.00 70746:1.00 71612:1.00 72115:1.00 73686:1.00 74453:1.00 75063:4.00
agglomer	70170:1.00 71842:1.00 74172:3.00
aggrav	70917:1.00 73184:1.00
aggroalimentair	74748:1.00
agil	71836:3.00
agir	67071:1.00 67800:2.00 68390:1.00 69534:4.00 69817:1.00 70920:1.00 72118:1.00 72392:1.00 72401:1.00 72637:1.00 73183:1.00 73876:1.00 75788:1.00 75793:1.00 76510:1.00
agiss	67390:1.00 67794:1.00 67938:1.00 68387:1.00 68889:1.00 69177:1.00 69814:1.00 70162:1.00 70915:1.00 71843:1.00 72392:1.00 72393:1.00 72395:1.00 72396:1.00 73185:1.00 73431:1.00 73685:1.00 74169:2.00 75792:1.00 76206:1.00
agissent	67383:1.00 67937:1.00 72115:1.00 75458:1.00
agit	67385:1.00 67386:1.00 67388:1.00 67553:3.00 67554:2.00 67555:1.00 67795:2.00 67796:1.00 67798:1.00 67941:1.00 67944:1.00 68274:1.00 68278:1.00 68279:1.00 68388:2.00 68639:1.00 68643:1.00 68646:1.00 68881:1.00 69178:1.00 69185:1.00 69186:1.00 69534:1.00 69536:1.00 69811:1.00 69813:4.00 70161:1.00 70423:1.00 70743:1.00 70745:2.00 70747:1.00 70921:2.00 71362:1.00 71614:2.00 71835:1.00 71837:1.00 71840:1.00 71845:1.00 72115:1.00 72392:1.00 72629:2.00 72940:1.00 73183:1.00 73184:1.00 73436:1.00 73881:1.00 74168:3.00 74450:3.00 74454:1.00 74749:1.00 74752:1.00 75064:1.00 75067:3.00 75457:1.00 75458:2.00 75459:1.00 75789:2.00 75790:1.00 75793:1.00 76210:1.00
agon	72116:1.00 74744:1.00
agrand	70425:1.00 73684:1.00
agreg	70745:1.00 74173:1.00
agren	68279:1.00 68643:10.00 71842:1.00
agres	73183:1.00
agress	67937:2.00 76511:1.00
agresseur	67937:1.00
agri	71842:1.00
agricol	67392:1.00 67794:1.00 68273:3.00 68279:3.00 68645:1.00 68882:6.00 68885:1.00 69538:8.00 69821:3.00 70745:1.00 71357:1.00 72630:3.00 72637:1.00 73685:1.00 74450:1.00 76213:1.00
agriculteur	67804:1.00 76213:1.00
agricultur	67794:7.00 67804:5.00 68273:1.00 68279:11.00 68882:2.00 69182:1.00 69538:1.00 69812:2.00 69821:4.00 70165:1.00 70420:3.00 70745:1.00 71357:1.00 71836:1.00 71837:1.00 71842:3.00 72393:3.00 73879:1.00 74450:2.00 76213:7.00
agrimip	71359:1.00
agro	68279:1.00 71842:6.00 72630:3.00 72634:2.00 74457:2.00 76514:1.00
agroalimenair	67557:1.00
agroalimentair	67388:1.00 67798:1.00 68273:2.00 68885:1.00 70166:3.00 70745:1.00 71359:1.00 71360:1.00 71837:1.00 72396:1.00 72634:2.00 72637:1.00 73685:1.00 73879:3.00 74172:4.00 74455:6.00 74749:1.00 74750:1.00 75066:1.00 75067:1.00 75069:1.00 75462:2.00 75790:1.00 75793:2.00 76208:1.00
agrochim	68387:1.00 72118:1.00
agroenviron	68279:2.00 68643:3.00 70745:1.00
agronom	67794:2.00 68273:1.00 69821:3.00 71837:3.00 72113:1.00 74457:2.00 76213:5.00
agronov	68279:1.00 68643:1.00 71842:6.00
agropar	72121:1.00 74172:1.00
agroparistech	67795:15.00 67799:1.00 68275:1.00 68389:2.00 69816:1.00 72637:6.00 73685:1.00
agrossup	72394:1.00
agrosup	70420:1.00 72394:3.00 72631:2.00 72634:1.00 73685:1.00 73877:1.00 76206:1.00
agrosystem	70745:1.00
agroécolog	67071:2.00 69812:1.00 69817:1.00 70420:1.00 73877:3.00
agré	67553:1.00
agréabl	70166:1.00
agrégat	74173:7.00
agu	75788:1.00
aguerr	72633:1.00
agé	74746:1.00
ai	67068:1.00 67383:1.00 67937:1.00 68274:3.00 69812:1.00 69821:1.00 70161:5.00 71612:2.00 71835:2.00 72115:1.00 72394:3.00 72629:1.00 72631:1.00 72932:2.00 73185:3.00 73430:1.00 76507:1.00 76511:1.00
aid	67387:1.00 67553:1.00 67554:3.00 67799:1.00 67800:2.00 67940:6.00 67945:1.00 68391:1.00 68641:1.00 68642:1.00 68643:1.00 68881:1.00 69177:1.00 69182:1.00 69183:1.00 69534:1.00 69537:3.00 69539:3.00 69540:2.00 69811:2.00 70162:3.00 70166:1.00 70420:3.00 70421:1.00 70422:1.00 70424:1.00 70744:1.00 70919:1.00 71359:2.00 71614:2.00 71837:1.00 72113:1.00 72119:1.00 72400:1.00 72933:1.00 72934:2.00 72939:2.00 73185:1.00 73187:1.00 73430:1.00 73431:1.00 73683:2.00 73685:2.00 73877:2.00 73878:2.00 74167:1.00 74168:1.00 74169:1.00 74449:3.00 74450:1.00 74744:1.00 74746:2.00 74750:2.00 75064:3.00 75065:1.00 75069:1.00 75465:1.00 75788:1.00 76211:1.00 76508:2.00 76509:1.00 76510:1.00 76511:1.00
aient	69821:1.00 73434:1.00
aiguill	76509:1.00
ail	73875:1.00
ailleur	67068:1.00 67795:2.00 67798:1.00 67944:1.00 68273:1.00 68279:1.00 68387:1.00 68390:1.00 68638:1.00 68645:1.00 68883:2.00 68885:1.00 69177:1.00 69185:1.00 70421:1.00 70749:1.00 70916:1.00 70921:1.00 70923:1.00 71357:2.00 71359:1.00 71360:1.00 71836:1.00 71840:1.00 72113:1.00 72115:1.00 72393:1.00 73430:1.00 73432:1.00 73687:1.00 74167:1.00 74449:1.00 74746:1.00 74749:1.00 75065:1.00 75457:1.00 75788:1.00 76206:1.00 76507:1.00 76510:1.00 76511:1.00
aim	67068:1.00 70163:1.00 71835:1.00
aimar	68388:2.00
ain	68885:1.00
air	67553:1.00 67558:4.00 67939:1.00 68645:4.00 68881:1.00 69182:1.00 69542:1.00 69813:2.00 69816:1.00 70425:2.00 70426:3.00 70745:1.00 70916:2.00 71357:1.00 71358:6.00 71840:1.00 75789:1.00 75794:3.00
airbus	67797:2.00 68383:1.00 70920:4.00 71617:8.00 72636:4.00 72933:1.00 74745:1.00
aircor	71838:1.00
aircraft	70165:1.00
ais	72631:1.00 76507:1.00
aiserey	68279:1.00
ait	68881:1.00 69534:1.00 70161:1.00 71841:1.00 74744:1.00
aix	68385:1.00 68391:1.00 68393:1.00 69183:2.00 70747:1.00 71361:2.00 71845:1.00 73683:3.00 73688:2.00
ajout	67068:1.00 67553:1.00 67555:1.00 67558:1.00 67796:1.00 67937:2.00 67938:2.00 67939:1.00 68273:1.00 68276:1.00 68383:1.00 68390:2.00 68643:1.00 68881:1.00 69177:2.00 69535:1.00 69813:1.00 69821:1.00 70166:1.00 70421:1.00 70424:1.00 70746:1.00 70914:1.00 70917:1.00 70921:1.00 71357:1.00 71358:2.00 71835:1.00 72394:2.00 72396:1.00 72629:1.00 72932:2.00 72933:2.00 73184:1.00 73431:1.00 73436:1.00 73684:2.00 73876:1.00 73877:1.00 74451:1.00 74455:1.00 74457:1.00 74750:2.00 74752:2.00 75458:2.00 75791:1.00 76507:2.00 76508:1.00 76512:1.00
ajoutent	75071:1.00
ajouton	67386:1.00 68279:1.00 68642:1.00 69184:1.00 69542:1.00 69811:1.00 70162:1.00 72935:1.00 75063:1.00 75071:1.00 76210:1.00 76511:1.00
ajust	68882:1.00 72636:2.00
alabouvet	68643:5.00
aladin	70916:1.00
alain	69812:1.00 72629:8.00 72637:2.00 74168:2.00 74457:4.00
alarm	67937:1.00 68388:1.00 71835:1.00
alba	74750:2.00
albert	67389:1.00 72932:1.00 73183:2.00
alcatel	71839:1.00
alcool	69815:1.00 76511:1.00
aldebaran	72633:3.00
ale	71614:1.00 73430:9.00
aleni	71836:1.00 75789:4.00
alentour	75458:1.00
alert	70162:1.00 70166:1.00 70916:1.00 76510:2.00
ales	75464:3.00
alexandr	76514:1.00
alexandrin	73683:1.00
alf	73184:1.00
alfort	73686:1.00
alger	69820:1.00
algorithm	68391:1.00 70421:1.00 74171:1.00
algu	67385:12.00 68385:1.00 70920:1.00 73433:1.00 75460:5.00 76213:1.00 76511:1.00
ali	73684:1.00 74449:1.00
alic	67938:2.00
align	70163:1.00 70425:2.00
aliment	67071:4.00 67385:1.00 67387:1.00 67555:4.00 67557:2.00 67794:1.00 67795:1.00 67797:2.00 67798:4.00 68275:1.00 68279:5.00 68387:2.00 68388:1.00 68882:13.00 69534:8.00 69537:1.00 70166:2.00 70428:1.00 70745:1.00 70746:1.00 70747:2.00 70749:6.00 71357:2.00 71360:1.00 71366:2.00 71617:3.00 71835:1.00 71842:1.00 71843:1.00 72396:4.00 72398:1.00 72631:2.00 72634:1.00 73184:1.00 73433:1.00 73685:2.00 73877:1.00 74172:1.00 74449:10.00 74453:1.00 74457:1.00 74749:1.00 75069:6.00 75458:2.00 75462:1.00 75789:2.00 75790:8.00 75792:1.00 75793:11.00 76206:3.00 76209:7.00 76213:13.00 76507:1.00 76511:7.00 76514:4.00
alimentair	67555:6.00 67557:1.00 67794:3.00 67798:4.00 68387:1.00 68388:2.00 68882:5.00 68885:1.00 69534:5.00 69538:3.00 70166:1.00 70428:2.00 70745:1.00 70746:1.00 70749:6.00 71366:4.00 72116:1.00 72393:2.00 72394:1.00 72630:1.00 72631:2.00 72632:1.00 72634:2.00 73432:1.00 73685:1.00 74449:7.00 74750:1.00 75069:9.00 75790:1.00 75793:2.00 76209:1.00 76213:3.00 76511:1.00 76514:2.00
alimentec	76514:2.00
alimentent	73182:1.00
aliou	75458:2.00
aliss	68882:1.00
alkan	73879:1.00
allaert	67798:4.00
allaient	75790:1.00
allait	67555:4.00 67937:2.00 67939:1.00 68279:1.00 68887:2.00 70162:1.00 70917:1.00 71358:1.00 71842:1.00 72631:1.00 72634:1.00 72932:1.00 73182:2.00 73434:1.00 73684:1.00
allant	67390:1.00 67554:1.00 67798:1.00 70916:1.00 73689:1.00 75460:1.00 76209:1.00
alleg	67798:1.00 75458:1.00 75792:1.00 76210:1.00
allel	69182:1.00
allemagn	67943:1.00 67944:1.00 68642:1.00 69534:1.00 69814:1.00 71361:2.00 72933:1.00 73187:1.00 73430:3.00 74170:1.00 74746:1.00 75069:1.00 76209:2.00
allemand	67797:1.00 68274:1.00 68391:1.00 69540:1.00 69814:1.00 70425:1.00 72114:1.00 72933:1.00 73430:1.00
allenv	67071:7.00 68275:2.00
aller	67383:1.00 67939:1.00 68638:1.00 69535:1.00 70161:1.00 70423:1.00 70923:1.00 71835:1.00 71843:1.00 72392:2.00 72630:1.00 72634:1.00 72635:1.00 72932:2.00 73183:1.00 73185:1.00 73189:1.00 73430:2.00 73432:1.00 73683:1.00 73876:1.00 74167:1.00 74168:1.00 74450:1.00 74455:1.00 74749:1.00 74752:1.00
allerg	67937:1.00 68645:4.00 70745:1.00 76507:1.00
allergen	68645:2.00
allergis	68645:1.00
allergologu	68645:1.00
allez	67798:1.00 67938:1.00 69813:1.00 70161:1.00 72932:1.00 73876:1.00 73877:1.00 74455:1.00 75063:1.00 76515:2.00
alli	69541:1.00 70164:1.00
alliag	71612:1.00 74167:1.00 75792:1.00
allianc	67071:3.00 68275:1.00 68881:6.00 68888:2.00 69814:4.00 70919:1.00 72939:1.00 73876:1.00 76508:1.00
allion	68885:1.00 75458:1.00
allocu	68889:1.00
allon	67383:1.00 67794:1.00 67795:3.00 68643:1.00 70161:2.00 70745:1.00 70916:2.00 73876:1.00 73877:1.00 75069:2.00 75792:1.00 75793:2.00 76213:1.00
allong	68277:1.00 74746:1.00
allur	74167:2.00 74450:1.00
allé	68881:1.00 70421:1.00 72630:1.00 73182:1.00 75458:1.00 75459:1.00 76206:1.00
almasat	69179:1.00
alon	67554:1.00
along	67557:1.00
alpe	67553:1.00 68393:1.00 68885:1.00 69543:1.00 69818:1.00 72395:1.00 73435:1.00 73683:2.00 73878:1.00 73881:9.00 75789:1.00 75797:1.00 76513:1.00
alpespac	73689:1.00 76212:2.00
alpha	67802:1.00 74173:4.00 75795:1.00
alphababy	76210:1.00
alpin	67387:1.00 72400:1.00 73689:1.00 73881:1.00
alsac	73877:2.00 74453:1.00 76206:1.00
alter	70745:1.00 72394:1.00 73684:1.00 74167:1.00 74449:1.00
alterindustrialis	69535:1.00
altern	67554:2.00 68276:1.00 68640:2.00 68643:2.00 70920:4.00 71617:1.00 72118:1.00 72635:1.00 72940:1.00 73436:2.00 74450:1.00 75067:1.00
altik	69177:1.00
altimetr	69177:1.00 73434:3.00
altitud	67939:2.00 67942:2.00 68389:1.00 69179:2.00 71617:1.00 75789:1.00
altran	76211:1.00
alumin	76210:5.00
aluminium	68644:3.00 74167:1.00 75066:1.00
alzheim	67798:1.00 68277:1.00 68646:1.00 70914:2.00 73184:3.00 73187:1.00 74173:1.00 76511:1.00 76515:1.00
alé	72630:1.00 75458:1.00
am	68646:1.00
amalgam	72630:1.00
amas	70424:1.00
ambassad	68274:2.00
ambi	70421:1.00
ambianc	71357:1.00 74449:1.00
ambiguït	67795:1.00
ambit	67940:1.00 68275:1.00 68278:1.00 68638:3.00 68881:2.00 71358:1.00 71615:1.00 72114:3.00 73182:1.00 73183:1.00 73430:4.00 73432:4.00 73434:1.00 73687:1.00 73691:1.00 73876:3.00 73879:1.00 74450:1.00 75068:1.00 76206:1.00
ambiti	67553:1.00 67555:1.00 71358:1.00 71615:1.00 71837:1.00 73186:1.00 74168:1.00 74450:1.00 75458:1.00
ambition	69815:1.00 71840:1.00 72116:1.00 72938:1.00
ambrois	68645:1.00
ambrosi	68645:1.00
ambulatoir	73435:1.00
ambérieu	74167:1.00
amen	68387:1.00 68393:1.00 68642:1.00 69177:1.00 70161:2.00 70170:1.00 70420:1.00 72629:1.00 72933:1.00 73431:1.00 75459:1.00
amend	68279:2.00 73684:1.00
amer	67796:3.00 68642:2.00 70920:1.00 71366:1.00 72630:1.00 72631:2.00 72632:1.00 73185:2.00 73875:6.00 73878:1.00 76510:1.00
americ	67553:1.00 68886:1.00
american	69819:1.00 70422:1.00
amertum	73877:1.00
amf	72393:1.00
ami	67937:2.00 68274:1.00 72932:1.00
amical	73433:1.00
amin	67390:6.00
amiral	72937:1.00
amm	68643:2.00
ammoniac	67385:1.00
amont	68279:1.00 69821:1.00 71359:1.00 72629:1.00 74744:1.00
amorc	72395:1.00
amortisseur	69820:1.00
amorçag	73879:1.00 74451:1.00 76510:1.00
amovibl	74454:1.00
amper	70167:1.00 72397:1.00
amphis	72394:1.00 74752:1.00
amphithéâtr	71842:1.00
amplement	67558:1.00
ampleur	70420:1.00 71359:1.00 73182:2.00 75065:1.00 75458:1.00
amplif	67802:1.00 68638:2.00 72934:8.00 74168:1.00
amplifi	67802:1.00 68643:1.00 70747:1.00 73189:1.00 76211:1.00
amplifient	70747:1.00
amplifying	72934:1.00
amsterdam	69539:2.00
amu	73683:1.00
amund	72935:1.00
amus	67068:3.00
amylgen	73184:1.00
amyloid	73184:1.00
amyloïd	70914:1.00 73184:2.00
amyotroph	70744:1.00
amènent	74169:1.00
amélian	71616:1.00
amélior	67387:1.00 67554:1.00 67798:2.00 68273:2.00 68279:3.00 68281:2.00 68387:1.00 68646:1.00 68884:1.00 68885:2.00 68886:1.00 69177:1.00 69539:3.00 69816:1.00 70425:1.00 70426:1.00 70749:1.00 70916:4.00 71359:1.00 71366:1.00 71612:1.00 71619:1.00 72117:1.00 72630:2.00 72938:1.00 73430:1.00 73431:1.00 73435:1.00 73436:1.00 73877:1.00 74171:1.00 74176:1.00 74449:4.00 74450:1.00 74451:1.00 75066:1.00 75067:1.00 75458:1.00 75460:1.00 75464:1.00 76508:5.00
améliorent	70746:1.00
amélioron	68281:1.00
aménag	67071:1.00 67944:1.00 68889:1.00 69535:1.00 70165:1.00 70917:1.00 71363:1.00 72937:2.00 72939:1.00 73875:1.00 73883:1.00 74456:1.00 75458:1.00 75788:1.00
aménageur	72939:1.00
américain	67383:1.00 67391:1.00 67939:1.00 68274:4.00 68881:3.00 69177:1.00 69540:1.00 70163:1.00 70422:6.00 71614:1.00 71838:3.00 71840:1.00 72114:1.00 72115:1.00 72119:1.00 72394:1.00 72629:1.00 72633:1.00 72933:1.00 73184:1.00 73434:2.00 73876:1.00 74745:1.00 75063:1.00 75790:1.00 76207:2.00
analogu	67390:2.00 67800:1.00
analys	67387:1.00 67388:3.00 67555:3.00 67795:1.00 67797:1.00 68275:1.00 68277:1.00 68391:3.00 68392:1.00 68644:1.00 68645:1.00 68881:4.00 68885:5.00 68886:1.00 69182:3.00 69533:1.00 70163:1.00 70420:1.00 70749:1.00 70919:2.00 70920:1.00 71359:4.00 71618:2.00 71620:1.00 71845:3.00 72113:1.00 72118:1.00 72635:1.00 72637:3.00 73185:1.00 73189:1.00 73432:1.00 73683:1.00 73685:10.00 73877:2.00 73879:1.00 74168:1.00 74171:1.00 74173:1.00 74452:2.00 74455:1.00 75067:1.00 75788:2.00 75793:1.00 76206:1.00 76207:4.00 76208:2.00 76516:1.00
analyst	71835:1.00 75795:1.00
analyt	68885:4.00 72118:1.00 73877:1.00
analytic	72939:1.00
analytical	68881:4.00
anani	75795:1.00
anantharaman	72932:7.00
anatom	76515:1.00
ancien	68383:1.00 69536:1.00 69819:2.00 70161:2.00 70422:1.00 70424:1.00 72113:2.00 72393:1.00 72629:3.00 72630:1.00 73431:1.00 73433:1.00 73683:1.00 73875:1.00 73877:1.00 74450:1.00 75071:1.00 76213:1.00 76512:1.00
anciennet	71363:1.00
ancre	73183:1.00
ancré	72119:1.00
and	67557:1.00 67945:3.00 68278:1.00 68386:2.00 68387:1.00 68638:1.00 68645:1.00 69538:1.00 69811:1.00 70162:1.00 71837:1.00 71838:1.00 72113:1.00 72393:1.00 75795:1.00 76207:1.00
andin	73875:1.00
andreacris	76514:1.00
andrew	68274:1.00
androcon	72632:2.00
android	73190:1.00
andré	67798:4.00 68386:1.00
anecdot	71835:1.00 73683:1.00
anesthes	71843:6.00
anesthési	71843:1.00
anger	68281:2.00 70422:1.00 73436:2.00 74449:1.00
angewandt	67558:1.00
anglais	67555:1.00 67938:2.00 67940:2.00 68888:1.00 71619:1.00
angle	70921:1.00 72113:2.00 73182:1.00
angleterr	67555:1.00 70163:1.00 70922:1.00 71361:1.00 71614:1.00 74168:2.00
anglo	72629:2.00
angström	67390:1.00
angusticep	72115:2.00
anicap	68885:2.00
anim	68383:2.00 68885:2.00 69820:1.00 70164:1.00 70421:1.00 72393:1.00 73430:1.00 73433:1.00 73437:1.00 74748:1.00 75063:1.00 75068:1.00 76515:1.00
animal	67388:1.00 67389:5.00 67794:1.00 67937:2.00 68384:7.00 68389:1.00 69538:4.00 69813:1.00 71357:4.00 71843:1.00 72115:2.00 72116:1.00 72631:1.00 73189:1.00 73433:1.00 73878:4.00 75458:2.00 76213:1.00 76511:5.00 76515:1.00
anion	68390:1.00
anjou	73436:2.00
anna	76509:1.00
anne	68276:1.00
anneau	67390:1.00
annex	74167:1.00
anni	73434:2.00
anniversair	69542:1.00
annonc	67937:3.00 68278:1.00 68638:1.00 68643:1.00 68881:1.00 69813:1.00 69815:1.00 70426:1.00 71360:1.00 71840:1.00 72117:1.00 72935:1.00 73182:1.00 73431:1.00 73434:1.00 73687:1.00 74451:1.00 74454:1.00
annoncent	72629:1.00
annot	75788:1.00
annualis	74169:1.00
annuel	67392:1.00 68279:1.00 68889:1.00 72113:1.00 72633:1.00 73684:1.00 73691:1.00 73878:1.00 73881:3.00 74747:1.00 75458:1.00 75465:1.00 75466:1.00 75797:1.00
annul	76508:2.00
anomal	67556:2.00 67798:1.00 69815:1.00 72118:1.00
anonym	68279:1.00 68281:1.00 68383:1.00
anormal	68646:1.00 74173:1.00 75794:1.00
anr	67385:1.00 67386:1.00 68383:1.00 69816:1.00 70426:1.00 70428:1.00 70749:1.00 71361:1.00 73432:1.00 74449:1.00 75460:1.00 75790:1.00 75794:1.00 76507:2.00
anru	70169:1.00
anse	71621:2.00
anta	75458:2.00
antagon	74457:1.00
antar	73688:5.00
antarct	69811:1.00
antem	70170:1.00
anten	67945:1.00 68279:1.00 69181:1.00 70170:1.00 70425:4.00 70747:9.00 72632:1.00 74168:1.00
anthrop	67942:1.00 69533:1.00 75458:2.00
anthropolog	73431:3.00
anthropologu	73431:6.00 75458:1.00
anti	67937:1.00 68387:1.00 71612:1.00 72394:1.00 74453:1.00 74746:1.00 75067:1.00 76511:7.00 76514:1.00
antibiot	75067:3.00
anticancer	73686:1.00
anticip	68638:1.00 69816:1.00 70161:2.00 70162:2.00 70420:1.00 71617:1.00 72933:1.00 74169:1.00 75064:2.00 76512:1.00
anticorp	70919:1.00 72938:9.00
antidépresseur	69184:1.00
antigel	68390:2.00
antigen	72935:2.00
antill	69542:1.00 71362:1.00
antimicrobien	67937:3.00 70746:1.00
antimigrain	69184:1.00
antimonur	71839:1.00
antin	72933:1.00
antioxyd	68387:1.00 73184:2.00 76511:7.00
antipol	67385:1.00 69180:1.00
antisept	75067:1.00
antiépilept	74453:1.00
antoin	69539:1.00 72392:2.00 72933:1.00 74453:1.00
aoc	70745:1.00
aon	72939:1.00
août	67556:1.00 67558:1.00 69177:1.00 70916:1.00 70919:1.00 71835:1.00 73434:1.00 74169:1.00 74170:1.00
ap	68277:1.00 72629:1.00 74746:1.00 76508:1.00
aperçu	67937:1.00 72630:1.00 75459:1.00
apix	68881:2.00
aplat	74173:1.00
apolipoprotéin	75459:1.00
apollon	68638:1.00
appam	76516:1.00
apparaiss	67937:1.00 75459:1.00
apparaissent	67388:1.00 71621:1.00 76209:1.00
apparaît	67385:1.00 67798:2.00 67801:1.00 68275:1.00 68643:1.00 69178:1.00 69181:1.00 70166:1.00 71359:1.00 71361:1.00 72401:1.00 73432:1.00 73876:1.00 73877:1.00 74167:1.00 74172:1.00 74744:1.00 74746:1.00 75063:1.00 76213:1.00
apparaîtr	67939:1.00
appareil	67554:1.00 67797:1.00 68881:2.00 68885:1.00 69542:1.00 70165:1.00 70167:1.00 70425:1.00 70916:1.00 71359:6.00 71362:1.00 71617:7.00 72933:1.00 74167:2.00 74450:1.00 75069:2.00 75792:3.00 76508:8.00 76510:1.00
apparent	68387:1.00 70915:1.00 76509:1.00
appari	76511:1.00
apparit	69815:1.00 70922:1.00 72634:1.00 75065:1.00
apparten	75458:1.00
appartiennent	69183:1.00
appartient	72113:1.00
apparu	71843:1.00 72120:1.00 73434:1.00
appel	67387:1.00 67388:1.00 67554:1.00 67555:1.00 67557:1.00 67794:1.00 67801:1.00 67939:1.00 67941:1.00 68275:1.00 68276:1.00 68279:1.00 68642:1.00 68643:2.00 68645:1.00 68885:1.00 69535:1.00 69539:1.00 69813:2.00 69817:1.00 69818:1.00 70421:2.00 70429:1.00 70745:1.00 70746:1.00 70918:1.00 70919:1.00 70921:1.00 71357:1.00 71359:1.00 71614:1.00 71837:1.00 71842:1.00 72116:1.00 72394:1.00 72399:1.00 72629:1.00 72632:1.00 72635:1.00 73433:1.00 73435:1.00 73875:1.00 73876:1.00 73879:3.00 73880:1.00 73882:1.00 74167:1.00 74449:2.00 74456:1.00 74750:1.00 74752:1.00 75063:2.00 75068:1.00 75458:1.00 75788:1.00 75789:1.00 75790:2.00 76511:1.00 76512:1.00 76513:1.00
appellent	67388:1.00 67558:1.00 67943:1.00 69533:1.00 69813:1.00 73877:1.00 74746:1.00 75458:1.00
appelon	75790:1.00
appet	72932:1.00
appleton	70163:1.00
appli	70170:1.00
applic	71618:1.00 76207:1.00
applied	69180:1.00 72113:1.00
appliqu	67068:2.00 67071:1.00 67383:1.00 67390:1.00 67392:2.00 67554:1.00 67796:2.00 67800:1.00 67937:4.00 68280:1.00 68384:1.00 68390:1.00 68392:1.00 68393:3.00 68638:2.00 68639:1.00 68641:1.00 68644:1.00 68881:6.00 68886:2.00 68887:1.00 69177:1.00 69179:1.00 69533:1.00 69536:1.00 69539:1.00 69812:1.00 69813:1.00 69820:1.00 70161:1.00 70165:1.00 70166:1.00 70167:1.00 70169:1.00 70170:3.00 70421:4.00 70422:1.00 70423:1.00 70429:1.00 70744:1.00 70921:1.00 71359:1.00 71361:1.00 71612:1.00 71614:1.00 71616:2.00 71618:1.00 71835:2.00 71836:1.00 71839:2.00 71841:1.00 71843:1.00 72113:1.00 72116:1.00 72117:1.00 72122:2.00 72394:2.00 72399:2.00 72630:3.00 72633:2.00 72934:1.00 73182:1.00 73187:1.00 73190:2.00 73431:2.00 73433:1.00 73434:1.00 73876:1.00 73879:6.00 73883:1.00 74167:1.00 74170:1.00 74450:3.00 74451:1.00 74452:2.00 74453:2.00 74744:1.00 74750:1.00 75063:2.00 75067:1.00 75068:1.00 75071:1.00 75459:1.00 75461:1.00 75788:2.00 75790:1.00 75794:1.00 75795:1.00 75796:2.00 75797:1.00 76207:1.00 76208:1.00 76210:1.00 76507:2.00 76508:4.00 76509:5.00 76511:1.00 76514:2.00
appliquent	67389:1.00
appoint	68644:1.00
apport	67389:1.00 67801:1.00 67937:4.00 67939:1.00 67942:1.00 68273:1.00 68383:1.00 68391:1.00 68643:1.00 69533:2.00 69816:1.00 70166:1.00 70422:1.00 70429:1.00 70753:1.00 70916:1.00 71357:1.00 71358:1.00 71359:3.00 71612:2.00 71614:1.00 71836:1.00 72116:1.00 72401:1.00 72637:1.00 72937:1.00 73182:1.00 73184:1.00 73185:1.00 73432:1.00 73683:3.00 73882:1.00 73884:1.00 74451:1.00 74455:2.00 74744:1.00 75069:1.00 75788:1.00 75793:1.00 75796:1.00 76208:1.00 76209:1.00 76507:1.00 76511:1.00
apportent	67556:1.00 68280:1.00 69182:1.00 73184:1.00 73688:1.00 74752:1.00 75458:1.00
apporton	68273:1.00
apprec	68276:2.00
appren	67389:1.00 73437:1.00 75063:3.00
apprend	72932:1.00 74450:1.00
apprendr	71359:1.00 73683:1.00 73876:2.00 74168:1.00 76509:1.00
apprendront	67944:1.00
apprent	72636:5.00 73430:1.00
apprentissag	67389:2.00 67555:1.00 67556:1.00 68281:4.00 68888:1.00 70164:1.00 70923:1.00 71358:1.00 73430:2.00 73876:5.00 75063:1.00 75071:1.00 75457:2.00 76206:1.00
appris	67937:1.00 68643:1.00 68881:1.00 70744:1.00 72394:1.00
approch	67390:1.00 67554:1.00 67800:2.00 67802:1.00 67944:1.00 68275:3.00 69177:1.00 69533:1.00 69812:1.00 69813:2.00 70161:2.00 70167:1.00 70914:1.00 71359:1.00 71617:4.00 72116:1.00 72118:1.00 72629:1.00 73183:1.00 73187:1.00 73684:1.00 73686:2.00 73876:2.00 73877:4.00 73881:1.00 74175:2.00 74744:1.00 75457:1.00 75460:1.00 75462:1.00 75465:1.00 75790:1.00 76511:4.00
approchent	70425:1.00
approfond	68881:1.00 69533:1.00 70920:1.00 72396:1.00
appropri	68275:1.00 71359:1.00 72630:1.00
approprient	72401:1.00
approuv	70424:1.00 73877:1.00
approvision	68642:1.00 71617:1.00 74169:1.00
appréci	67555:2.00 68886:1.00 76206:2.00
apprécient	76512:1.00
appréhend	67389:1.00 67553:1.00 67939:1.00 68639:1.00 69813:1.00 69817:1.00 70164:1.00 70421:1.00 72940:1.00 73182:1.00 73185:1.00 73877:2.00 75064:1.00 75797:1.00 76209:1.00
appréhens	67939:1.00
appui	67794:1.00 67795:1.00 68273:1.00 68274:1.00 68275:1.00 68277:1.00 68383:1.00 68638:2.00 68888:1.00 69533:1.00 69538:1.00 70161:1.00 70424:2.00 70744:1.00 71845:1.00 72629:2.00 72634:1.00 72637:1.00 73182:1.00 73431:1.00 74167:1.00 74172:1.00 74744:1.00 75463:2.00 75792:1.00 76511:1.00 76512:1.00
appétent	76209:1.00
apres	67555:1.00 67798:2.00 67801:1.00 67937:1.00 67939:1.00 68274:2.00 68281:3.00 68383:1.00 68387:1.00 68390:1.00 68641:1.00 68646:1.00 68881:2.00 68887:1.00 68888:1.00 69178:1.00 69185:1.00 69540:1.00 69811:1.00 69815:1.00 70161:2.00 70166:1.00 70422:1.00 70744:1.00 70915:1.00 70921:1.00 71358:1.00 71359:2.00 71612:2.00 71614:3.00 71835:2.00 71836:1.00 71837:1.00 71841:1.00 71842:1.00 72114:1.00 72392:1.00 72394:2.00 72396:1.00 72398:1.00 72629:2.00 72630:1.00 72632:1.00 72633:2.00 72932:2.00 73185:2.00 73430:1.00 73434:1.00 73435:1.00 73437:1.00 73683:2.00 73875:1.00 74171:1.00 74173:1.00 74175:1.00 74449:1.00 74454:1.00 74455:1.00 74752:1.00 75063:2.00 75071:2.00 75457:1.00 75458:1.00 75459:1.00 75461:1.00 75462:1.00 75790:1.00 76206:3.00 76213:2.00 76509:1.00 76516:1.00
apte	70420:1.00 71619:1.00 71836:1.00 73182:1.00 73876:1.00 76210:1.00
aptitud	68885:1.00 72394:1.00
aquacultur	73433:1.00
aquarium	73433:1.00
aquasourc	71616:1.00
aquat	71618:1.00 71837:1.00 73190:1.00 73433:1.00
aqueux	73435:1.00 74750:2.00 75792:1.00
aquifer	69812:1.00
aquim	71359:1.00 72396:1.00 76511:1.00
aquitain	67391:1.00 67553:1.00 68638:1.00 72117:7.00 73431:3.00 73687:2.00 74176:4.00 75067:5.00 75795:1.00 76512:1.00
arab	72629:3.00
arabidops	67800:2.00
aragonit	76210:1.00
araign	72115:1.00 73878:1.00
arbault	75063:3.00
arbre	67387:1.00 67391:2.00 68383:1.00 69182:1.00 69816:2.00 71837:6.00 75458:1.00
arc	71612:1.00 72400:1.00 73683:1.00
arcachon	69820:1.00 72937:1.00
arcan	68643:1.00
architect	69185:3.00 71836:1.00 72113:1.00 73875:2.00
architectur	67390:2.00 67558:1.00 68644:1.00 69182:1.00 69185:3.00 70162:1.00 70424:1.00 72635:3.00 72934:1.00 73879:1.00 74751:3.00 75066:1.00
archon	72632:2.00
archéolog	73431:1.00 73683:9.00 75788:1.00
archéologu	70745:1.00 73431:2.00 73683:1.00 75788:5.00
archétyp	72933:1.00
arctiqu	69533:1.00 73183:10.00 73880:1.00
arev	72392:1.00 75464:1.00
argent	67937:1.00 71621:1.00 72932:1.00 73183:1.00 73684:1.00
argil	68279:2.00 72630:2.00
argilo	68279:3.00
argos	69177:1.00
argument	67556:1.00
arian	69177:3.00 69179:1.00 73434:1.00
arianespac	69179:2.00
ariatt	68885:1.00
arieg	72630:2.00 75066:1.00
aril	72394:1.00
arimnet	69817:1.00 70420:1.00
aritt	72938:1.00
arkaeos	73683:1.00
arkamy	76508:9.00
arkem	68280:1.00
armand	68383:1.00
arme	68276:1.00 70161:3.00 70166:1.00 72115:1.00
armement	67553:1.00 67941:1.00 69177:1.00 70162:1.00 72114:1.00 74450:1.00 76208:1.00
armois	68645:1.00
armé	67553:2.00 68643:1.00 69542:1.00 71358:6.00 72630:1.00 73430:1.00 73431:1.00 74455:1.00
arn	67556:1.00
arnaud	67068:1.00 72933:3.00 73182:1.00 74746:1.00 76510:1.00
arom	70916:4.00
aromat	76516:1.00
aromatis	76516:2.00
arp	71618:2.00
arpeg	70916:2.00
arrachag	74169:1.00
arrang	72932:1.00
arrangent	74457:1.00
array	73186:3.00 73879:1.00
arrier	68882:1.00 70744:1.00
arriv	67937:1.00 67938:1.00 68881:1.00 69821:1.00 71612:2.00 71836:1.00 72118:1.00 72392:1.00 72629:1.00 72938:1.00 73187:1.00 73685:1.00 73877:2.00 74167:1.00 74170:1.00 74450:1.00 74451:1.00 74452:1.00 74453:1.00 74744:1.00 75069:1.00 75789:1.00 76507:1.00 76509:1.00
arrivent	68643:1.00 68881:1.00 72933:1.00 73184:1.00 74168:1.00 75063:1.00 75792:1.00
arrosag	69182:1.00
arrêt	67798:1.00 67938:1.00 68881:1.00 69178:2.00 70915:1.00 72392:2.00 72933:1.00 73182:1.00
arrêton	70161:2.00
arséniur	71839:1.00
art	68276:8.00 68393:4.00 70161:8.00 70165:1.00 70422:15.00 70923:6.00 71361:1.00 71835:1.00 72115:1.00 72393:1.00 72630:4.00 73876:1.00 73882:5.00 74749:1.00 74752:1.00 75457:13.00 75788:1.00 75791:1.00
artem	68279:16.00 68393:1.00 71842:2.00 73884:1.00
artemisiifoli	68645:1.00
arthropod	71843:1.00
artichaut	67555:3.00
articl	68638:1.00 68887:1.00 69177:1.00 70747:1.00 70915:1.00 71614:1.00 72940:1.00 73184:1.00 74449:1.00 76512:1.00
articul	68279:1.00 68639:1.00 69184:1.00 70170:1.00 70426:1.00 71617:1.00 71620:1.00 71842:1.00 72121:1.00 72400:1.00 73430:1.00 74172:1.00 74176:2.00 74748:1.00 75459:1.00 75466:1.00
articulair	67798:1.00
articulent	68279:1.00 71361:1.00
artificiel	67945:4.00 69183:1.00 69534:1.00 70917:1.00 71620:1.00 71836:1.00 74454:6.00 75063:2.00 76210:3.00
artisanal	68885:2.00 71614:1.00 72114:1.00
artisanat	71614:1.00 74752:2.00
artist	70424:1.00 70744:1.00 75070:1.00 75792:1.00
arve	73879:1.00
arôm	67555:1.00 70166:1.00 72634:1.00 75462:3.00 75790:6.00 76206:2.00 76512:1.00
as	69534:3.00
ascens	70748:1.00 71617:1.00
ascq	67940:1.00
asi	68383:1.00 69179:2.00 70920:1.00 71840:7.00 72396:4.00 73185:2.00 73875:1.00 73878:1.00 74167:1.00 76510:1.00
asiat	71621:1.00 71840:1.00 74167:2.00
asipag	74746:1.00
asn	70915:1.00
aspect	67554:1.00 68392:1.00 68881:2.00 69178:1.00 69534:1.00 69813:2.00 71359:1.00 71614:1.00 72118:1.00 72393:1.00 72629:2.00 72634:2.00 72938:1.00 73880:1.00 74749:1.00 74751:1.00 75064:1.00 75065:1.00 76213:2.00 76507:1.00
asperg	68273:1.00
aspir	69535:1.00
assain	72392:1.00
assembl	67383:1.00 67390:3.00 67556:1.00 68882:1.00 73683:1.00
assemblag	67556:1.00 67558:3.00 68882:1.00 70167:1.00 70746:1.00 72116:1.00 72636:1.00 73683:7.00 73876:1.00 75064:3.00 76210:2.00
assemblent	68644:1.00
assen	73182:1.00
asset	71616:1.00
assez	67554:1.00 68275:1.00 68882:1.00 69186:1.00 70921:1.00 71836:1.00 72394:1.00 72932:1.00 73182:1.00 73683:2.00 74167:1.00 74450:1.00 75459:1.00 75793:1.00
assiam	73684:1.00
assiet	71366:1.00 76209:2.00 76213:1.00
assimil	68281:1.00 69183:1.00 70166:1.00 76213:1.00
assis	72938:4.00 74746:1.00
assist	67941:1.00 68277:1.00 68885:1.00 69185:1.00 70165:1.00 70917:1.00 71614:1.00 71617:1.00 71841:1.00 72396:1.00 72398:1.00 72629:3.00 72633:1.00 73183:1.00 73190:1.00 74168:1.00 74746:1.00 75063:2.00 75066:2.00 75790:1.00 76508:1.00
assistent	71614:2.00
assiston	74744:1.00
assoc	67392:1.00 67940:1.00 70423:1.00 71836:1.00 74454:1.00 75458:1.00 75460:1.00
associ	67555:2.00 67557:1.00 67795:1.00 67803:1.00 67944:1.00 68275:1.00 68277:1.00 68280:2.00 68383:3.00 68386:1.00 68390:1.00 68644:1.00 68885:1.00 68887:1.00 69184:1.00 69541:5.00 69814:1.00 70163:1.00 70168:1.00 70169:1.00 70420:1.00 70744:1.00 70749:1.00 70914:1.00 71358:1.00 71359:1.00 71360:1.00 71618:1.00 71840:1.00 71842:1.00 72113:2.00 72114:1.00 72393:1.00 72629:1.00 72630:3.00 72932:1.00 73185:2.00 73190:1.00 73431:2.00 73434:2.00 73683:1.00 73690:1.00 73875:1.00 73876:2.00 73877:1.00 73879:4.00 74167:2.00 74449:1.00 74450:1.00 74452:1.00 74453:1.00 74456:1.00 74752:1.00 75063:1.00 75064:1.00 75071:1.00 75793:1.00 76208:1.00 76209:1.00 76509:2.00 76513:1.00 76515:1.00 76516:1.00
associent	69538:2.00
assort	70170:1.00
assum	72113:1.00
assur	67390:1.00 67553:1.00 68642:1.00 68643:1.00 68881:1.00 68885:1.00 69179:2.00 69184:1.00 69538:1.00 69542:1.00 69811:2.00 69818:1.00 70162:3.00 70163:1.00 70425:1.00 70743:1.00 70746:1.00 70914:1.00 71621:1.00 71836:2.00 72113:1.00 72392:2.00 72394:1.00 73185:2.00 73186:1.00 73683:1.00 73875:1.00 73877:1.00 74169:1.00 75063:2.00 75067:1.00 75068:1.00 75459:1.00 75789:1.00 75792:1.00 76208:1.00 76209:1.00 76507:1.00
assurent	69179:1.00
assystem	72937:1.00
astech	71358:1.00
aster	69537:1.00
asteral	72392:2.00
astre	74168:1.00
astrium	67939:1.00 69820:1.00 71836:3.00
astrocyt	67801:1.00
astrolab	76512:1.00
astronaut	68888:2.00 76511:1.00
astrophys	69819:1.00 70163:3.00 70424:1.00
asymptomat	75065:1.00
ate	70169:1.00 73690:1.00
atec	74456:3.00
ateli	67946:1.00 68882:2.00 68885:1.00 68889:1.00 70169:2.00 70915:1.00 71359:4.00 72636:1.00 73438:1.00 74748:2.00 75068:1.00 75796:3.00 76513:1.00 76515:1.00
athen	72939:1.00
athlet	72932:1.00
athéroscléros	75459:1.00
ati	76510:1.00
atlant	68881:1.00 72932:1.00 73433:1.00 73684:1.00 75462:1.00
atmospher	67557:1.00 67939:6.00 68273:7.00 68645:1.00 69811:1.00 69816:1.00 70743:1.00 70916:4.00 71617:1.00 71838:4.00 73183:1.00 73186:1.00 73434:1.00 75463:1.00
atmospheric	71838:1.00
atoll	73684:2.00
atom	67943:1.00 68280:1.00 69183:1.00 69539:1.00 70421:1.00 70423:1.00 72119:4.00 72629:1.00 74168:3.00
atomis	74747:1.00
atopic	68645:3.00
atout	67944:1.00 68280:1.00 68390:1.00 69812:1.00 70166:1.00 72114:1.00 72392:1.00 72629:1.00 72635:1.00 73183:1.00 73185:1.00 73438:1.00 73687:1.00 73875:1.00 74167:1.00 74455:1.00 74744:1.00 75789:1.00 75792:1.00 76206:1.00 76513:1.00
atpu	70915:1.00
atr	70916:1.00
atroph	68646:1.00
attach	69177:1.00 69183:1.00 69539:1.00 70161:1.00 70918:1.00 73883:1.00 75063:2.00
attapulgit	72630:1.00
attaqu	72630:2.00 74168:1.00 75065:1.00 76207:2.00 76511:3.00
attard	68274:1.00 74167:1.00
atteign	68646:1.00 71358:1.00 73183:1.00
atteindr	68886:1.00 69533:1.00 69538:1.00 70422:1.00 70743:1.00 70918:1.00 71617:1.00 72118:1.00 72635:1.00 72934:1.00 73432:1.00 73684:2.00 73878:1.00 74169:1.00 74746:1.00 74751:1.00 75790:1.00
atteindron	76213:1.00
atteint	67556:1.00 67940:1.00 68274:1.00 68281:1.00 68638:1.00 68640:1.00 68646:1.00 68883:1.00 69533:1.00 69539:1.00 70425:1.00 70744:1.00 71618:1.00 72117:1.00 72933:1.00 73183:1.00 73187:2.00 73189:1.00 73431:1.00 73686:1.00 74454:1.00 75065:3.00
atteitn	67940:1.00
attel	69178:1.00
attend	69177:1.00 69811:1.00 73683:1.00 73684:1.00
attendent	68638:1.00 72116:1.00 74174:1.00
attendon	72629:1.00 75065:1.00
attendr	68643:1.00 73182:1.00
attendu	67802:1.00 67939:1.00 68273:1.00 68886:1.00 69177:1.00 69821:1.00 73182:1.00 73188:1.00 73691:1.00
attendus	67555:1.00 67945:1.00 68881:1.00 69177:1.00 69542:1.00 69543:1.00 69820:1.00 72120:1.00 72937:1.00 73438:1.00 74748:1.00 75795:1.00 75796:1.00 75797:1.00
attent	67388:2.00 67555:1.00 67557:1.00 68279:2.00 68281:1.00 68643:1.00 69183:1.00 69535:1.00 69821:1.00 70169:1.00 70749:1.00 70915:1.00 71363:1.00 71835:2.00 72395:1.00 72637:1.00 73876:1.00 73877:1.00 74175:1.00 74457:1.00 75063:1.00 75069:2.00 75457:1.00 76206:1.00
attentat	70162:4.00 70421:1.00
attentil	68643:1.00
atterrissag	69177:1.00 71617:2.00 74450:2.00
attest	76507:1.00
attir	69535:1.00 70422:1.00 72629:1.00
attirent	72632:1.00
attitud	67555:1.00
attract	67555:1.00 67795:1.00 69535:1.00 69812:1.00 72632:1.00
attribu	67068:1.00 67556:1.00 67937:1.00 68641:1.00 72932:2.00 73435:1.00 75066:1.00
atténu	67071:1.00 69533:1.00 69816:1.00 75794:1.00
atv	69177:4.00
atyp	72394:1.00 73182:1.00 73430:1.00 74749:1.00 76516:1.00
aub	68276:1.00 74745:1.00
aubag	74745:1.00
aubert	73687:1.00
aucun	67795:1.00 67801:1.00 68389:1.00 68643:1.00 68883:1.00 69177:1.00 70915:2.00 71618:1.00 71835:1.00 72113:1.00 72115:1.00 72117:1.00 72932:1.00 72933:1.00 72935:2.00 73189:1.00 73434:1.00 73684:1.00 73876:1.00 74168:1.00 74449:1.00 75066:1.00 75463:1.00 75794:1.00
audaci	72933:1.00
audio	76508:2.00
audiogramm	76508:1.00
audit	72395:1.00 76508:11.00
auditoir	72932:1.00
audrey	73684:2.00
augment	67388:1.00 67391:1.00 67554:1.00 67558:1.00 67795:1.00 67939:1.00 67942:1.00 68273:1.00 68387:1.00 68388:1.00 68389:1.00 68646:1.00 68882:1.00 68886:1.00 69177:1.00 69533:1.00 69534:1.00 69538:1.00 69539:1.00 69816:2.00 70421:2.00 70422:2.00 70425:1.00 70916:2.00 71614:1.00 71618:1.00 71837:1.00 71840:1.00 72635:2.00 72934:2.00 73184:2.00 73188:2.00 73430:1.00 73688:1.00 74449:2.00 75065:2.00 75457:1.00 75463:1.00 75464:1.00 75792:1.00 76510:1.00
augsburg	69540:1.00
august	74752:1.00
auo	76210:1.00
aupalesen	74449:9.00
auparav	68281:1.00 69539:1.00
aupres	67383:1.00 67555:2.00 67940:1.00 68274:1.00 68275:1.00 69815:2.00 70164:1.00 70166:1.00 70422:2.00 70748:1.00 70753:1.00 70914:1.00 71616:1.00 71845:1.00 72395:2.00 72629:1.00 72634:1.00 73182:1.00 73431:1.00 73683:1.00 73685:1.00 73879:1.00 74450:1.00 74749:1.00 75458:1.00
auquel	67071:1.00 67385:1.00 67798:1.00 67799:1.00 67801:1.00 67939:1.00 68391:1.00 68882:1.00 69179:1.00 69183:1.00 69534:1.00 69543:1.00 69812:1.00 69821:1.00 70162:2.00 70420:1.00 70421:1.00 70744:1.00 70749:1.00 70916:1.00 72398:1.00 73182:1.00 73184:1.00 73684:1.00 73686:1.00 73687:1.00 74167:1.00 74168:1.00 75063:2.00 75064:1.00 75458:2.00 75792:1.00 76507:1.00 76509:1.00 76510:1.00
aur	67068:2.00 67937:1.00 68274:1.00 68276:1.00 68277:1.00 68281:1.00 68888:1.00 68889:1.00 69177:5.00 70166:1.00 70421:1.00 70915:1.00 70921:1.00 71842:1.00 72114:1.00 72395:1.00 72397:1.00 72634:1.00 72636:1.00 73182:2.00 73430:1.00 73431:1.00 73683:1.00 73685:1.00 73877:1.00 74167:1.00 74168:1.00 76206:1.00 76509:1.00 76513:1.00
aureus	70746:1.00
aurinvest	73686:1.00
auron	71621:1.00
auront	67387:1.00 67800:1.00 68391:1.00 68645:1.00 70749:1.00 73185:1.00 73684:2.00 73689:1.00 75457:1.00
auroy	73684:7.00
auscult	67939:1.00
aussitôt	68273:1.00 70162:1.00 70166:1.00 70421:1.00 71612:1.00 71614:1.00 72397:1.00 73182:1.00 73431:1.00 73685:1.00 73878:1.00 73879:1.00 75788:1.00
auster	67937:1.00 72932:1.00
austral	69185:1.00 69811:1.00 70920:1.00 73875:1.00 75459:2.00
auteur	67794:5.00 67938:2.00 68276:1.00 68887:1.00 69184:1.00 69533:1.00 69821:1.00 71366:1.00 71621:1.00 74752:1.00 76213:1.00
authent	74449:1.00 76209:1.00
authentif	74449:1.00 76206:1.00
auto	67390:2.00 67937:1.00 68644:1.00 69178:1.00 70423:2.00 74450:1.00 76210:1.00
autobus	72114:1.00
autochton	73183:1.00
autocuiseur	71359:1.00
autodirecteur	71839:1.00
autofinanc	71614:1.00
automat	69177:2.00 69182:2.00 70744:1.00 71614:1.00 71841:1.00 74450:1.00 74751:1.00 76208:1.00 76508:1.00 76510:1.00
automated	72633:1.00
automatis	67945:1.00 69541:1.00 70420:1.00 73187:1.00 73432:1.00 74450:2.00 74455:1.00 76507:1.00
automn	68279:2.00 69177:1.00 69533:1.00 70169:1.00 70916:1.00 71612:1.00 72394:1.00 73187:1.00 73683:2.00 75068:1.00 76508:2.00
automobil	68274:2.00 68280:1.00 68383:1.00 68639:4.00 68642:1.00 70748:3.00 70914:1.00 71358:1.00 73685:1.00 73884:4.00 74455:1.00 75063:2.00 75066:1.00 76508:1.00
autonom	67553:2.00 67797:2.00 67940:1.00 67941:1.00 68883:3.00 69538:1.00 70916:1.00 70923:2.00 71359:1.00 71361:1.00 73185:3.00 74170:5.00 74449:2.00 74450:2.00 74746:3.00 75069:1.00 75466:1.00 75789:2.00 76208:1.00
autoproduit	70746:1.00
autor	70915:1.00 71619:1.00 71841:1.00 73183:1.00
autoris	68643:1.00 68884:1.00 74168:1.00 75065:2.00 75458:1.00
autorout	68640:1.00 71617:1.00 73875:1.00 74450:1.00 76510:1.00
autorépar	74750:1.00
autour	67068:1.00 67392:2.00 67555:1.00 67558:1.00 67794:1.00 67803:1.00 67938:1.00 67946:2.00 68273:1.00 68279:3.00 68383:1.00 68384:2.00 68385:1.00 68638:1.00 68639:1.00 68640:1.00 68642:1.00 68881:1.00 68882:1.00 68885:1.00 69177:1.00 69535:3.00 69536:1.00 69814:2.00 69820:1.00 70161:2.00 70164:1.00 70170:1.00 70421:1.00 70424:1.00 70426:1.00 70743:1.00 70745:1.00 70749:4.00 70751:2.00 70914:1.00 70920:2.00 70921:3.00 71357:1.00 71358:1.00 71361:1.00 71612:1.00 71615:2.00 71617:1.00 71619:2.00 71620:2.00 71842:1.00 72114:2.00 72116:1.00 72119:1.00 72120:2.00 72121:1.00 72393:1.00 72396:3.00 72400:2.00 72630:3.00 72634:2.00 72938:1.00 72939:1.00 73182:1.00 73184:1.00 73185:3.00 73430:1.00 73431:1.00 73432:1.00 73683:1.00 73685:2.00 73875:1.00 73876:1.00 73877:1.00 73879:1.00 73884:3.00 74168:1.00 74169:1.00 74172:3.00 74176:4.00 74456:1.00 74745:1.00 74746:2.00 74748:2.00 74749:1.00 74752:1.00 75065:1.00 75459:2.00 75462:1.00 75465:1.00 75466:3.00 75793:5.00 76212:1.00 76213:1.00 76511:2.00
autrefois	67798:1.00 70917:1.00 72117:1.00
autrich	69811:1.00
auvergn	73687:8.00
auxerr	67941:1.00
auxiliair	73877:1.00
auxquel	67068:1.00 67387:1.00 68275:1.00 68643:1.00 68882:1.00 69177:1.00 69178:1.00 69182:1.00 69539:1.00 69811:1.00 69817:1.00 70161:2.00 70166:1.00 70421:2.00 70425:1.00 70745:1.00 71357:1.00 72401:1.00 72629:1.00 72940:1.00 73432:1.00 73683:1.00 74167:1.00 74455:1.00 74748:1.00 74752:1.00 75063:1.00 75458:1.00 75788:1.00 75794:1.00 76209:1.00 76512:1.00
avaient	67801:1.00 68389:1.00 68640:1.00 69184:1.00 69533:1.00 69537:2.00 69539:1.00 70162:2.00 70167:1.00 70169:1.00 71357:1.00 71840:1.00 71842:1.00 71843:2.00 72634:2.00 72932:1.00 73184:2.00 73185:1.00 73431:1.00 75458:1.00 75463:1.00
avais	72394:1.00 72932:1.00 74450:1.00
avait	67068:2.00 67801:1.00 67939:1.00 68274:1.00 68383:2.00 68387:1.00 68389:1.00 68881:1.00 68887:1.00 69179:1.00 69533:1.00 69540:1.00 69542:2.00 70162:1.00 70169:1.00 70425:1.00 70744:1.00 71357:1.00 71614:3.00 72113:3.00 72122:1.00 72393:1.00 72394:1.00 72630:3.00 72631:1.00 72632:1.00 72634:3.00 72940:1.00 73184:1.00 73185:2.00 73431:1.00 73688:1.00 73875:1.00 74170:2.00 74172:1.00 74449:1.00 75463:1.00 76206:1.00
aval	69821:1.00
avalanch	70165:1.00
avanc	67940:2.00 68281:1.00 68384:1.00 68639:1.00 68886:1.00 69177:1.00 69814:1.00 69820:1.00 70161:2.00 70167:1.00 70421:1.00 70426:1.00 70751:1.00 70914:1.00 71359:1.00 72116:1.00 72121:1.00 72398:1.00 72631:1.00 72932:1.00 73687:1.00 73884:1.00 74454:1.00 74455:1.00 74457:1.00 74746:1.00 74752:1.00 75065:1.00 75070:1.00 75458:2.00 75461:1.00 75464:1.00 76211:1.00 76514:2.00 76515:1.00
avant	67385:1.00 67388:2.00 67389:1.00 67555:1.00 67794:1.00 67797:1.00 67937:1.00 67942:2.00 68273:1.00 68276:1.00 68389:1.00 68881:1.00 68885:1.00 68888:1.00 69177:2.00 69179:1.00 69183:1.00 69539:1.00 69541:1.00 69821:2.00 70422:2.00 70745:1.00 70917:1.00 70923:2.00 71359:1.00 71621:3.00 71835:4.00 71836:1.00 71841:1.00 71842:1.00 72118:1.00 72392:1.00 72396:2.00 72629:1.00 72634:1.00 72636:1.00 72932:2.00 73182:2.00 73430:3.00 73431:1.00 73432:1.00 73434:2.00 73683:4.00 73684:1.00 73685:1.00 73876:1.00 73877:1.00 74167:2.00 74168:2.00 74170:1.00 74175:1.00 74450:1.00 74749:1.00 74751:1.00 75064:1.00 75065:1.00 75071:1.00 75458:1.00 75459:1.00 75789:3.00 75795:1.00 76206:1.00 76213:1.00 76507:1.00 76509:1.00
avantag	67383:1.00 67554:1.00 67558:1.00 67802:1.00 68390:1.00 68391:1.00 68644:1.00 69182:1.00 70162:1.00 70429:1.00 71616:1.00 72114:1.00 72401:1.00 72631:1.00
avatar	70421:4.00
avavian	72114:1.00
aven	67385:1.00 67801:1.00 67804:1.00 69177:1.00 69178:1.00 69181:1.00 69812:1.00 69816:5.00 69817:2.00 70420:1.00 70421:1.00 70919:1.00 70921:1.00 70923:1.00 71357:1.00 71358:1.00 71359:1.00 71621:2.00 72114:1.00 72117:1.00 72938:1.00 72940:2.00 73184:1.00 73432:2.00 74167:1.00 74176:2.00 75067:1.00 75070:1.00 76507:1.00
avenir	69535:1.00
aventur	67068:1.00 68881:1.00 70421:1.00 71359:1.00 71835:2.00 72114:1.00 72629:2.00 72631:1.00 72634:1.00 73183:1.00 73434:2.00 73683:2.00 73875:2.00 74168:1.00 74450:2.00 76207:1.00 76509:1.00
aver	67387:1.00 67937:1.00 68274:1.00 70425:1.00 71614:1.00 71618:1.00 72113:1.00 72934:1.00 73684:1.00 73877:1.00 74173:1.00 74449:1.00 74450:1.00 74452:1.00 74745:1.00 75063:1.00 75789:1.00 76206:1.00
avers	76507:1.00
avert	70421:1.00
aveyron	75066:1.00
avez	70161:1.00 72114:1.00 72933:1.00 73684:1.00 75063:1.00
avi	73687:1.00
aviat	69542:2.00 70165:1.00 71617:1.00 71840:2.00 72113:1.00 74167:3.00 74745:1.00
avicen	76508:2.00
avicol	71357:1.00
avicultur	76511:1.00
avion	67795:1.00 67797:2.00 69812:1.00 70916:3.00 70920:2.00 71617:4.00 71840:2.00 72933:6.00 73434:1.00 73683:1.00 74167:2.00 74168:1.00 74744:1.00 74745:3.00 74751:1.00 75458:2.00 75792:1.00 75793:1.00 76206:1.00 76510:1.00
avionneur	70920:1.00 71615:1.00 71617:2.00 72113:1.00 72636:1.00
avis	67555:1.00 72634:1.00 73182:1.00
avoir	67383:4.00 67387:1.00 67553:1.00 67798:1.00 67799:1.00 67937:2.00 68274:1.00 68383:1.00 68387:1.00 68641:1.00 68645:1.00 69183:2.00 69540:1.00 69811:1.00 69818:1.00 69821:1.00 70161:1.00 70166:2.00 70422:1.00 70743:1.00 70744:1.00 70749:2.00 70915:1.00 70916:1.00 70917:1.00 70923:1.00 71359:1.00 71612:1.00 71614:2.00 71836:1.00 72114:1.00 72115:1.00 72394:2.00 72395:2.00 72629:2.00 72633:1.00 72636:1.00 72932:4.00 73183:1.00 73185:1.00 73430:1.00 73432:1.00 73434:1.00 73435:1.00 73437:1.00 73683:3.00 73879:1.00 74171:1.00 74449:1.00 74450:1.00 74451:1.00 74454:1.00 74455:1.00 74457:1.00 74745:1.00 74747:1.00 75064:1.00 75069:1.00 75459:3.00 75461:1.00 75462:1.00 75789:1.00 75792:1.00 76206:1.00 76207:1.00 76213:2.00 76507:1.00 76509:1.00 76510:1.00 76511:1.00
avon	67068:2.00 67383:1.00 67553:3.00 67555:2.00 67794:1.00 67795:6.00 67798:1.00 67937:5.00 67938:1.00 68273:1.00 68279:3.00 68383:2.00 68387:1.00 68881:1.00 68882:1.00 69177:3.00 69534:2.00 69812:2.00 70161:5.00 70421:1.00 70749:1.00 70914:1.00 70923:1.00 71357:2.00 71358:1.00 71614:2.00 71836:1.00 71842:1.00 72115:1.00 72396:1.00 72629:1.00 72630:1.00 72631:1.00 72634:1.00 72933:1.00 73182:2.00 73184:1.00 73431:6.00 73432:1.00 73434:3.00 73683:2.00 73684:4.00 73685:3.00 73877:1.00 74169:2.00 74449:3.00 74455:2.00 74457:2.00 74744:1.00 74745:1.00 74749:1.00 75065:1.00 75066:1.00 75458:3.00 75459:1.00 75792:1.00 75793:1.00 76206:1.00 76207:1.00 76508:2.00 76511:1.00
avou	70166:1.00 71835:1.00 72932:1.00
avril	67068:1.00 67383:1.00 67555:1.00 68640:1.00 68889:1.00 69186:1.00 69543:1.00 69811:1.00 70165:1.00 70167:1.00 72393:1.00 72399:1.00 72934:1.00 72936:1.00 73188:1.00 73189:1.00 75459:2.00 75462:1.00 75794:1.00 76208:1.00 76209:1.00 76509:2.00 76511:2.00
avum	69179:1.00
avèrent	70167:1.00 74167:1.00
award	70751:1.00 72120:2.00
ax	68640:1.00
axe	67795:1.00 67937:1.00 68279:5.00 68639:4.00 68882:1.00 68883:1.00 69812:1.00 72119:1.00 72395:1.00 72631:1.00 73430:2.00 73684:1.00 73875:1.00 74748:1.00
axel	75458:3.00 75790:1.00
axer	72115:1.00
axé	67555:1.00 67798:2.00 67803:1.00 70916:1.00 71361:1.00 71362:1.00 71617:1.00 72631:1.00 73184:1.00 74450:1.00 75065:1.00
ayant	67940:1.00 68274:1.00 68279:1.00 68280:1.00 68387:2.00 68390:1.00 68881:1.00 69177:2.00 69183:1.00 69533:1.00 69535:1.00 69539:1.00 69819:1.00 70161:1.00 70163:1.00 70421:1.00 70423:1.00 70751:1.00 72115:1.00 72935:1.00 72936:1.00 73430:1.00 73683:2.00 73879:1.00 74167:1.00 74171:1.00 74450:1.00 74745:1.00 74748:1.00 74750:1.00 75063:2.00 75065:2.00 75466:1.00 75789:2.00 75793:3.00 75794:1.00 76208:1.00 76210:1.00 76211:1.00 76511:1.00
azimut	71835:1.00
azot	67387:1.00 67388:1.00 68645:1.00 69183:1.00 71615:1.00 71837:1.00 72397:4.00 74752:1.00
azotur	69183:2.00
azur	67553:1.00 68393:1.00 73683:2.00 75789:1.00
açor	74170:1.00
aérien	67553:1.00 70420:1.00 71358:1.00 71617:1.00 71840:2.00 74167:1.00
aérodynam	71615:5.00 71617:1.00 74745:1.00
aéromaritim	72937:1.00
aéronaut	67068:1.00 68280:1.00 68383:1.00 68392:1.00 68393:1.00 68642:1.00 68888:2.00 70914:1.00 71358:6.00 71615:1.00 71840:3.00 72113:3.00 72636:2.00 72937:1.00 73687:7.00 73879:1.00 73884:2.00 74167:1.00 74745:1.00 74751:1.00 75066:1.00 75792:1.00 76207:2.00 76510:2.00
aéronef	68393:1.00 72636:2.00
aéroport	70425:1.00 71617:2.00 72933:4.00 73875:1.00
aéroportuair	72933:3.00 73875:1.00
aérospatial	71358:3.00 75795:1.00
aérotechn	71358:1.00
aérotherm	71615:5.00
aîn	68882:1.00 72936:1.00
b	67801:4.00 67946:2.00 69177:1.00 71836:6.00 72395:1.00 73183:1.00 73884:1.00 74746:2.00 75069:1.00 76515:3.00
ba	70916:2.00
babethanol	72630:1.00
bac	68273:1.00 70161:1.00 71358:2.00 73437:2.00 75071:1.00 75457:1.00
baccalauréat	68888:1.00 70161:1.00 72636:1.00 75457:1.00
bach	67937:2.00
bachelard	75459:1.00
bacheli	75457:6.00
bachelor	75457:8.00
bacter	67385:3.00 67937:1.00 68385:1.00 69183:10.00 69815:1.00 70746:5.00 71621:1.00 73432:2.00 74452:1.00 76511:2.00
bactéricid	72634:1.00
bactérien	69183:1.00 69815:3.00 70922:1.00 71612:1.00 73432:1.00 75067:1.00 76514:1.00
bagag	71612:1.00
bagarr	72114:1.00
bagu	74454:3.00
bahru	71840:1.00
baign	76508:1.00
bailleur	67794:1.00
bain	70746:1.00 76516:1.00
baiss	67558:1.00 68390:1.00 70422:1.00
bak	75459:1.00
bal	67798:1.00 75793:5.00
balai	68391:1.00 70420:1.00 72938:1.00
balanc	68383:1.00 69537:1.00
balanit	75458:2.00
balard	75792:1.00
balayag	67939:3.00
balbuti	74450:1.00 76507:1.00
ballest	76206:4.00
ballon	69179:1.00 70916:1.00 75789:6.00
baltiqu	69811:1.00
baléar	70916:1.00
bamako	75458:1.00
banal	69812:1.00 71614:1.00 72392:1.00
banalis	76209:1.00
banc	68638:1.00 70916:1.00 74168:1.00 75064:1.00
bancair	73875:1.00
band	67939:1.00 68280:1.00 69181:1.00 70743:1.00 71836:1.00 75458:3.00
bang	70424:1.00
bangalor	69180:2.00
banglad	73185:1.00
bangladesh	73185:2.00
banjamin	74450:1.00
bank	73185:1.00
banlieu	75459:1.00
banni	71358:1.00 74746:1.00
banqu	68383:1.00 72115:1.00 72629:2.00 72933:1.00 73185:1.00 73432:3.00 75063:2.00 75065:1.00 76211:1.00
banqui	73185:1.00
banquis	69533:1.00 73183:5.00
bao	70424:1.00
baptis	67937:1.00 67939:1.00 67941:1.00 68274:1.00 68279:1.00 68638:1.00 68881:1.00 69179:1.00 69182:1.00 69535:1.00 69817:2.00 70162:1.00 70424:1.00 71357:1.00 71359:1.00 71615:1.00 71841:1.00 72118:1.00 72629:1.00 72633:1.00 72637:1.00 72934:1.00 73433:1.00 73434:1.00 73683:1.00 73684:1.00 73687:1.00 73876:1.00 74168:1.00 74746:1.00 75067:1.00 75068:1.00 75458:1.00 75789:1.00 75790:3.00 76508:1.00
baptist	67938:1.00 71836:1.00
bar	75067:1.00
barand	68638:1.00
barbar	68274:1.00 70422:2.00 73188:1.00
barcelon	68387:1.00
barqu	73683:1.00
barquet	67383:1.00
barr	71358:1.00 71840:1.00
barracud	73875:1.00
barrag	67944:1.00 70165:1.00
barreau	72934:2.00
barri	68389:2.00 70751:1.00 70921:1.00 73184:3.00
bart	69177:2.00 75459:2.00
baryon	70424:1.00
baryonic	70424:1.00
bas	67387:7.00 67388:1.00 67390:2.00 67554:1.00 67557:1.00 67796:1.00 67802:1.00 67939:2.00 67941:1.00 67945:1.00 68273:1.00 68279:1.00 68280:1.00 68383:1.00 68386:1.00 68640:2.00 68642:1.00 68644:3.00 68881:4.00 68885:1.00 68886:1.00 69179:1.00 69180:1.00 69534:1.00 69535:2.00 69811:1.00 69812:1.00 69814:2.00 69815:1.00 69821:1.00 70164:1.00 70420:2.00 70423:1.00 70744:1.00 70915:1.00 71358:1.00 71360:1.00 71614:1.00 71836:1.00 71840:1.00 72114:4.00 72115:2.00 72118:1.00 72392:2.00 72630:1.00 72631:1.00 72634:1.00 72635:1.00 72935:3.00 72940:1.00 73184:1.00 73185:1.00 73187:1.00 73431:1.00 73433:1.00 73435:2.00 73436:2.00 73684:1.00 73686:2.00 73879:2.00 74167:2.00 74168:1.00 74171:2.00 74450:1.00 74451:1.00 74453:1.00 74746:2.00 74749:1.00 75068:1.00 75069:2.00 75457:1.00 75458:2.00 75788:1.00 75789:1.00 76207:2.00 76210:1.00 76508:1.00
bascul	74169:1.00
basiqu	72630:1.00
bass	67939:1.00 67942:1.00 67943:1.00 69179:1.00 69537:1.00 69818:2.00 70163:1.00 72939:1.00 75460:1.00 75794:1.00 76515:1.00
bassin	67385:1.00 70743:2.00 70916:5.00 70917:4.00 74455:1.00
bastien	74450:1.00
bataill	69178:1.00 70917:1.00 72933:1.00 74167:1.00
bateau	68883:1.00 70916:2.00 73183:2.00 73434:1.00 73683:8.00 74170:1.00 74450:1.00
batiénerg	70169:4.00
batt	68279:1.00 68883:1.00
battent	67387:1.00 72933:1.00
batter	67386:1.00 68640:5.00 70163:1.00
battr	73877:1.00
bauc	74175:1.00
bcar	72121:2.00
be	67795:4.00 70161:5.00 70915:1.00
beau	70422:2.00 72117:3.00 72630:2.00 72937:1.00 74167:1.00 74749:1.00 76209:1.00
beaucoup	67383:3.00 67553:2.00 67554:1.00 67555:1.00 67800:1.00 67937:1.00 67938:1.00 68276:1.00 68383:4.00 68387:1.00 68638:2.00 68885:2.00 69177:2.00 70161:3.00 70166:1.00 70421:1.00 70424:1.00 70743:1.00 70745:1.00 70916:1.00 71357:2.00 71358:1.00 71614:1.00 71621:1.00 71835:2.00 72116:1.00 72393:1.00 72394:3.00 72396:1.00 72633:1.00 72932:7.00 73182:1.00 73185:2.00 73188:1.00 73430:2.00 73432:1.00 73433:1.00 73683:1.00 73685:1.00 73875:1.00 73876:1.00 73878:1.00 73880:1.00 74167:5.00 74169:1.00 74172:1.00 74450:1.00 74452:1.00 74455:1.00 74457:1.00 74744:1.00 74747:1.00 74749:1.00 74752:1.00 75457:1.00 75788:1.00 75793:1.00 75794:1.00 76206:4.00 76213:1.00 76509:1.00
beaujol	73684:1.00
beauv	68273:1.00
beav	69542:1.00
beb	68881:1.00 72401:1.00
becoulet	74168:1.00
beig	69816:1.00 72635:1.00
beihang	68888:3.00
bel	67068:4.00 68881:1.00 69535:1.00 70161:1.00 71612:1.00 71621:1.00 72396:1.00 72630:2.00 72633:1.00 72933:1.00 73185:1.00 74172:1.00 75792:1.00 76207:1.00
belg	69178:1.00 72630:2.00 72932:1.00
belgiqu	67944:1.00 69178:1.00 69179:1.00 69534:1.00 71361:1.00 71615:1.00 72394:2.00 74749:1.00 75069:1.00
ben	69821:1.00
benef	67557:1.00
benfield	72939:1.00
benharrosh	74450:1.00
benjamin	74450:1.00 76207:1.00
benoit	68273:5.00
berceau	68881:1.00
berck	67940:1.00
berkeley	70422:1.00
berlin	67389:1.00 68386:1.00 73186:1.00
bernard	68390:1.00 69540:1.00 70167:1.00 70914:2.00 72392:1.00 72397:1.00 72633:1.00 73189:1.00 74173:1.00 74744:2.00 76210:2.00 76507:2.00
berthet	73876:6.00
bertin	71614:7.00 73879:1.00
bertrand	67937:1.00
besançon	74455:2.00
besnard	72631:7.00
besoin	67383:1.00 67553:1.00 67554:1.00 67557:1.00 67794:2.00 67799:1.00 68276:1.00 68281:1.00 68638:1.00 69177:2.00 69535:3.00 69537:1.00 69539:1.00 69812:1.00 69816:1.00 70161:1.00 70164:1.00 70420:1.00 70422:1.00 71617:1.00 71619:1.00 71621:1.00 71836:1.00 72113:1.00 72114:1.00 72115:1.00 72117:1.00 72395:1.00 72398:1.00 72635:1.00 72935:1.00 73430:2.00 73432:1.00 73434:1.00 73436:1.00 73876:1.00 73877:1.00 74167:1.00 74450:1.00 74744:2.00 74745:1.00 74749:1.00 74751:1.00 75064:3.00 75069:6.00 75457:1.00 75458:1.00 76209:1.00 76213:1.00 76511:1.00
bet	75066:1.00
beuff	74455:4.00
bi	67795:1.00 67940:1.00 70166:1.00 70422:1.00 70921:1.00 71838:1.00 72116:1.00 72393:1.00 74168:1.00 76210:1.00
biauss	72936:1.00
bibliograph	69186:1.00 76511:1.00
bibliothequ	72932:1.00
bic	67391:1.00
bidault	70747:1.00
bien	67068:1.00 67383:2.00 67386:1.00 67388:1.00 67389:1.00 67794:1.00 67798:5.00 67800:1.00 67937:3.00 67939:1.00 68273:1.00 68276:1.00 68283:1.00 68383:1.00 68391:1.00 68638:2.00 68881:1.00 69184:2.00 69186:1.00 69534:1.00 69535:2.00 69812:1.00 69813:1.00 69817:1.00 70161:7.00 70163:1.00 70166:1.00 70421:2.00 70422:2.00 70429:1.00 70744:1.00 70745:1.00 70749:3.00 70914:1.00 70915:2.00 70917:2.00 70918:1.00 71357:4.00 71358:1.00 71359:1.00 71612:1.00 71614:1.00 71835:4.00 72115:1.00 72116:1.00 72392:1.00 72396:1.00 72629:2.00 72632:1.00 72637:1.00 72932:2.00 72938:1.00 73182:3.00 73185:1.00 73186:1.00 73430:2.00 73434:1.00 73683:3.00 73684:1.00 73685:1.00 74167:6.00 74169:1.00 74172:1.00 74449:1.00 74455:1.00 74457:1.00 74748:1.00 74751:2.00 74752:1.00 75064:1.00 75069:2.00 75458:1.00 75463:1.00 75465:4.00 75466:1.00 75790:1.00 75793:14.00 75797:4.00 76208:1.00 76209:1.00 76213:1.00 76508:2.00 76511:3.00 76515:1.00
biennal	69542:1.00 74176:1.00
bientôt	67555:1.00 68283:1.00 70421:1.00 70749:1.00 72634:2.00 73434:1.00 73877:1.00 73879:1.00 75063:2.00 75793:1.00 75794:2.00 76509:1.00 76513:1.00
bienvenu	70420:1.00
big	70424:1.00 74748:1.00 75796:1.00
bigot	70914:2.00 72392:1.00
bilan	67555:2.00 67795:4.00 67939:1.00 70915:3.00 71614:1.00 72113:1.00 73877:1.00
bill	68644:1.00 69540:3.00
billion	70425:1.00
binair	69540:1.00
binoculair	71841:1.00
binôm	74172:1.00 74752:1.00
bio	68881:1.00 70747:2.00 72396:1.00 72630:1.00 73691:1.00 74452:2.00 75464:1.00
bioallianc	75065:9.00
bioaxial	74451:7.00
biocapteur	70423:1.00
biocarbur	67385:2.00 68385:2.00 70920:1.00 71617:1.00 72121:1.00 75066:1.00
biochim	68387:1.00 69184:1.00 71837:1.00 72115:2.00 74173:1.00
biocitech	67799:1.00 71360:1.00
bioclimat	69816:1.00
biocompatibl	71616:1.00
biocor	67385:2.00
biodiesel	68385:1.00
biodivers	67071:2.00 67387:1.00 68283:1.00 68882:1.00 68889:1.00 69812:4.00 71621:1.00 72398:1.00 73183:1.00 73877:1.00 74452:1.00 74457:1.00
biodégrad	70423:1.00 75464:1.00
biofidel	73431:1.00
biofilm	70746:11.00
biofund	73686:1.00
biogaz	67385:4.00 68881:1.00 73690:4.00
biogenes	67391:1.00
biogéochim	70916:1.00
bioindustr	73190:1.00
bioindustriel	72634:1.00
bioinformat	74452:2.00
biolog	67068:1.00 67071:2.00 67390:1.00 67556:1.00 67798:1.00 67937:1.00 68277:1.00 68279:3.00 68385:1.00 68643:3.00 68645:1.00 68887:1.00 69180:1.00 69539:2.00 69540:1.00 69812:1.00 70420:1.00 70745:1.00 70746:1.00 70919:1.00 71618:1.00 71620:7.00 71837:4.00 72115:1.00 72397:1.00 72398:1.00 72631:1.00 73183:2.00 73688:5.00 73877:2.00 74173:1.00 74452:2.00 74453:4.00 74457:1.00 74744:1.00 74750:2.00 75067:2.00 75458:1.00 75790:1.00 76213:3.00 76511:2.00
biology	71837:1.00 73183:1.00
bioluminescent	73688:5.00
biom	69182:1.00 69538:1.00 70426:1.00 71616:5.00 72630:1.00 72940:1.00 73877:1.00
biomarqueur	68646:1.00 69815:2.00 73432:3.00 75793:2.00
biomass	72121:1.00
biomatérial	71612:3.00 71616:1.00 74454:1.00 75067:1.00
biometr	72633:1.00 73879:1.00
biomimet	67390:1.00 71612:5.00
biomédic	72938:2.00
biomédical	67068:1.00
biométhan	67385:1.00
biopharmaceut	72118:1.00 72935:1.00
biophyt	67799:2.00 71360:5.00
biopolymer	70746:1.00 71616:1.00
bioproduct	72938:1.00
bioprotein	73184:1.00
biopuc	75460:3.00
bioscienc	70168:1.00
biosimilair	72938:7.00
biosimul	73187:1.00 74453:1.00
biosip	67799:1.00
biosynthes	76511:1.00
biotech	67798:3.00 75793:1.00
biotechnolog	67388:1.00 67800:1.00 67946:3.00 68277:1.00 68384:6.00 68385:1.00 70168:1.00 72121:2.00 73190:1.00 73433:1.00 73691:2.00 74455:1.00 75071:1.00
biotechnology	72121:1.00 73878:3.00
biothon	74452:4.00
biotis	71842:1.00
biovalley	74453:1.00
biovis	75465:5.00
bioénerg	72121:5.00
bioénerget	68385:1.00
bioéquivalent	72938:1.00
biphoton	73189:1.00
bipolair	69179:1.00
bipolar	69179:1.00
bisannuel	75795:1.00
biscaross	69542:6.00
biscarossais	69542:1.00
bischoff	74453:1.00
bistour	70918:1.00
bit	69540:6.00
bivalent	72935:1.00
bivalv	76210:1.00
bivb	73877:3.00
bixill	71360:1.00
blanc	68279:1.00 73684:4.00 73876:1.00 73877:1.00 76206:1.00
blanch	69814:1.00 70163:1.00 71842:1.00 72121:1.00
bleu	69539:2.00 72118:1.00 72630:11.00
bleus	72630:1.00
bloc	67554:1.00 71614:2.00
blocag	68388:2.00 75794:1.00 76213:1.00
blocus	72630:1.00
bloqu	67937:2.00 69820:1.00 71843:1.00 72117:1.00 75794:2.00
blu	70164:3.00
bluff	75063:1.00 75793:1.00
blériot	68383:1.00 74751:1.00
bmbf	68642:1.00
bo	73684:1.00
bobin	69179:1.00
bodet	72636:2.00
boeing	74745:1.00
bois	67387:1.00 72113:1.00 73683:2.00
boisson	74453:1.00 75462:1.00
boiteux	75792:1.00
bologn	69179:1.00
bomb	67937:2.00
bombay	69180:1.00
bombyx	70425:3.00
bon	67385:1.00 67386:1.00 67558:1.00 67798:1.00 67800:1.00 67937:1.00 68881:1.00 68882:1.00 69177:1.00 69811:2.00 69819:1.00 70161:1.00 70163:1.00 70421:1.00 70422:1.00 70749:1.00 70914:1.00 70915:2.00 71357:1.00 71359:1.00 71616:1.00 71835:2.00 72114:1.00 72629:1.00 72634:1.00 72932:1.00 73182:2.00 73183:1.00 73185:1.00 73187:3.00 73432:1.00 73683:2.00 73684:2.00 74750:1.00 75069:1.00 75070:1.00 75459:1.00 75461:1.00 75790:1.00 75792:1.00 76207:1.00 76513:1.00
bongo	73684:4.00
bonheur	71837:1.00
bonhomm	73684:2.00
bonnev	70915:3.00
bonod	70747:1.00
boom	73182:1.00
boost	68393:1.00 74452:2.00 76511:2.00
boostent	73688:1.00
bor	71361:1.00 72397:4.00
bord	67939:1.00 68383:1.00 68640:2.00 68644:1.00 68645:1.00 68883:1.00 69177:3.00 69179:1.00 69542:1.00 69811:1.00 70165:1.00 70424:1.00 70916:1.00 70917:1.00 71836:1.00 72634:1.00 72933:1.00 73183:1.00 73190:1.00 73434:1.00 73683:3.00 73684:1.00 74751:1.00 76508:1.00
bordeau	67391:2.00 67801:3.00 68388:1.00 68641:1.00 68646:1.00 70422:1.00 72117:2.00 73431:2.00 73882:2.00 74176:1.00 74749:1.00 75067:3.00 75457:3.00 75793:1.00 75795:2.00
bordel	67801:1.00 73431:2.00 76206:1.00
bordelais	73431:1.00
borg	73683:1.00
born	72635:2.00
borsal	70423:1.00
boss	72632:1.00
boston	76208:1.00
bou	70916:1.00
bouch	68385:1.00 68643:1.00 69534:3.00 72631:1.00 72634:1.00 74752:1.00 75790:2.00
bouchemou	70422:2.00
boucl	69811:1.00 71619:1.00 72116:1.00 73683:1.00 75793:1.00 76510:1.00
boud	76209:1.00
bouff	71366:3.00 72113:1.00 72934:1.00
boug	74169:1.00 75461:2.00 75794:1.00
bougent	70744:1.00 75794:1.00
bougogn	72116:1.00
boui	68641:1.00
boulanger	74752:1.00
boulet	75788:3.00
boulevers	67939:1.00 71837:1.00 72632:1.00 73876:1.00 76213:1.00
boulogn	70164:1.00
bouquet	73182:1.00
bourdel	72939:2.00
bourg	72394:1.00 76514:1.00
bourgain	72932:1.00
bourgeon	72631:1.00
bourget	73687:2.00
bourgogn	67553:1.00 67795:1.00 68279:6.00 68387:1.00 69817:1.00 70420:2.00 70428:1.00 70745:1.00 70749:1.00 71359:1.00 71619:1.00 71842:3.00 72116:1.00 72394:2.00 72396:2.00 72631:1.00 72634:3.00 73184:1.00 73685:1.00 73877:12.00 73879:2.00 74169:1.00 74172:1.00 74455:1.00 74749:1.00 75063:1.00 76206:2.00
bourgois	73183:1.00
bourguignon	68279:1.00 68387:2.00 70420:1.00 73685:1.00 73877:5.00 74172:1.00
bourin	67794:2.00
bourlingu	72114:1.00 73430:1.00 74450:1.00
bours	68390:1.00 71612:5.00 73884:1.00 74746:3.00
boursi	68276:1.00 70161:1.00
bouscul	69821:1.00 72113:1.00 74169:1.00
bout	67794:1.00 67802:1.00 71357:1.00 72114:2.00 72119:1.00 72932:1.00 74457:1.00
boutad	67068:1.00
bouteil	69812:1.00 73684:6.00
bouton	69813:1.00
boutt	72398:1.00
bouygu	68383:1.00
bovin	67388:1.00
bowl	73183:1.00
boyl	68386:1.00
boëtsch	75458:6.00
boît	67383:1.00 67554:3.00 70420:1.00 71359:1.00 72939:1.00
bpi	72933:1.00
bpifranc	75065:1.00
braibart	74451:1.00
branch	68383:2.00 72113:1.00 72933:1.00 73432:1.00 73875:1.00 75071:1.00
bras	67941:1.00 70422:1.00 72117:1.00 74167:1.00 74749:1.00
brasser	69534:1.00
brasson	72630:1.00
braun	68881:4.00
brecht	67389:1.00
bref	68638:1.00 76510:1.00
breizh	68883:1.00
bress	72394:1.00 76514:1.00
brest	68883:2.00 74170:2.00 74449:1.00 75460:1.00
bretagn	67553:1.00 67944:5.00 67946:1.00 68883:3.00 69534:1.00 69542:1.00 74170:2.00 75460:2.00
breteni	68279:1.00 71842:4.00
bretillon	73184:1.00
breton	67946:2.00
breuillet	72396:2.00 74172:1.00 76511:1.00
brevet	67383:1.00 67385:1.00 68273:4.00 68274:3.00 68390:1.00 69813:1.00 69815:1.00 71360:1.00 71614:1.00 71621:1.00 71835:1.00 71843:1.00 72115:1.00 72117:2.00 72630:1.00 72633:1.00 72634:1.00 72635:1.00 72938:1.00 73184:1.00 73187:1.00 73431:3.00 74167:1.00 74451:1.00 76208:1.00 76508:1.00 76511:1.00
brgm	67071:1.00
brian	72115:1.00
briand	75790:1.00
bric	68882:1.00 72396:1.00
bridg	73875:1.00
briev	74449:1.00 75458:1.00
brig	71614:2.00
brill	68276:1.00 69821:1.00 70161:1.00 73684:1.00
brillanc	73189:1.00
brin	68644:5.00 70425:2.00 70747:2.00 75070:2.00
brio	70422:1.00 71835:1.00 72636:1.00
briqu	67390:2.00 67554:1.00 72635:1.00 75063:2.00 75792:1.00 76210:1.00 76508:2.00
bris	68274:3.00 68389:1.00 75462:2.00
bristol	70922:1.00
britann	73875:1.00
brochet	74745:2.00
bronchit	68881:1.00
bross	67388:1.00
brouillard	67796:1.00
brouss	69542:1.00 75458:1.00
broyag	68279:1.00
bru	68888:2.00
brui	74745:1.00
bruit	67796:1.00 70421:1.00 71615:2.00 71617:2.00 73688:2.00 74745:1.00 76508:4.00
bruneau	73879:3.00
bruno	67937:1.00 71366:1.00 72113:7.00 72633:1.00 73430:8.00 73431:2.00 76508:2.00
brut	72396:1.00 74452:1.00
bruxel	67804:1.00 68386:1.00 72394:1.00
bruyer	70914:1.00
brésil	67553:1.00 69185:1.00 72396:1.00 75788:3.00 75792:2.00
brésilien	67939:1.00 71362:2.00 73878:1.00
brûl	67068:1.00 70421:1.00 73877:2.00
brûleur	70426:1.00
bt	70161:1.00 75071:1.00 75457:2.00
btob	72395:1.00
btp	67941:1.00 68383:1.00
bucco	75067:1.00
buck	75790:1.00
budget	67557:1.00 69538:1.00 70164:1.00 71359:1.00 71837:1.00 73683:1.00 74169:1.00 75065:1.00
budgétair	73432:2.00
bugat	72629:8.00
bugey	74167:1.00
bulb	71842:1.00
bulgar	73875:2.00
bull	67558:2.00 70914:5.00 72113:1.00 73182:1.00 75794:1.00
bulletin	67802:1.00 70915:1.00 73434:1.00
bur	72932:1.00
bureau	69177:1.00 69181:1.00 69185:1.00 70169:2.00 70422:1.00 72393:2.00 73877:1.00 75064:1.00 76508:1.00
burkin	75458:3.00
bus	70162:1.00 71836:1.00 72114:2.00
business	73876:4.00
busson	70747:1.00
but	68639:1.00 69181:1.00 69538:1.00 70164:1.00 70425:1.00 70920:1.00 70923:1.00 71617:1.00 72936:1.00 73190:1.00 75069:3.00 75791:1.00
buv	68387:1.00
buveur	68387:1.00
buy	73875:1.00
bv	69534:1.00
by	71617:2.00
bât	68277:2.00 68279:1.00 68280:1.00 68642:1.00 69185:1.00 69814:1.00 69818:1.00 70162:1.00 70166:1.00 70169:1.00 70420:1.00 70421:1.00 70749:1.00 70751:1.00 71842:3.00 72634:1.00 73185:1.00 73875:2.00 73876:1.00 73883:2.00 74169:1.00 75071:1.00 75459:1.00 75792:2.00 75793:4.00 76511:1.00
bécoulet	74168:1.00
béhar	72392:2.00
bénef	68387:2.00 74450:1.00
bénign	72117:1.00
bénin	67801:1.00
béninois	71614:1.00
bénéfic	67553:1.00 67557:1.00 67798:1.00 68383:1.00 68645:1.00 68885:1.00 70422:2.00 70426:1.00 70918:1.00 71359:1.00 72114:1.00 75069:1.00
bénéfici	67554:1.00 67939:1.00 67944:1.00 68273:1.00 68275:1.00 68280:1.00 68385:1.00 68643:1.00 69540:1.00 69812:1.00 69814:1.00 70420:1.00 70748:1.00 70923:1.00 71837:1.00 72394:1.00 73433:1.00 73685:1.00 73879:1.00 74450:1.00 74746:1.00 75461:1.00 75465:1.00 76207:1.00 76209:1.00 76508:1.00
bénéficient	68885:1.00 71360:1.00 71617:1.00 73185:1.00 74167:1.00
bénévol	74748:1.00
béreng	74454:1.00
béroud	73878:1.00
béryllium	74168:1.00
bétail	75458:1.00
béton	74749:1.00
bêt	67802:9.00 68887:1.00 70914:1.00 72117:1.00 73184:2.00 75458:1.00
c	67558:3.00 68638:1.00 68640:2.00 68644:1.00 69178:2.00 69533:2.00 69819:1.00 70424:1.00 70426:3.00 70916:1.00 72119:2.00 72395:1.00 72396:1.00 73432:1.00 73683:2.00 74745:1.00 75066:1.00 75069:1.00 75459:1.00 75463:1.00 75464:2.00 76207:4.00 76210:1.00
ca	70916:1.00
cabinet	69185:1.00 71361:2.00
cach	70420:1.00
cachan	69820:1.00 73883:1.00
cachent	72401:1.00
cad	72113:1.00
cadam	70914:1.00
cadarach	68385:2.00 70915:1.00 72392:2.00 74168:3.00 75064:2.00
cadenc	67554:1.00 72934:2.00
cadmium	72114:1.00
cadoret	73433:1.00
cadr	73875:3.00
caen	67943:1.00 69178:2.00 72939:1.00 75460:1.00 76515:2.00
caf	70921:1.00
caffarel	70914:1.00
cahi	70915:1.00 73689:1.00 74450:1.00 76212:1.00
caill	75458:1.00
caillag	67388:1.00
caillet	67388:1.00
cailloux	68279:1.00
caiss	68273:1.00 72633:2.00
cal	71361:3.00
calcair	68279:2.00
calcium	69819:1.00 71612:1.00 76210:1.00
calcul	69178:1.00 69180:1.00 69182:1.00 70421:1.00 70424:1.00 70914:16.00 71835:1.00 74452:2.00 74744:4.00 74745:7.00 75796:3.00 76509:2.00
calendri	70915:1.00
calibr	70161:2.00
californ	68274:1.00 68881:3.00 70422:1.00 73188:1.00
californi	68881:1.00 70919:1.00
californien	68881:1.00
calm	72396:1.00
calorimetr	75067:3.00
calott	69811:2.00
caltech	68881:8.00 70422:1.00 70919:2.00
calv	67940:1.00
calvet	75067:1.00
calédon	73433:2.00
calédonien	73433:3.00
camarad	74450:1.00
camb	75066:1.00
cambres	72635:1.00
camembert	72634:1.00
camer	67554:1.00 67796:2.00 69540:1.00 70162:1.00 70420:8.00 70424:3.00 71839:1.00 73186:4.00 73879:1.00
cameron	71614:1.00
cameroun	67391:1.00 73684:1.00 74450:1.00
camill	70749:1.00 73683:2.00
camion	75458:1.00
campagn	67937:1.00 69177:1.00 69813:1.00 70164:1.00 70916:7.00 71616:1.00 74170:1.00 75064:1.00
camphuis	71359:4.00
campus	67798:1.00 67945:1.00 68281:2.00 71358:1.00 71362:1.00 71363:1.00 71835:1.00 73687:1.00 74175:8.00 74751:1.00 75068:2.00 75457:2.00 75791:1.00 76207:1.00
can	72934:1.00
canad	69542:2.00 69820:1.00 71614:1.00 73183:1.00 74450:1.00 74745:1.00 76206:1.00
canadien	69542:1.00 70163:1.00
canal	71843:1.00 72115:2.00 72397:1.00 72635:2.00 73878:1.00 75794:5.00 76208:1.00
canar	74170:1.00
canc	68881:1.00 70918:1.00 70919:1.00 72631:1.00 72935:1.00 73184:2.00 73691:6.00 74454:4.00 74455:2.00 75065:8.00 75459:1.00
cancer	69539:1.00 70922:1.00 72935:1.00 75459:2.00 76511:1.00
cancérolog	72116:1.00 75065:1.00 76208:1.00
cancéropôl	70918:1.00
candidat	71360:4.00 72113:1.00 72935:1.00 73430:1.00 73432:1.00 76206:1.00
candidatur	73683:2.00 75066:1.00 75068:1.00
cann	74746:1.00
cantal	68885:1.00
cantogeth	69538:4.00
canton	74752:1.00
cao	75064:1.00
caoutchouc	70752:1.00 75464:1.00
cap	71359:1.00 72122:1.00 72395:1.00 72630:2.00 73183:2.00 73430:3.00 76508:1.00
capabilit	71358:1.00
capabl	67553:1.00 67557:1.00 67798:1.00 67941:1.00 68278:1.00 68280:1.00 68387:1.00 68390:2.00 68638:1.00 68643:1.00 68883:1.00 69182:1.00 69818:1.00 70167:1.00 70420:1.00 70421:2.00 70423:1.00 70425:3.00 70744:2.00 70746:3.00 70747:2.00 70914:1.00 70919:1.00 71359:3.00 71614:1.00 71836:1.00 72114:6.00 72397:1.00 72932:1.00 72933:2.00 73187:1.00 73432:2.00 74450:1.00 74745:1.00 75063:3.00 75065:1.00 75067:1.00 75459:1.00 75460:1.00 75789:3.00 75794:1.00 76207:1.00 76208:1.00 76507:1.00
capac	67386:1.00 67388:1.00 67796:2.00 68273:1.00 68392:1.00 68638:1.00 69177:1.00 69533:1.00 69535:1.00 69812:1.00 70161:2.00 70423:1.00 70424:1.00 70743:1.00 70753:1.00 70914:1.00 70916:1.00 71359:1.00 71618:1.00 71836:2.00 72113:1.00 72115:1.00 72397:2.00 72635:1.00 72932:1.00 73184:1.00 73432:2.00 73436:1.00 73879:2.00 74167:1.00 74173:1.00 74449:3.00 74451:1.00 74454:1.00 74745:1.00 75068:1.00 75458:1.00 75459:1.00 75789:1.00 75793:1.00 76213:1.00 76508:1.00
capenerg	68393:1.00
capital	67390:1.00 67794:1.00 70161:1.00 70746:1.00 70914:1.00 71360:2.00 71361:1.00 71614:2.00 72113:1.00 72392:1.00 72629:1.00 72631:1.00 73432:1.00 73434:2.00 73683:1.00 73686:1.00 73691:1.00 73875:1.00 73879:1.00 74167:1.00 74168:1.00 74451:1.00 74752:2.00 75460:1.00 76510:1.00
capitalis	74751:1.00
caprin	68885:2.00
capsul	70166:1.00 75462:5.00
capsula	75462:1.00
capt	67553:1.00 67938:1.00 68391:1.00 68884:1.00 70426:1.00 70747:1.00 72395:1.00 76511:1.00
captag	75067:1.00
captent	70747:3.00
capteur	67386:9.00 67554:1.00 67796:5.00 68881:1.00 68883:1.00 69818:1.00 70421:1.00 70425:1.00 70916:1.00 71359:1.00 75460:1.00
captiv	70917:2.00
captur	67800:1.00 69177:1.00 70162:1.00 70425:2.00 73186:1.00 74751:1.00
capénerg	68884:1.00
caquet	74450:1.00
car	67937:1.00 67939:1.00 68389:1.00 69821:1.00 70161:1.00 70421:1.00 70423:1.00 70744:1.00 71621:1.00 71835:2.00 72396:1.00 73183:1.00 73432:1.00 73684:1.00 74455:1.00 75067:3.00 75458:1.00 75793:1.00 75794:1.00 75797:1.00 76206:1.00 76511:1.00
caracter	69182:1.00 72113:1.00 72393:1.00
caractéris	67071:1.00 67390:1.00 67556:1.00 67799:1.00 67800:1.00 67938:1.00 68643:1.00 68887:1.00 69538:1.00 69813:1.00 69814:1.00 69817:1.00 70420:4.00 71620:1.00 71841:1.00 72115:1.00 72392:1.00 73437:1.00 74171:1.00 74174:1.00 75065:1.00 75069:1.00 75459:1.00 75794:1.00 76511:1.00 76516:1.00
caractérist	67387:4.00 67388:1.00 67555:1.00 68276:1.00 69186:1.00 69539:1.00 70423:1.00 70426:1.00 70747:1.00 70919:1.00 71619:1.00 71836:1.00 72113:1.00 72114:1.00 72632:1.00 73879:1.00 74750:1.00 75461:1.00 75793:2.00 75794:1.00 76511:1.00
carbon	67385:1.00 67387:1.00 68283:1.00 68882:1.00 69179:1.00 69533:1.00 69811:1.00 71615:1.00 71836:2.00 71838:1.00 72114:1.00 74168:5.00 74750:1.00 75789:1.00
carbonat	69819:1.00 76210:1.00
carbur	69814:1.00 70920:5.00 71615:2.00 71617:1.00 71840:1.00 72933:1.00 74167:1.00 74745:1.00 75792:1.00
carcinom	75065:4.00
cardiaqu	71614:1.00
cardio	71616:2.00
cardiométabol	67799:1.00
cardiométabolim	71360:1.00
cardiovasculair	68277:1.00 69534:1.00 72116:1.00 73184:1.00 75459:1.00 76511:2.00
cardon	68273:1.00
caren	73683:1.00 75066:1.00
caress	73683:1.00
cargill	72394:2.00
caricatural	74457:1.00
carignan	73684:4.00
cariou	70916:1.00
carlo	76511:1.00
carmejan	68885:1.00
carminatt	67068:1.00
carnet	73875:1.00
carnot	69814:2.00 70161:2.00 70753:4.00 71612:2.00 72121:1.00 75792:1.00
carolin	68281:1.00
carr	69812:1.00 70167:1.00 72397:1.00 73683:1.00 74168:1.00
carraro	70161:9.00 75457:4.00
carreau	70424:1.00
carrefour	73876:1.00 73884:4.00
carri	67068:1.00 67383:2.00 67937:1.00 68392:1.00 69812:1.00 70161:1.00 70165:2.00 71837:1.00 71842:1.00 72394:1.00 72932:2.00 73430:2.00 73683:3.00 73684:1.00 73879:1.00 74455:1.00 75063:1.00 75459:1.00
carril	69811:1.00
carroll	67938:1.00
cart	67554:1.00 68885:1.00 69535:2.00 69537:4.00 69812:3.00 69813:2.00 69816:1.00 70162:1.00 70916:1.00 72392:1.00 73183:1.00 73186:1.00 73684:1.00 73879:2.00 74450:2.00 75788:1.00 76208:1.00 76507:1.00
carti	71363:1.00
cartogaphi	69537:1.00
cartograph	67389:3.00 67944:2.00 69537:3.00 69811:1.00 69813:1.00 70424:2.00 71836:1.00 72392:3.00 72629:1.00 73186:1.00 75788:1.00 75789:3.00
cartographi	67389:1.00 69537:2.00 70424:1.00 71618:1.00 73880:2.00
cartographient	69539:1.00
carton	71614:1.00
cas	67554:2.00 67556:2.00 67798:1.00 68274:2.00 68646:1.00 69185:1.00 70166:1.00 70421:1.00 70916:1.00 71621:1.00 71835:1.00 72113:1.00 73684:1.00 73876:1.00 74454:2.00 75065:1.00 75067:1.00 76208:1.00
casablanc	72936:7.00 73875:1.00
cascad	67556:1.00
casqu	70162:1.00 70421:4.00
casquet	75063:1.00
cass	68886:1.00 69178:1.00 76512:2.00
cassabl	68280:1.00
cassent	68886:1.00
castillon	70917:1.00
cataclysm	67794:2.00 73880:1.00
catalin	69542:1.00
catalogn	70916:1.00
catalogu	73879:1.00 74747:1.00
catalys	67561:4.00 70425:1.00
catalyseur	67795:1.00 68280:1.00 72113:1.00 73436:1.00 74174:1.00
catalyz	75465:1.00
catar	72630:1.00
catastroph	67794:1.00 70915:1.00 72629:3.00 75789:2.00 76507:1.00
cathar	72630:1.00
catherin	68281:1.00 68882:1.00 70914:3.00 72940:1.00 75069:4.00
cathol	67940:2.00
cation	68390:1.00
catopsy	72939:1.00
catégor	67554:1.00 67944:1.00 69179:1.00 73878:1.00 74449:1.00 75066:9.00 75458:1.00
caus	67387:1.00 67556:3.00 68383:1.00 68388:1.00 68886:2.00 70917:1.00 73434:1.00 74173:1.00 75065:1.00 75069:1.00 75458:1.00
causal	73184:1.00
causs	71621:1.00
caution	75793:1.00
caviar	70917:1.00
cavit	71612:2.00
cayot	72394:6.00
cazenav	73434:2.00
cb	69541:1.00
cbb	67946:1.00
cbd	68646:1.00
cbmn	75067:1.00
cci	67553:2.00 70170:1.00 75071:2.00
ccip	70168:1.00
ccj	73683:1.00
ccl	68388:6.00
ccrt	74744:7.00 74745:4.00
cd	69821:1.00 72631:4.00
cdc	71616:1.00
cdio	70161:1.00
cdte	72114:1.00
cdti	68642:1.00
ce	67071:1.00 67390:1.00 67554:8.00 67558:1.00 67800:2.00 67943:2.00 68385:2.00 68638:5.00 68640:4.00 68645:2.00 68881:9.00 68884:1.00 68886:3.00 69178:2.00 69186:1.00 69533:3.00 69539:1.00 69816:1.00 70162:5.00 70163:3.00 70421:8.00 70424:1.00 70914:7.00 70915:8.00 70919:2.00 71838:1.00 71839:1.00 72114:2.00 72115:4.00 72392:9.00 72629:3.00 73183:1.00 73186:1.00 73189:1.00 73879:1.00 74168:8.00 74451:2.00 74744:4.00 74745:3.00 75064:5.00 75065:1.00 75067:1.00 75070:1.00 75463:3.00 75789:3.00 75792:5.00 75795:1.00 76207:4.00 76510:2.00 76516:1.00
cec	67555:1.00 67794:1.00 69177:1.00 69818:1.00 69819:1.00 70922:1.00 71359:1.00 72933:1.00 74750:1.00 75794:1.00 76207:2.00
cecal	68885:3.00
ced	71614:1.00 72633:1.00 76511:1.00
ceintur	67939:1.00 67942:1.00 68274:2.00 75458:2.00
celi	75067:1.00
celllul	67389:1.00
cellul	67389:10.00 67556:1.00 67801:1.00 67802:16.00 68277:1.00 68387:1.00 68388:3.00 68642:1.00 68887:4.00 69184:1.00 69539:7.00 69541:1.00 70162:1.00 70167:1.00 70423:1.00 70746:2.00 70747:1.00 70919:2.00 70922:1.00 72114:2.00 72116:2.00 72117:1.00 72636:2.00 72935:1.00 73432:1.00 73436:5.00 74173:3.00 74451:2.00 74453:1.00 75065:4.00 75067:1.00 75789:5.00 76511:1.00
cellulair	67556:2.00 68887:1.00 69183:1.00 72116:8.00 72397:1.00 73184:1.00
cellulos	74750:1.00
celui	67068:1.00 67071:1.00 67389:1.00 67391:1.00 67554:1.00 67794:1.00 67798:1.00 67941:1.00 68273:2.00 68274:1.00 68275:1.00 68276:1.00 68283:1.00 68383:1.00 68640:1.00 68643:1.00 68645:1.00 68881:1.00 68882:3.00 68884:1.00 68886:1.00 68887:1.00 69177:2.00 69178:1.00 69185:1.00 69536:1.00 69538:1.00 69540:2.00 69811:2.00 69819:1.00 69820:1.00 69821:1.00 70162:1.00 70163:1.00 70165:1.00 70166:1.00 70168:2.00 70421:3.00 70425:1.00 70749:1.00 70753:1.00 70914:1.00 70917:1.00 71357:1.00 71361:1.00 71614:1.00 71615:1.00 71621:1.00 71835:2.00 72113:3.00 72116:1.00 72117:1.00 72118:1.00 72394:1.00 72397:2.00 72629:1.00 72630:1.00 72631:2.00 72633:1.00 72634:1.00 72932:4.00 73182:1.00 73184:1.00 73185:1.00 73186:1.00 73190:1.00 73430:2.00 73683:1.00 73684:2.00 73685:1.00 73687:1.00 73875:2.00 73876:1.00 73877:2.00 74167:3.00 74455:1.00 74744:2.00 74745:1.00 74746:4.00 74749:2.00 74750:1.00 74752:1.00 75065:2.00 75068:1.00 75070:1.00 75458:3.00 75459:3.00 75792:1.00 76206:1.00 76207:1.00 76213:2.00 76507:1.00 76508:1.00 76511:2.00
cem	69814:1.00 72119:2.00
cemafroid	72393:4.00
cemagref	67071:2.00 67557:1.00 68275:3.00 68283:2.00 72393:1.00
cen	67798:10.00 69178:3.00 75458:1.00 75793:3.00
cenaero	71615:1.00
cens	76209:1.00
cent	67388:1.00 68638:1.00 69180:1.00 71837:1.00 73875:1.00 75788:3.00
centain	67068:1.00 68389:1.00 68638:1.00 68644:1.00 68885:1.00 69181:1.00 69813:1.00 69820:1.00 70167:1.00 70421:1.00 70422:1.00 70744:1.00 71615:1.00 71835:2.00 71837:2.00 72115:1.00 72122:1.00 72630:2.00 72933:1.00 72934:1.00 72937:1.00 72940:1.00 73186:2.00 73438:1.00 73684:1.00 73875:1.00 73878:2.00 74450:3.00 74751:1.00 75464:1.00 76508:1.00
centenair	69542:1.00 70422:1.00
centimetr	70167:1.00 72934:1.00 73684:2.00
centiv	69534:1.00
central	67556:1.00 67937:1.00 67940:1.00 67941:1.00 68383:1.00 68391:1.00 68886:1.00 68888:6.00 69181:1.00 69814:1.00 69820:1.00 70426:2.00 70743:5.00 70747:1.00 70915:1.00 71619:1.00 71842:1.00 72392:1.00 72397:1.00 72936:10.00 73430:2.00 73876:3.00 73879:1.00 74168:1.00 74453:1.00 74751:2.00 76211:3.00
centralien	68383:7.00 68888:1.00 72936:1.00
centrifug	72399:1.00
cepend	67553:1.00 69533:1.00 70918:1.00 73878:1.00
ceramic	69819:1.00
cercl	71836:1.00 73183:1.00
cerfac	71615:1.00 73434:1.00
ceris	68273:4.00 73879:1.00 74450:1.00
cermav	70423:2.00
cern	68638:3.00
cert	67794:1.00 67798:1.00 67937:1.00 68391:1.00 68643:1.00 68882:1.00 69534:2.00 69540:1.00 70161:3.00 70166:2.00 70422:1.00 70423:1.00 70424:1.00 71842:1.00 72113:1.00 72114:2.00 72634:1.00 72932:3.00 72940:2.00 73185:2.00 73432:1.00 73684:1.00 73875:1.00 73876:1.00 74167:1.00 74168:1.00 74169:1.00 74457:1.00 75458:4.00 75459:1.00 76206:1.00 76213:1.00 76511:1.00
certain	67068:1.00 67388:1.00 67389:2.00 67391:1.00 67392:1.00 67553:6.00 67556:1.00 67558:1.00 67794:2.00 67795:1.00 67798:3.00 67802:1.00 67937:1.00 67939:2.00 67943:1.00 68273:2.00 68279:1.00 68383:1.00 68385:2.00 68387:3.00 68638:2.00 68643:2.00 68881:1.00 68882:1.00 68887:2.00 69183:1.00 69184:3.00 69534:2.00 69813:1.00 69816:1.00 69820:1.00 69821:1.00 70161:2.00 70166:3.00 70420:4.00 70421:2.00 70422:1.00 70745:3.00 70746:1.00 70749:3.00 70914:2.00 70916:1.00 70919:2.00 70920:1.00 71357:2.00 71358:2.00 71359:1.00 71362:2.00 71612:1.00 71618:1.00 71621:1.00 71835:2.00 71836:2.00 71842:1.00 71843:1.00 72114:2.00 72392:2.00 72393:1.00 72631:1.00 72634:3.00 72636:1.00 72932:1.00 73182:1.00 73183:1.00 73184:1.00 73185:1.00 73190:1.00 73431:5.00 73432:2.00 73434:1.00 73436:2.00 73683:1.00 73685:1.00 73875:3.00 73876:1.00 73877:1.00 73879:1.00 74167:3.00 74169:1.00 74171:1.00 74449:1.00 74455:1.00 74457:1.00 74746:1.00 74752:1.00 75063:1.00 75067:1.00 75069:1.00 75458:3.00 75459:1.00 75460:1.00 75462:1.00 75466:1.00 75788:2.00 75789:1.00 75790:1.00 75793:5.00 75794:1.00 76207:2.00 76209:2.00 76507:1.00 76511:2.00
certif	68274:1.00 72933:1.00 74450:1.00
certifi	70165:1.00 72114:1.00
cerveau	67389:3.00 67801:2.00 67802:1.00 68388:3.00 68646:1.00 68887:1.00 69539:1.00 70744:1.00 73184:8.00 73189:3.00 73879:1.00 74171:1.00 74173:1.00 74453:1.00 74752:2.00 76213:1.00
cess	67383:3.00 68387:2.00 69535:1.00 70161:1.00 70916:1.00 70917:1.00 70922:1.00 71618:1.00 72113:1.00 72631:1.00 72635:1.00 72932:1.00 72933:1.00 72938:1.00 73183:1.00 73877:1.00 74745:2.00 74752:1.00 75457:1.00
cessent	69538:1.00 70429:1.00 73877:1.00
cession	72937:1.00
cetilab	70751:1.00
cetp	75459:4.00
ceux	67068:1.00 67937:1.00 67938:1.00 68280:1.00 68387:1.00 68389:1.00 68390:1.00 68885:1.00 68888:1.00 69183:1.00 69533:2.00 69814:1.00 69816:1.00 69821:1.00 70421:2.00 70425:1.00 70744:2.00 70745:1.00 70914:1.00 70916:1.00 71359:1.00 71837:1.00 71843:1.00 72114:1.00 72118:1.00 72401:1.00 72631:1.00 72932:1.00 72937:1.00 72939:1.00 73185:3.00 73430:1.00 73431:1.00 73436:1.00 73683:1.00 73684:3.00 73687:1.00 73877:1.00 73881:1.00 74171:2.00 74749:1.00 75065:2.00 75067:1.00 75069:1.00 75458:1.00 75459:1.00 75461:1.00 76206:1.00 76208:1.00 76209:1.00 76213:1.00 76509:1.00
cfm	74745:2.00
cfp	69539:8.00
cgn	72116:1.00 72396:1.00
chabl	73684:1.00
chacun	67388:1.00 67553:1.00 67554:1.00 67555:3.00 67794:1.00 67798:1.00 68279:2.00 69182:1.00 69536:1.00 69541:2.00 69812:1.00 70743:1.00 70744:1.00 70916:1.00 70923:1.00 71357:1.00 71361:1.00 71363:1.00 71835:1.00 71836:1.00 72394:1.00 72630:1.00 72635:1.00 72934:2.00 72940:1.00 73184:1.00 73185:1.00 73876:1.00 73878:1.00 74450:1.00 74751:1.00 75788:2.00 76209:1.00 76212:1.00 76213:1.00
chain	67557:1.00 72393:1.00 72637:5.00
chair	67795:1.00 67798:1.00 68388:1.00 68393:6.00 69814:1.00 70426:5.00 70748:4.00 72398:6.00 72637:4.00 73182:2.00 73883:2.00 74751:4.00 74752:1.00
chaleur	67937:1.00 68280:1.00 69816:1.00 69818:2.00 70426:1.00 72934:2.00 73683:1.00 75462:2.00
challeng	67795:1.00 67798:1.00 68639:1.00 69543:1.00 69811:1.00 70422:2.00 71615:1.00 71845:1.00 72114:1.00 73684:1.00 74167:3.00 74168:1.00 74450:1.00 74744:1.00 74749:2.00
chamard	68391:2.00
chambr	67553:1.00 68273:2.00 69817:1.00 70168:1.00 70420:1.00 71842:1.00 72396:1.00 73190:1.00 74745:1.00 75071:1.00 75795:1.00
chameau	68881:2.00
champ	67068:1.00 67071:1.00 68389:1.00 69177:1.00 69182:1.00 69817:1.00 70167:1.00 70421:1.00 71366:1.00 71836:1.00 72121:1.00 72122:1.00 72939:1.00 73433:1.00 73880:1.00 74168:1.00 74457:1.00 74750:1.00 76208:1.00
champagn	73684:1.00 73877:1.00 75457:3.00
champignon	67937:1.00 68273:1.00 68387:1.00 70745:1.00 71837:4.00 76511:2.00
champion	68881:1.00 71617:1.00 75797:1.00
championship	74170:1.00
chanc	67068:1.00 67383:5.00 70422:1.00 70425:1.00 72631:1.00 72932:1.00 73882:1.00 75461:1.00 76210:1.00
chang	67071:1.00 67387:1.00 67794:4.00 67795:1.00 67803:4.00 67938:3.00 67939:1.00 67942:1.00 68280:1.00 68281:1.00 68383:1.00 68389:4.00 68645:4.00 68882:4.00 69182:1.00 69533:3.00 69535:1.00 69539:2.00 69816:6.00 69817:1.00 70161:1.00 70745:1.00 70916:2.00 70919:2.00 71363:1.00 71621:1.00 71837:2.00 72116:2.00 72393:1.00 72395:1.00 72637:1.00 72934:1.00 73183:5.00 73430:2.00 73876:1.00 73877:3.00 74168:1.00 75458:1.00 75463:1.00 75793:1.00 76213:4.00
changing	68645:1.00
chanti	67941:1.00 68383:1.00 72392:1.00 73683:1.00
chanvr	72634:1.00
chaotiqu	72932:1.00
chapdaniel	72637:2.00
chapel	71361:2.00
chapitr	68276:1.00 68882:1.00 71617:1.00
chaqu	67389:1.00 67553:1.00 67554:1.00 67555:1.00 67794:2.00 67798:1.00 67801:1.00 67803:1.00 67937:1.00 68273:1.00 68276:2.00 68383:1.00 68387:2.00 68389:1.00 68392:1.00 68644:1.00 68646:1.00 68881:2.00 68885:2.00 68889:1.00 69178:1.00 69182:4.00 69183:1.00 69185:1.00 69536:1.00 69540:1.00 69815:2.00 69816:2.00 70165:1.00 70421:1.00 70423:1.00 70914:1.00 70915:2.00 70916:1.00 70920:1.00 70923:3.00 71358:2.00 71362:3.00 71618:1.00 71835:1.00 72400:1.00 72630:1.00 72635:1.00 72932:1.00 72934:1.00 72940:1.00 73187:1.00 73430:3.00 73434:1.00 73435:1.00 73437:1.00 73438:1.00 73684:2.00 73689:1.00 73877:1.00 73881:1.00 74173:1.00 74452:1.00 74454:1.00 74747:1.00 74748:2.00 74749:1.00 74752:1.00 75064:2.00 75457:2.00 75458:2.00 76207:1.00 76208:1.00 76507:1.00 76511:1.00 76512:1.00
char	71836:1.00
charbon	70426:1.00
charcuter	69534:1.00
charcuti	72634:1.00
chardonnay	76206:3.00
charent	68885:1.00
charenton	72939:2.00
charg	67555:1.00 67801:2.00 67939:3.00 67941:5.00 68390:1.00 68640:2.00 68885:1.00 69177:1.00 69178:1.00 69179:6.00 69184:1.00 69533:1.00 70422:1.00 70428:1.00 70749:1.00 70915:1.00 70921:1.00 72116:1.00 72393:1.00 72394:1.00 72630:1.00 72634:2.00 72932:1.00 73431:1.00 73436:1.00 73683:1.00 73688:2.00 73689:1.00 74172:1.00 74450:2.00 74456:1.00 74746:2.00 75459:1.00 75789:1.00 75790:1.00 75792:1.00 76212:1.00
chargent	75458:1.00
charl	68277:3.00 68641:2.00 70167:1.00 71617:1.00 74746:5.00 75066:1.00
charmeil	69813:1.00
charpak	67068:3.00
charpenti	73683:1.00
chass	67553:1.00 75458:1.00
chassent	67553:2.00
chaud	67391:1.00 68280:4.00 68389:1.00 69818:1.00 72393:1.00
chaudi	73877:1.00
chauff	68644:1.00 69819:1.00
chauffag	69818:1.00 74168:1.00
chazal	69534:1.00 72634:3.00
chaîn	67383:1.00 67554:1.00 67557:1.00 68388:1.00 68882:1.00 69177:1.00 69178:2.00 69814:1.00 69821:1.00 70165:1.00 70745:1.00 70746:1.00 70920:3.00 71366:1.00 72393:13.00 72637:1.00 73431:1.00 73877:1.00 74749:1.00 75069:1.00
chef	68274:1.00 70166:1.00 70916:1.00 70921:1.00 71619:1.00 72113:1.00 72395:1.00 74168:2.00 74172:1.00 74176:1.00 74744:1.00 74749:1.00 74752:3.00 75063:1.00 75068:1.00 75069:1.00 75458:1.00 75792:1.00 76511:1.00
cheikh	75458:2.00
chem	67558:1.00
chemcam	69177:1.00
chemical	73189:1.00
chemin	67798:1.00 67939:1.00 68881:1.00 70162:1.00 72631:1.00 74450:1.00 75064:1.00 75789:1.00
chemistry	70167:1.00 73436:1.00
chemoecology	72632:1.00
chemosen	69534:1.00
chenill	73684:1.00
cher	68881:1.00
cherch	67068:1.00 67383:2.00 67937:2.00 68274:1.00 68276:2.00 68885:1.00 70745:1.00 71358:1.00 72630:1.00 73183:1.00 73184:1.00 73430:1.00 73436:1.00 74168:2.00 75790:1.00 76213:1.00
cherchent	68283:1.00 71614:1.00 72940:1.00 74169:1.00
chercheur	67068:4.00 67383:3.00 67389:1.00 67937:1.00 67938:1.00 67939:1.00 68276:1.00 68280:1.00 68390:1.00 68641:1.00 68643:2.00 68882:2.00 69533:1.00 69812:5.00 69817:1.00 70421:4.00 70426:1.00 70744:1.00 70914:1.00 71835:3.00 71837:2.00 72115:2.00 72394:5.00 72630:2.00 72631:1.00 72932:1.00 73184:2.00 73432:3.00 73434:1.00 73435:3.00 74168:1.00 74449:1.00 74752:2.00 75458:1.00 75459:4.00 75462:1.00 75788:1.00 75790:3.00 75792:3.00 76206:1.00
chercheux	67386:1.00 70749:2.00 71612:1.00 75069:1.00
cherchon	69177:1.00 71612:1.00 75457:1.00
cherenkov	73186:3.00
cheval	71357:23.00 75065:2.00
chevelur	74744:1.00
cheveu	72934:1.00
cheveux	74744:3.00
chevill	73683:1.00
chevr	75458:1.00
chez	67389:2.00 67391:1.00 67555:3.00 67796:1.00 67799:1.00 67800:1.00 67802:1.00 67937:5.00 68383:1.00 68387:4.00 68388:1.00 68643:1.00 68645:1.00 68646:4.00 68881:1.00 68887:2.00 69184:2.00 69815:1.00 70162:2.00 70164:1.00 70420:1.00 70745:1.00 70749:4.00 70918:1.00 71357:1.00 71359:2.00 71614:2.00 71837:1.00 71841:3.00 71843:2.00 72118:1.00 72631:3.00 72632:2.00 72634:1.00 72636:1.00 72935:1.00 73184:3.00 73431:1.00 73686:1.00 73879:1.00 74167:2.00 74173:2.00 74449:2.00 74451:1.00 74454:3.00 74455:1.00 74749:1.00 75065:4.00 75069:2.00 75457:1.00 75458:1.00 75789:1.00 75793:2.00 76508:1.00 76511:5.00
chien	70425:1.00
chiffr	68274:1.00 68276:1.00 68638:1.00 68885:1.00 70166:2.00 70744:1.00 71361:1.00 71840:3.00 72633:1.00 73875:1.00 73878:3.00 74746:1.00 76508:1.00 76512:1.00
chil	73875:1.00
chilien	73875:3.00
chim	67068:2.00 67071:2.00 67561:5.00 68278:3.00 68280:2.00 68387:2.00 68643:1.00 68881:1.00 68885:1.00 69183:2.00 69536:1.00 70166:1.00 70167:1.00 70914:1.00 71362:1.00 71612:1.00 72115:1.00 72118:1.00 72394:1.00 72630:3.00 72634:1.00 73189:2.00 74173:1.00 74744:2.00 74750:2.00 74752:1.00 75067:2.00 75070:1.00 75461:3.00 75792:1.00 76206:2.00
chimio	74449:1.00
chimioembolis	75065:1.00
chimiokin	68388:7.00
chimiometr	67392:4.00
chimiothérap	70922:1.00 73686:1.00 75065:2.00
chimiqu	67388:1.00 67558:1.00 67800:2.00 68279:1.00 68388:1.00 68390:3.00 68639:1.00 68881:1.00 70162:1.00 70167:1.00 70423:1.00 70914:2.00 72113:1.00 72118:1.00 72630:1.00 72632:1.00 73436:1.00 74750:1.00 74752:1.00 75792:1.00 76206:2.00 76511:1.00 76514:1.00
chimist	70745:1.00 72115:1.00 72630:2.00 74752:4.00
chin	67942:1.00 68278:4.00 68642:1.00 68888:2.00 70920:3.00 71614:1.00 72114:1.00 72396:1.00 73430:1.00 74168:1.00 75064:1.00 75792:2.00 76512:1.00
chinois	68278:2.00 68888:6.00 70920:1.00 71362:1.00 72933:1.00 74745:1.00 76512:2.00
chirac	72629:1.00
chirped	68638:1.00
chirurg	68641:4.00 70918:1.00 71614:5.00 71616:5.00 73431:3.00
chirurgical	70918:1.00 71614:2.00 71616:1.00 73431:2.00 74454:2.00
chirurgien	70744:1.00 71614:6.00 73431:2.00
chloroplast	67800:1.00
choc	67801:1.00 69820:1.00 71357:1.00 73430:1.00
chocolat	67383:1.00
chois	67386:1.00 67555:2.00 67796:1.00 67945:1.00 68889:1.00 70421:1.00 70744:1.00 70753:1.00 71617:1.00 72113:1.00 72393:1.00 73185:2.00 73684:1.00 73875:1.00 73876:1.00 74456:1.00 74752:1.00 75066:1.00 75071:1.00 75458:1.00 75462:1.00
choix	67937:4.00 68644:1.00 69818:1.00 71840:1.00 72114:1.00 72631:1.00 72932:1.00 72933:1.00 72940:1.00 73185:1.00 73436:1.00 74168:1.00 74744:1.00 75457:1.00 75458:1.00 75792:1.00 76206:1.00
cholesterol	75459:1.00
cholesteryl	75459:1.00
cholestérol	67798:1.00 75459:5.00
cholestérolem	68387:1.00
choqu	74167:1.00
chos	67555:1.00 67794:1.00 69540:1.00 70166:1.00 70421:1.00 71843:1.00 73185:1.00 74457:2.00 74752:1.00 75458:1.00
chris	73183:1.00
christel	68643:1.00 71612:1.00
christian	69534:3.00 71616:1.00 71837:1.00 73875:1.00 74454:3.00 75790:2.00
christin	69184:1.00 71621:1.00 72117:1.00 73685:6.00 74744:1.00
christoph	69817:2.00 70420:6.00 72392:2.00 72396:2.00 74172:1.00 76509:2.00 76511:1.00
chrom	72635:1.00
chromatograph	68881:3.00
chromophor	69539:1.00 73189:3.00
chroniqu	69815:3.00 70746:1.00 70916:1.00 73187:2.00
chrono	70745:8.00 74176:1.00
chronolog	67068:1.00 75788:1.00
chu	67798:1.00 67801:1.00 72117:2.00 73189:1.00 74169:1.00 74449:2.00 74453:1.00 74749:1.00 75067:1.00
chut	72934:1.00
chymosin	67388:2.00
chypriot	71843:1.00
châlon	75457:3.00
château	75461:1.00
châteauroux	72933:1.00
châtel	70914:1.00
châtenay	69536:1.00
chên	69816:1.00
chôm	74749:1.00
ci	71836:1.00
ciat	69818:1.00
cibl	67390:1.00 67555:1.00 67800:1.00 69181:1.00 69182:1.00 70165:1.00 70914:1.00 71357:1.00 71616:1.00 71840:1.00 72115:2.00 72631:1.00 72935:1.00 73878:1.00 73879:1.00 73880:1.00 73884:1.00 74167:1.00 74173:1.00 75065:2.00 75069:1.00 75459:1.00 76209:1.00 76508:1.00
ciblent	73878:1.00
cic	67940:2.00 71360:1.00
cicatris	71616:1.00
ciel	67939:1.00 70424:1.00 71617:1.00
cig	72114:1.00
ciliair	73435:1.00
ciment	71612:7.00
cinem	72401:1.00
cinet	73434:1.00
cinq	67554:1.00 67555:1.00 67795:1.00 68881:2.00 69815:1.00 69816:2.00 70749:1.00 70914:1.00 70915:1.00 71358:1.00 71360:1.00 71615:1.00 71617:1.00 71836:1.00 71837:1.00 72114:1.00 72119:1.00 72394:1.00 72396:1.00 72398:3.00 72631:1.00 72637:1.00 73182:1.00 73184:1.00 73185:1.00 73186:1.00 73430:1.00 73875:1.00 76209:1.00 76507:1.00 76508:1.00 76510:1.00
cinqu	69533:1.00 73875:4.00 74168:1.00
cinquantain	73430:1.00 74176:1.00 74746:1.00 75065:1.00 76211:1.00
cinquantenair	69177:3.00 73882:1.00
cinquiem	68387:1.00 69533:1.00 70745:1.00 71361:1.00 71615:1.00 71617:1.00 74451:1.00
cipan	68279:1.00
cirad	67071:1.00 67387:1.00 67794:2.00 68275:1.00 69182:1.00 72121:1.00 72632:1.00 74457:2.00
circl	73183:5.00
circonst	76208:1.00
circuit	67554:4.00 70167:1.00 70423:3.00 72113:1.00 73879:1.00 76209:1.00
circul	67801:1.00 67939:1.00 68640:1.00 69184:4.00 69813:1.00 73434:2.00 73688:1.00 75463:1.00 76510:1.00 76511:2.00
circulair	67942:1.00 73435:1.00
circumnavig	73183:2.00
cirimat	71612:3.00
cis	72114:1.00
cisaill	70424:1.00 73683:1.00
cit	67938:1.00 68643:1.00 71621:1.00 72937:3.00 74751:1.00
citadel	69535:3.00
citadin	76508:1.00
citat	72396:1.00
citoyen	67794:1.00 69821:1.00 71357:1.00 72940:2.00 73185:1.00 73435:1.00 73875:1.00 75465:1.00
citroën	68639:1.00 70748:3.00
civil	67945:1.00 68392:1.00 69542:1.00 70164:1.00 70165:6.00 70914:1.00 71619:1.00 71836:2.00 71839:1.00 71840:1.00 72113:2.00 72633:1.00 72937:1.00 73883:7.00 74167:3.00 74450:3.00 74745:1.00
civilis	67794:1.00
cjd	73435:1.00
cl	73434:1.00
clair	67939:1.00 68279:1.00 69816:2.00 70749:1.00 73876:1.00 74457:1.00
clairanc	72935:1.00
clar	70918:1.00
class	67387:1.00 68383:3.00 68881:2.00 68888:1.00 68889:1.00 69177:1.00 69814:2.00 70161:1.00 70421:1.00 70423:1.00 70914:1.00 71357:2.00 71358:1.00 71361:4.00 71614:1.00 71837:2.00 73182:1.00 73687:1.00 73878:1.00 75071:1.00 75457:1.00
classent	67387:1.00
classif	73879:1.00
classiqu	67389:1.00 67390:1.00 67554:1.00 67558:1.00 68273:2.00 68391:3.00 68881:1.00 68886:1.00 69178:2.00 70743:2.00 70747:1.00 72114:1.00 72629:1.00 72934:2.00 72938:1.00 73185:1.00 73685:1.00 73876:1.00 73879:4.00 74167:1.00 74168:1.00 76207:1.00 76210:4.00
claud	68390:1.00 68643:5.00 69540:1.00 72118:1.00 72397:1.00 73183:1.00 73189:1.00 74173:1.00 76210:2.00
claustr	73687:1.00
clef	70914:1.00
clermont	67386:1.00 67799:1.00 73687:1.00 73875:1.00
clich	68391:1.00
client	67553:2.00 68274:1.00 68881:1.00 68885:1.00 70166:1.00 72114:1.00 72395:3.00 72629:1.00 72637:1.00 73685:3.00 73875:1.00 73878:1.00 73879:1.00 74169:1.00 74749:1.00 75461:1.00 75792:1.00 76211:1.00 76507:1.00
clientel	68273:1.00
clignot	70744:1.00
climat	67071:4.00 67387:1.00 67794:1.00 67803:4.00 67939:4.00 68275:1.00 68389:9.00 68645:6.00 68882:1.00 69177:1.00 69182:3.00 69533:22.00 69535:1.00 69538:1.00 69813:4.00 69814:1.00 69816:9.00 69817:2.00 70745:3.00 70916:4.00 71363:1.00 71618:1.00 71621:1.00 71837:2.00 71838:1.00 71842:1.00 72394:1.00 72398:1.00 72939:1.00 72940:1.00 73183:2.00 73434:2.00 73684:4.00 73688:1.00 73877:3.00 73880:1.00 75458:1.00 75463:8.00 76213:2.00
climatis	70420:1.00 72114:1.00
climatolog	75458:1.00
climatologu	68645:1.00 69816:1.00
climb	71617:1.00
clinical	67802:1.00
clinicien	72401:1.00
cliniqu	67798:4.00 67799:1.00 67940:5.00 68277:1.00 68646:3.00 70918:3.00 71360:1.00 71616:1.00 72116:1.00 72935:3.00 72938:2.00 73184:2.00 73435:1.00 73686:3.00 74169:1.00 74454:1.00 75065:2.00 75461:1.00 75793:1.00
cloch	72634:1.00
cloud	73686:1.00
club	71357:1.00 71839:1.00 73690:1.00 74748:1.00
clubtex	70751:1.00 70921:3.00
clust	67553:8.00 68384:1.00 72396:2.00 73687:1.00 73689:1.00 73691:4.00 74746:4.00 76212:1.00
cluster	73687:1.00 74748:1.00
clé	67068:2.00 67383:1.00 67391:3.00 67555:1.00 67556:2.00 68274:10.00 68275:1.00 68387:1.00 68645:1.00 70752:1.00 70914:1.00 71366:1.00 72116:1.00 72635:1.00 73182:1.00 73684:1.00 73875:1.00 74456:1.00 74744:2.00 75793:1.00 75795:1.00
clôtur	69186:1.00 74175:1.00 76514:1.00
cm	69179:1.00 70743:1.00 71360:1.00 71836:2.00 72114:2.00 72633:1.00 73879:1.00
cmip	69533:3.00
cnam	71620:1.00 72115:1.00
cnaol	68885:2.00
cne	67939:8.00 67942:2.00 68275:1.00 69177:17.00 69179:4.00 69813:9.00 70163:2.00 70170:2.00 70424:2.00 70916:1.00 71836:3.00 73434:4.00
cniel	68885:3.00
cnr	67068:3.00 67071:1.00 67383:3.00 67385:1.00 67387:2.00 67390:1.00 67391:1.00 67556:1.00 67558:1.00 67795:1.00 67800:1.00 67802:2.00 67937:10.00 67943:2.00 67945:2.00 68277:1.00 68278:1.00 68280:5.00 68384:1.00 68385:1.00 68388:1.00 68389:2.00 68390:3.00 68391:1.00 68641:2.00 68642:2.00 68644:2.00 68645:3.00 68646:1.00 68883:1.00 68886:4.00 68887:1.00 69178:8.00 69180:1.00 69181:1.00 69182:1.00 69183:4.00 69184:1.00 69533:2.00 69539:1.00 69540:1.00 69814:2.00 69816:1.00 69819:3.00 70163:1.00 70420:1.00 70423:1.00 70424:2.00 70425:2.00 70426:2.00 70743:1.00 70744:4.00 70745:2.00 70747:2.00 70748:1.00 70914:1.00 70916:9.00 70922:1.00 71612:1.00 71615:1.00 71835:1.00 71838:1.00 71841:1.00 71843:1.00 72114:1.00 72119:1.00 72121:1.00 72397:2.00 72632:1.00 72634:1.00 72635:2.00 72932:2.00 72939:5.00 72940:3.00 73183:6.00 73186:2.00 73188:1.00 73189:2.00 73431:5.00 73434:1.00 73436:1.00 73683:5.00 73688:2.00 74173:2.00 74452:2.00 74750:4.00 74752:1.00 75063:2.00 75065:1.00 75066:1.00 75067:2.00 75070:2.00 75458:6.00 75460:1.00 75463:1.00 75790:1.00 75794:2.00 76210:3.00
cnrm	70916:1.00
cnrst	75458:1.00
co	67385:3.00 67557:1.00 67794:1.00 68638:1.00 68882:1.00 69534:2.00 69814:2.00 69816:2.00 70164:1.00 70426:1.00 70916:1.00 71360:1.00 71615:2.00 71617:1.00 72117:1.00 72118:1.00 72396:1.00 72630:1.00 72634:1.00 72933:1.00 73184:1.00 73185:2.00 73431:1.00 73433:1.00 73683:1.00 73877:1.00 73879:1.00 74169:1.00 74449:2.00 75458:1.00 75459:1.00 75460:1.00 75462:1.00 75790:1.00 75795:1.00 76207:1.00 76513:1.00
coaching	76509:1.00
coag	67388:5.00 68885:1.00
coagul	67388:16.00 73435:2.00
coalescent	68886:1.00
cobot	67941:4.00
cocagn	72630:3.00
coch	73876:1.00
cochon	70918:1.00
cocoti	67391:1.00
cocott	71359:2.00
cod	67556:1.00 67800:1.00 69178:1.00 70162:1.00 71619:1.00 72631:1.00 73184:2.00 74744:2.00 75790:1.00 76207:2.00
coefficient	71836:1.00
coeur	67068:2.00 68276:2.00 68277:1.00 68283:1.00 68885:2.00 68887:1.00 69178:2.00 69184:1.00 69186:1.00 69539:1.00 70746:1.00 70914:1.00 71359:1.00 71361:2.00 71612:1.00 71840:1.00 71842:1.00 72113:2.00 72116:1.00 72395:1.00 72637:1.00 73182:1.00 73430:2.00 73684:4.00 73876:1.00 73879:1.00 74168:2.00 74172:2.00 74455:2.00 75065:1.00 75066:1.00 75068:1.00 75458:1.00 75459:1.00 75462:1.00 76508:1.00 76511:1.00
cofinanc	71841:1.00
cogit	70921:1.00 75063:1.00
cognet	68641:1.00
cognimem	73879:1.00
cognit	67556:1.00 67798:1.00 72401:1.00 73184:3.00 75790:1.00 76206:1.00 76515:1.00
cohabitent	75064:1.00
coherent	72934:2.00
cohes	70746:1.00
cohort	67555:2.00 70749:3.00 73432:2.00
cohérent	67383:1.00 67938:1.00 68885:1.00 68889:1.00 70161:2.00 72395:1.00 72934:3.00 73184:1.00 73877:1.00 74172:1.00 74751:1.00
coiff	68644:1.00 69179:1.00 74744:1.00
coindreau	72937:1.00
col	68274:6.00 72935:1.00 74455:4.00
cold	67557:1.00 72393:1.00
coli	69183:2.00
colin	68383:1.00
coll	68644:2.00 74750:5.00
collabor	67068:1.00 67383:1.00 67385:1.00 67387:1.00 67389:2.00 67391:1.00 67795:1.00 67802:2.00 67940:2.00 67941:4.00 67943:1.00 68278:1.00 68279:1.00 68281:1.00 68384:1.00 68387:2.00 68388:1.00 68390:1.00 68391:1.00 68644:1.00 68881:1.00 68884:1.00 68885:2.00 68886:1.00 69178:2.00 69180:2.00 69536:3.00 69539:1.00 69540:1.00 69812:1.00 69819:1.00 70162:1.00 70165:1.00 70166:1.00 70167:1.00 70421:2.00 70422:3.00 70425:1.00 70921:2.00 70922:1.00 71358:1.00 71359:2.00 71360:1.00 71361:1.00 71612:1.00 71614:1.00 71618:1.00 71838:4.00 71841:1.00 71843:1.00 72113:2.00 72114:1.00 72122:1.00 72392:3.00 72394:2.00 72396:1.00 72397:1.00 72634:4.00 72932:1.00 73184:4.00 73188:1.00 73189:1.00 73430:2.00 73875:1.00 73876:1.00 73877:1.00 73879:1.00 74172:1.00 74173:1.00 74748:1.00 74749:1.00 74750:1.00 75063:3.00 75064:3.00 75068:2.00 75069:1.00 75070:1.00 75458:1.00 75459:1.00 75463:1.00 75465:1.00 75790:1.00 76207:1.00 76210:1.00 76211:1.00 76212:2.00 76508:1.00 76511:2.00
collaborent	67554:1.00 74172:1.00
collaboron	73879:1.00
collagen	71616:1.00
colleau	67556:2.00
collect	67553:1.00 67555:1.00 67794:1.00 67795:1.00 67798:1.00 67800:1.00 67803:1.00 67945:1.00 68283:1.00 68391:1.00 68643:1.00 68883:1.00 68884:1.00 69181:1.00 69811:2.00 70420:1.00 70424:1.00 70428:1.00 70429:1.00 70749:1.00 70916:3.00 70919:1.00 71357:1.00 71842:1.00 71845:1.00 72116:1.00 72118:1.00 72399:1.00 72629:1.00 72935:1.00 72939:1.00 73182:1.00 73430:1.00 73431:1.00 73432:1.00 73434:1.00 73683:1.00 73684:1.00 73876:1.00 73877:1.00 73880:1.00 73884:1.00 74449:1.00 74746:1.00 74748:1.00 74749:2.00 74752:2.00 75069:1.00 75465:1.00 75788:1.00 76515:1.00 76516:1.00
colleg	67938:3.00 68392:1.00 70161:1.00 73434:1.00
collis	75064:1.00
colloqu	67561:3.00 67803:3.00 67939:1.00 67942:1.00 67945:4.00 68384:1.00 69534:1.00 70170:2.00 70428:3.00 70749:4.00 71357:1.00 71363:3.00 71620:4.00 72113:1.00 72396:1.00 73877:1.00 74175:2.00 74449:2.00 75464:4.00
colloïdal	76210:1.00
collègu	67383:1.00 67937:1.00 68391:1.00 68886:1.00 69183:1.00 69184:1.00 69812:2.00 70167:1.00 72394:2.00 72630:2.00 72631:1.00 72636:1.00 72932:2.00 73182:1.00 73876:1.00 74750:1.00 75070:1.00 75459:2.00 75794:1.00
collégien	71835:1.00
colmar	73877:1.00
colo	70918:1.00
colomb	67942:1.00 71362:1.00 73875:1.00 74450:1.00
colon	70420:1.00 70916:1.00 71614:1.00 74167:1.00
colonel	71836:2.00
colonis	71837:1.00
color	70747:1.00 73189:6.00 75462:1.00
colorimetr	75788:1.00
colossal	69821:1.00 74744:1.00 75458:1.00
colport	72940:1.00
colz	67391:1.00 68279:1.00 68385:1.00
colzauprot	68885:1.00
com	67802:1.00 70915:1.00 73183:1.00
comac	74745:1.00
comanch	75460:2.00
comb	71612:1.00
combat	72939:2.00
combattr	67937:1.00
combien	67794:1.00 68276:1.00 69812:1.00 72940:1.00 74745:1.00 75466:1.00 76509:1.00
combin	67386:1.00 67554:1.00 69533:1.00 69816:1.00 70420:2.00 70421:1.00 70426:1.00 70751:1.00 71361:1.00 71616:1.00 72392:1.00 75070:1.00 76210:1.00
combinaison	67796:1.00 67939:1.00 70921:1.00 71836:1.00 73187:1.00 74168:1.00 76209:1.00
combinatoir	71359:1.00
combl	71612:2.00 73883:1.00
combust	68644:1.00 70426:7.00 71615:1.00
combustibl	67797:6.00 68644:1.00 68884:1.00 69178:3.00 70426:1.00 71619:2.00 72392:1.00 74174:4.00 75789:1.00 75792:1.00
comet	69541:1.00
comit	67937:2.00 68386:1.00 70163:2.00 70424:1.00 72113:1.00 73433:1.00 73877:1.00 74746:2.00
comm	70162:1.00 73182:2.00
command	67941:1.00 70161:1.00 70162:2.00 71836:1.00 73875:1.00 74168:1.00 74745:1.00 76207:1.00 76507:2.00
commelin	74749:4.00
commenc	67068:1.00 67553:1.00 67938:2.00 67940:2.00 68274:2.00 68279:1.00 68383:2.00 68389:1.00 68643:2.00 68644:1.00 69177:1.00 69178:1.00 69533:1.00 69536:1.00 69812:2.00 69813:1.00 69817:1.00 70161:1.00 70166:1.00 70420:1.00 70421:1.00 70422:1.00 70749:1.00 70916:3.00 71359:1.00 71612:2.00 71614:2.00 71616:1.00 71835:1.00 71837:2.00 72118:1.00 72121:1.00 72394:2.00 72396:2.00 72630:2.00 72631:1.00 72634:1.00 72932:1.00 72933:1.00 73185:2.00 73430:2.00 73434:2.00 73683:3.00 73684:1.00 73685:1.00 73875:1.00 73878:1.00 73879:1.00 74168:2.00 74169:2.00 74455:1.00 74749:1.00 74752:1.00 75458:4.00 75459:1.00 75790:2.00 75792:1.00 75793:1.00 76213:2.00 76511:1.00
commencent	68643:1.00 68644:1.00 68882:1.00
comment	67389:1.00 67555:1.00 67803:1.00 67937:4.00 67938:2.00 67939:1.00 68638:1.00 68884:2.00 69534:2.00 69538:1.00 69539:1.00 70161:2.00 70163:1.00 70420:1.00 70421:1.00 70745:2.00 70921:1.00 70922:2.00 71835:2.00 72113:1.00 72392:3.00 72631:1.00 72932:1.00 72940:1.00 73183:1.00 73876:2.00 73877:1.00 74168:1.00 74175:2.00 74176:2.00 74457:1.00 74744:1.00 74751:3.00 74752:1.00 75465:2.00 75790:2.00 75793:1.00 76209:1.00
commençon	68643:1.00 68881:1.00
commerc	67553:1.00 70168:1.00 70169:1.00 72396:1.00 73182:1.00 73190:1.00 75071:1.00 75795:1.00 76207:1.00 76213:1.00
commercial	67553:2.00 68273:2.00 68383:2.00 68392:1.00 68643:1.00 68885:1.00 69538:1.00 69811:1.00 70920:1.00 71616:1.00 71618:1.00 71840:1.00 72629:1.00 73188:1.00 73434:1.00 73878:1.00 74451:1.00 74747:1.00 75461:1.00 76206:1.00
commercialis	67553:1.00 67941:1.00 68273:1.00 68274:3.00 69179:1.00 69815:1.00 70920:1.00 71616:1.00 72114:1.00 72117:1.00 72118:1.00 72630:2.00 72933:2.00 72935:1.00 73684:1.00 73879:1.00 74167:2.00 74450:3.00 74451:1.00 74455:1.00 74744:1.00 76207:2.00 76208:1.00 76510:1.00 76511:1.00
commet	73185:1.00
commiss	67555:1.00 68383:1.00 68645:1.00 69534:1.00 70164:1.00 73182:1.00
commun	67553:1.00 67937:2.00 67942:1.00 67945:1.00 68387:1.00 68391:1.00 68639:1.00 68641:1.00 68642:1.00 68645:1.00 68881:2.00 68887:1.00 69536:3.00 69538:1.00 70162:2.00 70163:1.00 70164:1.00 70168:1.00 70429:1.00 70747:1.00 70919:1.00 71357:2.00 71358:2.00 71359:1.00 71362:1.00 71363:1.00 71838:1.00 71845:1.00 72393:3.00 72632:1.00 72937:1.00 73190:1.00 73685:1.00 73877:1.00 73884:1.00 74172:1.00 74173:1.00 74449:1.00 74746:1.00 75459:2.00 75463:1.00 76206:1.00 76207:1.00 76516:1.00
communaut	67803:1.00 67939:1.00 67942:1.00 68275:2.00 68387:1.00 68389:3.00 68638:1.00 68642:1.00 69533:3.00 69811:1.00 70161:2.00 70170:4.00 70420:1.00 70914:1.00 71837:1.00 72934:1.00 72939:2.00 73432:1.00 73434:1.00 73683:2.00 74172:3.00 74174:1.00 75458:1.00 75460:1.00 75466:1.00
communiqu	67386:1.00 67553:1.00
compact	68644:1.00 70747:1.00 71836:1.00 72934:1.00 75067:1.00
compagn	67937:1.00 71357:1.00 71840:1.00 72396:1.00 72629:1.00 72630:2.00 75071:1.00 76510:1.00
compagnon	70421:1.00 71357:1.00 72932:1.00 76509:1.00
compan	73691:1.00
compar	67389:1.00 67391:1.00 67554:1.00 68389:1.00 68390:1.00 68638:1.00 70915:1.00 71843:1.00 72113:2.00 72629:1.00 72932:2.00 73185:1.00 73436:1.00 73879:2.00 75463:1.00 75789:1.00
comparaison	70424:1.00 73185:1.00 73432:1.00
compatibl	67386:1.00 70165:1.00 72635:1.00 73436:1.00 74745:1.00
compens	67555:1.00 68389:2.00 75790:3.00
compil	67387:2.00
compl	67798:4.00 68883:1.00 70166:1.00 70914:1.00 74744:1.00 75793:1.00 76511:1.00
complet	67554:2.00 67557:1.00 67798:2.00 69179:1.00 69541:1.00 69815:1.00 69818:1.00 70161:1.00 70421:1.00 70919:1.00 71359:1.00 71840:1.00 72117:2.00 72392:3.00 72630:1.00 73430:1.00 73431:1.00 73437:1.00 73683:1.00 73686:1.00 74170:1.00 74450:2.00 74745:1.00 75792:2.00 75793:1.00 75794:1.00 76207:1.00
complex	67071:1.00 67386:1.00 67389:1.00 67556:2.00 67802:2.00 68283:1.00 68391:1.00 68393:2.00 68639:1.00 69533:1.00 69537:1.00 70161:1.00 70426:1.00 70914:1.00 71835:1.00 71836:1.00 71837:1.00 71845:1.00 72932:1.00 72937:4.00 73182:1.00 73187:1.00 73683:1.00 73877:2.00 73878:1.00 74451:1.00 74452:1.00 74457:1.00 74744:2.00 74751:1.00 75064:1.00 75067:1.00 75458:1.00 75788:1.00 75789:1.00 75790:1.00 75792:1.00 75794:1.00 75796:1.00 76209:1.00 76210:1.00 76213:1.00
compliqu	67801:3.00 68646:1.00 71614:1.00 71621:1.00 73683:2.00
complètent	73430:1.00
complémentair	67388:1.00 67553:2.00 67555:1.00 67939:1.00 67944:1.00 68644:2.00 68881:1.00 68882:1.00 70915:1.00 71358:1.00 71618:1.00 71836:1.00 73432:1.00 73875:1.00 73884:1.00 75789:3.00 76212:2.00
complémentar	68279:2.00 71358:1.00 71836:2.00
comport	67385:2.00 67554:1.00 67555:1.00 67556:1.00 67557:1.00 67794:2.00 67798:1.00 68390:1.00 68639:2.00 68883:1.00 68886:3.00 69177:1.00 69179:1.00 69182:1.00 69184:1.00 69534:2.00 69820:1.00 70162:1.00 70167:1.00 71357:1.00 71359:2.00 71835:1.00 72113:1.00 72631:1.00 73184:1.00 73683:1.00 74168:2.00 74173:1.00 74751:1.00 75070:1.00 75464:1.00 75790:1.00 75793:1.00 75797:1.00 76213:2.00
comportemental	68277:1.00
comportent	70420:1.00 73183:1.00 75794:1.00
compos	67068:1.00 67383:1.00 67385:1.00 67390:2.00 67554:7.00 67555:1.00 67800:1.00 67802:1.00 67939:1.00 68273:1.00 68280:1.00 68390:7.00 68646:1.00 68881:1.00 68882:1.00 69179:2.00 69818:1.00 70163:1.00 70424:2.00 70425:2.00 70914:2.00 70919:3.00 70921:1.00 71360:1.00 71363:1.00 71618:1.00 71619:1.00 71620:1.00 71839:1.00 71843:2.00 72114:1.00 72116:1.00 72118:2.00 72119:2.00 72397:1.00 72634:1.00 72635:1.00 73184:1.00 73689:1.00 73877:1.00 73880:1.00 74168:3.00 74454:1.00 74750:1.00 75064:7.00 75066:1.00 75070:2.00 75458:1.00 75790:1.00 75793:1.00 75794:2.00 76206:1.00 76210:2.00 76212:1.00 76213:2.00 76507:1.00 76510:1.00 76511:1.00
composent	69178:1.00 69533:1.00
composit	67388:7.00 68280:1.00 68389:1.00 68639:1.00 68644:3.00 69178:1.00 69179:1.00 69534:1.00 69815:1.00 69820:8.00 71361:1.00 71612:1.00 72116:3.00 72397:1.00 74167:3.00 74168:1.00 74452:1.00 75464:1.00 75790:1.00
compr	67068:1.00 67937:3.00 68281:1.00 68386:1.00 69814:1.00 70163:1.00 72630:1.00 73188:1.00 73432:1.00 73688:2.00 74750:1.00 75458:1.00
compren	67555:1.00 67802:1.00 68277:1.00 73430:1.00 75793:1.00
comprend	69186:1.00 70749:1.00 72397:1.00 72934:1.00 73432:1.00 73683:1.00 75458:1.00 75459:1.00 76511:1.00
comprendr	67555:4.00 67557:1.00 67800:1.00 67937:3.00 67939:1.00 67943:1.00 68276:1.00 68638:1.00 68645:1.00 68886:1.00 68889:1.00 69181:1.00 69539:1.00 69811:1.00 69812:1.00 69813:3.00 69816:1.00 70161:2.00 70163:1.00 70424:1.00 70745:2.00 70922:2.00 71359:3.00 71620:1.00 71835:1.00 72115:2.00 72394:2.00 72631:1.00 72932:2.00 72940:2.00 73182:2.00 73183:2.00 73189:1.00 73431:1.00 73432:2.00 73434:1.00 73877:4.00 73878:1.00 73880:1.00 74168:1.00 74451:1.00 74752:1.00 75063:4.00 75069:1.00 75459:1.00 75790:3.00 76206:1.00 76213:2.00 76508:1.00
comprenon	70749:1.00
compress	74745:1.00 74746:1.00
compresseur	74745:1.00
compris	71612:1.00
comprom	69816:1.00
compréhens	67794:1.00 67937:1.00 67942:1.00 68881:1.00 69533:1.00 69811:1.00 69819:1.00 70420:1.00 70426:1.00 70916:2.00 71359:1.00 72113:1.00 73431:2.00 73877:1.00 75788:1.00 76508:1.00
compt	67068:2.00 67071:1.00 67386:1.00 67387:1.00 67553:2.00 67794:3.00 68386:1.00 68387:2.00 68638:1.00 68642:1.00 68643:1.00 68645:1.00 68646:1.00 68885:1.00 68886:1.00 69177:1.00 69183:1.00 69533:3.00 69538:2.00 69812:1.00 69813:1.00 69815:1.00 69817:1.00 70161:1.00 70162:1.00 70163:1.00 70166:1.00 70169:1.00 70421:3.00 70422:2.00 70914:1.00 70916:1.00 70921:1.00 71358:1.00 71361:1.00 71362:1.00 71614:1.00 71616:1.00 71618:1.00 71835:2.00 71841:1.00 72113:2.00 72114:1.00 72392:1.00 72629:1.00 72630:1.00 72633:1.00 72933:2.00 72935:1.00 72936:1.00 73432:1.00 73435:1.00 73684:2.00 73685:2.00 73688:1.00 73875:3.00 73876:1.00 73878:1.00 73879:2.00 74167:3.00 74171:1.00 74450:2.00 74451:1.00 74455:1.00 74744:1.00 74749:2.00 75063:4.00 75066:1.00 75457:1.00 75459:1.00 76207:2.00 76211:2.00 76213:1.00 76507:2.00 76509:2.00
comptabl	68643:1.00 74167:1.00
comptent	70753:1.00 72932:1.00 73186:1.00
compton	70161:1.00
comput	71614:1.00
computational	67945:1.00 68639:4.00
computing	73686:1.00 75796:1.00
compétent	67795:1.00 68279:1.00 68392:1.00 68639:1.00 68885:3.00 69814:1.00 69817:1.00 69820:1.00 70161:2.00 70166:1.00 70420:1.00 70745:1.00 70923:2.00 71359:1.00 71619:1.00 71835:1.00 71837:1.00 71839:1.00 71842:1.00 72116:1.00 72121:1.00 72394:1.00 72634:2.00 72637:1.00 73184:1.00 73185:1.00 73875:2.00 74455:1.00 74745:2.00 74748:1.00 75457:1.00 75461:1.00 76509:1.00
compétit	67383:1.00 67555:1.00 67561:1.00 67795:4.00 67799:1.00 67804:1.00 67946:1.00 68279:1.00 68387:1.00 68393:1.00 68643:1.00 68884:1.00 68885:2.00 69534:1.00 69535:1.00 69812:1.00 69817:1.00 69818:1.00 70162:1.00 70166:2.00 70421:1.00 70428:1.00 70745:3.00 70752:1.00 70914:2.00 70921:1.00 71358:1.00 71359:3.00 71360:1.00 71619:1.00 71842:1.00 71845:1.00 72116:1.00 72396:3.00 72631:1.00 72634:4.00 72637:1.00 72938:1.00 73184:1.00 73430:1.00 73436:1.00 73438:1.00 73685:1.00 73687:1.00 73691:1.00 73879:1.00 74169:1.00 74172:3.00 74176:1.00 74449:1.00 74453:1.00 74455:2.00 74744:1.00 74746:1.00 74749:3.00 75068:1.00 75069:1.00 75462:1.00 75465:1.00 75789:3.00 75795:1.00 75796:1.00 76209:1.00 76507:2.00 76508:1.00 76509:1.00 76511:5.00
comt	67388:1.00 67795:1.00 68279:5.00 68885:6.00 69813:1.00 69817:1.00 70166:1.00 70745:4.00 71842:1.00 72116:2.00 72396:1.00 73184:2.00 74172:1.00 74455:1.00 74749:1.00
comtois	68279:1.00 68885:3.00 70745:2.00 74172:1.00 74455:1.00
concentr	67383:1.00 67941:1.00 68281:2.00 68388:1.00 68645:2.00 69533:2.00 69811:3.00 70425:2.00 70916:1.00 70920:1.00 71359:1.00 71361:1.00 71837:1.00 71838:1.00 72397:1.00 72633:1.00 72634:1.00 73183:1.00 74450:1.00 75792:1.00
concentrent	69535:1.00
concept	67068:3.00 67383:1.00 67386:1.00 67554:1.00 67796:1.00 67939:1.00 68276:1.00 68279:1.00 68638:2.00 68640:1.00 68881:1.00 68885:1.00 69178:2.00 69538:2.00 69539:1.00 69541:2.00 69820:1.00 70163:1.00 70165:1.00 70421:1.00 70747:1.00 70914:3.00 70918:1.00 71359:1.00 71361:1.00 71362:2.00 71614:1.00 71617:8.00 71835:2.00 71836:1.00 71839:1.00 71845:5.00 72119:1.00 72393:1.00 72637:1.00 72934:1.00 73687:2.00 73689:1.00 73875:3.00 73879:1.00 73882:1.00 74168:1.00 74751:5.00 75064:4.00 75070:1.00 75464:1.00 75789:1.00 76208:1.00 76508:1.00 76511:1.00 76512:1.00 76513:1.00 76514:1.00
concepteur	69178:1.00 70164:1.00 70914:1.00 73187:1.00 73876:1.00 74450:1.00 75064:3.00
conceptuel	69813:1.00
concern	67071:1.00 67387:1.00 67388:1.00 67555:2.00 67556:1.00 67939:1.00 67942:1.00 68273:1.00 68279:3.00 68383:1.00 68889:1.00 69178:1.00 69186:2.00 69533:2.00 69535:1.00 69536:2.00 69813:1.00 69816:1.00 70162:1.00 70169:1.00 70428:1.00 70745:1.00 70749:1.00 70914:1.00 70915:1.00 71360:1.00 71361:1.00 71615:1.00 71617:1.00 71621:1.00 71835:1.00 72393:2.00 72396:1.00 73187:1.00 73431:2.00 73683:1.00 73684:1.00 74167:1.00 74169:1.00 75458:4.00 75464:1.00 76207:1.00 76213:1.00 76507:2.00 76511:1.00
concernent	67385:1.00 67937:2.00 69815:1.00 73182:1.00 73875:1.00 74745:1.00 74751:1.00
concess	68383:1.00 73687:1.00
concevoir	67071:1.00 67557:1.00 68274:1.00 68276:1.00 68280:1.00 68638:1.00 68644:1.00 69538:1.00 69539:1.00 70425:1.00 70744:1.00 70747:1.00 71359:3.00 71620:1.00 72114:2.00 72392:1.00 72630:1.00 72634:1.00 72934:1.00 73431:2.00 73683:1.00 73879:1.00 74167:1.00 74169:1.00 74455:1.00 74744:1.00 74745:1.00 74749:1.00 75063:1.00 75069:1.00 75070:2.00 75466:1.00 75792:2.00 76210:1.00 76213:1.00 76512:2.00
concevon	71614:1.00
conchyculteur	74170:1.00
concili	68283:1.00 72932:1.00 74749:1.00
concitoyen	68383:1.00
conclu	70920:1.00
concluent	67794:1.00
conclus	68645:1.00 69184:1.00 69533:2.00 69538:1.00 70164:1.00 70166:1.00 72117:1.00 72630:1.00
conclut	67068:1.00 67071:1.00 68882:1.00 70749:1.00 71612:1.00 71621:1.00 71837:1.00 72392:1.00 73184:1.00 73430:1.00 73875:1.00 73876:1.00 74169:1.00 74450:1.00 75789:1.00 76206:1.00
concombr	71621:1.00
concour	69536:1.00 71358:1.00 71614:1.00 72394:1.00 72401:1.00 72932:1.00 73190:1.00 73438:1.00 73683:1.00 73684:1.00 73689:3.00 73878:1.00 75066:6.00 75457:1.00 75458:1.00 75459:1.00 75797:1.00 76207:2.00 76212:3.00 76509:1.00
concret	68383:1.00 68391:1.00 68881:1.00 69541:1.00 70921:1.00 71845:1.00 73435:1.00 75457:2.00
concrétis	67068:1.00 68881:1.00 70921:1.00 72392:1.00 74172:1.00
concrétisent	68643:1.00
concurrenc	68280:1.00
concurrent	67553:1.00 69177:1.00 69535:1.00 70161:1.00 71359:1.00 72633:1.00 72634:1.00 74167:5.00 74455:1.00 74749:1.00 76211:1.00
concurrentiel	70753:1.00
cond	73875:1.00 74449:1.00
condens	67939:1.00 73188:1.00
condit	67385:2.00 67794:1.00 67939:1.00 68385:1.00 68388:1.00 68389:1.00 68643:1.00 68887:1.00 69182:2.00 69183:1.00 69534:1.00 69817:2.00 69821:1.00 70161:1.00 70420:5.00 70421:1.00 70743:4.00 70748:1.00 70916:1.00 71617:1.00 72394:1.00 72629:1.00 72631:1.00 72933:1.00 72934:1.00 72939:1.00 73185:1.00 73432:1.00 73435:1.00 73684:1.00 73687:1.00 73877:1.00 74168:4.00 74744:1.00 75067:1.00 75789:1.00 76213:1.00 76508:1.00 76516:1.00
condition	67390:1.00 68273:1.00 72116:1.00 72120:2.00 72392:2.00 75069:1.00
conditionneur	72120:1.00
conduct	69186:1.00 72934:1.00 75794:1.00
conducteur	67383:1.00 69814:4.00 72635:2.00 72933:1.00 74451:1.00 75070:2.00 75794:1.00
conductric	70167:2.00
conduir	67937:1.00 68279:1.00 68390:1.00 69812:1.00 70745:1.00 71357:1.00 71362:1.00 71843:1.00 72114:1.00 72937:1.00 73186:1.00 73188:1.00 73435:1.00 74168:2.00 74749:1.00 75063:2.00 75064:1.00 75068:1.00 75069:1.00 75792:1.00 75794:1.00 76511:1.00
conduis	73184:1.00 74453:1.00
conduisent	70745:1.00 74168:1.00
conduit	67389:1.00 67555:1.00 67556:1.00 67802:2.00 67940:2.00 68387:1.00 68638:1.00 68882:2.00 69179:1.00 69538:1.00 69821:1.00 70749:1.00 70917:1.00 70918:1.00 71357:1.00 71363:1.00 71839:1.00 72113:1.00 72114:1.00 72115:1.00 72395:1.00 72398:1.00 72630:4.00 72633:1.00 72634:2.00 72934:1.00 72935:1.00 72937:1.00 73184:1.00 73185:1.00 73430:1.00 73432:1.00 73434:1.00 73436:1.00 73683:1.00 73876:1.00 73878:1.00 74168:2.00 74449:1.00 74752:1.00 75069:1.00 75793:1.00 76206:1.00 76210:1.00 76213:1.00 76511:4.00
conf	70746:1.00
confer	71612:1.00
conferent	67945:2.00 72393:1.00 72396:1.00
confi	67941:1.00 68643:1.00 69179:1.00 70923:1.00 73182:1.00 74169:1.00
confianc	67798:1.00 76207:1.00
confidential	74744:1.00
confient	73685:1.00
configur	68884:1.00 69178:1.00 71357:1.00 74168:4.00
confin	70420:1.00 72932:1.00 74168:2.00 75064:1.00
confirm	67794:1.00 67801:1.00 68643:1.00 69533:1.00 69811:1.00 69814:1.00 70424:1.00 70918:1.00 71617:1.00 72396:1.00 72932:1.00 73434:1.00 73683:2.00 76511:1.00
confirment	67388:2.00 69533:2.00 76511:1.00
conflit	74457:2.00
confondr	75458:1.00
confondu	68276:1.00 71842:1.00
conform	69539:1.00 70169:1.00 70915:1.00 76207:1.00
confort	67554:1.00 71836:1.00 72394:1.00 75066:1.00
confrer	72932:1.00
confront	67389:1.00 67553:1.00 67794:1.00 67938:1.00 68882:3.00 69534:1.00 70161:1.00 70421:1.00 70921:2.00 71359:1.00 71621:1.00 72396:1.00 72398:1.00 72629:1.00 73182:1.00 73683:1.00 73877:1.00 74167:3.00 74168:1.00 74173:1.00 74455:1.00 75458:1.00 76509:1.00
confronton	68643:1.00
conférenci	69820:1.00
conférent	67071:1.00 67392:2.00 67804:4.00 67940:2.00 68387:1.00 68881:1.00 68889:1.00 69177:1.00 69543:1.00 69820:5.00 70164:1.00 70169:2.00 70170:2.00 70752:1.00 70914:1.00 71835:1.00 71837:1.00 72120:1.00 72122:1.00 72393:2.00 72398:1.00 72631:1.00 72932:2.00 72937:1.00 73438:1.00 73685:1.00 73880:1.00 73883:5.00 73884:1.00 74175:2.00 74176:1.00 74456:1.00 74752:1.00 75457:1.00 75465:2.00 76509:1.00 76512:1.00 76515:1.00 76516:3.00
cong	71835:1.00
congel	68390:2.00
congo	73684:1.00
congres	69820:1.00 70166:1.00 72116:1.00 72120:2.00 72396:1.00 72932:1.00 72937:4.00 73685:1.00 73882:3.00 74449:1.00 74456:1.00 75459:2.00 75462:3.00 76209:1.00 76509:1.00 76511:1.00 76515:1.00
congress	72932:1.00
congéner	72632:1.00
congénital	73686:1.00
coniqu	67939:1.00
conjoint	67939:2.00 68645:1.00 69177:1.00 70914:1.00 71838:1.00 72637:1.00 72933:1.00 73876:1.00 75793:1.00
conjonct	67383:1.00
conjugu	74167:1.00
connaiss	67383:1.00 67794:1.00 67795:1.00 67937:1.00 67945:1.00 68275:1.00 68281:1.00 68881:2.00 68885:1.00 68886:1.00 69534:2.00 69536:1.00 69540:1.00 69541:1.00 69813:1.00 69816:1.00 69821:1.00 70170:1.00 70424:1.00 70429:1.00 70748:1.00 71359:1.00 71614:1.00 71845:1.00 72114:1.00 72395:1.00 72397:1.00 72398:1.00 72629:1.00 72630:2.00 72632:2.00 72940:2.00 73182:1.00 73185:2.00 73432:1.00 73434:1.00 73876:1.00 73879:1.00 73881:2.00 74751:1.00 75063:4.00 75460:1.00 75790:1.00 75792:1.00 76206:1.00 76211:1.00 76213:1.00
connaissent	67794:1.00 68387:1.00 70916:1.00 73875:1.00 74172:1.00 76507:1.00
connaisseur	67068:1.00 68643:1.00
connaisson	72396:1.00 76213:1.00
connaît	67937:1.00 70166:1.00 70169:1.00 72114:1.00 72115:1.00 72116:1.00 73182:1.00 73430:1.00 73878:1.00 74167:1.00 74457:1.00 75457:1.00 76206:1.00
connaîtr	67387:1.00 67939:2.00 68881:1.00 68885:1.00 68886:1.00 70421:1.00 70916:1.00 70919:1.00 71618:1.00 72113:1.00 72401:1.00 73183:1.00 73431:1.00 73685:1.00 73876:1.00 73884:1.00 74455:1.00 74752:1.00 75069:1.00 75788:1.00
connect	67554:2.00 70162:1.00 71359:1.00 75068:1.00 75791:1.00 75797:1.00 76209:2.00
connected	73884:1.00
connecting	73438:3.00
connex	67554:2.00 67946:3.00 74750:1.00
connexion	67554:2.00 70914:1.00
connu	67556:2.00 67800:1.00 67937:1.00 68388:1.00 68390:1.00 69184:1.00 69540:1.00 69819:1.00 70161:1.00 70166:1.00 70421:1.00 70744:1.00 71835:1.00 72115:1.00
connus	67801:1.00 68388:1.00 68643:1.00 69186:1.00 73878:1.00
conquer	76512:1.00
conqui	75070:1.00
conquêt	72396:1.00 76209:1.00
consacr	67937:1.00 67942:2.00 67945:1.00 68276:1.00 68885:2.00 69534:2.00 69811:2.00 70748:1.00 70749:1.00 71357:2.00 71840:1.00 72121:1.00 72932:2.00 72937:1.00 73882:1.00 74749:1.00 74751:2.00 75457:1.00 76514:1.00
consacrent	67554:1.00
conscienc	67553:1.00 67938:1.00 70161:2.00 73876:1.00 75458:1.00
conscient	70749:1.00 74455:1.00 75458:2.00
conseil	67391:1.00 67553:1.00 67798:1.00 68277:2.00 68283:1.00 68640:1.00 68643:2.00 68885:1.00 69177:1.00 69182:1.00 69535:1.00 70420:1.00 70422:1.00 70749:1.00 71358:1.00 71360:1.00 71361:1.00 71366:1.00 72113:1.00 72394:1.00 72395:1.00 72629:4.00 73185:1.00 73434:1.00 73687:1.00 74172:2.00 74176:1.00 74749:1.00 76211:2.00 76508:1.00 76509:1.00 76515:2.00
conseiller	68274:1.00 71621:1.00
conserv	67388:1.00 67557:1.00 67558:1.00 68273:5.00 68882:2.00 70161:1.00 70914:1.00 71842:1.00 72634:1.00 73683:2.00 73877:1.00 73881:1.00 74167:1.00 75065:1.00 75066:1.00 75458:1.00 76209:1.00 76511:1.00
conservatoir	69812:1.00 72115:1.00
consid	76209:1.00 76511:1.00
consider	67556:1.00 67794:1.00 67801:1.00 68275:1.00 68389:1.00 70421:1.00 70916:1.00 70921:1.00 71357:1.00 71619:1.00 72114:1.00 72115:1.00 72394:1.00 72400:1.00 72629:2.00 72635:1.00 72637:1.00 72932:1.00 72934:4.00 73185:2.00 73188:1.00 73433:1.00 73877:1.00 74167:1.00 74175:1.00 74457:1.00 75788:1.00 76206:1.00 76208:1.00 76213:1.00
consign	68883:1.00
consist	67388:2.00 67390:1.00 67800:1.00 67802:1.00 67937:1.00 68391:1.00 68643:1.00 69813:1.00 70161:1.00 70424:1.00 70916:1.00 70918:1.00 70920:1.00 71357:1.00 72397:1.00 72630:2.00 73431:1.00 73436:2.00 73685:1.00 73875:1.00 73880:1.00 74168:1.00 74450:1.00 74750:1.00 75462:1.00 75463:1.00 75793:2.00 76211:1.00 76508:2.00
consol	72401:1.00
consolid	72396:4.00 75063:1.00 76510:1.00
consomm	67386:1.00 67554:2.00 67555:6.00 67557:6.00 67794:4.00 68387:3.00 68642:1.00 68882:5.00 68884:1.00 69179:1.00 69534:6.00 69535:2.00 69814:1.00 69818:1.00 70428:1.00 71357:1.00 71366:1.00 71615:2.00 71617:1.00 72393:1.00 72637:2.00 73188:1.00 74169:1.00 74449:2.00 74455:1.00 74457:1.00 74744:2.00 74745:1.00 75069:3.00 75460:1.00 75792:1.00 75793:8.00 75795:1.00 76206:1.00 76209:3.00 76507:1.00 76509:1.00 76511:2.00 76512:4.00 76514:1.00
consomment	67555:2.00 68388:1.00 75069:1.00 75458:1.00 76209:1.00
consortium	69181:1.00 70163:1.00 70424:2.00 72121:1.00 72394:1.00 72934:1.00 73184:1.00 74453:3.00 74745:1.00 75065:2.00
const	67554:1.00 68281:1.00 73431:1.00 74749:1.00 75459:1.00 76507:1.00
constat	67553:1.00 67555:2.00 67794:1.00 67801:1.00 67937:1.00 67938:3.00 67939:1.00 68275:1.00 68383:4.00 68387:1.00 68389:1.00 68643:1.00 68885:1.00 69811:1.00 70161:1.00 70166:1.00 70421:1.00 70422:1.00 70917:1.00 72115:2.00 72939:1.00 73182:1.00 73430:1.00 74171:1.00 74449:2.00 74450:1.00 74455:1.00 75457:1.00 76213:2.00
constatent	68383:1.00 73685:1.00
constellium	73687:1.00
constitu	67387:1.00 67390:1.00 67795:1.00 67797:1.00 67800:1.00 67801:1.00 67941:1.00 67944:1.00 68277:1.00 68280:1.00 68387:1.00 68390:1.00 68638:1.00 68882:1.00 68885:1.00 69178:1.00 69179:1.00 69183:1.00 69537:1.00 70162:1.00 70163:1.00 70167:1.00 70420:1.00 70425:2.00 70426:1.00 70746:2.00 70919:1.00 70921:1.00 71836:2.00 71842:1.00 72114:1.00 72116:1.00 72119:1.00 72393:1.00 72397:1.00 72634:1.00 72635:1.00 72940:1.00 73188:1.00 73432:1.00 73434:1.00 73683:1.00 73684:1.00 73877:1.00 73878:1.00 73879:1.00 74449:1.00 74453:1.00 74454:3.00 74746:1.00 75065:2.00 75070:1.00 75458:1.00 75459:1.00 75465:1.00 75789:1.00 76213:1.00
constituent	67071:1.00 67558:2.00 67937:1.00 68389:1.00 68642:1.00 70919:1.00 71357:1.00 71612:1.00 72114:1.00 72632:1.00 73683:1.00 73684:1.00 74167:2.00 74747:1.00
construct	67798:1.00 67803:1.00 67943:3.00 68386:1.00 68638:1.00 69178:1.00 69181:1.00 70161:1.00 70915:1.00 71619:1.00 71835:1.00 72629:1.00 72634:1.00 73432:1.00 73683:13.00 73875:4.00 73883:2.00 74168:1.00 75063:2.00 76509:1.00
constructeur	67386:1.00 68639:1.00 70748:3.00 72399:1.00 74745:1.00 75796:1.00
constructibil	73883:2.00
construir	67387:1.00 69817:2.00 70161:1.00 70169:1.00 72637:1.00 73182:1.00 73185:2.00 73683:3.00 75064:1.00 75070:1.00
construisent	70167:1.00 71842:1.00
construison	74749:1.00
construit	67797:1.00 68638:1.00 68643:1.00 69535:1.00 69540:1.00 69811:2.00 70161:1.00 70163:2.00 70914:1.00 71357:1.00 71359:2.00 71842:1.00 72936:1.00 73683:2.00 74167:1.00
consult	68643:1.00 69185:1.00 69535:1.00 70164:1.00 72932:1.00 73430:1.00
consum	67557:1.00
conséquent	67391:1.00 67553:1.00 67554:1.00 67800:1.00 67938:1.00 67939:2.00 68274:1.00 68279:1.00 68645:1.00 68882:2.00 68885:1.00 69184:1.00 69533:1.00 69539:1.00 69812:1.00 70421:1.00 70424:1.00 70429:1.00 70916:1.00 70918:1.00 71357:1.00 71366:1.00 71617:2.00 71621:1.00 72118:1.00 72392:2.00 72631:1.00 72935:1.00 72940:1.00 73432:1.00 73877:1.00 74169:1.00 74453:1.00 74455:1.00 75067:1.00 75789:1.00 76514:1.00
contact	67390:2.00 67553:2.00 67556:1.00 67937:1.00 68274:2.00 68643:1.00 69183:1.00 69819:2.00 70167:1.00 70421:6.00 70422:5.00 70921:1.00 71612:1.00 71614:1.00 72396:1.00 72397:1.00 72635:1.00 72932:1.00 73185:1.00 74168:1.00 74172:1.00 74173:1.00 74749:1.00 74750:1.00 75791:5.00 76514:2.00
contamin	68388:3.00 70745:1.00 76514:1.00
contaminent	68388:1.00
conten	67388:1.00 67391:1.00 68388:1.00 68391:1.00 70751:1.00 72934:1.00 74750:1.00 75065:1.00
conteneur	70162:1.00
content	70161:1.00 70422:1.00 71617:1.00 73876:1.00 73877:1.00 74167:1.00 75458:1.00
contenu	67387:1.00 67939:1.00 69535:1.00 70424:1.00 71359:1.00 73184:1.00 75462:1.00 76209:2.00 76213:2.00
contenus	71359:4.00 71619:1.00
contest	68882:1.00 73185:1.00 73190:1.00
context	67388:1.00 67390:1.00 67553:1.00 67554:1.00 67557:1.00 67794:1.00 67798:1.00 67801:1.00 67939:1.00 68275:1.00 68278:1.00 68383:1.00 68385:1.00 68642:1.00 68881:1.00 68882:2.00 69177:1.00 69178:1.00 69184:1.00 69534:1.00 69535:1.00 69538:1.00 69813:1.00 69814:1.00 69818:1.00 70162:2.00 70426:1.00 70429:1.00 70745:2.00 70746:1.00 70916:1.00 71357:1.00 71359:1.00 71363:1.00 72113:1.00 72392:1.00 72629:1.00 72631:2.00 72632:1.00 72635:1.00 72938:1.00 73182:1.00 73184:1.00 73431:1.00 73434:1.00 73688:1.00 73876:1.00 73877:1.00 74169:1.00 74452:1.00 74747:1.00 74749:1.00 74751:1.00 75063:2.00 75066:1.00 75457:1.00 75463:1.00 75793:1.00 75794:1.00 76206:1.00 76207:1.00 76211:1.00 76507:2.00 76508:1.00 76516:1.00
contiennent	70746:1.00
contient	67388:1.00 67391:1.00 73431:1.00 73879:1.00
continent	68274:1.00 69821:2.00 70920:1.00 71838:1.00 73684:1.00 73875:1.00 75458:1.00 75463:1.00
continental	67939:1.00 68388:1.00 70916:1.00 71621:1.00 73434:1.00 73880:2.00
contingent	75459:1.00
continu	67388:1.00 67553:1.00 68882:1.00 68883:1.00 69178:1.00 69811:3.00 70420:1.00 71617:1.00 71835:1.00 71842:1.00 72114:1.00 72118:1.00 72631:1.00 72637:1.00 73437:3.00 73687:1.00 73688:1.00 74170:1.00 74751:1.00 75067:1.00 75789:1.00 76208:1.00 76511:1.00
continus	70746:1.00
continuum	70745:1.00 72631:1.00
contour	67939:1.00
contourn	76210:1.00
contr	67798:1.00 67937:3.00 68388:2.00 69536:7.00 69813:4.00 69816:1.00 70746:1.00 71835:1.00 72632:5.00 72635:1.00 72933:1.00 72935:2.00 73183:1.00 73430:1.00 73877:1.00 74449:1.00 74453:2.00 74746:1.00 74749:3.00 75067:2.00 75458:3.00 76207:2.00 76510:1.00 76511:2.00
contract	72115:1.00 73882:1.00
contradictoir	68283:1.00 69184:1.00
contraint	67387:1.00 68280:1.00 68882:7.00 69182:1.00 69534:1.00 69812:2.00 70163:1.00 70420:1.00 70421:1.00 70747:1.00 71362:1.00 71614:1.00 71618:1.00 72394:2.00 72399:1.00 72630:1.00 73185:1.00 74167:1.00 75067:1.00
contrair	67383:2.00 67558:1.00 68882:1.00 69813:1.00 71357:1.00 72631:1.00 72932:1.00 74167:1.00 74451:1.00 75458:1.00 76206:1.00
contrast	71357:4.00 72115:2.00 73189:1.00
contrat	67796:3.00 67798:1.00 68279:1.00 68385:1.00 68392:1.00 68643:2.00 69541:1.00 71361:2.00 72114:1.00 72629:3.00 72630:1.00 73685:2.00 73875:1.00 74746:1.00 75457:1.00 75464:1.00
contrecarr	73184:1.00
contribu	67388:1.00 67553:1.00 67798:1.00 67937:1.00 68276:1.00 68278:1.00 68885:1.00 69177:1.00 69179:2.00 69181:1.00 69184:1.00 69538:1.00 69814:1.00 69818:1.00 70161:1.00 70916:1.00 71363:1.00 71620:1.00 71840:1.00 72398:1.00 72401:1.00 73182:1.00 73430:1.00 73431:1.00 73880:1.00 73883:1.00 74453:1.00 74746:2.00
contribuent	68383:1.00 68885:1.00 70916:1.00 71842:1.00
control	67945:1.00
controvers	74457:6.00
contrôl	67068:1.00 67390:5.00 67557:1.00 67558:1.00 67800:5.00 67802:2.00 67939:1.00 67945:1.00 68273:7.00 68390:7.00 68885:5.00 69178:2.00 69180:1.00 69182:1.00 69183:1.00 69817:2.00 70162:1.00 70420:2.00 70423:1.00 70747:1.00 71837:1.00 71840:1.00 71841:1.00 72119:3.00 72392:1.00 72635:3.00 72938:1.00 73187:2.00 73435:1.00 73685:1.00 73687:1.00 73879:1.00 74167:2.00 74168:2.00 74171:1.00 74751:1.00 75067:2.00 75459:1.00 75794:3.00 76207:1.00 76210:1.00 76516:1.00
contrôlent	72115:1.00
convaincr	72634:1.00 72939:1.00 73185:1.00 73689:1.00 74450:1.00
convaincu	70161:1.00 71614:1.00 71842:1.00 72114:1.00 72116:1.00 74455:1.00
convaincus	74169:1.00 74173:1.00
convect	73688:2.00
convent	67553:1.00 67795:1.00 68384:1.00 68888:1.00 69180:1.00 69536:3.00 70170:1.00 71362:1.00 72396:1.00 72936:1.00 73685:1.00 73884:1.00 75795:1.00
conventionnel	68644:1.00 69814:1.00
convenu	73684:1.00
convergent	71359:1.00 71360:1.00 72122:1.00 74748:1.00
convers	68279:1.00 73436:2.00 76508:1.00
conversationnel	75063:1.00
convert	69537:1.00 69539:1.00 69814:1.00
convict	73184:1.00 75793:1.00
convivial	67937:1.00
convoi	70420:1.00
convoit	73683:1.00
convoyeur	69182:1.00 70420:1.00
conçoit	70165:1.00 71616:1.00 71840:1.00 72933:1.00 74450:1.00 74451:1.00 74454:1.00 74455:1.00
conçoivent	72939:1.00
conçu	67383:1.00 67385:1.00 67390:1.00 67554:1.00 67795:1.00 67798:1.00 67939:1.00 68392:1.00 68881:1.00 68883:1.00 69177:1.00 69540:1.00 70162:2.00 70163:2.00 70423:1.00 70425:1.00 70744:1.00 70914:1.00 71614:1.00 71619:1.00 72114:1.00 72630:2.00 72635:1.00 73183:1.00 73187:1.00 73684:1.00 74170:1.00 74171:1.00 74454:1.00 74744:1.00 74745:1.00 74746:1.00 75063:1.00 75066:1.00 76207:1.00 76208:1.00 76507:1.00 76510:1.00
conçus	67554:1.00 68640:1.00 69814:1.00 70420:1.00 70423:1.00 70424:1.00 71836:1.00 72114:1.00 72630:1.00 74455:1.00 74751:1.00 75069:1.00 76508:1.00
cook	71359:1.00 72629:1.00
coop	71842:1.00
cooper	67553:1.00 67555:1.00 67794:1.00 67795:1.00 67939:7.00 67945:1.00 68279:4.00 68392:1.00 69177:1.00 69179:1.00 69535:1.00 69536:1.00 69814:1.00 70914:1.00 71361:1.00 71362:1.00 71842:1.00 72393:2.00 72394:1.00 72396:2.00 72630:2.00 73434:1.00 74169:2.00 74450:1.00 75458:1.00 76511:1.00 76512:2.00
coordin	67388:2.00 67555:2.00 68642:1.00 69181:1.00 70163:1.00 70422:3.00 72118:1.00 72933:1.00 73184:1.00 73186:1.00 73683:1.00 74449:2.00 75069:1.00 75790:1.00
coordon	67071:1.00 67386:1.00 67801:1.00 68642:1.00 68882:1.00 68887:1.00 69181:1.00 69534:2.00 69812:1.00 70162:1.00 70163:1.00 70164:1.00 70428:1.00 70749:1.00 70916:2.00 70918:1.00 71359:1.00 71838:1.00 72394:1.00 72934:1.00 72938:1.00 73688:1.00 75068:1.00 75069:1.00 75789:1.00 75790:2.00 75794:1.00
cop	73431:1.00
copenhagu	74175:1.00
copolymer	70423:2.00
copp	72114:2.00
coqu	69542:1.00 73430:1.00
coqueugniot	73431:5.00
coquill	75460:3.00
cor	72396:3.00 74168:1.00 74455:1.00 75064:1.00
cord	71612:1.00
cordi	68643:1.00
corinn	73185:1.00
corino	76511:1.00
coriol	72398:1.00
corn	68641:5.00
cornet	71357:3.00
coronograph	70163:2.00
corp	67068:3.00 68383:1.00 69179:1.00 69539:1.00 70429:1.00 71835:1.00 72631:1.00 73435:1.00 73878:2.00 74749:1.00 76213:1.00
corpusculair	69178:1.00
correct	67556:1.00 72395:1.00
correl	67390:1.00 67798:1.00 68646:1.00 75788:1.00
correspond	68383:1.00 69535:1.00 69540:1.00 70744:1.00 71612:1.00 72394:1.00 73190:1.00 73683:1.00 74169:1.00 74457:1.00 76510:1.00
correspondent	68643:1.00 69816:1.00 70420:1.00 75793:1.00
corrig	68279:1.00 68644:1.00 71838:1.00
cors	68884:5.00 70916:1.00
corteg	71837:1.00
cortex	68388:2.00 73877:1.00
cortico	68646:1.00
corv	75458:1.00
corvaj	69179:1.00
coréen	72629:1.00 73878:1.00
cosmet	67558:3.00 67946:2.00 70166:2.00 72118:1.00 72630:3.00 73433:1.00 73685:1.00 74744:6.00 74750:1.00 75067:1.00 75458:1.00
cosmetic	67946:1.00 72120:1.00
cosmeto	76209:2.00
cosmiqu	73186:5.00 73688:1.00
cosmolog	69178:1.00
cosmétolog	67946:3.00
cot	73683:1.00 75789:1.00
cou	72117:1.00
couch	67554:1.00 67939:1.00 68883:1.00 69811:1.00 70746:1.00 70918:3.00 72114:1.00 74744:2.00 76511:1.00
coucous	75458:1.00
coul	67938:1.00 68276:1.00 71835:2.00 72113:1.00 72634:1.00
couleur	68280:2.00 69539:2.00 70162:1.00 71836:3.00 72114:1.00 72630:1.00 73430:1.00
council	68386:3.00 68888:1.00 71615:1.00 72113:1.00
coup	67800:1.00 67937:1.00 68274:1.00 68279:1.00 69177:1.00 70747:1.00 71617:1.00 71835:1.00 72932:1.00 73431:2.00 73683:1.00 74167:1.00 74170:3.00 74450:1.00 74750:1.00 75066:1.00
coupl	67938:1.00 68275:1.00 68639:1.00 69178:1.00 69182:1.00 69533:1.00 70163:1.00 72115:1.00 72394:1.00 73878:1.00
couplag	67385:1.00 69178:1.00 69183:1.00 69186:1.00 71363:1.00
coupur	76510:1.00
cour	67553:1.00 67798:1.00 67800:1.00 67801:1.00 67937:1.00 67941:1.00 68274:1.00 68277:1.00 68881:1.00 69177:1.00 69540:1.00 69812:1.00 70162:1.00 70167:1.00 70920:1.00 71612:1.00 72397:1.00 72634:2.00 72635:3.00 72933:1.00 72936:1.00 73188:2.00 73432:1.00 73434:1.00 73685:1.00 74450:1.00 74455:1.00 74749:1.00 75070:2.00 75461:1.00 76210:1.00
courag	71835:1.00
courb	72114:1.00
courbur	67390:1.00
coureaud	75790:1.00
coureur	73876:1.00
couron	67938:2.00 69177:1.00
courron	67794:1.00
cours	67938:1.00 71357:1.00 72396:1.00 72932:1.00 73876:1.00 74167:2.00 74170:1.00 75070:1.00 76212:1.00 76213:1.00
court	67554:2.00 67939:1.00 69540:1.00 70747:1.00 70915:1.00 71366:1.00 71617:1.00 71835:1.00 72934:2.00 73184:1.00 76209:1.00
cous	69540:1.00
cousu	73683:2.00
cousus	73683:1.00
couvercl	68273:3.00
couvert	69537:2.00 69811:1.00 70916:1.00 73185:1.00 75462:1.00 75463:1.00
couvertur	67794:1.00 68275:2.00 71835:1.00 73432:1.00 75789:2.00
couvr	67555:1.00 68386:1.00 68392:1.00 68881:1.00 68885:2.00 69812:1.00 70162:3.00 70753:1.00 71357:1.00 72113:1.00 72120:1.00 72629:1.00 73434:1.00 73683:1.00 74749:2.00 76508:1.00
couvrent	67553:1.00 71612:1.00 72113:1.00 72637:1.00 72939:1.00
cov	71616:1.00
covari	69537:1.00
coventry	71614:1.00
coïncid	73688:1.00
coût	67385:1.00 67386:2.00 67554:5.00 67801:1.00 67942:1.00 68383:1.00 68645:1.00 68881:2.00 68883:1.00 69177:1.00 71357:1.00 71614:2.00 71840:1.00 72118:1.00 72933:1.00 72934:2.00 72939:1.00 73435:1.00 73683:1.00 74451:1.00 74457:1.00 74747:1.00 75069:1.00 76207:1.00 76208:1.00 76213:1.00 76510:1.00
coûtent	76508:1.00
coûteux	67554:1.00 67801:2.00 68280:1.00 68390:1.00 72934:1.00 73436:1.00 75460:1.00
cpa	68638:1.00
crayon	72932:1.00
crci	72396:1.00
cre	71358:1.00
creath	70166:8.00
crech	67555:2.00 72932:2.00
cred	68383:1.00 74749:1.00 76208:1.00
creus	67944:1.00
creusot	71619:1.00
creux	73183:1.00
cri	70915:1.00 73430:1.00
criblag	68277:1.00 69539:1.00 72115:1.00
criminal	76207:2.00
criquet	67937:1.00
cris	67938:2.00 70162:7.00 70166:1.00 71357:1.00 71836:1.00 72939:1.00 73432:1.00 74453:2.00
cristal	68390:6.00 68391:4.00 69539:1.00 76210:1.00
cristallin	68390:1.00 68391:2.00 72114:1.00
cristallis	74746:1.00
criter	70920:1.00 71361:2.00 71612:1.00 72113:1.00 75458:1.00 76207:1.00 76513:1.00
critiqu	67937:1.00 68642:1.00 68882:1.00 69178:5.00 73684:2.00 74168:1.00 75788:1.00 76207:2.00
croi	70161:1.00 73430:1.00
croir	67068:1.00 67798:1.00 67938:1.00 69813:1.00 70420:1.00 71359:1.00 72932:1.00 73876:2.00 74167:1.00 74455:1.00 75063:1.00
crois	67795:1.00 68387:1.00 70745:1.00 71359:1.00 71835:1.00 72113:1.00 72631:1.00 73884:1.00 74167:1.00 74455:1.00 75063:2.00
croisi	71617:1.00
croiss	67071:1.00 67553:1.00 67794:1.00 68638:1.00 73685:2.00 74751:1.00 75793:1.00
croissanc	67385:3.00 67800:1.00 67802:1.00 68383:1.00 68385:1.00 68390:6.00 68886:1.00 69177:1.00 69811:1.00 70917:1.00 71360:1.00 71617:1.00 71618:1.00 71837:1.00 71840:2.00 72114:2.00 72396:1.00 72633:1.00 73431:2.00 73433:1.00 73438:1.00 73685:1.00 73879:1.00 74450:1.00 74746:1.00 75458:1.00 75461:1.00 75465:2.00 75466:1.00 75795:1.00 76210:1.00
croit	75793:1.00
crop	69538:1.00
croquet	68388:1.00
croîtr	67553:1.00 69535:1.00 72392:1.00 72631:1.00 72938:1.00 74450:1.00 74745:1.00
croût	73880:1.00
cru	67937:1.00 70916:3.00 70917:1.00 76209:2.00
crucial	68642:1.00 69178:1.00 69811:1.00 69820:1.00 73878:1.00
crus	73877:1.00
crust	75066:1.00
crustac	75066:1.00
crvm	75064:1.00
cryosat	73880:4.00
cryospher	73880:1.00
cryptograph	70747:1.00
crânien	67801:6.00 71614:1.00
cré	67068:4.00 67071:1.00 67383:2.00 67553:1.00 67795:1.00 67798:1.00 67803:2.00 67804:1.00 67938:1.00 67944:1.00 68273:1.00 68383:1.00 68384:1.00 68392:1.00 68393:1.00 68638:1.00 68639:1.00 68642:1.00 68643:1.00 68646:1.00 68881:4.00 68888:1.00 69180:1.00 69181:1.00 69540:2.00 69541:1.00 69812:1.00 69814:1.00 69818:1.00 70162:3.00 70166:1.00 70422:1.00 70424:1.00 70748:1.00 70919:1.00 70921:1.00 71358:3.00 71360:1.00 71362:1.00 71614:2.00 71616:1.00 71619:1.00 71621:1.00 71840:2.00 71841:1.00 72113:1.00 72117:1.00 72118:1.00 72392:1.00 72398:1.00 72629:4.00 72630:1.00 72633:1.00 72637:1.00 72936:1.00 72937:1.00 72939:1.00 73182:2.00 73184:1.00 73185:1.00 73430:3.00 73432:1.00 73433:2.00 73435:1.00 73685:3.00 73686:1.00 73687:3.00 73691:1.00 73875:1.00 73876:1.00 73879:1.00 73883:1.00 74169:1.00 74171:1.00 74172:1.00 74176:1.00 74450:4.00 74451:1.00 74453:1.00 74454:1.00 74744:1.00 74745:2.00 74746:1.00 74747:1.00 74749:2.00 74751:2.00 74752:3.00 75063:1.00 75064:1.00 75065:1.00 75066:1.00 75067:1.00 75457:1.00 75458:1.00 75792:1.00 76207:2.00 76208:1.00 76211:1.00 76507:2.00 76509:1.00 76512:1.00
créateur	67798:1.00 70166:1.00 70168:1.00 72629:1.00 72634:1.00 72933:1.00 73190:1.00 73684:1.00 73685:2.00 73878:1.00 74746:1.00 75068:1.00 76208:3.00
créatif	67383:1.00 70161:1.00 72394:1.00 75068:1.00
création	67068:4.00 67553:2.00 67795:1.00 67798:2.00 67802:1.00 67937:1.00 68279:1.00 68638:3.00 68882:1.00 68888:1.00 69177:1.00 69180:3.00 70162:1.00 70420:1.00 70426:3.00 70748:2.00 70917:1.00 71362:1.00 71614:1.00 72114:1.00 72393:1.00 72400:1.00 72630:1.00 72637:1.00 72933:1.00 72934:1.00 72936:1.00 73430:4.00 73434:1.00 73683:1.00 73687:1.00 73875:1.00 73876:1.00 73878:2.00 73879:1.00 74450:2.00 74752:1.00 75464:1.00 75466:2.00 75792:1.00 76512:1.00
créativ	69821:2.00 70161:2.00 72113:2.00 73430:1.00 73876:1.00 74167:1.00 74748:1.00 75068:1.00
créatric	72392:1.00
crédibil	73182:1.00
crédibl	67383:1.00 72629:1.00 75793:1.00
créent	68881:1.00 75458:1.00
créneau	72633:1.00
créteil	67945:1.00 76509:1.00
csa	70163:1.00
csc	68888:1.00
csga	67555:1.00 69534:3.00 70428:2.00 70749:4.00 73184:1.00 73685:3.00 74449:1.00 75790:3.00 76206:2.00
cst	73877:1.00
cta	73186:1.00
ctfc	68885:1.00
cub	69179:1.00 69540:1.00
cubesat	69177:1.00 69179:2.00
cubiculum	72939:1.00
cuir	74752:1.00
cuisin	70920:1.00 71359:10.00 74749:1.00 74752:16.00 75063:1.00 76516:1.00
cuisini	71359:1.00 74752:2.00
cuisson	71359:1.00 72394:1.00 72630:1.00 74752:1.00 76511:1.00
cuivr	68644:3.00 70167:1.00 75066:2.00
culinair	71359:1.00 74749:1.00 74752:3.00
culot	73185:1.00
cultiv	67391:2.00 67794:1.00 68389:1.00 69182:1.00 69817:1.00 70420:3.00 73432:1.00 73684:1.00
cultivent	75458:1.00
cultur	67385:2.00 67391:2.00 67794:1.00 67802:1.00 67938:2.00 68279:1.00 68383:2.00 68385:1.00 68388:1.00 68643:1.00 69183:1.00 69538:3.00 70420:3.00 71620:1.00 72396:1.00 72936:1.00 73182:1.00 73185:1.00 73431:1.00 73683:2.00 73876:1.00 74167:1.00 74173:1.00 74450:1.00 74457:2.00 76206:2.00 76209:1.00 76211:1.00 76213:1.00 76516:1.00
cultural	68279:1.00 72630:1.00 73877:1.00
culturel	68383:1.00 68882:1.00 70751:1.00 72933:1.00 72937:1.00 73182:1.00 73683:2.00 76213:1.00
cumul	68391:1.00 74453:1.00
cuoq	76207:1.00
cur	67799:1.00 68277:1.00 68384:1.00 69533:1.00 70424:1.00 70914:9.00 71360:1.00 74746:1.00 75063:1.00 75070:1.00 75460:1.00
curat	74173:1.00
curien	69178:1.00
curieux	72932:1.00 75458:1.00
curios	72631:1.00 74752:2.00
cursus	67795:4.00 67944:1.00 69185:1.00 70161:1.00 70422:1.00 71362:2.00 72398:1.00 75071:1.00 75457:4.00
customis	72114:1.00
cutan	70746:1.00
cuv	67388:1.00 72113:1.00 73190:1.00
cuvilli	74456:1.00
cv	70916:2.00
cvg	72634:1.00
cya	72935:2.00
cyan	69539:3.00
cyanobacter	68385:1.00
cyb	76207:2.00
cybersécur	76207:1.00
cyceron	76515:2.00
cycl	67071:1.00 67387:1.00 67939:8.00 68888:1.00 68889:1.00 69533:3.00 69540:1.00 70916:2.00 71362:1.00 71619:1.00 71845:3.00 72120:2.00 72122:1.00 72392:1.00 72629:1.00 72934:1.00 72936:1.00 73437:2.00 73684:2.00 73880:1.00 74167:1.00 74751:1.00 75071:2.00
cycliqu	67390:1.00
cyclo	73435:1.00
cyclon	67939:2.00
cylindr	70423:2.00
cyril	68280:2.00
cytokin	69184:1.00
câbl	67386:1.00 76510:6.00
câblag	73687:1.00
cécit	73435:1.00
cédric	68276:2.00 70161:1.00 71835:9.00 72932:2.00
célebr	67938:1.00 68638:1.00 68881:2.00 69542:1.00 71614:1.00 72113:1.00 74744:1.00 74746:1.00 74752:2.00
célest	73186:1.00
céli	74451:1.00
célibatair	76511:1.00
cépag	73684:3.00 74169:1.00 76206:1.00 76512:1.00
céram	68390:1.00 76210:10.00
céréal	67794:1.00 68279:1.00 69182:1.00 72121:1.00
cérébral	67556:1.00 67801:4.00 68387:1.00 69184:1.00 73189:1.00 74171:1.00 76515:1.00
cérémon	68888:1.00 69185:1.00 71837:2.00 72120:1.00
césur	70422:1.00
céven	70916:1.00 73430:1.00
côt	67553:1.00 67555:1.00 67794:1.00 67938:1.00 67940:1.00 67945:1.00 68274:1.00 68276:1.00 68279:2.00 68391:1.00 68393:1.00 68639:1.00 68640:1.00 68645:1.00 68881:2.00 69179:1.00 69812:1.00 70162:1.00 70748:1.00 70915:1.00 70916:1.00 70917:1.00 71359:1.00 71362:1.00 71838:1.00 72115:1.00 72630:1.00 72635:1.00 72637:1.00 72932:2.00 73183:3.00 73185:1.00 73430:1.00 73683:3.00 73684:1.00 73685:1.00 74170:1.00 74453:1.00 74455:1.00 74746:1.00 74749:1.00 75070:1.00 75457:2.00 75461:2.00 75789:1.00 76209:1.00 76213:1.00 76508:1.00
côti	70916:1.00 73433:1.00 73683:1.00
d	67554:11.00 67941:1.00 67946:4.00 68383:3.00 68384:1.00 68391:3.00 69813:1.00 69819:2.00 70162:2.00 70166:2.00 70421:1.00 70425:1.00 70914:1.00 71615:1.00 71621:1.00 71840:1.00 71842:1.00 72113:1.00 72114:2.00 72118:4.00 72121:1.00 72392:3.00 72394:3.00 72398:1.00 72634:2.00 72635:5.00 73182:2.00 73189:1.00 73431:10.00 73437:13.00 73875:1.00 73876:1.00 73877:2.00 74167:1.00 74168:1.00 74172:1.00 74176:1.00 74450:1.00 74455:1.00 74749:1.00 74752:1.00 75063:2.00 75064:1.00 75065:1.00 75066:1.00 75457:1.00 75788:2.00 75795:1.00 76212:1.00 76512:1.00 76513:3.00
dakar	75458:4.00
dam	68638:6.00 70162:2.00 74744:2.00
danemark	67555:1.00 68389:1.00
dang	70162:1.00 76213:1.00
danger	72392:1.00 72401:1.00 73430:1.00 76213:1.00
dangeros	73878:1.00
dangl	76208:3.00
danguin	75790:3.00
daniel	68638:2.00 70745:4.00
danois	67555:1.00 67945:1.00
danon	67798:1.00 72394:1.00 75793:3.00
danub	73875:1.00
dao	76513:1.00
darwin	67938:2.00
darwinien	67938:5.00
dassault	67068:1.00 72113:1.00
dat	67556:1.00 67795:1.00 68273:1.00 68387:1.00 68887:1.00 70747:1.00 70916:1.00 72397:1.00 72636:1.00 73182:1.00 73683:1.00 73875:1.00 74748:1.00 75796:1.00
datar	69535:1.00 72113:1.00
datti	67391:2.00 72632:1.00 75458:2.00
dav	75063:7.00
davantag	67389:1.00 67553:2.00 67554:1.00 67795:1.00 67797:1.00 68279:1.00 70161:2.00 70420:2.00 70422:1.00 70749:1.00 71357:1.00 71842:1.00 72115:1.00 72392:1.00 72394:1.00 72631:1.00 72933:1.00 73184:2.00 73430:1.00 73683:1.00 73684:2.00 73685:2.00 74169:2.00 76206:1.00 76209:1.00 76213:1.00
david	67796:1.00 76208:2.00
day	75788:1.00
daïch	70915:1.00
dbi	75065:1.00
dcn	67386:2.00
de	76206:1.00
deb	69177:1.00 69179:1.00 69812:1.00 69817:2.00 70420:2.00 70914:1.00 73686:4.00 74452:1.00
debout	74746:1.00
debr	69177:1.00 71841:1.00
debry	74454:3.00
decr	67938:1.00 69184:1.00 70916:1.00
deexbio	75066:1.00
def	67071:3.00 67554:1.00 67794:4.00 67795:3.00 67804:1.00 68280:1.00 68640:1.00 68882:1.00 69177:3.00 69541:2.00 69814:1.00 70744:1.00 70914:2.00 70919:1.00 71359:1.00 71621:3.00 71842:1.00 72114:2.00 72392:2.00 72393:1.00 72398:1.00 72634:1.00 73182:3.00 73684:5.00 74168:1.00 74176:1.00 74453:1.00 74456:1.00 74746:1.00 75458:1.00 75466:1.00 75792:1.00 75793:2.00 75796:1.00 76213:1.00 76507:1.00 76511:2.00
defcc	75458:2.00
defens	67553:1.00
defic	69537:1.00
deficit	73184:1.00
deform	75464:2.00
degr	67386:1.00 69540:1.00 71837:1.00 76508:1.00
dehecq	73182:1.00
dehl	69180:1.00
dehor	68642:1.00 68887:1.00 71359:1.00
del	67386:2.00 70915:1.00 73188:3.00 74745:1.00 76510:1.00
delair	74450:8.00 75066:1.00
delaunay	74746:4.00
delcroix	68383:2.00
delphin	75064:2.00
delt	70165:8.00
delà	67068:2.00 67558:1.00 67937:2.00 68273:1.00 68280:1.00 68638:1.00 69538:1.00 69816:1.00 70423:1.00 70749:1.00 71357:2.00 71358:1.00 71359:1.00 71362:3.00 72117:1.00 72396:1.00 72939:1.00 73183:1.00 73184:1.00 73186:1.00 73189:1.00 73434:1.00 73683:1.00 75063:1.00 75459:1.00 75789:1.00 75792:1.00 76209:1.00 76509:3.00 76511:1.00
dem	71359:1.00 73875:1.00
demain	67557:1.00 67794:1.00 67804:1.00 67938:1.00 68276:1.00 68279:4.00 68639:1.00 70914:1.00 71358:1.00 71359:1.00 71615:1.00 71617:2.00 71837:1.00 71842:1.00 72933:1.00 73876:3.00 73877:1.00 73884:1.00 74175:1.00 74176:2.00 74452:1.00 74752:2.00 75458:1.00 75797:1.00 76213:1.00
demand	67794:1.00 67938:1.00 68643:3.00 68888:1.00 69183:1.00 69538:1.00 70915:1.00 71835:2.00 71836:1.00 72395:1.00 72633:1.00 72637:4.00 73182:1.00 73432:1.00 73683:1.00 73685:3.00 73877:1.00 74455:1.00 74745:1.00 75457:1.00 75458:1.00 75462:1.00 76206:1.00 76209:1.00 76507:1.00 76509:1.00 76512:1.00
demandent	73685:1.00
demandeur	67554:1.00 68884:1.00
demay	72398:1.00
demet	67942:3.00 69177:1.00
demeur	68275:1.00 69819:1.00
den	71360:1.00 72115:2.00 75462:3.00 75788:1.00 76508:1.00
dendroaps	72115:2.00
dengu	69813:9.00
denhaut	69542:1.00
deni	76210:1.00
denmann	69811:1.00
denovo	74746:1.00
denr	71835:1.00
dens	69542:1.00 70915:1.00 70916:1.00 71619:1.00 71836:1.00 72938:1.00
densif	69181:1.00 76210:1.00
densifi	75458:1.00
densit	67942:1.00 68638:1.00 68644:1.00 69535:1.00 70167:1.00 71618:1.00 72631:2.00
dent	71612:1.00
dentair	71616:2.00 75067:1.00
denv	74452:1.00
dep	69816:1.00 70747:1.00 71357:1.00 72633:1.00 74746:1.00 76507:1.00
department	76207:1.00
depaul	74453:1.00
depos	75464:3.00
derep	76207:2.00
dermatolog	72117:3.00 75067:1.00
dermatologu	68645:1.00
derni	67385:1.00 67387:1.00 67553:1.00 67554:1.00 67555:1.00 67556:1.00 67558:1.00 67561:1.00 67794:2.00 67795:2.00 67800:2.00 67801:1.00 67802:1.00 67937:2.00 67939:1.00 68279:1.00 68281:1.00 68383:2.00 68384:2.00 68387:1.00 68391:1.00 68645:1.00 68882:2.00 68888:1.00 69179:1.00 69183:1.00 69533:2.00 69534:1.00 69536:1.00 69815:1.00 69816:1.00 70161:1.00 70163:1.00 70166:1.00 70421:2.00 70423:1.00 70745:1.00 70917:1.00 71357:1.00 71612:1.00 71617:1.00 71835:2.00 71837:1.00 72115:1.00 72116:1.00 72122:1.00 72396:1.00 72400:1.00 72629:1.00 72630:1.00 72631:1.00 72633:1.00 72933:3.00 72934:1.00 73182:4.00 73183:1.00 73184:1.00 73434:1.00 73878:2.00 73884:1.00 74168:1.00 74744:1.00 75064:1.00 75065:2.00 75071:2.00 75457:1.00 75458:1.00 75460:1.00 75462:1.00 75790:2.00 76207:2.00 76209:2.00 76507:1.00 76508:1.00 76511:2.00 76513:1.00 76516:1.00
derri	67068:1.00 71361:3.00 71614:1.00 71835:1.00 72401:1.00 75063:1.00
des	67068:2.00 67386:1.00 67554:1.00 67558:1.00 67795:1.00 67798:1.00 68276:1.00 68388:1.00 68391:1.00 68638:2.00 68643:1.00 68881:1.00 69177:1.00 69178:2.00 69540:1.00 69541:1.00 69812:2.00 69813:1.00 69816:1.00 69817:1.00 70161:3.00 70162:1.00 70164:1.00 70420:1.00 70423:2.00 70746:1.00 70749:3.00 70751:1.00 70917:1.00 71362:1.00 71616:1.00 71836:1.00 71837:1.00 71840:2.00 72396:3.00 72630:1.00 72631:1.00 72633:1.00 72934:1.00 72938:1.00 73185:1.00 73430:3.00 73431:1.00 73432:1.00 73434:2.00 73683:2.00 73684:2.00 73876:1.00 74168:3.00 74169:1.00 74450:2.00 74744:1.00 74746:1.00 75457:5.00 75458:2.00 75459:2.00 75792:3.00 75793:1.00 76207:1.00 76507:1.00 76511:2.00 76512:1.00 76513:1.00
desbarat	73431:1.00
descart	67556:1.00 69184:1.00 70162:6.00 70421:2.00 71841:1.00
descendr	73684:1.00
descendu	73183:1.00
descent	71617:1.00 76212:1.00
descript	70914:1.00
design	70423:1.00 70751:1.00 71359:1.00 71836:1.00 72120:1.00 73876:2.00 74176:2.00 75068:1.00 75466:1.00 75788:3.00 75790:3.00 76513:4.00
designer	75788:1.00
desquel	67553:2.00 67798:1.00 67800:1.00 68279:1.00 69821:1.00 70420:1.00 71619:1.00 72115:1.00 72393:1.00 72629:1.00 76207:1.00 76511:1.00
dessin	72630:1.00 74172:1.00 75458:2.00
dessinent	69535:1.00 70746:1.00 72633:1.00 73684:1.00
dessous	69177:1.00
dessus	67939:1.00 68280:1.00 71621:1.00 72632:1.00
destin	67388:1.00 67553:1.00 67796:1.00 67941:1.00 67943:1.00 68384:1.00 69179:1.00 69818:1.00 70165:1.00 70420:1.00 70429:1.00 70748:1.00 70753:1.00 70920:1.00 71366:1.00 71619:1.00 71840:1.00 72935:1.00 73186:1.00 73190:1.00 73435:1.00 73877:1.00 73879:1.00 74167:1.00 74450:1.00 74455:2.00 74745:1.00 75063:1.00 75064:1.00 75065:2.00 76511:1.00 76512:2.00
destruct	67802:1.00 68391:1.00 69817:1.00 70420:2.00 70917:1.00 73687:1.00 75789:1.00
destructur	69534:1.00
desy	73186:1.00
detect	67942:1.00
detr	71835:1.00
deutsch	73186:1.00
deutérium	74168:5.00
deuxiem	67938:1.00 68882:1.00 69177:1.00 70745:1.00 70749:1.00 70914:1.00 72121:2.00 72393:1.00 73436:1.00 75788:1.00 76212:1.00 76508:1.00
dev	67794:2.00 68643:1.00 69183:1.00 70163:1.00 70169:1.00 70420:1.00 70744:1.00 72401:1.00 73185:1.00 73438:1.00 73684:1.00 74450:1.00 74745:1.00 75789:1.00 75792:1.00 76507:1.00
development	68275:1.00
deven	68387:1.00 68638:1.00 68882:1.00 69183:1.00 69820:1.00 70161:1.00 70429:1.00 70922:1.00 71614:1.00 71835:1.00 71840:1.00 72114:1.00 72394:1.00 72934:1.00 73430:1.00 73432:1.00 73683:1.00 73687:1.00 73688:1.00 73881:1.00 74167:1.00 74168:1.00 74173:1.00 74456:1.00 74744:1.00 74746:1.00 75068:1.00 76213:2.00 76509:1.00
devenu	67556:1.00 68642:1.00 68883:1.00 70166:1.00 71359:1.00 71621:1.00 72631:1.00 73182:1.00 73432:1.00 73685:1.00 75459:1.00 75466:1.00 75795:1.00 76510:1.00 76514:1.00
devic	69814:2.00
devien	68274:1.00
deviendr	68383:1.00 74167:1.00
deviendront	76513:1.00
deviennent	67389:1.00 68274:1.00 69535:2.00 70161:1.00 71835:1.00
devient	70746:1.00 71357:1.00 71358:1.00 71841:1.00 72113:1.00 72394:1.00 72630:1.00 72633:1.00 74169:1.00 74449:2.00 74750:1.00
devill	68390:3.00
devis	72113:1.00
devoir	68383:1.00 70162:1.00 70421:1.00 71359:1.00 72392:1.00 72940:1.00 74167:1.00 75792:1.00 76213:1.00
devon	67795:1.00 70161:2.00 70914:1.00 74745:1.00 76507:1.00
devr	67071:2.00 67387:1.00 67388:2.00 67391:1.00 67801:1.00 67939:2.00 67941:1.00 68279:1.00 68389:1.00 68391:1.00 68638:1.00 68881:4.00 68884:1.00 68886:1.00 69177:2.00 69181:1.00 69533:1.00 69538:1.00 69812:1.00 69813:3.00 69817:1.00 70161:1.00 70421:1.00 70747:1.00 70916:1.00 70920:1.00 71359:1.00 71362:1.00 71612:1.00 71614:1.00 71840:1.00 71842:2.00 72114:2.00 72392:1.00 72394:1.00 72396:1.00 72634:1.00 72933:1.00 73188:2.00 73431:1.00 73432:2.00 73683:1.00 73684:1.00 73688:1.00 73689:1.00 73880:1.00 74167:2.00 74169:2.00 74453:1.00 74744:1.00 74745:1.00 75063:1.00 75068:1.00 75069:2.00 75458:1.00 75463:1.00 75464:1.00 75792:2.00 75793:1.00 75794:1.00 75795:1.00 76208:1.00 76210:1.00 76211:1.00 76213:2.00
devront	67071:1.00 67794:1.00 69177:1.00 70165:1.00 71621:1.00 71837:1.00 74176:1.00
dga	67553:3.00 67941:6.00 69177:1.00 72114:1.00
dgac	70165:1.00 74450:1.00
dgcis	73430:1.00
dge	73430:1.00
dhc	69542:1.00
dhet	71362:1.00
di	67556:6.00 67945:1.00
diabet	67802:4.00 69534:1.00 75458:1.00 75459:1.00 76509:8.00
diagan	75797:1.00
diagnostic	67794:1.00 68383:1.00 68646:1.00 68881:1.00 69815:1.00 70165:1.00 70426:1.00 71845:1.00 72115:1.00 73686:5.00 74171:1.00 74173:1.00 74455:1.00 75065:1.00 76510:3.00
diagnostiqu	69815:1.00 70919:1.00 71841:1.00 72935:1.00 74454:1.00 75458:1.00 76509:1.00
dialogu	70164:1.00 71359:1.00 73432:1.00 73437:1.00 75063:1.00
dialoguent	67803:1.00
diametr	67390:8.00 69179:2.00 70163:1.00 70424:1.00 70747:1.00 72119:1.00 72397:1.00 75789:2.00
diapason	71614:1.00
diaphys	73431:2.00
dias	70421:1.00
didact	67392:1.00 67561:1.00 73431:1.00 74748:1.00
diderot	67068:1.00 69184:1.00 70747:1.00 70922:1.00 75794:1.00
didi	67939:2.00 72633:1.00 75788:3.00
diet	67555:1.00
diff	67555:1.00 70423:1.00
differ	74750:1.00
difficil	67387:1.00 67939:1.00 68276:1.00 68280:1.00 68389:1.00 69177:1.00 69816:1.00 69817:1.00 69821:1.00 70162:1.00 70421:1.00 70749:1.00 71612:1.00 71614:1.00 71835:1.00 72115:1.00 72394:1.00 72396:1.00 72629:1.00 72940:1.00 73182:1.00 73185:2.00 73431:1.00 73432:2.00 73436:1.00 73683:2.00 73684:3.00 73877:1.00 74167:1.00 74449:1.00 74452:1.00 75461:1.00 76207:1.00 76210:1.00 76508:1.00 76509:1.00
difficult	67386:1.00 67938:1.00 67939:2.00 68643:1.00 68882:6.00 70420:1.00 70421:1.00 71614:3.00 72934:3.00 73683:1.00 74167:1.00 74450:1.00 74747:1.00 75069:1.00 76508:1.00 76509:1.00
diffract	68391:4.00
diffus	67390:1.00 67558:1.00 67795:1.00 68275:1.00 68279:1.00 68882:1.00 69536:2.00 70429:1.00 70746:1.00 70748:2.00 70918:1.00 72392:1.00 72393:1.00 72939:1.00 73184:1.00 74173:1.00 74454:1.00
différenci	67802:1.00 74451:1.00
digest	67385:2.00 70746:1.00 70918:3.00 71616:1.00 73432:2.00
digital	71359:7.00 72633:1.00 75063:1.00 75068:1.00 76508:1.00 76513:1.00
dign	76516:1.00
dijon	67555:4.00 67798:6.00 68279:2.00 68387:1.00 68643:2.00 69534:5.00 69812:6.00 69817:3.00 70420:3.00 70428:1.00 70749:1.00 71842:2.00 72116:1.00 72394:5.00 72396:3.00 72631:4.00 72634:2.00 73184:3.00 73685:4.00 73877:1.00 74169:1.00 74449:5.00 75459:2.00 75462:1.00 75790:2.00 75793:1.00 76206:4.00 76209:1.00 76511:4.00
dijonnais	68387:1.00 68643:1.00 69817:2.00 70420:1.00 70749:1.00 71842:1.00 72634:1.00 73184:2.00 73685:1.00 73879:1.00 75793:1.00
dilat	71836:1.00
dimens	67554:1.00 67939:2.00 68886:2.00 69182:1.00 70424:2.00 70746:1.00 71837:1.00 73434:1.00 73683:1.00 73876:2.00 74456:1.00 75068:1.00 75458:1.00 75788:1.00 75793:2.00 76208:2.00
dimension	69179:1.00 70426:1.00
dimer	67390:1.00
diminu	67554:3.00 67555:1.00 67556:1.00 67558:1.00 67794:1.00 67798:1.00 67799:1.00 67800:1.00 67939:1.00 68387:1.00 68388:1.00 69533:1.00 69540:1.00 69814:1.00 71617:1.00 72114:1.00 72933:1.00 72934:1.00 73183:1.00 73184:1.00 73688:1.00 75792:1.00 76511:1.00
diminuent	75457:1.00
dinasolar	72114:2.00
diod	70747:1.00 72934:1.00 75070:3.00
diop	75458:2.00
dior	69541:1.00
dioxyd	68645:1.00 69811:1.00 70425:2.00 71615:1.00
diplomat	73183:1.00
diplôm	68273:1.00 68392:1.00 68888:4.00 69185:3.00 71358:2.00 71362:2.00 71612:1.00 71614:1.00 72114:1.00 72115:1.00 72394:1.00 72630:2.00 72633:1.00 72932:1.00 73185:1.00 73190:1.00 73430:5.00 73437:2.00 73685:2.00 73879:1.00 74450:1.00 74455:1.00 75457:1.00 76206:1.00 76513:1.00
dir	67383:1.00 67388:1.00 67390:2.00 67391:1.00 67553:2.00 67554:1.00 67555:1.00 67794:1.00 67795:1.00 67802:1.00 67937:2.00 67941:1.00 68273:1.00 68387:1.00 68390:1.00 68638:1.00 68643:1.00 68881:3.00 68883:1.00 69539:1.00 69817:1.00 70161:2.00 70163:1.00 70165:1.00 70749:1.00 71359:1.00 71614:1.00 71837:1.00 72113:1.00 72114:1.00 72115:1.00 72631:1.00 72934:1.00 73430:1.00 73431:2.00 73432:1.00 73435:1.00 73683:2.00 73687:1.00 73877:1.00 74168:1.00 74169:1.00 74454:1.00 74745:2.00 74749:1.00 74750:1.00 75069:1.00 75457:1.00 75458:1.00 75792:1.00 75794:1.00 76209:1.00 76210:1.00 76213:1.00 76508:1.00
direct	67553:2.00 67554:2.00 67556:1.00 67795:1.00 67800:1.00 67941:1.00 67946:1.00 68277:1.00 68390:1.00 68638:1.00 68639:1.00 69177:1.00 69537:1.00 69812:1.00 69816:1.00 70162:1.00 70164:1.00 70165:1.00 70421:1.00 70425:1.00 70426:1.00 70749:1.00 70753:2.00 70922:1.00 71357:1.00 71612:2.00 71836:1.00 72114:1.00 72115:1.00 72121:1.00 72392:1.00 72394:1.00 72401:1.00 72630:1.00 72932:1.00 72933:1.00 72938:1.00 73186:1.00 73430:4.00 73434:1.00 73876:1.00 74167:1.00 74450:1.00 74455:2.00 74456:1.00 74744:1.00 74748:1.00 74749:2.00 75064:1.00 75071:1.00 75457:1.00 75458:1.00 75459:1.00 75795:1.00 76207:1.00
directeur	67068:5.00 67071:1.00 67383:1.00 67795:6.00 67796:1.00 67802:1.00 67937:2.00 67946:1.00 68273:2.00 68275:1.00 68276:1.00 68279:4.00 68638:6.00 68881:4.00 69812:1.00 69813:1.00 69817:1.00 70161:4.00 70165:1.00 70420:3.00 70423:1.00 70745:1.00 70916:1.00 70919:1.00 71366:1.00 71616:1.00 71619:1.00 71621:2.00 71835:2.00 71837:3.00 72113:3.00 72392:3.00 72396:3.00 72398:2.00 72630:1.00 72932:1.00 72933:2.00 72936:1.00 72939:1.00 73183:3.00 73430:2.00 73432:1.00 73433:2.00 73683:2.00 73876:2.00 73877:1.00 73879:3.00 74169:2.00 74171:1.00 74172:3.00 74453:2.00 74454:1.00 74457:1.00 74744:1.00 74745:1.00 75457:4.00 75458:3.00 75459:1.00 75462:1.00 75788:2.00 76207:2.00 76209:1.00 76213:1.00 76511:2.00 76513:1.00 76515:1.00
directric	67555:1.00 68281:1.00 70915:1.00 71358:2.00 71616:2.00 72396:1.00 74451:1.00 75065:3.00 75069:1.00
dirig	67798:1.00 67945:1.00 68277:1.00 68386:2.00 68387:1.00 68882:1.00 68887:1.00 69177:1.00 69534:1.00 69539:2.00 69817:1.00 70161:2.00 70165:1.00 70423:1.00 70424:1.00 70426:1.00 70743:1.00 70745:2.00 71358:1.00 71359:1.00 71361:1.00 71835:1.00 72393:1.00 72394:2.00 72631:1.00 72637:1.00 72934:1.00 72940:1.00 73182:2.00 73184:3.00 73430:2.00 73431:2.00 73435:1.00 74167:3.00 74172:1.00 74455:2.00 74749:1.00 75458:1.00 75459:2.00 75790:2.00 76508:1.00
dis	72114:1.00 72631:1.00 73684:1.00 74752:1.00
disasolar	72114:8.00
discern	71836:1.00
disciplin	67071:1.00 67937:1.00 68386:1.00 68391:1.00 70161:1.00 70916:1.00 71359:1.00 71835:2.00 71837:1.00 72932:2.00 72939:1.00 72940:1.00 73182:1.00 73431:2.00 74751:3.00 75458:1.00 75788:1.00 75797:1.00 76208:1.00
disciplinar	70745:1.00
discour	70914:1.00 73182:1.00 74169:2.00
discovery	67945:1.00 71614:1.00
discret	74455:1.00
discrimin	67392:1.00
discuss	70161:1.00 70421:1.00 72116:1.00 72932:1.00 74455:1.00 75071:1.00 75788:1.00 75793:2.00 76508:1.00
discut	70921:1.00 71363:1.00
disdi	67937:2.00
diseas	68645:1.00
disney	74749:1.00
dispar	67794:1.00
disparaiss	67558:1.00
disparaissent	68280:1.00
disparaît	69533:1.00
disparaîtr	74169:1.00 75458:1.00
disparit	71621:1.00 76213:1.00
disparu	71621:1.00 73431:1.00 73683:1.00
dispens	67944:1.00 68276:1.00 68881:1.00 69185:1.00 70161:1.00 70422:1.00 71362:1.00 71619:1.00 72394:2.00 72932:1.00 73437:1.00 75071:1.00 75457:1.00 75458:1.00 76206:1.00
dispensair	75458:1.00
dispensent	75063:1.00
dispensing	72120:4.00
dispenson	75063:1.00
dispers	67386:1.00 67558:2.00 68389:2.00 70746:1.00 72394:1.00 72932:1.00 74172:1.00 74750:1.00 75462:1.00 76511:1.00
disponibil	70914:1.00 72394:1.00
disponibl	67388:1.00 67557:1.00 67802:1.00 68279:1.00 68646:1.00 68881:1.00 69184:1.00 69535:2.00 70743:1.00 71363:1.00 71612:1.00 72397:1.00 72630:1.00 73684:2.00 73876:1.00 74451:1.00 74453:1.00 74745:1.00 74750:1.00 75065:1.00 75462:1.00 76508:1.00
dispos	67383:2.00 67386:1.00 67554:1.00 67794:1.00 67798:1.00 67801:1.00 67937:1.00 67939:2.00 67941:1.00 68281:1.00 68640:1.00 68643:1.00 68881:1.00 68888:1.00 69177:1.00 69178:1.00 69179:1.00 69186:1.00 69534:2.00 69542:1.00 69812:1.00 69813:1.00 69816:1.00 69817:1.00 69819:1.00 69821:1.00 70161:1.00 70162:1.00 70165:1.00 70420:3.00 70421:1.00 70425:1.00 70914:2.00 70916:3.00 70923:1.00 71358:2.00 71359:1.00 71612:1.00 71614:1.00 71836:1.00 72113:2.00 72114:1.00 72116:1.00 72392:3.00 72629:1.00 72631:1.00 73182:1.00 73431:1.00 73432:1.00 73434:1.00 73683:2.00 73689:1.00 73875:1.00 73876:1.00 73877:2.00 73878:1.00 74449:1.00 74450:1.00 74452:1.00 74455:1.00 74744:1.00 74747:1.00 74749:1.00 75063:1.00 75070:1.00 75461:1.00 75462:1.00 75788:1.00 75789:1.00 75792:1.00 76212:1.00 76213:1.00 76507:1.00 76508:1.00 76511:1.00 76513:1.00
disposent	67386:1.00 67939:1.00 69182:1.00 69812:1.00 70166:1.00 70916:1.00 72395:1.00 72629:2.00 73185:1.00 74167:1.00 75459:1.00 75788:1.00 76206:1.00 76511:1.00
disposit	67553:1.00 67554:3.00 67798:1.00 67940:3.00 68274:1.00 68277:1.00 68281:1.00 68646:1.00 68881:6.00 69181:2.00 69536:1.00 69537:1.00 69540:1.00 69811:1.00 69814:3.00 69817:1.00 70162:3.00 70420:3.00 70425:4.00 70744:5.00 70753:3.00 70914:1.00 70921:1.00 71359:2.00 71616:1.00 71618:1.00 71836:1.00 72119:1.00 72395:1.00 72397:1.00 72635:1.00 73186:1.00 73430:1.00 73435:3.00 73876:3.00 74171:2.00 74452:1.00 74454:2.00 74746:1.00 74750:1.00 75064:1.00 75070:1.00 75792:1.00 76210:1.00 76508:2.00 76510:4.00
disposon	67938:1.00 67939:1.00 68638:1.00 69533:1.00 73432:1.00 74167:1.00 76508:1.00
disqu	70744:3.00
dissect	70918:3.00
dissert	74167:1.00
dissertent	67383:1.00
dissoci	67802:1.00 68882:1.00
dissout	68386:1.00
dissuas	76510:1.00
dissémin	75457:1.00
distanc	68389:3.00 68882:1.00 68883:5.00 69811:1.00 70421:1.00 70424:2.00 70425:1.00 70923:1.00 71362:1.00 71617:1.00 72934:1.00 73434:1.00 73686:1.00 74167:1.00 74170:1.00 74450:1.00 75458:1.00 76510:1.00
distinct	67068:1.00 67937:1.00 68273:1.00 71357:1.00 71835:1.00
distingu	70916:1.00 72120:1.00 74170:1.00
distors	70424:1.00
distribu	67555:1.00 67939:1.00 68274:2.00 68881:1.00 69812:2.00 69816:1.00 71615:1.00 71836:2.00 72114:1.00 73434:1.00 73878:1.00 76507:1.00 76510:1.00
distributeur	73878:1.00 75063:1.00
distributing	68274:1.00
dit	67068:2.00 67388:3.00 67389:3.00 67391:1.00 67554:5.00 67556:1.00 67558:2.00 67795:1.00 67799:1.00 67800:1.00 67802:1.00 67937:1.00 67938:3.00 67939:2.00 67942:1.00 68279:1.00 68387:1.00 68388:1.00 68391:2.00 68642:1.00 68643:2.00 68882:1.00 68886:1.00 69178:3.00 69533:1.00 69535:2.00 69539:1.00 69814:2.00 70161:1.00 70162:1.00 70167:1.00 70420:2.00 70421:3.00 70424:1.00 70743:1.00 71359:2.00 71612:1.00 71615:2.00 71835:1.00 72114:1.00 72392:2.00 72396:1.00 72400:1.00 72631:1.00 72632:1.00 72635:1.00 72934:2.00 72938:2.00 73182:1.00 73183:1.00 73184:1.00 73185:1.00 73683:2.00 73684:4.00 73876:1.00 73879:2.00 74167:2.00 74168:2.00 74449:1.00 74450:1.00 75064:1.00 75065:4.00 75067:1.00 75069:1.00 75070:1.00 75457:1.00 75463:1.00 75789:1.00 75790:1.00 75792:2.00 75793:1.00 75794:1.00 76209:1.00 76210:1.00 76213:2.00 76507:1.00 76508:1.00 76509:1.00 76511:1.00
diver	67392:1.00 70745:1.00 71363:1.00 71612:1.00 72116:2.00 72122:1.00 72395:1.00 74167:1.00 75066:1.00 75797:1.00
divers	67554:1.00 67556:1.00 67800:1.00 68391:1.00 69534:1.00 69538:2.00 69541:1.00 69812:3.00 69815:1.00 69816:1.00 70161:1.00 70420:1.00 70424:1.00 70425:1.00 70746:1.00 70914:1.00 71363:1.00 71616:1.00 72122:1.00 72394:1.00 75458:1.00 76511:1.00
diversif	67555:3.00 70749:1.00 74169:1.00 74455:1.00
diversifi	68643:1.00 69541:1.00 71358:1.00 72938:1.00 73875:1.00 74169:1.00 74455:1.00
divertor	74168:7.00 75064:1.00
divis	68383:1.00 73877:1.00 75793:1.00 76510:1.00
dix	67388:1.00 67800:1.00 67801:1.00 68385:1.00 68882:1.00 68885:1.00 69535:4.00 69811:1.00 70916:2.00 71357:1.00 71359:1.00 71614:2.00 72629:1.00 72631:1.00 72636:1.00 73683:1.00 73684:2.00 74168:1.00 74744:1.00 74745:1.00 75068:1.00 76208:1.00 76210:4.00
dizain	67386:1.00 67388:1.00 67794:1.00 67937:1.00 68273:1.00 68279:1.00 68383:2.00 68385:1.00 68391:1.00 68643:1.00 68885:1.00 69178:1.00 70167:1.00 70749:1.00 71837:1.00 72115:3.00 72119:1.00 72394:1.00 72396:1.00 72397:1.00 73431:1.00 73432:2.00 73685:1.00 74167:1.00 74455:1.00 74744:1.00 74751:1.00 76207:1.00 76208:1.00 76211:3.00 76508:1.00
diétet	76507:1.00
djibout	75458:2.00
dlr	67797:2.00
dluo	68273:1.00
dmla	71360:1.00
doc	76206:1.00
docteur	67795:1.00 67801:1.00 68387:2.00 70426:1.00 71616:1.00 71837:1.00 72117:1.00 73683:1.00 74453:3.00 74747:1.00
doctor	69536:2.00 70168:1.00 71361:2.00 71612:1.00 72394:2.00 73190:1.00 75458:1.00
doctoral	68276:2.00 68888:1.00 69536:2.00 69812:1.00 71837:1.00
doctorat	67795:1.00 69812:2.00 70161:2.00 70743:1.00 70748:1.00 72115:1.00 74454:1.00 75459:1.00 75790:1.00
docu	72932:1.00
document	68885:1.00
dodaro	69534:1.00
doigt	74167:1.00 75791:2.00
doit	67553:1.00 67795:1.00 67942:1.00 68274:1.00 69185:1.00 70161:4.00 70164:1.00 70421:1.00 70422:1.00 70425:1.00 71358:1.00 71612:1.00 72392:1.00 72399:1.00 73430:1.00 73435:1.00 73683:1.00 74167:1.00 74457:1.00 75068:1.00 75458:2.00 75462:1.00 75793:1.00 76210:1.00 76213:2.00 76511:1.00
doivent	67386:2.00 67794:1.00 67795:1.00 67798:1.00 68275:1.00 68389:2.00 68638:1.00 70161:2.00 70747:1.00 72637:2.00 73683:1.00 74167:1.00 74744:1.00 75071:1.00 75466:1.00 76507:1.00 76509:1.00
dollar	71840:1.00 72392:1.00 73878:1.00 75795:1.00
domicil	67555:1.00 71614:1.00 73685:1.00 74449:3.00 74746:2.00 75063:3.00 75069:5.00
domin	68889:1.00 69816:1.00 72629:1.00 73684:7.00
dommag	69820:1.00
domomédecin	72113:1.00
domot	67068:1.00 75466:1.00
don	67068:1.00 67387:8.00 67389:5.00 67390:1.00 67553:2.00 67555:4.00 67557:2.00 67794:2.00 67797:2.00 67939:8.00 68275:1.00 68279:1.00 68881:3.00 68882:1.00 68883:5.00 68889:1.00 69177:1.00 69179:1.00 69181:3.00 69182:1.00 69183:1.00 69533:1.00 69535:1.00 69540:1.00 69811:7.00 69812:2.00 69815:1.00 69819:1.00 70170:1.00 70424:4.00 70428:1.00 70744:1.00 70749:1.00 70916:7.00 70923:1.00 71359:2.00 71619:1.00 71621:2.00 71835:2.00 71837:1.00 71840:1.00 71845:1.00 72392:1.00 72394:1.00 72630:2.00 72635:1.00 72935:1.00 72936:1.00 72937:1.00 72940:1.00 73182:3.00 73183:1.00 73431:4.00 73434:4.00 73684:1.00 73685:3.00 73875:2.00 73880:1.00 74167:1.00 74168:1.00 74449:3.00 74450:1.00 74452:2.00 74455:1.00 74747:1.00 74749:2.00 75069:1.00 75457:1.00 75788:2.00 75790:1.00 75793:1.00 75796:1.00 76507:1.00 76511:1.00
donnent	67939:1.00 68638:1.00 69183:1.00 73884:1.00
donnet	69542:1.00
donneur	67553:3.00 68642:1.00 72120:1.00
dop	67391:2.00 72934:1.00
dopag	69536:9.00
dopamin	68646:1.00
dor	69177:1.00 73877:1.00
dordogn	70917:4.00
dorn	67796:1.00
dorni	70916:1.00
dorsal	67941:1.00
dorso	67937:1.00
dos	67388:4.00 67801:1.00 69179:1.00 72116:1.00 72935:2.00 73187:1.00 73683:1.00
dosag	67388:1.00 67801:1.00
dosimetr	70915:1.00
dossi	68643:2.00 69541:1.00 73689:1.00 75066:2.00 75068:2.00
dot	68273:1.00 68281:1.00 68391:1.00 69817:1.00 70420:3.00 70421:1.00 70753:1.00 72113:1.00 72633:1.00 72634:2.00 73433:1.00 73876:1.00 75063:1.00 75064:1.00 75066:1.00 75788:1.00 75791:2.00 76507:1.00 76509:1.00
dotat	75066:1.00
dou	70422:1.00 73430:1.00
douarnen	68883:2.00 74170:1.00
doub	68279:1.00 68885:2.00
doubl	67794:1.00 68644:1.00 69818:1.00 70747:1.00 71359:1.00 71614:1.00 72113:1.00 74169:1.00 74450:1.00 75063:1.00 75463:2.00 76213:1.00
douc	72397:2.00
doudin	70167:1.00
douleur	67798:1.00
dout	67794:1.00 67939:1.00 68383:1.00 68389:1.00 68882:1.00 70166:1.00 70749:2.00 71357:1.00 71359:2.00 71621:1.00 71835:2.00 71842:2.00 72115:2.00 72394:2.00 72932:3.00 73182:1.00 73430:1.00 73434:1.00 73875:1.00 73876:1.00 73877:1.00 74167:1.00 74168:1.00 74455:2.00 74752:1.00 75459:1.00 75789:1.00 75793:1.00 75794:1.00
douz	69537:1.00 71616:1.00
douzain	68387:1.00 68888:1.00 71841:1.00 74453:1.00 75063:2.00 76208:1.00
doxorubicin	75065:2.00
doyen	73876:2.00
drastiqu	74455:1.00
dresd	71361:1.00
dress	67555:2.00 67795:2.00 68276:1.00 68279:1.00 68882:1.00 68885:1.00 69811:1.00 69820:1.00 71366:1.00 72113:1.00 72392:1.00 73182:2.00 73183:1.00 73186:1.00 74450:2.00 76213:1.00 76514:1.00
dressag	71357:1.00
drir	71614:1.00
driven	69178:1.00
drobinsk	70916:1.00
drogu	69184:1.00 70425:1.00
droit	68274:1.00 68392:4.00 68643:1.00 68881:1.00 69540:2.00 70744:1.00 70914:1.00 72392:1.00 72940:1.00 75792:1.00 75794:1.00
dron	70165:19.00 73877:4.00 74450:10.00 75066:1.00 75788:1.00 75789:4.00
dropsond	70916:1.00
drosophil	67937:4.00
druon	68641:5.00
dryad	69816:1.00
dsf	73185:1.00
dsm	70918:1.00 75463:1.00
dsp	73879:4.00
dsv	67800:1.00
dt	74450:9.00
du	67942:1.00 68387:1.00 69814:1.00 69816:1.00 72935:1.00 74169:1.00 75065:1.00
dual	67553:1.00 71836:1.00
dualin	68882:2.00
ducourneau	75458:2.00
ducrocq	70916:4.00
ductil	76514:1.00
duflo	67068:1.00
dun	75458:1.00
dunod	74752:2.00
duquel	67804:1.00 67938:1.00 67940:1.00 68881:1.00 69177:1.00 69811:1.00 70162:1.00 70923:1.00 71358:1.00 71837:1.00 72932:1.00 73182:1.00 73434:1.00 74168:1.00 75063:1.00 75459:1.00
dur	67555:3.00 67557:1.00 67794:1.00 67798:1.00 67801:1.00 67937:1.00 67939:1.00 68273:1.00 68274:1.00 68383:1.00 68387:1.00 68642:1.00 68645:1.00 68881:1.00 68883:1.00 69177:1.00 69179:2.00 69534:2.00 69536:1.00 69537:1.00 69539:1.00 69811:1.00 69821:3.00 70161:2.00 70162:1.00 70164:1.00 70169:1.00 70421:1.00 70426:1.00 70749:1.00 70914:1.00 70916:1.00 71359:1.00 71362:2.00 71363:1.00 71835:1.00 71836:2.00 71843:1.00 72113:2.00 72118:1.00 72394:2.00 72629:1.00 72630:1.00 72634:3.00 72637:1.00 72932:3.00 72934:1.00 72935:1.00 72937:1.00 72939:1.00 73182:1.00 73183:1.00 73185:3.00 73187:1.00 73430:1.00 73432:1.00 73437:1.00 73684:2.00 73685:1.00 73689:1.00 73877:2.00 73879:1.00 73881:1.00 73882:1.00 74167:1.00 74168:4.00 74170:2.00 74171:1.00 74175:1.00 74450:1.00 74451:1.00 74453:1.00 74749:2.00 74751:1.00 74752:1.00 75064:1.00 75065:1.00 75069:1.00 75458:2.00 75459:3.00 75464:2.00 75788:1.00 75789:1.00 75793:2.00 76208:1.00 76213:1.00 76509:1.00 76511:1.00
durabl	67071:1.00 67561:4.00 67803:1.00 68279:8.00 68639:1.00 68882:10.00 69181:1.00 69185:1.00 69538:1.00 69812:1.00 70164:3.00 70166:1.00 70169:1.00 70420:3.00 70745:1.00 70752:1.00 70920:4.00 71366:1.00 71617:3.00 71621:3.00 71842:2.00 72398:8.00 72637:4.00 73185:2.00 73877:1.00 74172:1.00 74175:4.00 74456:1.00 75458:3.00 75463:1.00 76213:4.00 76511:4.00 76513:2.00 76514:3.00
durc	76207:4.00
durcisseur	68280:1.00
durcourneau	75458:1.00
dus	73684:1.00
dusko	69815:2.00 73432:3.00
dut	70161:1.00 75071:1.00
dutailly	73431:2.00
dutour	73431:2.00
duval	73687:1.00
duvernois	68279:1.00
dynacomp	69820:4.00
dynam	67939:1.00 68393:2.00 68645:1.00 68882:1.00 68886:1.00 68887:1.00 69180:1.00 69535:2.00 69541:1.00 69813:1.00 69820:4.00 70161:1.00 70422:1.00 70745:4.00 70914:3.00 70916:1.00 71620:1.00 72116:4.00 72400:1.00 74455:1.00 75067:1.00 75458:1.00 75460:1.00
dynamis	68383:4.00 74748:1.00
dysfonct	73184:1.00
dysfonction	74453:1.00
dyskines	68646:3.00
dyslipidem	75459:1.00
débarqu	74172:2.00
débarrasson	75792:1.00
débat	67804:1.00 67942:1.00 68275:1.00 68889:1.00 69184:1.00 70170:1.00 70752:2.00 71357:1.00 71363:1.00 72113:2.00 72393:1.00 72940:3.00 74175:1.00 74176:1.00 75465:2.00
débattr	72393:1.00 72400:1.00 73691:1.00 74176:1.00
débattront	75465:1.00
débattu	67804:1.00
débouch	67068:1.00 70420:1.00 72395:1.00 72630:1.00 76511:1.00
débusqu	73876:1.00 74455:1.00
début	67383:1.00 67555:1.00 67798:1.00 67937:1.00 68281:1.00 69534:1.00 69539:1.00 69541:1.00 70161:1.00 70916:1.00 70917:1.00 70920:1.00 71612:1.00 71614:2.00 71619:1.00 71837:1.00 71839:1.00 72115:1.00 72396:1.00 72932:1.00 73182:1.00 73432:1.00 73434:1.00 73436:1.00 73683:1.00 73875:1.00 73876:1.00 74168:1.00 74169:1.00 74745:2.00 74749:1.00 75063:1.00 75068:1.00 75069:1.00 75458:1.00 75792:2.00 75793:2.00 76507:1.00
décalag	75457:1.00
décant	72399:1.00
décarbon	70426:1.00 71363:1.00 72113:1.00 72121:1.00
décel	69539:1.00 76207:1.00
décembr	67937:1.00 67942:1.00 67946:1.00 68393:1.00 68639:1.00 68641:1.00 68881:2.00 69177:1.00 69178:1.00 70422:1.00 70751:1.00 70914:1.00 71619:1.00 71620:1.00 71836:4.00 71839:1.00 72392:1.00 72396:1.00 72630:2.00 73182:1.00 73185:1.00 73685:1.00 74174:1.00 74176:1.00 74746:2.00 74748:1.00 75067:1.00 75068:1.00
décen	67071:1.00 67798:1.00 68383:1.00 68387:1.00 68389:1.00 68645:1.00 68881:1.00 69533:2.00 69537:1.00 70424:1.00 70429:1.00 71363:1.00 71614:1.00 71621:1.00 71835:2.00 72633:1.00 72635:1.00 72932:1.00 73183:1.00 73434:1.00 73877:1.00 74167:1.00 76209:2.00
décentralis	68884:1.00
décern	67068:1.00 67383:1.00 67937:4.00 68641:1.00 70168:1.00 70752:1.00 71835:1.00 72633:1.00 72932:2.00 73190:1.00 74746:1.00
décernent	73435:1.00
déces	73684:1.00
décharg	75792:3.00
déchet	67385:1.00 69178:5.00 71621:1.00 72392:4.00 73684:1.00
déchiffr	72933:1.00
déchirur	75464:1.00
décid	67794:1.00 67937:3.00 68274:1.00 68279:1.00 68383:1.00 68883:1.00 69177:1.00 69184:1.00 69534:1.00 69813:1.00 70161:1.00 70162:1.00 70166:1.00 70422:1.00 71612:1.00 71614:3.00 71615:1.00 72114:1.00 72115:1.00 72392:1.00 72394:1.00 72398:1.00 72629:1.00 72933:1.00 73433:1.00 73684:3.00 73685:2.00 74450:1.00 74455:1.00 74746:2.00 74749:1.00 75457:1.00 75788:1.00 76207:2.00 76211:1.00 76507:1.00 76508:1.00 76509:1.00 76512:1.00
décident	72629:1.00
décideur	67803:1.00 68645:1.00 70162:2.00 70164:1.00 72113:1.00 72939:1.00
décimetr	68883:1.00
décis	67553:1.00 68276:1.00 68645:1.00 69177:2.00 70162:2.00 70166:1.00 70917:1.00 70923:1.00 72398:1.00 72629:1.00 72933:1.00 72939:2.00 73182:1.00 73684:1.00 73687:1.00 73877:1.00 74169:1.00 74751:1.00 75064:1.00 75457:1.00
déclar	67071:1.00 67383:1.00 67794:1.00 67796:1.00 67937:2.00 67939:1.00 68273:1.00 68276:1.00 68281:1.00 68383:1.00 68638:1.00 68881:2.00 68883:1.00 69177:2.00 69815:1.00 70161:2.00 70163:1.00 70421:1.00 70745:1.00 70914:2.00 70919:1.00 70921:1.00 70923:1.00 71358:2.00 71836:1.00 71842:1.00 72114:1.00 72392:1.00 72398:1.00 72629:1.00 72630:1.00 72932:1.00 72933:1.00 73185:1.00 73685:1.00 74172:1.00 74451:1.00 74453:1.00 74456:1.00 74744:1.00 74752:2.00 75063:1.00 75069:1.00 76507:1.00
déclarent	67794:1.00 68646:1.00
déclench	67937:2.00 68887:1.00 69811:1.00 72119:1.00 73683:1.00
déclencheur	73434:1.00
déclin	68383:1.00 70916:1.00 72630:1.00 74449:1.00
décoll	74750:1.00
décollag	67939:1.00 69179:1.00 71617:2.00 74450:2.00
décompos	68882:1.00
déconcert	72401:1.00
déconstruct	72392:3.00
décontamin	72392:1.00
décor	74449:1.00 76206:1.00 76213:1.00
décortiqu	73182:1.00 73432:1.00 73877:1.00 76206:1.00
découl	76511:1.00
découp	67554:1.00 72392:1.00 73684:1.00 76513:1.00
découvert	67068:1.00 67389:1.00 67556:2.00 68274:1.00 68390:2.00 68887:3.00 69184:1.00 69821:1.00 70161:1.00 70424:3.00 70751:1.00 71612:2.00 71614:1.00 71837:1.00 71843:1.00 72116:1.00 72117:1.00 72401:1.00 72632:2.00 72940:5.00 73183:1.00 73185:1.00 73434:3.00 73683:3.00 74168:1.00 74453:1.00 74748:1.00 74750:1.00 75071:1.00 75788:1.00 75790:1.00 76206:1.00 76208:1.00 76515:1.00
découvr	67068:2.00 68274:1.00 68276:1.00 68283:1.00 68885:1.00 69184:1.00 69821:1.00 71612:1.00 72115:2.00 72399:1.00 72631:2.00 72939:1.00 73190:1.00 73884:1.00 74176:3.00 74452:1.00 74752:1.00 75457:1.00 75459:1.00 75464:1.00 75788:1.00 75797:1.00 76206:1.00 76209:1.00 76213:1.00
découvrent	67937:1.00
décret	74167:1.00
décrir	72932:1.00
décrit	70747:1.00
décrivent	68383:1.00 72932:1.00
décroch	71612:1.00 72630:1.00 73432:2.00 73685:1.00
décroîtr	75457:1.00
décrypt	73183:1.00 73877:1.00 74176:1.00 74748:1.00
dédi	67799:1.00 67939:1.00 67942:1.00 67943:1.00 67946:1.00 68277:3.00 68278:1.00 68384:1.00 68638:1.00 68640:1.00 69178:1.00 69181:1.00 69538:1.00 69814:1.00 70165:1.00 71359:2.00 71361:1.00 71614:4.00 71619:1.00 71842:4.00 72122:2.00 72395:1.00 72398:1.00 73683:1.00 73691:1.00 73879:1.00 74169:1.00 75068:2.00 75460:1.00 75461:1.00 75465:2.00 76507:1.00 76514:1.00
déduir	71357:1.00 73683:1.00
déduit	73683:1.00
défaut	67556:1.00 68391:1.00 68886:2.00 73879:1.00 76210:1.00
défectu	67556:1.00
défend	67937:2.00
défendent	67937:1.00
défendr	67937:1.00 68387:1.00 74170:1.00
défendu	73184:1.00
défens	67553:3.00 67937:4.00 68279:1.00 69177:2.00 71615:1.00 71836:2.00 72937:1.00 74745:1.00 75789:1.00 76208:1.00 76511:8.00
défic	68383:4.00 69182:1.00 73883:1.00
déficient	67556:4.00 68383:1.00
déficit	67556:1.00 68388:1.00 73184:3.00
déficitair	68383:1.00
défin	67556:1.00 67798:1.00 68279:2.00 68383:1.00 68889:2.00 69538:1.00 70164:1.00 70166:1.00 70915:1.00 71359:1.00 71620:1.00 72395:1.00 73182:1.00 73436:1.00 73877:1.00 73880:1.00 73883:1.00 75063:1.00 76212:1.00 76508:1.00
définit	67802:1.00 68383:1.00 68882:1.00 70422:1.00 70915:1.00 70917:2.00 71359:1.00 72634:2.00 74454:1.00 74457:1.00
déforest	74457:1.00
déform	68280:1.00 74750:1.00 75464:1.00
défunt	73684:1.00
dégag	68882:1.00 71617:1.00
déglutit	75069:1.00
dégrad	69184:3.00 70917:1.00 71612:2.00 75069:1.00
dégradent	71612:1.00 75069:1.00
dégross	75789:1.00
dégust	76206:7.00 76512:1.00
dégât	67794:1.00 70916:1.00 76511:1.00
dégéner	68387:1.00
dégénérescent	68387:1.00 68646:1.00 71360:1.00
déjà	67385:1.00 67389:1.00 67553:1.00 67554:1.00 67555:3.00 67795:1.00 67798:1.00 67937:1.00 67938:1.00 68273:1.00 68279:5.00 68383:1.00 68388:2.00 68389:1.00 68390:1.00 68392:3.00 68643:1.00 68646:1.00 68881:2.00 69179:1.00 69181:1.00 69534:1.00 69538:1.00 69811:2.00 69813:2.00 69815:1.00 69816:1.00 69817:1.00 69819:1.00 70161:2.00 70162:1.00 70420:1.00 70421:4.00 70429:1.00 70743:1.00 70744:1.00 70745:1.00 70749:1.00 70914:2.00 70918:2.00 70919:1.00 70920:1.00 70921:1.00 71359:2.00 71362:1.00 71615:1.00 71618:1.00 71621:1.00 71836:2.00 71842:2.00 71843:1.00 72114:1.00 72115:1.00 72118:1.00 72392:3.00 72395:1.00 72629:1.00 72630:1.00 72631:1.00 72633:2.00 72634:2.00 72635:1.00 72932:2.00 72933:1.00 72935:1.00 73182:5.00 73184:3.00 73185:1.00 73430:1.00 73431:1.00 73432:1.00 73684:2.00 73685:2.00 73876:2.00 73880:2.00 74167:1.00 74168:1.00 74170:1.00 74449:1.00 74450:3.00 74451:1.00 74457:2.00 74745:1.00 74746:1.00 75063:5.00 75065:1.00 75067:1.00 75070:1.00 75458:1.00 75459:2.00 75788:4.00 75792:1.00 76206:1.00 76207:2.00 76209:2.00 76508:1.00 76509:1.00 76511:1.00 76512:1.00
délaiss	67937:1.00 69817:1.00 70420:1.00
déleg	67553:1.00 69535:1.00 69542:1.00 72396:5.00 74167:1.00
déliber	71621:1.00 74457:1.00 76206:1.00
délicat	73877:1.00 75791:1.00
délim	73684:1.00
délivr	67944:1.00 70168:2.00 72117:1.00 72119:2.00 72935:1.00 73187:1.00 73190:1.00 73431:1.00
délivrent	73876:1.00
délocalis	72394:1.00
délégu	67388:1.00 67795:1.00 68885:1.00 71616:1.00 72113:2.00 74456:1.00 74746:1.00
démantel	70915:1.00 72392:12.00 72629:1.00 74751:1.00
démarch	67383:3.00 67553:1.00 67795:1.00 68274:1.00 68275:1.00 68279:2.00 68383:2.00 68641:1.00 68643:1.00 69533:1.00 69813:2.00 70161:1.00 70421:1.00 70915:1.00 71357:1.00 71359:1.00 71845:3.00 72118:1.00 72392:1.00 72395:1.00 72396:1.00 72634:1.00 73182:1.00 73185:3.00 73430:1.00 73435:1.00 73876:1.00 73877:1.00 74172:1.00 74455:1.00 74745:1.00 74746:1.00 75457:1.00 75459:1.00 75461:1.00 76207:1.00 76208:1.00 76209:1.00 76211:1.00 76508:1.00 76511:1.00
démarr	67795:1.00 67939:1.00 68279:1.00 68881:1.00 70918:1.00 71359:2.00 72629:1.00 72631:1.00 72634:1.00 74749:1.00 75064:1.00 75065:1.00 76507:1.00
démarrag	68279:1.00 68881:1.00 70424:1.00 72629:1.00 73685:1.00 74749:1.00
démarrent	74449:1.00
dématérialis	69535:1.00
démenc	68277:1.00 73184:1.00
démocratis	68273:2.00 70914:2.00
démocratison	68273:1.00
démograph	69533:1.00 69535:1.00 76213:1.00
démonstr	67383:1.00 67554:3.00 67797:2.00 68881:1.00 69178:1.00 69179:1.00 69534:2.00 70162:3.00 70170:1.00 70426:1.00 70919:1.00 71835:1.00 72121:2.00 72937:1.00 72939:1.00 73184:1.00 73432:1.00 73884:1.00 74168:2.00 74752:1.00 75068:1.00 75071:1.00 75792:1.00 75797:1.00
démont	75064:1.00
démontr	67390:2.00 67553:1.00 67556:1.00 67558:1.00 68882:1.00 68883:1.00 68886:1.00 69179:1.00 69811:1.00 70162:1.00 70167:1.00 70746:1.00 72122:1.00 73184:2.00 73434:1.00 73686:1.00 74168:1.00
démystif	76206:1.00
dénich	71835:1.00
dénombr	69183:2.00
dénomin	68885:2.00
dénomm	68276:1.00 68279:1.00
dénutrit	74449:3.00 74746:1.00 75069:1.00 76507:1.00
départ	67068:4.00 67554:1.00 67798:1.00 67937:2.00 67939:1.00 67944:1.00 68384:1.00 68385:1.00 68882:1.00 68885:2.00 70161:1.00 70421:1.00 70746:1.00 70916:3.00 71358:1.00 71618:1.00 71837:1.00 72118:1.00 72398:2.00 72933:1.00 74169:1.00 74172:1.00 74744:1.00 74748:1.00 74752:1.00 75066:1.00 75458:1.00 76209:1.00 76213:1.00 76513:1.00
dépass	67386:1.00 68638:2.00 72633:1.00 73432:1.00
dépen	69816:1.00
dépend	68278:1.00 68886:1.00 72113:1.00 74449:4.00 76206:1.00 76509:1.00
dépendent	67388:1.00 67794:1.00 75795:1.00
dépendon	67553:1.00
dépendr	72116:1.00 72392:1.00
dépens	69540:1.00 75458:1.00
déper	76516:1.00
dépist	74455:2.00
dépistag	69536:1.00 74455:2.00
déplac	67383:2.00 67941:1.00 68882:1.00 68883:1.00 70162:2.00 70421:3.00 70744:3.00 70917:1.00 72396:1.00 72933:1.00 73182:1.00 74170:1.00 75794:2.00
déplacent	69182:1.00 69813:1.00 70744:1.00 73688:1.00 75794:1.00
déplair	72932:1.00
déplass	75066:1.00
déploi	67071:1.00 70916:4.00 72114:1.00 73686:1.00 73688:1.00 74452:1.00 75463:3.00 75789:1.00 76510:1.00
déplor	72933:1.00 73182:1.00 74167:1.00 75457:1.00
dépointag	71836:1.00
dépollu	75066:1.00
dépos	67385:1.00 68643:1.00 70169:1.00 72630:1.00 72634:1.00 72635:1.00 73184:2.00 73187:1.00 73431:1.00 74451:1.00 74744:2.00 75066:1.00 76511:1.00
déposit	74168:2.00
dépourvu	68388:1.00 68883:1.00
dépress	74173:1.00
dépôt	67554:1.00 68643:1.00 71621:1.00 71835:1.00 71843:1.00 72115:1.00 72117:1.00 72633:3.00 73184:1.00 74173:1.00 75065:1.00
dérang	67938:2.00 70424:1.00
dérisoir	73432:1.00
dériv	68388:1.00 69180:1.00 70423:1.00 70915:1.00 70916:1.00 71360:1.00 72114:1.00
dérob	74167:1.00
déroul	67943:1.00 67944:1.00 68274:1.00 68387:1.00 68888:1.00 69177:3.00 69185:1.00 69539:1.00 69541:1.00 69543:1.00 70162:2.00 70752:1.00 70923:1.00 71835:1.00 71837:1.00 72932:1.00 72933:1.00 72937:1.00 73430:2.00 73877:1.00 74168:1.00 74452:1.00 74748:1.00 75064:1.00 75465:1.00 75466:1.00 75796:1.00 75797:1.00
déroulent	67388:1.00
désaffect	71835:1.00 75457:1.00
désaisonnalis	71621:1.00
désarm	72401:1.00
désert	75458:2.00
désertif	75458:2.00
désherbag	68279:2.00
déshérent	70161:1.00
désign	72397:1.00 72631:1.00 76211:1.00
désir	75069:1.00
désol	75457:1.00
désorbit	69177:2.00
désordr	69540:1.00
désorganis	72116:1.00
désorm	67553:1.00 67795:1.00 67798:1.00 67802:1.00 68273:1.00 68392:1.00 69177:2.00 69178:1.00 69183:1.00 69535:1.00 69539:1.00 69540:1.00 69813:1.00 70166:1.00 70421:1.00 70422:3.00 70749:1.00 70914:2.00 70920:1.00 70923:2.00 71358:1.00 71621:1.00 71835:1.00 71836:2.00 71839:1.00 71843:1.00 72115:1.00 72116:1.00 72394:1.00 72631:1.00 72633:1.00 72932:1.00 72934:1.00 73430:1.00 73432:1.00 73684:1.00 73685:2.00 73877:1.00 73879:2.00 73881:1.00 74172:1.00 74745:1.00 74749:1.00 74751:1.00 75063:1.00 75064:1.00 75458:2.00 75461:2.00 75462:1.00 76206:1.00 76207:1.00 76211:2.00
désorpt	72634:1.00
déstabilis	68884:1.00
déstructur	75790:2.00
déséquilibr	69535:1.00 75793:1.00
détach	72932:1.00
détail	68276:1.00 69539:2.00 71836:1.00 73189:1.00 73683:2.00
détaill	67797:1.00 68391:1.00
détatouag	75067:1.00
détect	67388:1.00 67553:1.00 67554:1.00 67941:1.00 67942:1.00 68638:1.00 69183:5.00 69186:1.00 69811:1.00 70421:1.00 70425:7.00 70919:1.00 70922:1.00 71614:1.00 71836:2.00 71838:1.00 71840:1.00 72118:1.00 72631:2.00 72633:1.00 72935:1.00 73186:2.00 73432:1.00 73688:1.00 73877:1.00 73878:1.00 73879:1.00 73880:1.00 74167:2.00 74746:1.00 75460:5.00 75465:2.00 75793:1.00 76207:2.00
détecteur	68391:1.00 70163:1.00 70425:2.00 70919:2.00 71839:4.00 74167:1.00
déten	73875:1.00 74167:1.00
détenu	68883:1.00 73875:2.00 74745:1.00
détergent	67558:4.00 70166:1.00
détermin	67387:1.00 67388:1.00 67800:1.00 67801:3.00 68882:2.00 70162:1.00 70424:1.00 70916:3.00 70919:2.00 72635:1.00 73432:1.00 74449:1.00 75458:1.00 75794:1.00 76209:1.00
déterminent	67387:1.00 69819:1.00
détiennent	69821:1.00
détient	68273:1.00 71360:1.00 74451:1.00 75797:1.00 76508:1.00
détour	72939:1.00 74455:1.00
détracteur	73684:1.00
détroit	76508:1.00
détruir	67068:1.00 68391:1.00 75065:2.00 76511:1.00
dévast	70915:1.00
développent	67068:1.00 67553:1.00 68881:1.00 69820:1.00 70421:1.00 71359:1.00 74167:1.00 76208:1.00
développeur	70170:1.00 70914:1.00 71359:1.00 75068:1.00 76207:1.00
développon	74167:1.00
dévi	68391:1.00
dévoil	72400:1.00 76209:1.00
dévoilent	68276:1.00
déçus	73185:1.00
dû	67937:1.00 68274:1.00 68276:1.00 69184:1.00 70163:1.00 71359:1.00 71835:1.00 71842:1.00 73185:1.00 74449:1.00 75065:1.00
e	68385:2.00 70425:2.00 70923:4.00 73184:9.00 73437:4.00 73884:1.00 74452:4.00 75063:1.00 75071:1.00 76509:1.00
ead	67939:1.00 68393:3.00
earth	69811:1.00
earthquak	67942:1.00
east	68278:1.00
eau	67071:3.00 67387:1.00 67390:1.00 67558:5.00 67939:10.00 68275:1.00 68383:1.00 68387:1.00 68390:1.00 68883:1.00 68884:1.00 69182:2.00 69537:1.00 69540:1.00 69542:1.00 69812:1.00 69813:1.00 69816:1.00 69818:1.00 70746:1.00 70916:5.00 70917:1.00 70918:2.00 71363:1.00 71621:1.00 72392:2.00 72394:2.00 72397:6.00 72399:6.00 73183:2.00 73190:1.00 73433:2.00 73434:2.00 73685:3.00 73688:8.00 73875:1.00 73880:2.00 74170:1.00 74750:2.00 75458:5.00 75460:2.00 75462:1.00 76210:1.00
ebt	74171:1.00
ec	74749:6.00
eccp	73691:1.00
ecnu	68278:1.00
eco	68278:1.00 71617:1.00 71845:1.00 74175:4.00
ecol	67068:2.00 67940:1.00 68280:1.00 68383:1.00 68391:1.00 68638:7.00 68639:1.00 68645:1.00 68885:1.00 68886:2.00 68888:7.00 68889:1.00 69180:2.00 69185:1.00 69540:1.00 69542:1.00 69820:2.00 70161:5.00 70168:1.00 70426:2.00 70743:6.00 70747:1.00 70916:1.00 71358:5.00 71361:2.00 71363:1.00 71614:1.00 71619:1.00 72398:10.00 72633:1.00 72932:4.00 72934:1.00 72936:11.00 73182:3.00 73183:1.00 73184:1.00 73186:1.00 73188:1.00 73190:1.00 73430:15.00 73431:1.00 73683:1.00 73685:1.00 73686:1.00 73876:3.00 73879:1.00 73883:2.00 74175:2.00 74455:1.00 74751:1.00 75071:3.00 75457:1.00 75462:1.00 75464:3.00 75796:1.00 76208:1.00 76211:4.00 76513:1.00
ecolab	75066:1.00 76513:6.00
ecolog	67387:2.00 69181:1.00 70745:1.00 71618:1.00 71837:1.00 75458:1.00
ecology	69816:2.00 71837:1.00
econom	67561:1.00 68393:1.00 72113:1.00 72398:2.00 72939:1.00 73430:1.00 73435:1.00 74449:1.00 74746:7.00 75063:1.00 75466:3.00
economic	68386:1.00
economy	74171:1.00 74746:1.00
ecophyto	73877:1.00
ecoss	70163:1.00 73880:1.00
ecosym	67385:1.00
ecotechnolog	67071:1.00
ecrir	70744:3.00
edan	76208:1.00
eden	67553:14.00
edf	67386:2.00 67944:1.00 72398:4.00 73185:1.00 74450:1.00 76509:1.00
edge	74745:1.00
edimbourg	70163:1.00 73880:1.00
edit	67938:3.00 68882:2.00 70429:1.00 72398:1.00 72401:1.00 72940:3.00 76213:2.00
editeur	67794:2.00 76507:1.00
edmond	72935:1.00
edrip	72935:1.00
educ	68888:1.00 70421:3.00 70428:2.00 73182:1.00 73687:1.00 75063:1.00
edwig	70915:3.00
effac	69540:1.00
effect	67390:1.00 67795:1.00 67938:1.00 68882:1.00 68885:1.00 71357:2.00 71614:1.00 73683:1.00 74169:1.00 74455:1.00
effectu	67389:1.00 67554:1.00 67800:1.00 68275:1.00 68390:1.00 68640:1.00 68881:1.00 68883:2.00 68885:1.00 68887:1.00 69533:2.00 69534:1.00 69537:1.00 69817:2.00 70162:1.00 70165:1.00 70420:1.00 70421:2.00 70422:2.00 70424:3.00 70916:1.00 71618:2.00 71836:1.00 71837:1.00 72394:1.00 72629:1.00 72939:2.00 73183:1.00 73185:1.00 73434:1.00 73683:3.00 74168:2.00 74749:1.00 75068:1.00 75457:1.00 76206:2.00 76208:1.00
effectuent	68888:1.00 71618:1.00
effervescent	69535:1.00
effet	67068:1.00 67387:1.00 67388:1.00 67555:2.00 67798:2.00 67800:1.00 68387:4.00 68388:1.00 68638:1.00 68646:1.00 69816:2.00 70162:1.00 70424:2.00 70429:1.00 70751:1.00 70921:1.00 72114:1.00 72401:1.00 72629:1.00 73437:1.00 73877:1.00 74453:1.00 74744:1.00 75065:1.00 75458:2.00 75463:1.00 76213:1.00
efficac	67068:1.00 67385:1.00 67553:1.00 67554:1.00 67802:1.00 68279:1.00 68639:1.00 68887:1.00 69539:1.00 69541:1.00 69813:1.00 70161:1.00 70744:1.00 70747:1.00 70914:1.00 70922:1.00 71614:1.00 71617:1.00 71842:1.00 71843:1.00 72393:1.00 72934:1.00 72935:2.00 73187:1.00 73188:3.00 73432:1.00 73686:1.00 73879:2.00 74173:1.00 74176:1.00 75064:1.00 75065:1.00 75788:1.00 75789:2.00 75792:3.00 75795:1.00 75796:1.00 76213:1.00 76509:1.00 76511:2.00
efficient	68278:2.00 69182:1.00 69538:1.00 71617:2.00 74749:1.00
effinerg	70169:1.00
effluent	69538:1.00 72392:1.00
effondr	67558:1.00 67794:1.00 68886:1.00 69811:1.00
effort	67941:2.00 68279:1.00 70914:1.00 70915:1.00 72932:2.00 73876:1.00 74746:1.00 75064:1.00 76511:1.00
effren	67938:1.00
egal	70751:1.00 73190:1.00 74748:1.00
egg	73185:1.00
egly	67556:1.00
ego	72394:1.00
egypt	73683:1.00 74450:1.00
egyptien	69819:1.00
eh	70421:1.00
ehpad	74449:1.00 74749:1.00
ehrlich	69815:2.00 73432:3.00
eiffel	68383:1.00
eil	72631:1.00
einstein	72932:1.00
ekawatchaow	75464:1.00
ekhuft	67940:1.00
elabor	72119:1.00 75793:1.00
elc	71358:1.00
elderly	75069:1.00
eldorado	73433:1.00
electr	68884:1.00
electric	67796:1.00 73185:1.00 74745:1.00
electro	67942:1.00 68881:1.00
electron	67802:1.00 67940:1.00 69814:2.00 70748:1.00 70915:1.00 72635:1.00 72934:1.00
elektronen	73186:1.00
element	69177:2.00 73186:1.00
elevator	73438:1.00
elis	69177:1.00
elisabeth	75790:2.00
elle	67385:1.00 67388:1.00 67553:7.00 67554:1.00 67555:1.00 67794:1.00 67798:2.00 67802:1.00 67939:1.00 68279:2.00 68387:1.00 68389:2.00 68643:6.00 68882:1.00 68883:1.00 68885:1.00 68886:2.00 69183:1.00 69533:1.00 69535:1.00 69539:2.00 69813:1.00 69816:1.00 69820:1.00 70420:1.00 70423:1.00 70745:2.00 71358:2.00 71618:1.00 71621:3.00 71843:1.00 72113:1.00 72395:5.00 72630:1.00 72636:1.00 72934:1.00 72935:1.00 72938:1.00 73184:1.00 73430:1.00 73436:1.00 73685:1.00 73875:1.00 73877:1.00 73882:1.00 74169:1.00 74449:1.00 74455:1.00 74747:2.00 74750:1.00 75069:1.00 75070:2.00 75458:2.00 75459:3.00 75462:1.00 75466:1.00 75790:1.00 75794:2.00 75795:1.00 76209:1.00 76213:1.00
elo	67804:1.00
elov	74746:1.00
else	75459:1.00
em	70426:2.00
emac	72634:8.00
emball	69534:1.00 76514:1.00
emballag	67557:1.00 72634:13.00 75069:2.00 75462:1.00 75464:2.00 76514:8.00
embarc	73683:5.00
embarqu	67553:1.00 69177:1.00 70168:1.00 71836:1.00 73187:1.00 73190:1.00 73879:1.00 74170:1.00 74751:4.00 75071:2.00 76508:3.00
embarquent	70165:1.00
embauch	67553:1.00 68643:1.00 72394:1.00 73685:1.00 75461:1.00
embl	73183:1.00
emblé	67068:1.00 67383:1.00 67555:1.00 67938:1.00 68276:1.00 68643:1.00 70745:1.00 71357:1.00 72113:1.00 72629:1.00 73182:1.00 73185:1.00 73430:1.00 73876:1.00 75069:1.00 75789:1.00 76509:1.00
emblémat	68383:1.00 69542:1.00 69818:1.00 71357:1.00 72394:1.00 73880:1.00 74457:1.00
embouchur	72397:1.00
embryon	71842:1.00 73684:1.00 73876:1.00
embûch	72396:1.00
emc	75068:3.00
emergent	72936:1.00
emirat	72629:1.00
emiss	67942:1.00
emitting	75070:1.00
emlyon	73876:4.00
emm	72122:1.00 73884:1.00
emma	72394:1.00
emmanuel	67801:1.00 74455:4.00 76509:3.00
emmen	68881:1.00 71612:1.00 74457:1.00
empil	67554:1.00 68882:2.00 70161:1.00 74173:1.00 76210:1.00
empir	73877:1.00 74752:1.00
emplac	70919:1.00 74746:1.00
emploi	68274:1.00 68383:1.00 73437:1.00 73687:1.00 74171:1.00 75795:1.00 76212:1.00 76516:1.00
emplois	68643:1.00 69535:1.00 69818:1.00 70164:1.00 71357:1.00 71366:1.00 72114:2.00 72392:1.00 73683:1.00 73684:1.00 74746:1.00 74748:2.00 75795:1.00 76512:1.00
empois	74748:1.00
emport	67939:2.00 69177:1.00 69179:1.00 70424:1.00
empreint	68886:2.00 71617:1.00 72633:3.00 72932:1.00 74745:1.00
empress	68881:1.00
emprunt	68275:1.00 73183:2.00
empruntent	73875:1.00
empêch	67937:1.00 70422:1.00 70747:1.00 71835:1.00 74749:1.00 75065:2.00
en	68278:1.00 68645:1.00 69186:1.00 70916:1.00 73183:1.00 73189:1.00 76210:1.00
enac	69542:1.00
encadr	71357:1.00
encaiss	72933:1.00
encapsul	70166:1.00 75065:1.00 75462:6.00
encastr	71836:1.00
enchant	74167:1.00
enchaîn	70422:1.00
enclav	75789:1.00
enclin	67068:1.00 72114:1.00
encombr	75067:1.00
encourag	68387:1.00 71357:1.00 72630:1.00 72634:1.00 73184:1.00 74169:1.00 74454:1.00 74748:1.00 75458:1.00 76211:1.00
encouragent	69535:1.00
encre	67938:1.00 72114:3.00
encycloped	74457:1.00
encéphal	73184:1.00 73431:1.00
end	69814:1.00
endem	72632:1.00 75458:1.00
endet	73875:1.00
endocel	67802:1.00
endocrin	67802:1.00 67937:1.00 68887:2.00
endocrinien	68887:3.00
endocrinolog	67937:1.00 72631:1.00
endommag	70922:2.00 73431:2.00 74451:1.00
endoscop	70918:2.00
endroit	67068:3.00 67794:1.00 67800:1.00 68387:1.00 73187:1.00
endur	74450:5.00
ene	75463:1.00
energ	68640:1.00 70169:1.00 71363:1.00 72392:2.00 73690:1.00 73875:1.00 75458:1.00 75463:1.00 75789:1.00
energet	70426:1.00 70743:1.00 71362:1.00
energy	67557:1.00 69537:1.00 72113:1.00 73185:1.00
enfanc	67555:1.00 70169:1.00
enfant	67555:19.00 67556:1.00 68645:2.00 68881:2.00 70428:4.00 70745:1.00 70749:13.00 71841:3.00 72396:3.00 72401:8.00 72932:3.00 73431:2.00 74453:1.00 74744:1.00 75063:2.00 75458:1.00 76509:3.00
enferm	70166:1.00 75462:1.00
enfilag	74746:1.00
enfin	67071:1.00 67383:1.00 67553:1.00 67555:2.00 67795:2.00 67802:1.00 67939:2.00 68275:1.00 68276:1.00 68639:1.00 68641:1.00 68642:1.00 68882:1.00 69177:3.00 69533:2.00 69535:1.00 69812:1.00 69813:1.00 69817:1.00 69820:1.00 70162:2.00 70166:1.00 70422:1.00 70745:1.00 70751:2.00 70916:1.00 71357:2.00 71358:1.00 71361:1.00 71363:1.00 71615:1.00 71835:1.00 71837:1.00 71838:1.00 71840:1.00 72114:1.00 72120:1.00 72393:1.00 72395:1.00 72396:1.00 72400:1.00 72631:2.00 72932:1.00 72937:2.00 72938:1.00 72939:2.00 73182:2.00 73189:1.00 73430:4.00 73434:2.00 73877:1.00 73879:1.00 73884:1.00 74167:1.00 74168:2.00 74174:1.00 74176:1.00 74449:1.00 74450:1.00 74453:1.00 74456:1.00 74744:1.00 74746:2.00 74750:1.00 75068:1.00 75071:2.00 75457:1.00 75462:1.00 75464:1.00 75795:1.00 75796:1.00 75797:1.00 76212:1.00 76511:1.00 76512:1.00 76514:1.00 76516:2.00
enflamm	68644:1.00
engag	67795:1.00 69536:1.00 70162:2.00 70753:2.00 70914:1.00 71616:1.00 71837:1.00 72395:2.00 72629:1.00 73877:1.00 74449:1.00 74746:2.00 76212:1.00
engendr	68886:1.00 71617:1.00 71840:1.00
engin	70165:3.00 70916:1.00
engineering	67945:1.00 71617:1.00 72113:1.00
englob	71359:1.00
engou	68387:1.00 68638:1.00
engrais	67385:1.00
engrang	76511:1.00
engref	67795:1.00
engrenag	72119:1.00
enil	67388:1.00 68885:1.00
enitia	73685:1.00
enjeu	68385:1.00 69535:2.00 69820:1.00 71358:1.00 72392:2.00 73188:1.00
enjeux	67071:1.00 67388:1.00 67938:1.00 68275:2.00 68283:2.00 68383:1.00 68882:1.00 69535:2.00 70752:2.00 70914:1.00 71619:2.00 71620:1.00 71621:1.00 72398:1.00 72399:3.00 72938:1.00 73183:1.00 74175:1.00 74176:1.00 74457:3.00 76208:1.00
enki	70918:1.00
enlev	70918:1.00
enquêt	67388:1.00 72630:1.00
enregistr	67068:1.00 67389:3.00 67795:1.00 70421:1.00 70744:1.00 70749:1.00 70916:1.00 72629:1.00 74170:1.00 74171:5.00 76510:1.00
enrich	71359:2.00 72394:2.00 72398:1.00 72637:1.00 72932:1.00 73185:1.00 73431:1.00 73683:1.00 76211:1.00
ensait	71361:2.00
ensam	70422:1.00 75791:3.00
ensaplv	69185:3.00
ensban	72394:1.00 72631:1.00 73685:1.00
enseign	67068:1.00 67071:1.00 67795:4.00 67944:1.00 68276:2.00 68277:1.00 68281:2.00 68383:1.00 68392:1.00 68393:2.00 69181:1.00 69185:1.00 69536:3.00 70161:1.00 70168:1.00 70169:1.00 70421:1.00 70422:1.00 70426:1.00 70743:1.00 70748:1.00 70914:4.00 70920:1.00 70923:4.00 71357:1.00 71358:1.00 71362:4.00 71620:1.00 71835:1.00 71837:1.00 72113:1.00 72394:6.00 72398:1.00 72637:2.00 72932:2.00 72936:1.00 72937:1.00 72938:1.00 73182:2.00 73185:1.00 73190:1.00 73430:1.00 73431:1.00 73437:1.00 73876:8.00 73882:1.00 74175:1.00 74450:1.00 74746:1.00 74751:2.00 75063:1.00 75071:2.00 75457:4.00 76206:3.00 76513:1.00
ensembl	67383:1.00 67388:1.00 67391:1.00 67553:1.00 67561:1.00 67794:1.00 67939:1.00 68273:1.00 68275:2.00 68277:1.00 68383:1.00 68391:1.00 68393:1.00 68644:1.00 68881:2.00 69177:1.00 69181:2.00 69533:1.00 69534:1.00 69535:1.00 69812:2.00 70161:1.00 70162:4.00 70163:2.00 70170:1.00 70424:2.00 70425:1.00 70428:1.00 70748:1.00 70751:1.00 70914:1.00 70916:4.00 71357:2.00 71358:1.00 71359:3.00 71614:1.00 71842:1.00 72113:1.00 72115:1.00 72392:5.00 72393:2.00 72395:1.00 72634:2.00 72637:1.00 72938:1.00 72939:1.00 73186:1.00 73432:2.00 73434:1.00 73683:3.00 73685:3.00 73687:2.00 73875:2.00 73876:1.00 73877:1.00 73884:2.00 74168:1.00 74171:1.00 74172:1.00 74174:1.00 74175:1.00 74449:1.00 74452:1.00 74455:1.00 74745:1.00 74747:1.00 74749:1.00 75069:1.00 75071:1.00 75458:1.00 75788:3.00 75789:1.00 75792:1.00 76209:1.00 76211:1.00 76213:1.00 76508:3.00
ensembli	72399:1.00
ensg	68889:1.00
ensi	67795:1.00
ensiacet	71362:2.00 71612:1.00
ensic	71358:1.00
ensicaen	69178:1.00
ensma	71358:1.00
ensmm	74455:1.00
ensoleil	68387:1.00 73684:1.00
ensta	67944:7.00 68883:2.00 74170:2.00
ensuit	67385:1.00 67554:2.00 67558:1.00 67802:1.00 67939:1.00 68383:1.00 68387:1.00 68391:1.00 68643:1.00 68645:1.00 68882:1.00 68884:1.00 69182:1.00 69183:1.00 69534:1.00 69540:1.00 69811:1.00 69813:1.00 70422:1.00 70920:1.00 71357:1.00 71359:2.00 71835:1.00 72115:1.00 72121:1.00 72394:2.00 72397:1.00 72630:2.00 72932:2.00 72934:1.00 73182:1.00 73185:1.00 73432:1.00 73683:2.00 73877:1.00 74449:1.00 74450:2.00 75065:1.00 75458:1.00 76213:2.00 76508:2.00 76511:3.00
entam	67937:1.00 68392:1.00 69811:1.00 72932:1.00 72939:1.00 73183:1.00 73185:1.00 73430:1.00 74168:1.00 74172:1.00 74454:1.00 76206:1.00
entament	67385:1.00
entend	72637:1.00 72932:1.00 73430:1.00 76508:1.00
entendent	76508:1.00
entendr	72939:1.00 76508:1.00
entendu	72939:1.00 74752:1.00
enterococcus	70746:1.00
enterom	69815:5.00
enthousiasm	67068:2.00 67383:1.00 67553:1.00 68638:1.00 69177:1.00 69812:1.00 70420:1.00 70422:1.00 71359:1.00 71842:3.00 72115:1.00 72394:1.00 72634:1.00 72932:1.00 72934:1.00 73184:1.00 73185:1.00 73430:1.00 73432:1.00 73683:1.00 73684:1.00 73685:1.00 73879:1.00 74168:1.00 74450:1.00 74451:1.00 74457:1.00 75458:1.00 75459:1.00 75788:2.00
enthousiast	68383:1.00 68881:1.00 70421:1.00
enti	67802:1.00 67939:2.00 68274:1.00 69181:1.00 69811:1.00 70429:1.00 70921:1.00 71359:1.00 71612:1.00 71837:1.00 72635:1.00 72933:1.00 73880:1.00 74744:1.00 74745:1.00 75459:1.00 76515:1.00
entier	67800:1.00 68277:1.00 69179:1.00 69183:1.00 71842:1.00 73431:1.00 73683:2.00 73879:1.00 74744:1.00 75067:1.00 75460:1.00
entit	67553:1.00 67938:1.00 72634:1.00 74455:1.00 74744:1.00 75459:1.00
entour	72635:2.00 76206:1.00 76211:1.00
entourent	67942:1.00
entpe	72939:1.00
entrant	70162:1.00
entraîn	67390:1.00 67795:1.00 67797:1.00 67799:1.00 67801:1.00 67802:1.00 68646:1.00 68882:2.00 68887:1.00 69184:1.00 69534:1.00 69535:1.00 70425:1.00 70744:4.00 71363:1.00 72116:2.00 72394:1.00 72632:1.00 72933:1.00 72934:1.00 72939:1.00 73684:1.00 73876:1.00 73880:1.00 74169:1.00 75067:1.00 75458:2.00 75460:1.00 75463:1.00 75789:1.00 75792:1.00 75793:1.00 75794:1.00 76511:1.00
entraînent	69177:1.00 72631:1.00 74168:1.00 75794:1.00
entre	76211:1.00
entrecoup	71835:1.00
entrent	71358:1.00
entrepr	73432:1.00 74172:1.00
entreprendr	68383:1.00 72114:1.00 73435:1.00 73878:1.00
entrepreneur	68274:4.00 71614:1.00 72114:1.00 72933:2.00 73185:3.00 73435:3.00 73684:3.00 73685:1.00 76208:1.00 76511:1.00
entrepreneurial	71614:1.00 73435:1.00 74450:1.00
entrepreneuriat	70168:1.00 73185:1.00 73876:1.00 74450:1.00
entrer	68276:1.00 69821:1.00 70161:1.00 71614:1.00 71836:1.00 72401:1.00 72935:1.00 73182:1.00 73184:2.00 74451:1.00 74745:1.00 75065:1.00 75457:2.00
entreront	74168:1.00
entreten	70745:1.00 71359:1.00 73182:1.00
entretenu	69178:1.00
entretien	68881:2.00 71357:1.00 71363:1.00
entretiennent	72936:1.00
entretient	76211:1.00
entrevoir	67937:1.00 73185:1.00 74746:1.00 74752:1.00
entré	67944:1.00 69535:1.00 71842:1.00 72115:1.00 72932:1.00 73431:1.00 73685:1.00 73686:1.00 73878:1.00 73879:1.00 75071:1.00 75790:1.00 75792:2.00 76206:1.00
envah	70161:1.00 70166:1.00 72401:1.00 75462:1.00
envelopp	75063:1.00 75789:1.00
enver	67555:1.00 75794:1.00
envergur	69817:1.00 69820:1.00 70748:1.00 70916:1.00 70918:1.00 74169:1.00 75458:2.00
envi	67794:1.00 68881:2.00 69534:1.00 70161:2.00 74450:1.00 75069:1.00
environment	69811:1.00 74168:1.00 75064:1.00
environmental	67557:1.00
environnemental	67071:4.00 67387:2.00 67556:1.00 67794:1.00 68275:3.00 68279:1.00 68283:1.00 68645:1.00 68882:1.00 68887:1.00 69182:1.00 69535:2.00 69812:3.00 69813:2.00 70420:2.00 70916:1.00 71362:1.00 71617:1.00 71621:1.00 71837:2.00 71845:1.00 72113:1.00 72116:1.00 72392:1.00 72398:1.00 72637:2.00 74453:1.00 74745:1.00 75069:1.00 75458:2.00 75792:2.00 76213:1.00
environnent	67801:1.00
envisag	68280:1.00 68390:1.00 68638:1.00 68645:1.00 68882:1.00 68883:1.00 69178:2.00 69533:1.00 69535:1.00 69538:1.00 70161:1.00 70162:1.00 70423:1.00 70429:1.00 70746:1.00 70917:1.00 70918:1.00 71357:1.00 71845:1.00 73182:1.00 74170:1.00 74450:1.00 74454:1.00 74455:1.00 75459:1.00 75463:1.00 76213:1.00
envisage	69178:1.00 71366:1.00 74750:1.00 76213:1.00
envisagent	67794:1.00 69178:1.00 69535:1.00 71617:1.00
envisageon	68387:1.00 68881:1.00
envisat	69811:15.00
envoi	67068:1.00 67386:3.00 67389:1.00 68279:1.00 68281:1.00 68884:1.00 70163:1.00 70422:1.00 75457:1.00 75788:1.00
envol	72933:1.00
envoyon	67795:1.00
enzym	67388:7.00 67556:1.00 67800:7.00 75790:1.00 76511:1.00
enzymat	67388:3.00
enzymolog	74173:1.00
eolien	70743:2.00 75463:1.00
ephe	67387:1.00 73431:1.00
epileps	74453:2.00
epini	70744:1.00
eportfolio	70923:1.00
epos	69181:1.00
eppn	69817:1.00 70420:1.00
epsetein	67389:1.00
epsztein	67389:3.00
equateur	71362:1.00 73684:1.00
equatorial	73684:1.00
equilibr	76511:2.00
equip	68275:1.00 69181:1.00 70914:1.00 72934:1.00
equipex	68275:1.00 72121:1.00
equit	71357:1.00
equity	72935:1.00
er	67795:1.00 67942:1.00 68641:1.00 69542:1.00 69811:1.00 70169:2.00 70170:1.00 70752:1.00 70916:1.00 72113:1.00 72394:1.00 73184:1.00 73877:1.00 73884:3.00 74169:1.00 74746:1.00 74748:1.00 75796:2.00
era	68642:8.00
erasmus	67944:3.00 76206:1.00
erc	68390:1.00
erectus	73431:1.00
ergonom	74450:1.00 75064:1.00 75069:1.00
ergothérapeut	67940:1.00
eric	67388:3.00 68885:4.00 73685:4.00 74175:1.00 74749:4.00 75459:1.00
erik	70745:1.00
erlangen	69814:2.00
erreur	67938:1.00 68274:1.00 73185:1.00 74169:1.00 74455:1.00 75792:1.00 76207:1.00
erythr	75458:1.00
esa	69177:2.00 69179:7.00 69811:4.00 70163:2.00 70170:1.00 70424:2.00 73880:2.00
esc	67798:1.00 75793:2.00
escal	73183:1.00 73185:3.00
escath	69177:5.00
escherichi	69183:2.00
escient	70914:1.00
escoffi	74752:1.00
escuel	74450:1.00
esf	68386:1.00
esie	70168:1.00 73190:2.00 75071:4.00
esiec	72634:1.00
esnouf	68882:1.00
espac	67389:1.00 68277:1.00 68386:3.00 68392:7.00 68644:1.00 68882:1.00 69177:2.00 69535:5.00 70751:1.00 70923:1.00 71357:1.00 71358:2.00 71614:1.00 71615:1.00 71618:1.00 71621:2.00 71836:1.00 72635:1.00 72932:3.00 72933:1.00 72939:2.00 73434:1.00 73687:1.00 73876:1.00 73884:1.00 74748:2.00 75064:2.00 75068:1.00
espagn	67945:1.00 68274:1.00 68281:1.00 68642:1.00 69179:1.00 70916:3.00 72632:1.00 73875:2.00 74169:1.00 75069:1.00 76206:1.00
espagnol	67383:1.00
espci	67068:5.00 68280:5.00 69186:2.00 70747:1.00 74750:3.00
espec	67387:3.00 67938:1.00 68385:1.00 68389:7.00 68645:1.00 69182:1.00 69816:4.00 69819:1.00 70746:1.00 70917:3.00 71618:3.00 72115:2.00 72631:1.00 73183:1.00 73433:1.00 73878:1.00 74452:1.00 75458:7.00 75460:2.00 76511:1.00
esper	67555:1.00 75065:1.00 75792:1.00
espoir	71621:1.00 72115:1.00 73878:1.00 74173:1.00 74454:2.00
esprit	67553:2.00 67937:1.00 68383:1.00 69541:1.00 70161:2.00 70164:1.00 73185:1.00 73435:1.00 75459:1.00
espèrent	69539:1.00 69819:1.00
esquiss	68279:3.00 69177:1.00 69535:1.00 73430:1.00 73875:1.00 74449:1.00 75458:1.00
esr	75457:1.00
esrc	68386:1.00
esrf	68391:2.00 69539:3.00 69819:1.00
ess	75458:3.00
essai	67555:1.00 67794:1.00 67938:1.00 68646:2.00 70428:1.00 70745:1.00 70916:1.00 70918:1.00 71616:1.00 72115:1.00 72935:1.00 73185:1.00 73431:1.00 73684:1.00 73876:1.00 74449:1.00 75065:4.00 75458:3.00 75790:2.00 75792:1.00 75793:1.00
essaimag	73687:1.00
essais	67797:3.00 67940:1.00 68279:5.00 68638:1.00 68885:1.00 70743:3.00 70918:2.00 72634:2.00 73435:1.00 73684:2.00 74169:1.00
essayent	70745:1.00
essayon	68275:1.00 70745:1.00 72932:1.00 73876:1.00
essca	68281:6.00
essenc	69814:1.00 69816:2.00 71837:1.00 75458:1.00
essentiel	67553:1.00 67555:1.00 67796:1.00 67798:1.00 67937:1.00 67939:1.00 68274:1.00 68387:1.00 69533:1.00 69534:1.00 69538:1.00 69814:1.00 70161:3.00 70170:3.00 70914:1.00 71358:2.00 71621:1.00 72113:1.00 72118:1.00 72396:1.00 72398:1.00 72630:1.00 72933:1.00 72939:1.00 73182:1.00 73184:1.00 73431:1.00 73684:1.00 73875:1.00 73877:1.00 73881:1.00 73884:1.00 75063:1.00 75064:3.00 75065:1.00 75459:1.00 75792:1.00 75794:1.00 76206:1.00 76211:1.00 76516:4.00
essex	67940:1.00
esson	71360:1.00
essor	73434:2.00 74746:1.00
essouffl	68882:1.00
estac	71358:4.00
ester	75459:1.00
esther	67068:1.00
estii	74450:1.00
estim	67385:1.00 67388:2.00 67389:1.00 67391:1.00 67392:1.00 67798:1.00 68273:1.00 68274:1.00 68276:1.00 69177:1.00 69182:1.00 69533:1.00 69537:1.00 69811:1.00 69813:1.00 70161:2.00 70421:2.00 70744:1.00 70914:1.00 71357:1.00 71358:1.00 71359:1.00 71612:1.00 71614:1.00 71621:1.00 72115:1.00 72116:1.00 72395:1.00 72631:1.00 72637:1.00 72935:1.00 73182:2.00 73188:1.00 73430:1.00 73684:2.00 74167:1.00 74169:1.00 74450:1.00 74454:2.00 74746:1.00 75458:1.00 75792:1.00 76207:1.00 76208:1.00 76213:3.00 76508:1.00 76513:1.00
estiment	67555:1.00 68887:1.00 72395:1.00
estimon	74167:1.00 75792:1.00
estival	69537:1.00
estomac	67388:1.00 70166:1.00 70918:1.00
estompent	67555:1.00
estp	69185:3.00 73883:2.00
estuair	70917:2.00 72397:2.00
esturgeon	70917:7.00
etabl	72113:1.00
etat	67383:1.00 67941:1.00 67942:1.00 67943:1.00 68274:3.00 68275:1.00 68279:1.00 68281:1.00 68385:1.00 68638:1.00 68881:1.00 68884:1.00 69179:2.00 69185:1.00 69815:1.00 69820:1.00 70163:1.00 70169:1.00 70422:7.00 70922:1.00 71357:2.00 71614:1.00 71616:1.00 71837:1.00 71838:1.00 71840:1.00 72117:1.00 72393:1.00 72395:1.00 72633:1.00 72932:1.00 73183:1.00 73187:1.00 73433:1.00 73879:1.00 74167:2.00 74168:1.00 74452:1.00 74748:1.00 74749:1.00 75064:1.00 75065:2.00 75457:1.00 75458:2.00 75792:1.00 76207:1.00 76209:2.00 76508:1.00
etc	67068:1.00 67556:1.00 69185:1.00 70165:2.00 72937:1.00 73190:1.00 73437:1.00 74453:1.00 76208:1.00 76510:1.00
ethiop	75458:1.00
etien	68886:1.00 70161:2.00 73183:1.00
etp	68642:1.00
etre	71621:1.00
etud	68392:1.00 68393:1.00 69541:2.00 70163:1.00 70916:1.00 71357:1.00 71358:1.00 71362:1.00 72119:1.00 72634:1.00 72932:1.00 73184:1.00 73431:1.00 73434:1.00 74168:1.00 75063:1.00 75067:1.00 76515:1.00
etudi	69179:1.00 73185:1.00
eu	67937:1.00 68638:1.00 68882:1.00 69179:1.00 69181:1.00 69815:1.00 70162:1.00 70914:1.00 72631:1.00 72932:1.00 73434:1.00 74450:1.00 75065:1.00
euclid	70424:5.00
eumetsat	67939:1.00
euphor	68643:1.00
eural	69541:1.00
euratom	69178:2.00
euro	72113:1.00
eurobiomed	68393:1.00 73184:1.00
eurocentr	69821:1.00
eurocopt	68393:1.00 69541:1.00
eurohorc	68386:1.00
euron	72122:1.00
europ	67383:1.00 67391:1.00 67557:2.00 67794:1.00 67804:1.00 67942:1.00 68383:1.00 68386:4.00 68638:1.00 68642:1.00 68645:5.00 69177:4.00 69538:1.00 69815:1.00 69820:1.00 70424:1.00 70425:1.00 70914:1.00 70917:2.00 70918:1.00 70920:1.00 71357:1.00 71358:1.00 71366:2.00 71615:1.00 71616:1.00 71618:1.00 71836:1.00 72113:1.00 72117:1.00 72122:1.00 72392:1.00 72393:1.00 72394:2.00 72632:1.00 72939:1.00 73182:1.00 73430:2.00 73435:1.00 73687:1.00 73875:2.00 73878:1.00 74167:1.00 74169:1.00 74454:1.00 74746:1.00 75065:1.00 75463:2.00 75792:2.00 75795:2.00 75796:1.00 75797:2.00 76508:1.00 76510:1.00
european	67804:1.00 68386:2.00 68391:1.00 69181:1.00 69539:1.00 69817:1.00 69819:1.00 70420:1.00 72113:1.00 72122:1.00 73183:1.00 73436:1.00 73691:3.00 73884:1.00
européen	67554:1.00 67555:6.00 67557:3.00 67803:1.00 67804:1.00 67939:2.00 67943:1.00 67944:2.00 67945:1.00 68274:1.00 68277:1.00 68278:1.00 68281:1.00 68383:2.00 68385:1.00 68386:6.00 68642:11.00 68645:1.00 68884:1.00 69177:5.00 69178:1.00 69179:2.00 69181:3.00 69534:4.00 69538:2.00 69811:2.00 69812:1.00 69815:1.00 69817:1.00 69821:1.00 70163:3.00 70164:6.00 70420:2.00 70424:1.00 70751:1.00 70752:1.00 70914:6.00 70917:8.00 70920:1.00 70921:1.00 71358:1.00 71361:5.00 71617:2.00 71835:1.00 71838:1.00 71839:1.00 71841:2.00 72113:4.00 72114:1.00 72392:1.00 72393:1.00 72400:1.00 72629:2.00 72630:1.00 72636:1.00 72934:1.00 73430:1.00 73432:2.00 73434:3.00 73683:1.00 73880:3.00 73884:2.00 74167:1.00 74168:1.00 74169:1.00 74454:1.00 74746:1.00 74749:2.00 75063:1.00 75064:1.00 75065:1.00 75069:3.00 75463:4.00 75466:1.00 75792:6.00 75797:1.00 76508:1.00
eurorégion	75066:1.00
euros	67557:2.00 67799:1.00 67801:1.00 68273:2.00 68274:1.00 68275:1.00 68277:1.00 68383:1.00 69181:1.00 69534:1.00 69538:2.00 69541:1.00 69812:1.00 69815:4.00 69818:1.00 70164:1.00 70166:1.00 71359:1.00 71360:3.00 71361:3.00 71616:3.00 71837:1.00 72114:2.00 72118:3.00 72633:1.00 72934:2.00 72935:4.00 73683:1.00 73686:1.00 73875:2.00 73878:1.00 74169:1.00 74450:1.00 74451:1.00 74746:1.00 74747:1.00 74749:1.00 75065:3.00 75066:1.00 75461:1.00 75466:1.00 75795:2.00 76508:2.00 76510:5.00
eurotran	69178:1.00
eurêk	75063:1.00
eustach	76515:1.00
eux	67387:1.00 67389:1.00 67794:1.00 67801:1.00 68274:1.00 68881:1.00 69185:1.00 69540:1.00 69819:1.00 70161:1.00 70163:1.00 70169:1.00 70421:2.00 70746:1.00 70749:1.00 71361:1.00 71617:1.00 71621:1.00 72117:2.00 72634:1.00 73185:2.00 73685:1.00 73875:1.00 73876:1.00 74751:1.00 75457:1.00 75462:1.00 76508:1.00
evalu	67071:1.00 67798:4.00 68645:2.00 70915:1.00
evolu	67071:1.00 71843:1.00
evolut	67387:1.00
evoqu	68881:1.00
evry	68279:1.00
ex	68277:1.00 75065:1.00
exacerb	68388:1.00
exact	72939:1.00 75459:1.00 75788:1.00 76509:1.00
exaflop	70914:1.00
examen	67801:2.00 74171:1.00
exawatt	68638:7.00
exced	68389:1.00
excellent	67068:1.00 67937:2.00 67938:2.00 68275:1.00 68387:1.00 69181:1.00 70161:1.00 70422:1.00 71361:2.00 71836:1.00 71837:1.00 72114:1.00 72121:2.00 72938:2.00 73184:2.00 73687:1.00 73876:1.00 74450:1.00 75459:1.00
except	68279:1.00 71359:1.00 71835:1.00 72932:1.00 73876:1.00 74169:1.00 74749:1.00 74752:1.00 75794:1.00
exceptionnel	67383:2.00 68276:1.00 69177:2.00 69182:1.00 69543:1.00 70161:1.00 70162:1.00 70163:1.00 70164:1.00 70420:1.00 70421:1.00 70743:1.00 70748:1.00 70914:2.00 71836:2.00 71837:2.00 72932:1.00 73877:1.00 73878:1.00 76513:1.00
exces	74169:1.00
excess	69534:1.00
excit	67389:1.00
exclam	70166:1.00 73683:1.00
exclu	74167:1.00
exclus	67391:1.00 67937:1.00 67941:1.00 68274:2.00 68279:1.00 69183:1.00 70166:1.00 70423:1.00 72117:1.00 72636:1.00 72932:1.00 74451:1.00 76210:1.00
exclut	68273:1.00
execut	71617:1.00 72637:1.00
exempl	67068:3.00 67383:1.00 67385:1.00 67386:1.00 67387:1.00 67554:3.00 67558:1.00 67794:1.00 67795:2.00 67798:1.00 68273:1.00 68275:3.00 68387:1.00 68639:1.00 68643:1.00 68881:3.00 68886:2.00 69177:1.00 69181:1.00 69535:1.00 69537:1.00 69811:2.00 69815:1.00 69816:1.00 69817:1.00 70165:1.00 70166:1.00 70420:1.00 70421:1.00 70745:2.00 70751:1.00 70753:1.00 70915:2.00 70919:1.00 70921:1.00 71357:1.00 71359:1.00 71614:1.00 71621:3.00 71836:1.00 72115:2.00 72116:1.00 72392:1.00 72393:2.00 72629:2.00 72630:2.00 72632:1.00 72636:1.00 72932:1.00 72933:2.00 73185:1.00 73430:1.00 73431:2.00 73685:1.00 73876:1.00 73877:2.00 74167:2.00 74170:1.00 74449:1.00 74450:1.00 74452:1.00 74744:1.00 74745:1.00 74752:1.00 75462:1.00 75788:1.00 75790:1.00 75792:1.00 76511:2.00
exemplair	71614:1.00 72933:1.00 73184:1.00 74171:2.00 74745:1.00 75458:1.00
exenuc	71619:5.00
exerc	68390:1.00 72636:1.00 73882:1.00 75458:1.00
exercent	72636:2.00
exercic	69533:6.00 69535:1.00 70162:1.00 70421:1.00 70744:1.00 70915:2.00 71357:3.00 72633:1.00 72932:1.00 74167:1.00 74172:1.00 76507:1.00 76509:1.00
exhaust	74167:1.00 74751:1.00
exig	67794:1.00 67938:1.00 68643:1.00 69185:1.00 69540:2.00 70420:1.00 72118:1.00 72934:1.00 76207:2.00 76513:1.00
exigent	67386:1.00 70915:2.00 71617:1.00 72936:1.00 73684:1.00 74450:1.00 74751:1.00 76511:1.00
exigus	74450:1.00
exist	67386:2.00 67387:1.00 67388:4.00 67555:3.00 67795:1.00 67937:2.00 67939:1.00 68273:1.00 68383:1.00 68390:1.00 68391:1.00 68642:1.00 68885:1.00 68887:1.00 69183:1.00 69813:2.00 69815:1.00 70161:1.00 70162:1.00 70425:1.00 70745:1.00 70749:1.00 70921:1.00 71358:1.00 71359:1.00 71362:1.00 71614:1.00 71615:1.00 71618:1.00 71620:1.00 71835:1.00 71842:1.00 72114:1.00 72115:1.00 72117:1.00 72118:1.00 72631:4.00 72932:2.00 72934:1.00 72935:1.00 73184:1.00 73185:1.00 73685:1.00 73687:1.00 73878:1.00 73883:1.00 74168:4.00 74172:1.00 74173:3.00 74449:3.00 74450:2.00 74453:1.00 74455:1.00 74457:2.00 75065:1.00 75067:1.00 75068:1.00 75457:1.00 75458:1.00 75462:1.00 75788:1.00 75792:2.00 75794:1.00 76210:1.00 76213:2.00 76509:2.00
existent	67386:1.00 67938:1.00 67943:1.00 68279:1.00 68643:1.00 70914:1.00 70920:1.00 71620:1.00 72396:1.00 72629:1.00 73430:1.00 73432:1.00 74173:1.00 74455:1.00 75459:1.00
exoes	69541:1.00
exomar	69177:1.00
exosquelet	67941:1.00
exot	67943:1.00
expans	70170:1.00 70424:3.00 71357:1.00 71618:5.00 73188:1.00 73882:1.00
expatri	69185:1.00
experimental	74168:1.00 75064:1.00
expert	67071:1.00 67392:1.00 68645:1.00 68882:1.00 69533:1.00 69543:1.00 70169:2.00 70429:1.00 70915:1.00 70916:1.00 71358:1.00 71359:2.00 71363:1.00 71618:2.00 71619:1.00 72629:2.00 72936:1.00 73182:1.00 73686:1.00 73691:1.00 75066:1.00 75788:1.00 75791:3.00 75793:1.00 75796:1.00 76206:4.00 76208:1.00 76514:1.00
expertis	67946:1.00 68885:4.00 69541:1.00 70168:1.00 70743:1.00 71357:1.00 71838:1.00 72120:1.00 72392:1.00 72393:1.00 72629:1.00 72939:1.00 73184:1.00 73190:1.00 73432:1.00 73876:1.00 74749:1.00 75064:1.00 75792:1.00 76206:3.00 76208:1.00 76211:2.00
expir	73685:1.00
explicit	72395:1.00
expliquent	68638:1.00 71840:1.00
exploit	69177:2.00 69179:1.00 69186:1.00 69538:2.00 70420:1.00 70914:1.00 70915:2.00 71617:2.00 71837:1.00 72116:1.00 72397:4.00 72934:1.00 73187:1.00 73431:1.00 73433:1.00 73684:2.00 73879:1.00 73880:1.00 74170:3.00 74449:1.00 74456:2.00 75788:1.00 75792:2.00
explor	67385:1.00 67389:3.00 68387:1.00 68639:2.00 68882:1.00 69533:1.00 69815:1.00 70163:4.00 70420:1.00 70751:1.00 71357:2.00 71366:1.00 71835:1.00 71836:1.00 71841:1.00 72635:1.00 72932:4.00 73432:3.00 73880:1.00 74168:1.00 74450:2.00 74455:1.00 75459:1.00 76209:1.00 76515:1.00
explorent	69533:1.00
exploron	75790:1.00
explos	69186:1.00 69812:4.00 70162:1.00 70425:7.00 71359:1.00 72629:1.00 72633:1.00
expo	74746:1.00
exponentiel	71618:1.00
export	67553:3.00 68273:1.00 72114:1.00 72933:1.00 76512:1.00
exportent	72933:1.00
expos	67938:1.00 67942:1.00 69542:1.00 70161:1.00 70168:1.00 70169:1.00 70918:1.00 72116:1.00 72122:1.00 72401:1.00 72932:1.00 72939:1.00 73190:1.00 73438:1.00 73884:1.00 74456:1.00 74748:1.00 76212:1.00
exposit	67385:1.00 68645:1.00 69535:5.00 70170:1.00 70745:1.00 70751:2.00 73884:1.00 74176:1.00 74456:1.00 74748:2.00 75796:1.00 76515:1.00
express	67556:5.00 70420:1.00 70424:1.00
expresso	69179:1.00
exprim	67802:1.00 73876:1.00
expriment	69184:1.00
expédit	73183:7.00
expérient	67389:1.00 68383:1.00 68388:1.00 68638:1.00 68643:1.00 69178:1.00 69540:2.00 69813:1.00 70748:1.00 70749:3.00 70914:1.00 70919:1.00 71614:1.00 71845:1.00 72113:1.00 72392:1.00 72394:3.00 72397:2.00 72399:1.00 72629:2.00 72932:1.00 72937:2.00 72940:1.00 73185:6.00 73432:1.00 73683:2.00 73684:3.00 73690:1.00 73875:1.00 73876:1.00 74167:1.00 74746:1.00 75063:1.00 75789:2.00 75792:1.00 76206:1.00 76508:1.00
expériment	67385:1.00 67555:1.00 68279:4.00 68885:1.00 69179:1.00 70743:3.00 70914:1.00 71842:1.00 72113:1.00 73683:2.00 73877:1.00 74168:2.00 74176:3.00 74752:1.00 75065:1.00 75793:1.00 76207:1.00
expérimental	67390:1.00 67555:1.00 67798:8.00 68388:1.00 68639:1.00 69538:1.00 69540:1.00 69820:1.00 70426:1.00 72397:1.00 72401:1.00 73434:1.00 73683:5.00 73876:1.00 73877:2.00 74744:1.00 75793:2.00
extens	67939:1.00 71360:1.00 73183:2.00 74172:5.00
extern	69178:1.00 76212:1.00 76511:1.00
externalis	70166:1.00
exti	70168:1.00 73190:1.00
extra	75789:1.00
extract	67388:1.00 67945:1.00 69541:1.00 70917:1.00 71845:6.00 72630:2.00 75792:3.00 76516:1.00
extrair	68274:1.00 72630:2.00 73432:1.00 75788:1.00 76213:1.00
extrait	67388:1.00 71845:1.00 72630:3.00 73877:1.00 76511:1.00 76516:5.00
extraordinair	67794:1.00 69812:1.00 69821:1.00 70167:1.00 71621:1.00 71837:1.00 72933:1.00 72934:1.00 73434:1.00
extrapol	72397:1.00 74168:1.00
extrem	71616:1.00 72635:1.00
extrus	70921:1.00
extrêm	67383:1.00 67554:1.00 67800:1.00 68387:1.00 68388:1.00 68638:3.00 69184:1.00 69540:2.00 69816:1.00 70163:1.00 70425:2.00 70745:1.00 70747:1.00 70916:5.00 71358:1.00 71359:1.00 71836:1.00 72115:1.00 72392:1.00 72394:2.00 72400:1.00 72932:1.00 72934:1.00 72939:1.00 73185:1.00 73431:2.00 73432:1.00 73875:1.00 73877:1.00 74168:1.00 74449:1.00 74450:1.00 74744:1.00 75065:2.00 75458:2.00 75792:1.00 76210:1.00 76213:1.00 76508:1.00 76515:1.00
extérieur	67385:1.00 67795:1.00 67937:1.00 68881:1.00 68885:1.00 69540:1.00 70421:1.00 72397:1.00 72634:1.00 75067:1.00 76211:1.00
exécut	73683:1.00 75064:1.00
eye	70744:1.00
eyebrain	68646:5.00 71841:2.00 74171:6.00
eyeop	73435:1.00
eyetechcar	73435:4.00
eyroll	67938:3.00
f	68641:2.00 72396:1.00
fab	75068:1.00
fabien	70425:2.00
fablab	76513:1.00
fabmak	75068:6.00
fabr	72117:2.00 74751:1.00
fabric	67388:2.00 67554:3.00 67558:2.00 68274:2.00 71839:1.00 75795:1.00 76207:2.00
fabriqu	67068:1.00 67388:6.00 67554:5.00 67796:1.00 67802:1.00 68273:1.00 68274:1.00 68280:1.00 68388:1.00 68882:2.00 68885:2.00 69814:1.00 69819:2.00 70165:2.00 70429:1.00 70917:1.00 70919:1.00 71616:1.00 71839:2.00 72114:5.00 72119:1.00 72397:1.00 72635:1.00 73433:1.00 73877:1.00 73879:1.00 74168:2.00 74450:1.00 74451:1.00 74454:1.00 75065:1.00 75068:2.00 75069:2.00 75070:1.00 76210:1.00 76213:1.00 76507:1.00 76511:2.00 76513:1.00
fabry	68641:2.00
fabshop	75068:1.00
fabulous	75068:1.00
fac	67071:1.00 67553:1.00 67803:1.00 68273:1.00 68275:1.00 68389:2.00 68638:1.00 68646:1.00 68882:1.00 69182:1.00 69534:1.00 69816:3.00 70161:1.00 70915:1.00 71359:1.00 72113:1.00 72392:1.00 72401:1.00 72933:1.00 72937:1.00 73431:1.00 73876:1.00 73877:1.00 74744:1.00 75065:1.00 75457:1.00 75465:1.00 75789:1.00 75792:1.00 76207:3.00
facet	73882:1.00
facial	71616:1.00 72633:1.00 73879:1.00
facil	67553:1.00 67937:1.00 68280:2.00 68281:1.00 68387:1.00 68390:1.00 69178:2.00 70425:1.00 70747:1.00 70923:2.00 71357:1.00 72115:1.00 72401:1.00 72932:1.00 73182:1.00 73189:1.00 73431:1.00 73683:1.00 73685:1.00 74168:1.00 74746:1.00 74750:1.00 75069:1.00 75462:1.00 76507:1.00 76511:1.00
facilit	67558:1.00 68275:1.00 69814:1.00 70746:1.00 70918:1.00 70921:2.00 71359:1.00 72630:1.00 73184:1.00 73187:1.00 74748:1.00 75069:1.00 75790:1.00
facilitent	67389:1.00 70744:1.00
facility	68391:1.00 69539:1.00 69819:1.00
facteur	67555:2.00 67556:4.00 68886:1.00 70425:2.00 70749:1.00 70917:2.00 71357:1.00 72113:1.00 72396:1.00 73434:1.00 73683:1.00 74168:1.00 74449:2.00 74744:1.00 75064:1.00 75464:1.00 75790:1.00
facult	68392:2.00 69536:2.00 71616:1.00
faecal	70746:1.00
fagn	74453:1.00
faibl	67388:2.00 67558:1.00 67796:1.00 67942:2.00 68383:1.00 68644:1.00 68883:1.00 68886:1.00 68887:1.00 69184:1.00 69535:2.00 69539:1.00 69540:1.00 69816:1.00 69817:1.00 70163:1.00 70167:1.00 70915:1.00 71357:1.00 71614:1.00 71617:1.00 71836:1.00 71842:1.00 72397:1.00 72934:1.00 73436:1.00 73684:1.00 75463:1.00 75794:2.00 76210:1.00 76213:2.00 76508:2.00
faibless	68383:1.00 73182:1.00
faill	70917:1.00 76207:2.00 76208:1.00
faim	67555:1.00 67794:1.00 71366:1.00
fais	67553:1.00 67555:1.00 68279:1.00 68886:1.00 70162:1.00 70422:1.00 73683:1.00 73875:1.00 74749:1.00 74752:1.00 75070:1.00 75790:1.00
faisabl	74168:1.00
faisceau	68391:3.00 69540:1.00 70421:1.00
faision	74749:1.00
faison	71617:1.00 72113:1.00 74449:1.00 74749:1.00
fait	67553:2.00 68643:1.00 69540:1.00 71835:1.00 71838:1.00 71843:1.00 72397:1.00 72939:1.00 72940:1.00 73684:1.00 73687:1.00 74172:1.00 74454:1.00 74746:2.00 75071:1.00 76509:1.00
falcon	70916:1.00
falconni	74172:1.00
falcoz	72113:7.00
fall	67068:1.00 70161:1.00 72394:1.00 72629:1.00 73683:1.00 73684:3.00 74752:1.00 75458:1.00
falloir	67555:1.00 67794:1.00 67938:1.00 68882:1.00 71359:2.00 72392:1.00 73432:2.00 73876:2.00 74167:1.00 74168:1.00 74749:1.00 75462:1.00 76511:1.00
fallu	67555:1.00 72634:1.00 73683:1.00 73684:1.00 75458:3.00
fameux	67068:1.00 67937:1.00 68638:1.00 70161:1.00 70166:1.00 70420:1.00 70421:1.00 70422:1.00 71621:1.00 72115:1.00 72932:1.00 73879:1.00 75070:1.00 75458:1.00
familial	67798:1.00 74746:1.00 75793:2.00
familiaris	70162:1.00 70921:1.00
famill	67937:1.00 68276:1.00 68387:2.00 69179:1.00 69186:1.00 71360:1.00 71614:1.00 72632:1.00 72932:1.00 73436:1.00 74745:1.00 75792:1.00 76508:1.00
fanc	69533:1.00
fantasm	74752:1.00
fao	68882:1.00 69821:3.00
far	74450:1.00
farin	71842:2.00
fascicul	74457:1.00
fascin	76209:1.00
faso	75458:3.00
fass	69813:1.00
fassent	72634:1.00
fassion	70161:1.00
fatigu	68639:1.00 70744:1.00 73684:1.00
fatty	72631:1.00
faudr	67558:1.00 67794:1.00 69533:1.00 71357:1.00 71835:1.00 72394:1.00 73185:1.00 76511:1.00
faun	73877:1.00
faupel	73187:1.00
faurr	74450:1.00
fauss	71843:1.00 72932:1.00 74455:1.00
faut	67068:1.00 67383:1.00 67553:2.00 67555:1.00 67794:1.00 67795:1.00 67801:1.00 67938:1.00 68383:3.00 68881:1.00 68882:1.00 69177:2.00 69178:1.00 69534:1.00 69535:1.00 69815:1.00 70161:1.00 70421:1.00 70422:1.00 70423:1.00 70424:1.00 70425:1.00 70746:1.00 70915:2.00 70919:1.00 71359:1.00 71835:4.00 71837:1.00 71841:1.00 71842:1.00 72114:1.00 72393:1.00 72933:1.00 73182:1.00 73185:2.00 73430:1.00 73683:4.00 74167:1.00 74449:1.00 74450:2.00 74455:1.00 74457:1.00 74752:1.00 75065:1.00 75066:1.00 75069:1.00 75458:1.00 75461:1.00 75462:1.00 76213:3.00 76512:1.00
fauteuil	67940:9.00
faux	69183:1.00
faveur	67556:1.00
favor	68389:1.00 68885:1.00 69816:1.00 70919:1.00 73684:1.00 73687:1.00 74172:1.00 75792:1.00
favoris	68384:1.00 68641:1.00 68642:1.00 69541:1.00 69816:1.00 70166:2.00 70751:1.00 70914:1.00 70923:1.00 71615:1.00 72398:1.00 73690:1.00 74746:1.00
favorisent	69813:2.00 73684:1.00
façon	67068:2.00 67392:1.00 67554:1.00 67797:1.00 67939:1.00 68280:3.00 68387:1.00 68643:1.00 68881:1.00 68882:1.00 68887:2.00 69177:1.00 69181:1.00 69183:2.00 69815:1.00 70164:1.00 70421:1.00 70425:1.00 70429:1.00 70916:1.00 71357:1.00 71617:1.00 71618:1.00 71835:1.00 71843:1.00 72114:1.00 72397:1.00 72401:1.00 72629:1.00 72932:1.00 73187:1.00 73434:1.00 73435:1.00 73684:1.00 73685:1.00 73876:1.00 73879:2.00 73882:1.00 74172:1.00 74173:1.00 74449:1.00 74453:1.00 74748:1.00 74751:1.00 75063:1.00 75064:1.00 75790:1.00 76210:1.00
fcc	71358:1.00
fct	68642:1.00
fed	68385:1.00 68884:1.00 70420:1.00 71360:1.00 71841:1.00 76508:1.00
federalimentar	69534:1.00
feillet	76213:7.00
feingenbaum	76514:1.00
femel	72632:3.00
femm	68387:1.00 69184:1.00 70422:3.00 71612:5.00 71835:1.00 72636:5.00 72932:3.00 72935:3.00 74449:1.00 75458:4.00 75788:1.00
femto	68638:1.00
femtosecond	68641:3.00 72934:1.00
fer	68640:2.00 70424:1.00 73876:1.00 74450:1.00 75066:2.00 75459:1.00 76512:1.00
feraud	75461:1.00
ferm	68881:1.00 69538:1.00 71836:1.00 71839:1.00 72629:1.00 72932:1.00 73185:1.00 75463:2.00 76511:1.00
ferment	74752:1.00
fermetur	67795:1.00 72635:1.00 73685:1.00 75460:1.00
fermi	68885:2.00
fermilab	68638:1.00
feront	67804:1.00 74175:1.00 74176:1.00
ferr	70743:1.00 76510:1.00
ferrand	67386:1.00 67799:1.00 73687:1.00 73875:1.00
ferrary	68383:2.00
ferroviair	71358:1.00 76510:2.00
fertil	68279:1.00
fertilis	68279:2.00 73684:1.00
feu	67068:1.00 70421:1.00 70424:2.00
feuill	67387:1.00 67800:1.00 68383:1.00 68386:1.00 68645:1.00 72630:1.00 76512:1.00
feuillag	67387:1.00
feux	75458:2.00
feynman	68881:1.00
ffi	70169:1.00
fgbu	72396:1.00
fi	70914:1.00
fiabl	67387:1.00 67796:1.00 68387:1.00 69183:2.00 69535:1.00 70426:1.00 70922:1.00 75067:1.00 76207:2.00 76208:1.00
fibr	68641:3.00 70167:5.00 70751:1.00 70921:3.00 71614:1.00 72932:3.00 72934:10.00 75067:1.00
fibreux	70918:1.00
fibrillair	74173:1.00
fich	74747:2.00 75069:1.00
fichi	70914:1.00
fiction	68881:1.00
fidel	73431:1.00
field	68276:1.00 70161:1.00 71835:3.00 72932:3.00 73879:1.00
fier	69177:1.00 71842:1.00
fiert	67937:1.00 68383:1.00 69821:1.00 70161:1.00 73431:1.00 74455:1.00 76207:1.00
fievr	69813:2.00
fig	71835:1.00
figur	68279:1.00 70744:2.00 71359:1.00 76511:1.00
figurent	67937:1.00
fijus	74169:7.00
fil	67383:1.00 67386:4.00 67553:1.00 68276:1.00 68646:1.00 68885:1.00 69179:1.00 70167:1.00 71842:1.00 72113:1.00 72932:1.00 73432:1.00 73683:3.00 73877:1.00 75066:1.00 75070:1.00 75789:1.00 76509:2.00 76511:2.00
filag	70921:1.00
fili	67388:1.00 67554:1.00 67938:2.00 67942:1.00 68273:3.00 68275:1.00 68882:1.00 68885:1.00 69818:1.00 70161:2.00 70745:2.00 70914:1.00 71357:7.00 71358:1.00 71363:1.00 71619:2.00 71837:1.00 71845:1.00 72113:1.00 72392:5.00 72637:3.00 73433:2.00 73434:3.00 73687:1.00 73689:1.00 73690:3.00 73884:1.00 74169:5.00 74174:2.00 74450:2.00 74457:5.00 74746:6.00 74748:2.00 75064:1.00 75065:1.00 75067:1.00 75071:3.00 75457:5.00 75460:1.00 75464:1.00 75466:1.00 75789:2.00 75797:3.00 76512:1.00
filial	67383:1.00 67796:1.00 71842:1.00 72392:1.00 72633:1.00 73684:1.00 73875:2.00 73878:1.00 74167:1.00 75461:3.00
fill	72636:1.00
film	67558:2.00 69540:1.00 69541:1.00 70420:2.00 70423:4.00 72114:2.00 75794:6.00 76514:1.00
filtr	67068:1.00 67385:1.00 74744:1.00 75788:1.00
filtrat	70751:1.00 70921:1.00 72399:2.00
fin	67068:2.00 67553:1.00 67558:1.00 67800:2.00 67937:2.00 67939:1.00 67940:1.00 67942:1.00 67944:1.00 68274:1.00 68279:2.00 68393:1.00 68643:1.00 68881:1.00 68883:1.00 68885:1.00 68886:1.00 69533:1.00 69534:1.00 69540:1.00 69542:1.00 70161:3.00 70163:1.00 70168:1.00 70422:1.00 70744:2.00 70749:2.00 70916:1.00 71357:1.00 71359:2.00 71366:2.00 71612:1.00 71614:2.00 71837:1.00 71841:1.00 72114:1.00 72118:1.00 72392:2.00 72395:1.00 72396:2.00 72629:3.00 72631:1.00 72634:2.00 72938:1.00 73182:1.00 73183:1.00 73185:1.00 73434:1.00 73435:1.00 73683:2.00 73875:1.00 73876:1.00 73877:2.00 73880:1.00 74167:2.00 74168:2.00 74169:1.00 74172:1.00 74449:1.00 74450:3.00 74744:1.00 74746:1.00 74748:1.00 74749:1.00 75063:1.00 75457:2.00 75459:2.00 75461:3.00 75792:2.00 75794:1.00 76211:1.00 76213:1.00 76508:1.00
final	67388:2.00 68645:1.00 68882:1.00 68883:1.00 68886:1.00 69177:1.00 69814:1.00 70162:3.00 70166:1.00 70428:3.00 72116:1.00 72393:1.00 72630:1.00 72634:1.00 72637:1.00 73683:2.00 74167:1.00 74168:1.00 74449:1.00 75065:1.00 75795:1.00 76206:1.00 76210:1.00
finalis	69815:1.00 71614:1.00 73186:1.00 73689:1.00
financ	67068:1.00 67555:1.00 67557:1.00 67798:2.00 67799:1.00 67940:1.00 68277:1.00 68383:2.00 68385:1.00 68386:2.00 68392:1.00 68642:2.00 68645:1.00 68646:1.00 68884:1.00 69177:1.00 69182:1.00 69538:1.00 70161:1.00 70162:1.00 70164:1.00 70420:1.00 70421:1.00 70428:1.00 70743:2.00 71359:1.00 71360:1.00 71616:1.00 71619:1.00 72118:1.00 72400:1.00 72634:2.00 72933:1.00 72934:1.00 73182:1.00 73432:2.00 73433:1.00 73683:2.00 73686:2.00 73691:1.00 73875:1.00 74167:1.00 74169:1.00 74449:1.00 74451:1.00 74453:1.00 74456:1.00 74748:2.00 74749:1.00 75065:2.00 75460:1.00 75465:3.00 75466:1.00 75790:1.00 75793:1.00 75795:1.00
financeur	72634:1.00 74746:1.00
financi	67939:1.00 67940:1.00 68389:1.00 69177:1.00 69181:1.00 71614:1.00 72629:2.00 72634:1.00 72637:1.00 73185:3.00 73186:1.00 73683:1.00 73685:1.00 74167:1.00 74745:1.00 75461:1.00 75465:1.00 75795:1.00
finess	67554:1.00
fingerprint	72633:1.00
fink	67068:11.00
finland	68642:1.00 74170:1.00 75069:1.00
fioraso	70914:4.00 71620:1.00 71837:1.00 73182:1.00
fip	75457:1.00
firm	72115:1.00
fission	69178:1.00 74168:1.00
fissur	68886:6.00 76210:3.00
fix	67385:1.00 67386:1.00 67553:1.00 67800:1.00 67939:1.00 68279:1.00 69534:1.00 70420:1.00 70421:1.00 70422:1.00 70743:1.00 70746:1.00 71615:1.00 71835:1.00 71836:1.00 72119:1.00 73684:1.00 73876:1.00 74744:1.00 75069:1.00 75070:1.00 75791:1.00
flacon	75065:1.00
flagel	70746:2.00
flamm	73683:1.00
flash	70167:1.00
flavescent	73877:1.00
flaveur	69534:1.00 75790:3.00
fleur	68273:1.00 76516:1.00
fleuron	73880:2.00
fleuv	70917:4.00 72397:1.00 73434:1.00
flexibil	68273:1.00 68882:1.00
flexibl	69541:1.00 70167:1.00 72114:1.00 72394:1.00 75791:2.00
flexisécur	69535:1.00
flor	68389:1.00 69815:1.00
floral	73878:2.00
flott	70743:4.00
flottat	72399:1.00
flotteur	70916:1.00
flou	71612:1.00
fluctu	70420:1.00
fluctuat	74745:1.00
fluid	68276:1.00 69540:1.00 70421:1.00 71835:1.00 72393:3.00 75067:1.00 76208:1.00 76507:1.00
fluidit	68387:1.00 72116:1.00
fluorescent	69183:2.00 69539:9.00 70420:1.00 70747:2.00 73189:1.00 74451:1.00
flux	67796:2.00 67939:1.00 69535:1.00 70162:1.00 72637:1.00 73430:1.00 74168:2.00 74751:1.00 75457:2.00 75458:1.00
flying	71358:1.00
fléau	69534:1.00 69813:1.00 76510:1.00
focal	70424:1.00
focalis	67068:2.00 68391:1.00 69540:2.00 70420:1.00 72115:1.00 72118:1.00 72395:1.00 72632:1.00 73435:1.00 75065:1.00 75793:1.00
focus	70916:1.00 74748:1.00 76514:1.00
foetal	67802:1.00
foi	70424:1.00 73189:1.00 74750:1.00 75065:5.00
fois	67068:1.00 67383:3.00 67388:1.00 67389:1.00 67553:1.00 67554:2.00 67555:1.00 67558:3.00 67799:1.00 67801:1.00 67802:1.00 67939:5.00 67943:1.00 68276:1.00 68281:1.00 68385:1.00 68638:1.00 68642:1.00 68644:1.00 68881:1.00 68885:2.00 68886:1.00 69177:1.00 69533:1.00 69534:2.00 69535:1.00 69540:3.00 69812:3.00 69813:1.00 69815:1.00 69817:1.00 69819:1.00 69820:1.00 70161:2.00 70163:1.00 70166:1.00 70167:2.00 70170:1.00 70421:2.00 70422:1.00 70743:2.00 70745:1.00 70746:1.00 70747:1.00 70914:2.00 70920:1.00 70922:1.00 71357:4.00 71358:1.00 71359:3.00 71366:1.00 71614:1.00 71835:2.00 71842:1.00 72119:1.00 72121:1.00 72397:1.00 72401:1.00 72629:2.00 72630:1.00 72635:1.00 72934:2.00 72940:1.00 73190:1.00 73430:1.00 73432:1.00 73434:1.00 73685:1.00 73876:1.00 73881:1.00 73884:2.00 74167:1.00 74168:1.00 74170:1.00 74171:4.00 74175:1.00 74449:1.00 74456:1.00 75063:1.00 75067:1.00 75069:1.00 75457:1.00 75458:1.00 75789:1.00 75794:2.00 76206:2.00 76207:1.00 76208:1.00 76210:4.00 76211:1.00 76213:1.00 76507:1.00 76508:1.00 76511:1.00 76515:1.00
foix	68277:3.00 74746:5.00
foliair	69182:1.00 69817:1.00
foliot	73683:1.00
foll	71837:1.00
fonci	71357:1.00 74457:1.00
fonction	67386:2.00 67387:1.00 67389:1.00 67390:1.00 67554:1.00 67556:4.00 67794:1.00 67795:1.00 67796:1.00 67800:1.00 67802:1.00 67937:1.00 67938:1.00 68276:1.00 68277:1.00 68392:1.00 68882:3.00 68883:1.00 68887:1.00 69177:4.00 69178:5.00 69179:1.00 69183:1.00 69184:3.00 69539:1.00 69812:1.00 70161:1.00 70162:7.00 70421:1.00 70745:2.00 70916:1.00 70919:1.00 71357:1.00 71359:1.00 71614:1.00 71843:1.00 72114:1.00 72115:1.00 72116:2.00 72631:4.00 72634:1.00 72932:1.00 72933:1.00 72934:3.00 73184:3.00 73189:1.00 73878:2.00 73879:4.00 74168:7.00 74171:1.00 74449:1.00 74751:1.00 75064:1.00 75790:1.00 75793:1.00 76212:1.00 76213:2.00 76508:1.00
fonctionnal	67388:1.00 67554:1.00 67797:1.00 75788:2.00 76514:1.00
fonctionnalis	68390:1.00 76210:1.00
fonctionnel	67387:4.00 67391:1.00 67798:3.00 67802:1.00 68277:1.00 68887:1.00 71361:1.00 71841:1.00 72396:1.00 73432:1.00 73877:1.00 74173:1.00 74450:1.00 74453:1.00 76515:1.00
fonctionnent	70420:1.00 72114:1.00 73877:1.00 74167:1.00
fond	67794:1.00 67798:3.00 67799:1.00 68276:1.00 68385:1.00 68882:2.00 68884:2.00 68886:1.00 69815:1.00 69818:1.00 70162:1.00 70420:1.00 70421:1.00 70422:1.00 70744:1.00 71360:2.00 71614:4.00 71616:1.00 71841:1.00 72114:1.00 72633:2.00 72634:1.00 72935:1.00 73187:1.00 73683:2.00 73688:1.00 73875:1.00 73879:2.00 73880:1.00 74169:1.00 74450:1.00 74451:2.00 74453:1.00 74455:1.00 74752:1.00 75063:1.00 75793:1.00 76213:1.00 76508:1.00 76510:2.00 76513:1.00
fondamental	67068:2.00 67389:1.00 67800:1.00 67937:1.00 68277:1.00 68280:1.00 68384:1.00 68881:1.00 68882:1.00 69536:1.00 70161:1.00 70422:1.00 70748:1.00 72630:1.00 73182:1.00 73184:1.00 73186:1.00 73879:1.00 74453:1.00 75460:1.00 75790:1.00
fondat	67383:3.00 67556:1.00 67940:3.00 68393:3.00 68888:1.00 70748:1.00 72936:2.00 73183:2.00 73185:1.00 73683:1.00 73875:1.00 74751:1.00
fondateur	67071:1.00 67799:1.00 68643:1.00 69815:1.00 70166:2.00 71614:3.00 72114:2.00 73184:1.00 73185:1.00 74450:1.00 74451:1.00 74746:2.00 75063:3.00 75462:1.00 76207:2.00 76208:2.00 76510:1.00 76511:1.00
fondatric	73875:1.00
fondeur	72113:1.00
fondu	69819:1.00
font	67389:1.00 67391:1.00 67553:1.00 67937:2.00 67939:1.00 67942:1.00 68383:1.00 69533:1.00 69813:1.00 69816:1.00 70161:1.00 70165:1.00 71358:2.00 72394:1.00 73182:1.00 73183:2.00 73436:1.00 73878:1.00 74173:1.00 74745:1.00 74747:1.00 75457:1.00 75788:1.00 76209:2.00
fontain	72634:1.00
fontainebleau	67945:3.00
fontenay	70421:1.00
food	67557:1.00 68387:2.00 69534:2.00 71359:10.00 75069:1.00 76209:2.00 76514:3.00
for	67557:1.00 67945:1.00 68275:1.00 68881:2.00 69180:1.00 69811:1.00 70164:4.00 71615:1.00 72113:1.00 72121:1.00 72932:4.00 75065:1.00 75069:1.00
forc	67555:1.00 67799:1.00 67938:1.00 68275:1.00 68383:1.00 68883:1.00 68886:3.00 69540:1.00 69813:1.00 70162:3.00 70423:1.00 70914:1.00 71357:1.00 71621:1.00 71835:2.00 71840:1.00 72119:1.00 72397:1.00 72932:1.00 72937:1.00 72939:1.00 73184:1.00 73185:1.00 73683:1.00 75459:1.00 76507:1.00 76510:1.00
forcep	72629:1.00
forest	71616:1.00 71837:1.00
foresti	68283:1.00 68389:3.00 69816:1.00 71618:1.00 71837:1.00 75458:4.00
forg	72940:1.00
form	67390:3.00 67554:1.00 67555:2.00 67556:2.00 67558:2.00 67795:1.00 67798:1.00 67802:1.00 67939:2.00 68273:2.00 68274:3.00 68276:3.00 68277:3.00 68279:9.00 68280:2.00 68383:1.00 68390:2.00 68638:3.00 68640:1.00 68642:1.00 68644:1.00 68884:4.00 68887:3.00 68888:1.00 69177:2.00 69179:1.00 69182:6.00 69534:1.00 69535:2.00 69539:2.00 69814:1.00 69815:2.00 70161:5.00 70163:1.00 70165:1.00 70166:1.00 70423:1.00 70426:1.00 70429:1.00 70746:1.00 70747:1.00 70918:1.00 71358:2.00 71362:1.00 71619:1.00 72114:2.00 72121:1.00 72401:1.00 72634:1.00 72635:1.00 72932:1.00 72936:1.00 72939:1.00 73182:1.00 73431:1.00 73683:1.00 73684:1.00 73876:1.00 73879:4.00 73882:1.00 73884:1.00 74167:1.00 74172:1.00 74173:8.00 74176:1.00 74449:1.00 74450:1.00 74455:2.00 74748:1.00 75064:1.00 75065:1.00 75068:2.00 75457:2.00 75458:2.00 75459:1.00 75463:1.00 75465:1.00 75788:5.00 75789:4.00 76210:3.00 76511:1.00 76512:1.00 76513:2.00 76514:2.00 76515:1.00
formalis	67553:1.00 68279:1.00 68642:1.00
format	67555:3.00 67558:1.00 67795:4.00 67944:3.00 68276:4.00 68390:2.00 68392:1.00 68393:2.00 68885:1.00 68888:2.00 69177:1.00 69184:2.00 69185:1.00 69536:1.00 69542:1.00 69819:4.00 70161:9.00 70162:1.00 70163:1.00 70420:1.00 70421:5.00 70422:1.00 70748:1.00 70749:1.00 70916:1.00 71358:8.00 71359:1.00 71361:1.00 71362:7.00 71617:2.00 71619:6.00 71842:1.00 72113:1.00 72114:1.00 72116:1.00 72393:1.00 72394:1.00 72398:4.00 72631:1.00 72636:1.00 72637:1.00 72938:1.00 73182:4.00 73437:5.00 73684:1.00 73687:3.00 73876:5.00 73883:1.00 73884:1.00 74167:1.00 74451:1.00 74751:2.00 75063:4.00 75064:1.00 75066:2.00 75068:3.00 75071:2.00 75457:4.00 75459:1.00 76509:1.00 76514:1.00
formateur	70161:1.00 75063:2.00 76509:1.00
formel	68882:1.00
forment	67558:1.00 67796:1.00 71358:1.00 74752:1.00 76511:1.00
formid	67796:1.00 67937:1.00 72392:1.00 73433:1.00 73683:1.00 74745:1.00 75064:1.00 76208:1.00
formon	67795:1.00 71358:1.00
formul	68882:1.00 69534:1.00 72630:1.00 72938:1.00 73683:1.00 74450:1.00 75069:1.00
fort	67389:1.00 67796:1.00 67938:1.00 67939:1.00 67945:1.00 68283:1.00 68638:2.00 68882:1.00 68885:2.00 68888:1.00 69177:1.00 69181:2.00 69182:1.00 69186:1.00 69535:2.00 69537:1.00 69542:1.00 69811:1.00 69813:1.00 69816:1.00 69821:1.00 70163:1.00 70167:2.00 70421:2.00 70743:1.00 70752:1.00 70914:1.00 70915:1.00 70916:1.00 70921:1.00 71357:5.00 71358:2.00 71614:1.00 71617:2.00 72121:1.00 72400:2.00 72630:1.00 72933:1.00 72934:1.00 72936:1.00 72937:1.00 73184:1.00 73185:1.00 73430:2.00 73438:1.00 73683:1.00 73685:1.00 73691:1.00 74176:1.00 74451:1.00 74457:1.00 74750:1.00 74752:1.00 75067:1.00 75458:1.00 75461:1.00 75463:1.00 75466:1.00 75788:1.00 75795:1.00 76208:1.00 76209:1.00 76213:2.00 76508:1.00 76511:1.00 76515:1.00
fortior	69821:1.00
forum	67803:1.00 67804:4.00 69543:1.00 70170:1.00 70751:1.00 70752:3.00 70921:7.00 72120:3.00 72121:3.00 72122:1.00 72400:4.00 75465:1.00 75466:6.00 75796:3.00
forêt	67945:1.00 68283:10.00 68389:3.00 69816:5.00 70425:1.00 70916:1.00 71618:1.00 71837:9.00 73684:1.00 75458:1.00
fos	67556:1.00
fossil	68278:1.00 68882:1.00 76514:1.00
fossilis	67938:1.00
fou	74752:1.00
fouchecour	70923:1.00
foudr	71835:1.00
fouill	73683:1.00 75788:1.00
foul	68274:1.00 70162:1.00 71836:2.00 72629:1.00 74450:1.00 75458:1.00
foulon	74169:4.00
foundat	68386:1.00
four	68280:1.00 71359:1.00 75462:1.00 76210:1.00
fouri	67387:1.00 67800:1.00 69178:1.00 69539:1.00 69816:1.00 69819:1.00 73189:1.00 73878:1.00
fourmill	68276:1.00 68283:1.00 71835:1.00
fourn	67796:1.00 67939:3.00 68275:1.00 68391:1.00 68640:1.00 68886:1.00 69178:2.00 69811:2.00 69816:1.00 70162:1.00 70424:3.00 71362:1.00 71618:1.00 71836:2.00 72118:1.00 72932:1.00 73683:1.00 74749:1.00 76208:1.00
fournaison	72393:1.00
fournisseur	67388:1.00 67796:1.00 74169:2.00 75796:1.00 76211:1.00
fournitur	68279:1.00 68885:1.00
fp	75463:1.00
fpga	73879:1.00
fr	70914:1.00 74746:1.00 75071:1.00
frachet	76508:2.00
fraction	67388:1.00 68882:3.00 73875:1.00
fractur	68886:3.00
fragil	68886:3.00 73431:1.00 73683:1.00 74746:1.00 75069:1.00 76210:2.00
fragilis	75069:1.00
fragment	67802:1.00 68389:1.00 68642:1.00 73184:1.00 76208:1.00
frais	68273:1.00 72117:1.00 75066:1.00
fram	76207:2.00
framatom	72629:1.00
franc	67068:1.00 67801:1.00 67938:1.00 67939:2.00 67943:1.00 68274:5.00 68276:1.00 68279:2.00 68383:2.00 68638:1.00 68641:1.00 68881:1.00 68885:4.00 68888:3.00 69180:1.00 69181:3.00 69533:1.00 69534:1.00 69535:2.00 69812:4.00 69814:1.00 69818:1.00 69821:3.00 70161:1.00 70163:1.00 70422:2.00 70424:1.00 70745:2.00 70748:1.00 70751:1.00 70752:1.00 70753:1.00 70914:1.00 71357:1.00 71358:2.00 71359:2.00 71612:1.00 71614:1.00 71615:1.00 71619:2.00 71835:2.00 71836:1.00 71837:7.00 71838:1.00 72113:3.00 72114:1.00 72393:2.00 72396:1.00 72933:1.00 72934:1.00 73182:1.00 73431:1.00 73684:5.00 73687:1.00 73875:5.00 73880:1.00 74167:1.00 74172:1.00 74452:1.00 74455:2.00 74745:1.00 74752:1.00 75458:1.00 75788:1.00 75792:1.00 76208:2.00 76209:2.00 76512:1.00 76515:1.00
francfort	72933:1.00
franch	67385:1.00 67388:1.00 67795:1.00 68279:5.00 68885:6.00 69817:1.00 70166:1.00 70745:4.00 70914:1.00 71840:1.00 71842:1.00 72115:1.00 72116:2.00 72395:2.00 72396:1.00 72629:1.00 72630:1.00 72634:1.00 73184:2.00 73430:1.00 74172:1.00 74455:1.00 74749:1.00 75070:1.00 76508:1.00
francilien	71620:1.00 74171:1.00 74172:3.00 76507:1.00
francin	73689:1.00
francisco	70422:2.00
franco	67939:3.00 67940:2.00 68881:2.00 69177:1.00 69180:2.00 70425:1.00 71838:2.00 72393:1.00 73430:1.00 73431:1.00 73434:3.00
francois	67794:1.00
francophon	68888:1.00 69543:3.00 69821:3.00
français	67392:1.00 67553:2.00 67938:1.00 67939:1.00 68276:2.00 68283:1.00 68383:3.00 68885:1.00 68888:1.00 69179:1.00 69181:1.00 69533:5.00 69535:2.00 69536:3.00 69537:1.00 69816:2.00 69817:2.00 70161:3.00 70165:3.00 70420:1.00 70422:1.00 70914:2.00 71357:3.00 71358:2.00 71366:1.00 71836:1.00 71839:1.00 72113:1.00 72392:1.00 72393:1.00 72396:1.00 72629:4.00 72633:1.00 72932:2.00 72933:1.00 72935:1.00 72936:2.00 72938:1.00 73182:2.00 73186:2.00 73430:1.00 73437:1.00 73683:2.00 73687:1.00 74167:3.00 74453:1.00 74746:1.00 75069:1.00 75460:1.00
françois	67068:1.00 67383:4.00 67794:1.00 67798:4.00 67937:2.00 69542:1.00 71357:3.00 72932:1.00 72936:2.00 73182:1.00 74456:1.00
frapp	67794:1.00 70916:1.00 73688:1.00 73880:1.00 75065:1.00
fratern	68276:1.00
fraunhof	69814:2.00
frayer	70917:1.00
frei	69178:1.00
frein	68383:2.00 72394:1.00 72933:2.00 74746:1.00
freinag	71617:1.00 72933:1.00
frem	72629:1.00
french	69180:1.00 72629:1.00
frer	68276:1.00 70161:3.00
fresnel	68391:1.00 70747:1.00
freturb	72939:1.00
freund	74454:1.00
friend	70422:1.00
frigorif	72393:2.00
frigorigen	72393:1.00
frileux	71614:1.00
frisbe	67557:4.00
froid	67557:5.00 68273:2.00 72393:16.00 74167:1.00 74752:1.00
from	67942:1.00
fromag	67388:8.00 68273:1.00 68387:1.00 68885:5.00 69534:1.00
fromager	67388:5.00 68885:3.00 70745:1.00
froms	68885:1.00
front	67068:1.00 69814:1.00 73182:1.00
frontal	70421:2.00
fronti	67937:1.00 70163:1.00 71362:3.00 72396:1.00 73185:1.00 73880:1.00 74172:1.00 75789:1.00
frott	72632:1.00
fructueux	72396:1.00
fruit	67391:2.00 67555:5.00 67939:2.00 67941:1.00 67943:1.00 68273:4.00 68383:1.00 68387:2.00 68393:1.00 68881:2.00 68882:1.00 68884:1.00 68888:1.00 69178:1.00 69535:1.00 69817:1.00 69821:1.00 70162:1.00 70421:1.00 70422:1.00 70914:1.00 71358:1.00 71359:2.00 71614:1.00 72117:1.00 72393:1.00 72939:1.00 73430:1.00 73434:2.00 73685:1.00 74167:1.00 74752:1.00 75063:1.00 75069:1.00 75458:1.00 75459:1.00 75462:2.00 76213:1.00
frédéric	68641:5.00 70165:1.00 74456:1.00 75792:2.00
fréquenc	67942:1.00 70420:1.00 70425:1.00 70744:1.00 70916:1.00 70919:3.00 72939:1.00 75794:6.00
fréquent	67939:1.00 68646:1.00 70420:1.00 70916:1.00 70917:1.00 71617:1.00 73431:1.00 74173:1.00
frérot	72392:2.00
frésillon	68280:2.00
frôl	73183:1.00
fsi	71616:1.00 76507:8.00
fui	67798:1.00 67799:1.00 69818:3.00 70162:1.00 70421:1.00 71360:1.00 71361:1.00 72634:1.00 73879:2.00 74169:1.00 74453:1.00 75793:1.00
fuir	71621:1.00
fuit	71840:1.00 74167:3.00 74746:1.00
fukushim	70915:2.00 72392:1.00 72629:2.00
fum	67385:1.00 67796:1.00 70421:1.00
fund	72935:1.00
fundamental	69180:1.00
fur	71359:1.00 74449:1.00 75063:1.00
furent	69811:1.00 70424:1.00
furtiv	74744:1.00
fus	71836:1.00 73434:1.00
fuselag	74167:1.00
fusi	75066:1.00
fusibl	75462:1.00
fusion	67795:3.00 72392:1.00 74168:13.00 75064:3.00
fusionnent	67558:1.00 74168:2.00
fut	68641:1.00 72113:1.00 72634:1.00 73683:1.00 73684:2.00 75797:1.00 76507:1.00
futur	67797:1.00 67804:3.00 67945:1.00 68638:3.00 68882:1.00 69177:1.00 69178:2.00 69179:1.00 69182:1.00 69533:3.00 69543:1.00 69813:1.00 69821:1.00 70161:1.00 70170:1.00 70421:1.00 70745:1.00 70751:1.00 70921:1.00 71357:1.00 71359:1.00 71617:2.00 71837:1.00 72119:1.00 72121:1.00 72392:1.00 72394:1.00 72933:1.00 72936:1.00 73183:1.00 73186:2.00 73884:1.00 74167:2.00 74748:1.00 74752:1.00 75066:1.00 75068:1.00 75792:1.00 76212:1.00 76213:4.00 76513:1.00
futurol	72121:1.00
futurotextil	70751:3.00
fw	69179:2.00
fé	68881:2.00
fécond	68387:1.00
féder	67553:4.00 67944:1.00 69817:1.00 70169:1.00 70170:1.00 70420:1.00 71358:1.00 72398:1.00 72634:1.00 72937:1.00 72938:1.00 73184:2.00 73689:1.00 73881:1.00 74172:2.00 74746:4.00 76211:1.00
fédéral	76207:1.00
félicit	68881:1.00 69812:1.00 72629:1.00 73434:1.00 76510:1.00
féliqu	69177:1.00 70163:1.00
fémoral	73431:1.00
fémur	73431:1.00
févri	67071:1.00 69177:1.00 69179:1.00 69181:1.00 69185:1.00 69534:1.00 69538:1.00 69541:1.00 70161:2.00 70162:1.00 70916:1.00 72120:1.00 72121:1.00 72397:1.00 72932:1.00 73430:1.00 73434:1.00 73683:2.00 75071:1.00 75458:1.00 75463:1.00
fêt	68643:1.00 69542:1.00 73875:3.00 76509:1.00
für	70916:1.00
g	67795:1.00 72115:1.00 72119:2.00 72635:1.00 73878:1.00
gabar	73431:1.00
gabon	73684:13.00
gabonais	73684:2.00
gabriel	74451:2.00
gadel	69539:1.00
gadzart	68276:2.00 70161:2.00 70422:2.00
gadzartz	73882:1.00
gageur	73187:1.00
gagn	68274:1.00 69812:1.00 72113:1.00 72939:1.00 74167:1.00 76213:1.00
gagnieu	71616:1.00
gain	68882:1.00 70753:2.00 74171:1.00 74455:1.00
gairdn	67937:1.00
galactolipid	67800:4.00
galax	70163:3.00 70424:7.00 73186:1.00
galer	68276:1.00
galet	74746:1.00
galien	75065:1.00
galileo	69177:2.00
gall	74170:1.00
gallium	69814:1.00 71839:1.00 72114:1.00
galvestin	67800:2.00
gam	69183:1.00 70916:1.00
gamm	67390:1.00 67558:1.00 68638:3.00 69184:1.00 71616:2.00 72630:2.00 73186:5.00 74169:2.00 74451:2.00 75067:1.00 75794:2.00 76512:1.00
gand	71361:1.00
ganil	67943:2.00
gant	75464:1.00
gap	69814:5.00
gar	73882:1.00
garant	67071:1.00 67386:2.00 67388:1.00 68273:1.00 68279:1.00 68885:1.00 69177:1.00 71358:1.00 71614:1.00 71617:1.00 71836:1.00 72394:1.00 72634:1.00 73877:1.00 74744:1.00 74751:1.00 75069:1.00 76207:2.00 76513:1.00
garch	67940:5.00
gard	67553:1.00 68887:1.00 70161:1.00 70916:1.00
gardent	72932:1.00
garon	70917:1.00 75066:1.00
gaspill	71366:1.00
gaspillag	67794:1.00 71366:4.00 71617:1.00
gaston	75459:1.00
gastro	68887:1.00 69184:1.00
gastronom	74752:2.00 75460:1.00
gat	73186:1.00 73879:1.00
gauch	68881:1.00 69540:3.00 70744:1.00 70914:1.00 72392:1.00 75794:1.00
gaull	75066:1.00
gayon	67801:1.00
gaz	67385:1.00 68278:1.00 68881:6.00 69533:6.00 69811:2.00 70162:1.00 71838:6.00 72114:1.00 73182:1.00 74745:1.00 75067:2.00 75463:1.00 76514:1.00
gazeux	68881:1.00 70426:1.00 74745:1.00
gazoduc	74450:1.00
gazéif	72121:2.00
gcn	73883:1.00
gdf	74450:1.00
geaps	69817:1.00
gel	74750:10.00 74752:1.00 76206:1.00
gemtex	71361:5.00
gen	67068:1.00 67383:1.00 67391:5.00 67556:10.00 67800:1.00 67802:2.00 68274:1.00 68388:1.00 69182:1.00 69815:1.00 69821:1.00 70161:3.00 70420:1.00 71359:1.00 71361:1.00 71362:5.00 71837:1.00 72393:1.00 72631:1.00 72937:1.00 73182:1.00 73184:4.00 73190:1.00 73432:1.00 73883:7.00 74453:1.00 74457:1.00 74746:1.00 75071:1.00 75458:1.00 75790:1.00 76208:1.00
genay	71840:1.00
genc	70914:6.00
gendarmer	70162:1.00
genep	69178:2.00 72121:1.00
gener	69178:1.00 69179:1.00 76510:1.00
general	74745:1.00
genes	67800:1.00
genet	67071:1.00 68275:1.00
genev	73875:1.00 73881:1.00
geneviev	67068:1.00 70914:4.00 71620:1.00 71837:1.00 73182:1.00
genopol	71620:1.00
genosol	69812:4.00
genou	71614:1.00
genr	67939:1.00 68884:1.00 69178:1.00 70162:1.00 70420:2.00 70421:1.00 70915:2.00 70921:1.00 71842:1.00 72939:1.00 73431:1.00 74169:1.00 75788:1.00
gent	67944:3.00
genticel	72935:5.00
gentill	67938:1.00
gentleman	67937:2.00
geo	69818:6.00
geodat	68279:1.00
geoinform	68275:1.00
georg	67068:3.00 68383:1.00 68882:4.00 68884:1.00 74752:1.00
geoss	69811:1.00
geosud	68275:6.00
ger	68643:2.00 69182:1.00 69812:1.00 69814:1.00 70421:1.00 70923:1.00 71360:1.00 71616:1.00 71838:1.00 73431:1.00 74451:1.00 74747:1.00 74751:1.00 75063:1.00 75066:1.00 75792:1.00 76507:4.00 76509:1.00 76510:1.00
germ	68643:1.00 73683:1.00 73684:1.00
germin	67800:1.00
germinet	72392:1.00
gerv	73877:5.00
gest	70421:1.00 75064:1.00 75791:3.00
gestat	68387:1.00
gestion	67945:1.00 68275:1.00 68383:1.00 68643:1.00 68884:1.00 69178:1.00 69535:1.00 69537:1.00 70162:5.00 70164:1.00 70170:1.00 71621:1.00 72392:1.00 72637:1.00 72939:1.00 73434:1.00 73683:1.00 76507:6.00
gestionnair	68275:1.00 69816:1.00 76510:2.00
gev	72934:2.00
gewurztramin	76206:1.00
ghisolfo	73875:2.00
gi	71839:1.00
gibaru	75791:1.00
giec	69533:7.00 70916:1.00
gien	75464:1.00
gif	71358:1.00 74751:1.00
gig	72934:1.00
gigantesqu	72397:1.00 73880:1.00 74452:1.00
gigaoctet	69811:1.00 70424:1.00
gilbert	70745:4.00
gill	67068:1.00 67795:6.00 71358:2.00 72115:4.00 75458:6.00
gin	74453:1.00
giorgio	75795:1.00
gipc	73683:1.00
giron	73875:1.00
girond	70917:5.00
gis	68884:1.00 69812:2.00 69816:1.00 72114:1.00 75792:2.00
giuseppon	70167:1.00
glac	67939:1.00 68390:6.00 69811:3.00 73880:2.00 76206:1.00 76210:1.00
glaciair	69811:2.00
glan	72940:1.00
gland	71843:1.00
glaucom	73435:1.00
glaux	67945:1.00
glial	68388:1.00
glid	70916:1.00
glider	70916:1.00
glob	67794:1.00 69533:1.00 69811:1.00 71836:1.00
global	67387:1.00 67553:1.00 67554:3.00 67557:2.00 67939:2.00 68279:1.00 68886:1.00 69533:1.00 69535:1.00 69811:3.00 69813:1.00 70166:1.00 70424:1.00 70745:1.00 71357:1.00 71361:1.00 71840:1.00 72113:1.00 72393:1.00 72938:1.00 73183:1.00 73185:1.00 73434:4.00 73436:1.00 73683:3.00 73877:1.00 73879:2.00 74167:1.00 74169:2.00 74176:2.00 74744:1.00 74746:1.00 75458:2.00 75463:1.00 75788:1.00 75789:1.00 75793:1.00 76508:1.00 76511:2.00
globul	68387:1.00
glucagon	67802:1.00
glucid	72634:1.00 76509:9.00
glycem	67802:1.00
glycochim	69183:1.00
glycofilm	70423:1.00
glycopolymer	70423:1.00
gmbh	69534:1.00
gme	69811:1.00
gmv	75458:1.00
gn	70166:1.00
gobain	68390:1.00 68886:1.00 69819:1.00 70169:1.00 76210:1.00
goc	73880:5.00
godefroy	71835:1.00 75458:1.00
goettmann	75792:2.00
golf	69811:1.00 70916:1.00 73684:1.00 73688:1.00 74749:1.00
gombert	75461:1.00
gomm	73431:2.00
googl	67938:1.00 75788:1.00 76207:1.00
gorg	76213:1.00
goubet	73430:8.00
gouillou	74170:1.00
gourm	74748:1.00
gourmand	69819:1.00
goutt	75458:2.00 76208:1.00
gouttelet	76208:1.00
gouvern	68642:1.00 68888:1.00 70164:1.00 72116:1.00 72396:2.00 72398:1.00 72629:3.00 73182:1.00
gouvernemental	72396:1.00 73185:1.00 74457:1.00
gouvernent	72940:1.00
goût	67555:2.00 69534:1.00 70166:1.00 70428:3.00 70749:1.00 71366:1.00 71835:1.00 72116:1.00 72394:1.00 72396:1.00 72631:7.00 72634:1.00 72932:1.00 73184:1.00 73685:3.00 73877:1.00 74169:1.00 74449:1.00 74455:2.00 75069:1.00 75459:2.00 75462:1.00 75790:1.00 76206:3.00 76209:2.00 76509:1.00 76511:1.00 76512:2.00
goûtent	72631:1.00
gp	67939:2.00 68279:1.00 69177:1.00 69181:1.00 76208:2.00
gpan	72393:2.00
gpao	76507:1.00
gpm	67939:1.00
gradient	72397:1.00
graduat	68641:2.00
grain	67387:1.00 67391:1.00 69819:1.00 70420:1.00 72630:1.00 73878:1.00
gram	69183:1.00
grameen	73185:1.00
gramm	68644:1.00
grandeur	67386:1.00 68884:1.00 72397:1.00
granit	73684:1.00
granulair	69819:3.00
granulat	70917:1.00
grapp	72630:2.00 73687:1.00 74748:1.00
gras	67558:3.00 68387:1.00 72116:1.00 72631:8.00
grass	69534:5.00 75790:4.00
grasset	71835:1.00
gratuit	68275:1.00 73876:1.00
grav	68645:1.00 69815:1.00 70421:4.00 74450:1.00
gravimetr	69181:1.00
gravit	67801:3.00 68276:1.00 70424:1.00 73880:2.00 76210:1.00
gravitationnel	70424:1.00
gravitent	74744:1.00
gravur	67554:1.00
grdf	70169:1.00
grec	67555:1.00 71835:1.00 71843:1.00 72932:1.00
greciet	75065:2.00
grecqu	73683:5.00
green	75066:1.00
greenstar	72121:1.00
greff	67802:1.00 68641:1.00 68644:1.00 70747:1.00 73686:1.00 75067:1.00
greffon	73431:1.00
grenel	69818:1.00 73877:1.00
grenobl	67387:1.00 67554:1.00 67796:1.00 67800:1.00 68391:1.00 68640:1.00 68881:2.00 69178:1.00 69186:2.00 69539:2.00 69816:1.00 69819:3.00 70165:1.00 71363:1.00 72392:1.00 72400:1.00 73683:1.00 73878:2.00 73881:1.00 74174:1.00 74453:2.00 75466:2.00 75789:1.00
grenoblois	67554:3.00 68881:1.00 70165:2.00 73878:1.00
grid	72937:1.00
griff	72632:1.00
grill	72635:4.00 74452:1.00
gris	74167:1.00
groenland	70745:1.00
gros	67555:1.00 68274:1.00 68642:1.00 68881:1.00 69179:2.00 69811:2.00 73182:1.00 73876:1.00
gross	70420:1.00 71835:1.00 71842:1.00 73685:1.00 73876:1.00
grosso	75788:1.00
group	67071:1.00 67387:1.00 67388:1.00 67553:3.00 67554:2.00 67555:2.00 67804:1.00 67937:5.00 67940:2.00 68274:2.00 68280:1.00 68281:2.00 68387:5.00 68639:1.00 68646:1.00 68884:1.00 68885:1.00 68888:2.00 69177:1.00 69183:1.00 69533:5.00 69534:1.00 69540:1.00 69541:2.00 69812:1.00 69816:1.00 69818:1.00 70161:1.00 70162:3.00 70166:2.00 70168:1.00 70426:2.00 70748:1.00 70916:2.00 71357:1.00 71358:11.00 71359:3.00 71360:1.00 71361:1.00 71614:2.00 71615:5.00 71839:2.00 72113:2.00 72114:2.00 72122:1.00 72392:1.00 72394:2.00 72398:1.00 72629:2.00 72633:1.00 72634:3.00 72935:2.00 73182:2.00 73434:2.00 73436:1.00 73683:1.00 73687:2.00 73875:1.00 73876:2.00 73879:1.00 73884:1.00 74172:1.00 74450:2.00 74744:3.00 74745:4.00 74746:1.00 74748:1.00 74751:1.00 75065:1.00 75068:1.00 75069:1.00 75461:3.00 75793:5.00 76211:1.00 76509:1.00
grâc	67068:1.00 67385:3.00 67389:1.00 67392:1.00 67554:1.00 67555:1.00 67800:1.00 67801:1.00 67802:1.00 67937:2.00 67939:1.00 67943:1.00 68273:1.00 68391:2.00 68881:1.00 69178:2.00 69182:2.00 69538:1.00 69539:2.00 69540:1.00 69811:2.00 69813:1.00 69817:1.00 70161:1.00 70162:4.00 70163:1.00 70166:1.00 70420:1.00 70421:2.00 70423:3.00 70744:1.00 70748:1.00 70751:1.00 70914:1.00 70922:1.00 70923:1.00 71362:1.00 71614:1.00 71836:2.00 71837:1.00 71838:1.00 71839:1.00 71841:1.00 72395:1.00 72631:1.00 72633:1.00 72933:2.00 72939:3.00 73186:1.00 73189:1.00 73432:2.00 73435:1.00 73437:1.00 73684:1.00 73686:2.00 73687:1.00 74167:1.00 74168:2.00 74171:1.00 74745:2.00 74748:1.00 74750:1.00 75064:1.00 75068:2.00 75069:1.00 75458:1.00 75464:1.00 75788:1.00 75791:2.00 75792:1.00 75794:1.00 76208:1.00 76507:1.00 76510:2.00
grêl	70916:1.00
gsi	67943:1.00
gst	73879:7.00
gtm	73875:2.00
gu	68643:1.00 71842:5.00 74172:1.00
guadeloup	71362:1.00
guer	67798:2.00 73182:1.00
guichard	75790:2.00
guichet	75790:1.00
guid	70751:1.00 71358:1.00 71616:1.00 72401:1.00 74752:1.00 75071:1.00
guidag	68279:2.00
guidon	70422:1.00
guillaum	75070:1.00
guillou	67794:6.00
guimet	71837:1.00
guin	73684:2.00
guinever	69178:7.00
guis	70166:1.00 72630:1.00
guiss	75458:2.00
gustat	70749:1.00 72631:4.00 74449:1.00 74749:1.00 74752:1.00 75069:3.00
gustav	68383:1.00
guy	68383:2.00
guyan	68388:2.00 69177:1.00 69179:1.00 69811:1.00 71362:1.00 71836:2.00
guyot	73877:1.00
guérison	72117:1.00
gy	68279:2.00
gypt	73683:8.00
gyroscop	71836:1.00
gâteau	69534:1.00 73879:1.00 74450:1.00
gèrent	73877:1.00
gé	69811:1.00 73875:1.00 75463:1.00
géner	67390:1.00 67554:1.00 67797:1.00 67802:1.00 67942:1.00 68274:1.00 68385:2.00 68389:1.00 68638:1.00 68643:1.00 68882:1.00 69177:1.00 69811:1.00 69816:1.00 70423:2.00 70743:2.00 70921:1.00 71359:2.00 71361:1.00 71363:1.00 71366:1.00 71615:1.00 71618:1.00 71621:1.00 71835:2.00 71836:1.00 72113:1.00 72114:8.00 72116:2.00 72121:2.00 72397:1.00 72399:1.00 72938:1.00 73188:1.00 73432:2.00 73434:1.00 74168:3.00 74745:1.00 74746:2.00 74748:1.00 75064:1.00 75066:3.00 75794:1.00 76210:1.00 76508:1.00 76513:2.00
génet	67556:4.00 67800:2.00 67937:1.00 68384:2.00 69182:1.00 69816:1.00 70420:2.00 73432:1.00 73684:1.00 74452:1.00 76208:2.00
génial	68638:1.00 72933:1.00
géniqu	72116:1.00
génom	67391:1.00 68643:1.00 68887:1.00 69815:1.00 70420:1.00 71837:1.00 71843:1.00 73432:1.00 73686:1.00 74453:1.00 76213:2.00
génotyp	69182:1.00 70420:1.00
génotypag	70420:1.00
général	67071:1.00 67383:1.00 67388:1.00 67553:5.00 67554:1.00 67556:2.00 67794:1.00 67795:5.00 67798:1.00 67937:2.00 67939:1.00 67941:1.00 68273:3.00 68274:1.00 68275:1.00 68277:1.00 68279:3.00 68638:4.00 68642:1.00 68646:2.00 68881:3.00 68882:1.00 68885:1.00 69177:1.00 69537:1.00 69542:1.00 69813:1.00 69816:1.00 70161:5.00 70162:2.00 70164:1.00 70165:2.00 70170:1.00 70745:1.00 70914:2.00 71357:1.00 71358:3.00 71360:1.00 71366:1.00 71614:1.00 71616:2.00 71835:1.00 72113:3.00 72114:1.00 72392:3.00 72395:1.00 72398:2.00 72401:1.00 72629:3.00 72632:1.00 72933:2.00 72936:1.00 73182:2.00 73183:1.00 73430:3.00 73431:1.00 73687:1.00 73688:1.00 73877:1.00 73879:2.00 74168:1.00 74169:2.00 74171:1.00 74172:3.00 74449:1.00 74450:1.00 74453:2.00 74454:1.00 74746:1.00 74748:1.00 75065:3.00 75070:1.00 75457:5.00 75792:1.00 76207:2.00 76210:1.00 76211:1.00 76507:1.00 76508:1.00 76511:1.00
généralis	71835:1.00 73187:1.00 75457:1.00
géo	70162:2.00
géochim	72940:1.00
géoconcept	70162:1.00
géodes	69181:2.00 73434:1.00
géodésien	73434:1.00
géograph	67071:1.00 67944:1.00 68275:1.00 68889:3.00 70162:1.00 71618:1.00 72939:1.00 73875:1.00 73881:2.00 74449:1.00
géolocalis	76208:1.00
géolog	69178:1.00 76210:1.00
géologu	70745:1.00
géomat	68889:5.00
géometr	67390:1.00 68886:1.00 69537:1.00 70426:1.00 72932:1.00 75067:1.00 75794:1.00
géophys	69181:5.00 72398:1.00 73434:1.00
géophysicien	67942:1.00
géoscienc	70745:1.00
géosystem	70745:1.00
géotherm	69818:4.00
géothermal	69818:1.00
géranium	75066:1.00
gérard	67794:6.00 68279:2.00 68638:4.00 72113:1.00 72630:4.00 72634:1.00 72934:1.00 73182:7.00 75790:1.00
gériatr	74746:1.00
gérontechnolog	68277:1.00
gérontolog	74746:1.00
gên	73688:1.00
gödel	72932:1.00
h	67941:1.00 68640:1.00 69541:2.00 71843:1.00 72932:2.00 72933:1.00 74176:2.00
habeat	67555:6.00
habit	67794:1.00 68389:1.00 70169:1.00 71621:2.00 73684:1.00 76213:1.00
habitacl	76508:1.00
habitat	68389:1.00 69818:1.00 75466:1.00
habitent	73432:2.00
habitu	68643:1.00 70421:1.00 71614:1.00
habitud	67794:1.00 68276:1.00 70161:1.00 72634:1.00 76213:1.00
habituel	68887:1.00 69177:1.00
habl	68276:1.00
hai	75797:1.00
haid	71615:4.00
hainaut	72635:1.00
halein	68881:1.00 72634:1.00
hall	71842:1.00
hallucin	73432:1.00
hamac	74746:1.00
hambourg	67797:1.00 67944:3.00
hamm	68274:1.00
han	72635:1.00
handicap	67799:1.00 67801:1.00 67940:3.00 67941:1.00 72629:2.00 73190:3.00
hard	71359:1.00
hardwar	71359:2.00 71614:1.00
harmattan	72937:1.00
harmonis	68279:1.00
hart	74451:1.00
has	71841:1.00
hasard	67802:1.00 71612:1.00 72393:1.00 72631:1.00
haumont	74752:4.00
hauss	68389:1.00 69533:1.00 73434:1.00 73876:1.00
haut	67553:2.00 67795:1.00 67796:2.00 67937:1.00 68275:2.00 68277:1.00 68279:1.00 68383:1.00 68391:1.00 68638:3.00 68642:2.00 68644:1.00 68645:1.00 68885:2.00 68886:1.00 68888:1.00 69177:3.00 69178:1.00 69179:1.00 69811:1.00 69817:2.00 69820:1.00 69821:1.00 70420:2.00 70424:1.00 70426:2.00 70743:2.00 70914:5.00 70918:3.00 71358:1.00 71362:1.00 71614:1.00 71836:5.00 71838:1.00 71839:1.00 71841:1.00 72113:1.00 72114:1.00 72392:1.00 72398:1.00 72633:1.00 72635:1.00 72932:3.00 72933:1.00 72934:4.00 72935:1.00 72936:1.00 72939:1.00 73184:1.00 73431:1.00 73435:1.00 73684:4.00 73686:4.00 73688:1.00 74451:2.00 74452:2.00 74456:1.00 75066:2.00 75067:2.00 75464:1.00 75794:1.00 75796:4.00 76210:2.00
hauteur	67387:1.00 67557:1.00 69181:1.00 71358:1.00 73434:1.00 74749:1.00
head	68386:1.00 71838:1.00
health	68387:1.00
hec	72114:1.00
hectar	67391:3.00 68279:1.00 71842:2.00 73684:3.00 74169:1.00 75458:1.00
hectolitr	73684:3.00
heh	70918:1.00
hel	69183:1.00 72630:1.00 75458:1.00
henr	68276:1.00 71835:3.00 72630:2.00 72932:3.00
heptanon	71843:4.00
heracl	74169:1.00
herb	75458:1.00
herbac	68389:1.00
herbicid	67800:1.00
herbrand	72932:1.00
hercul	67941:8.00
heritag	69534:1.00
hermes	76513:1.00
hermet	68273:1.00
hertz	70744:1.00
hertzien	76507:1.00
herv	70166:5.00 72936:1.00 72938:1.00
heur	67385:1.00 67388:1.00 67558:1.00 67801:1.00 67940:1.00 67942:1.00 68640:4.00 68881:1.00 69177:1.00 69541:2.00 69811:1.00 70423:1.00 70425:1.00 70916:1.00 71614:1.00 71835:1.00 72115:1.00 72394:1.00 72397:1.00 72932:1.00 73184:1.00 73187:1.00 73430:1.00 73689:1.00 73877:1.00 74170:3.00 74449:1.00 74450:2.00 74745:2.00 75460:1.00 75789:2.00 75792:3.00 76212:1.00 76508:1.00 76510:2.00
heureux	67937:1.00 72932:1.00 76511:1.00
heurt	72392:1.00
hewlet	73876:1.00
hexagon	71362:3.00 74167:1.00 74749:1.00
hexagonal	68390:1.00 73185:1.00
hi	73182:1.00
hifu	73435:1.00
high	70420:1.00 70751:1.00 73182:1.00 75796:1.00
hind	67939:1.00
hipercom	67386:1.00
hippocamp	67389:3.00
histoir	67071:1.00 67795:1.00 68276:1.00 69821:5.00 70161:1.00 70422:1.00 70753:1.00 70914:1.00 71835:1.00 72396:1.00 72630:2.00 72631:1.00 72634:1.00 73182:1.00 73432:1.00 73683:1.00 73875:1.00 74745:1.00 75788:3.00 76507:1.00
histol	68885:1.00
histor	67939:1.00 70917:1.00 71360:1.00 71616:1.00 71835:1.00 71842:1.00 72939:1.00 73686:1.00 75063:1.00 76507:1.00
hiv	73684:1.00
hiérarch	76210:1.00
hiérarchis	70915:1.00
hoffmann	67937:19.00
holland	68274:4.00 68640:1.00 71361:1.00 72936:2.00
holothur	71621:4.00
homm	67794:3.00 67798:1.00 67937:6.00 67941:1.00 68283:3.00 68387:1.00 69819:1.00 70429:1.00 70745:4.00 71357:1.00 71835:2.00 71837:1.00 71842:2.00 71843:1.00 72115:1.00 72116:1.00 72631:4.00 72636:1.00 72937:2.00 72939:1.00 72940:1.00 73182:1.00 73185:1.00 73430:1.00 73684:2.00 73685:1.00 73879:1.00 74449:1.00 74454:2.00 74749:1.00 74752:1.00 75063:1.00 75458:5.00 75460:1.00 75791:1.00 76213:2.00 76508:1.00 76511:1.00
hommag	69542:1.00 73430:1.00
homo	73431:2.00
homogen	68275:1.00 75067:1.00
homogénéis	68882:1.00
homolog	68643:4.00 71616:1.00
homologu	69814:1.00 70746:1.00 71618:1.00 72113:1.00 72119:1.00
homéopath	67388:1.00
hong	72396:1.00
hongr	68642:1.00
honneur	67946:1.00 69542:1.00 72393:2.00 72933:1.00 73182:1.00
honor	67068:1.00
honorair	72113:4.00 76213:1.00
hopli	68388:2.00
hopp	68391:1.00
hor	67937:1.00 72934:1.00 74449:1.00 74450:1.00
horair	71836:1.00 72932:1.00
horizon	67071:1.00 67941:1.00 67942:1.00 69533:1.00 69535:1.00 69538:1.00 69811:1.00 70161:1.00 70916:1.00 71357:6.00 71615:1.00 71617:3.00 72114:1.00 72396:1.00 73430:1.00 73685:1.00 73878:1.00 74169:1.00 74746:1.00 74749:1.00 75463:1.00 75789:1.00 76209:1.00
horizontal	70744:1.00
horloger	74455:1.00
horm	70421:1.00 72635:1.00
hormon	67390:1.00 67802:3.00
horowitz	70915:1.00
hospitali	67801:1.00 67940:3.00 68277:1.00 68387:3.00 68646:1.00 74749:1.00
hospitalis	75063:1.00 75069:1.00
hostil	75458:1.00
houl	70743:2.00
houlli	71357:3.00
howard	67389:1.00
hp	68277:1.00 73876:1.00 74746:1.00 76508:1.00
hpc	70914:1.00 75796:3.00
hpv	72935:12.00
htm	70915:1.00
http	67802:1.00 70914:2.00 70915:1.00 75071:1.00
hubbl	70424:1.00
hubert	69178:1.00
hugo	73185:9.00
hugu	67389:1.00
huil	67391:10.00 67555:2.00 67558:1.00 68387:1.00 70920:1.00 74457:7.00 74749:2.00 76516:4.00
huili	70166:5.00
huit	69811:1.00 69816:1.00 70916:2.00 72121:1.00
huitiem	68383:1.00
humain	67068:3.00 67386:1.00 67794:3.00 67802:6.00 67937:1.00 67938:2.00 67942:1.00 68384:1.00 68386:1.00 68882:1.00 69533:1.00 69534:1.00 69538:1.00 69812:1.00 69813:1.00 69815:2.00 70165:1.00 70421:3.00 70429:1.00 70744:1.00 71359:4.00 71361:2.00 71366:1.00 71619:1.00 72113:1.00 72116:1.00 72394:1.00 72935:1.00 72939:7.00 73183:1.00 73184:1.00 73185:2.00 73431:1.00 73432:3.00 73433:1.00 73683:2.00 73875:1.00 73878:2.00 73879:1.00 74452:1.00 74454:1.00 74745:1.00 74748:1.00 75063:5.00 75064:1.00 75458:1.00 76507:1.00 76509:1.00 76515:2.00
human	67071:1.00 67794:2.00 68275:1.00 68276:1.00 68882:1.00 72398:1.00 74168:1.00 74746:1.00
humanoïd	72633:1.00 75063:2.00
humbl	69821:1.00 70161:1.00
humboldt	67389:1.00
humeur	69184:1.00 73435:1.00
humid	67939:1.00 69182:1.00 69537:1.00 70916:1.00 71836:1.00 73880:2.00 75458:1.00
humour	67068:1.00 67937:1.00 67938:1.00 72394:1.00 73182:1.00 73430:1.00 73683:1.00 74749:1.00 74752:1.00 76511:1.00
hybr	75066:1.00
hybrid	69814:1.00 70423:1.00 73879:1.00 73884:1.00
hyderabad	71835:1.00
hydraul	71363:6.00 72940:1.00
hydrav	69542:6.00
hydravi	69542:1.00
hydravion	69542:4.00
hydriqu	68387:1.00 69182:2.00 69537:1.00
hydro	69542:2.00 71363:1.00
hydrocarbur	68385:1.00 69811:1.00
hydrodynam	69537:1.00 69542:1.00 70743:1.00 76208:1.00
hydrogen	68385:1.00 68884:8.00 74168:4.00 74174:5.00
hydrograph	67944:6.00
hydrolien	71363:1.00
hydrolog	67939:2.00 69533:1.00
hydrométallurg	75792:5.00
hydrométéorolog	67939:1.00 70916:3.00
hydrophil	75462:1.00
hydrophob	75459:1.00 75462:1.00
hydroxy	67558:3.00
hyen	73684:1.00
hymex	70916:6.00
hyp	73684:1.00
hypertens	75458:1.00
hypophysair	68887:1.00
hypostyl	69535:1.00
hypothalamus	72631:2.00
hypothes	69533:2.00 71843:1.00 72631:1.00 73877:1.00 74173:1.00 75463:1.00
hypothet	68638:1.00
héberg	67799:1.00 68278:1.00 68384:1.00 68385:1.00 71359:1.00 73685:1.00 74449:1.00 74452:1.00 75461:1.00 76208:1.00
hédon	74449:1.00 75069:1.00
hélen	73431:5.00
hélic	68644:1.00
hélicopter	68393:5.00 69542:1.00
hélio	67392:3.00
héliobiotec	68385:4.00
hélion	68884:1.00
hélios	69177:1.00 71836:3.00
héliosynchron	67939:1.00 67942:1.00 71836:1.00
hélium	74167:1.00 74168:5.00
hémangiom	72117:7.00
hémato	73184:1.00
hématolog	74455:1.00
hématopoïes	69184:1.00
hémorrag	67801:1.00 69813:1.00
hépat	68387:1.00
hépatit	69815:1.00
hépatocellulair	75065:4.00
hérault	69537:1.00
héraut	72933:1.00
héros	71835:1.00
hésit	67938:1.00 68273:1.00 70422:1.00 71835:1.00 72394:1.00 72939:1.00 73877:1.00 74745:1.00 75458:1.00
hésitent	69534:1.00 71612:1.00
hêtr	69816:1.00
hôpital	67556:1.00 67801:1.00 67940:5.00 68277:2.00 68384:1.00 69184:2.00 70746:1.00 71614:1.00 71841:2.00 73431:1.00 73875:2.00 74454:3.00 74746:2.00 74749:1.00 76507:7.00 76508:5.00
hôt	71618:1.00 71837:1.00
hôtel	68277:1.00 75063:1.00
hôteller	68383:1.00
i	68642:1.00 68881:1.00 69541:1.00 71357:1.00 72400:6.00 72935:2.00 75466:4.00
iar	72634:1.00
iasi	69177:2.00
iasp	68384:1.00
ibitec	67390:1.00 72115:1.00
ibm	74452:1.00
ic	67945:1.00 70916:2.00
ican	72934:2.00 73190:1.00
iccc	72393:4.00
iceberg	69811:1.00
ici	67068:1.00 67387:1.00 67794:3.00 67795:2.00 68279:1.00 68383:1.00 68638:1.00 68881:2.00 68885:1.00 69178:1.00 69181:1.00 69182:1.00 69533:1.00 69539:1.00 69816:2.00 69817:1.00 70422:1.00 70745:1.00 70748:1.00 70920:1.00 70921:1.00 70923:1.00 71357:2.00 71362:1.00 71614:1.00 71842:1.00 72114:1.00 72392:1.00 72394:1.00 72933:1.00 73430:1.00 73684:2.00 74451:4.00 75063:2.00 75069:1.00 75463:1.00 75789:1.00 75795:1.00 76211:1.00
icmmo	69183:1.00
icmp	72932:1.00
icmub	72634:1.00
icos	71838:1.00
icv	74169:1.00
id	69819:1.00
ide	73876:1.00
idef	73876:1.00
ident	67388:1.00 67389:1.00 67795:1.00 68389:1.00 68885:1.00 69540:1.00 70161:3.00 72392:1.00 73877:1.00
identif	67391:2.00 68882:1.00 71836:1.00 72633:3.00 74453:1.00 76208:1.00
identifi	67071:1.00 67391:2.00 67553:2.00 67555:1.00 67556:2.00 67795:1.00 67937:3.00 68279:2.00 68643:1.00 68882:2.00 69182:1.00 69539:2.00 69812:1.00 70164:1.00 70745:1.00 70915:1.00 70919:3.00 71837:1.00 71840:1.00 72115:1.00 72395:1.00 72637:1.00 73432:3.00 73884:1.00 74449:2.00 74746:1.00 76206:1.00 76209:1.00 76212:1.00
idest	68392:2.00
idinvest	72935:1.00 73686:1.00
idiopath	68646:1.00
idriss	74452:1.00
idé	67068:2.00 67383:3.00 67553:1.00 67554:1.00 67801:1.00 68274:5.00 68638:3.00 68642:1.00 68644:2.00 68881:2.00 69537:1.00 69821:1.00 70421:2.00 70423:1.00 70424:2.00 70744:1.00 70921:2.00 71363:1.00 71614:1.00 71621:2.00 71842:1.00 72113:1.00 72115:1.00 72395:3.00 72634:2.00 72932:1.00 72933:2.00 72939:1.00 73184:2.00 73185:1.00 73430:1.00 73431:1.00 73683:1.00 73685:1.00 73876:1.00 73877:1.00 74167:3.00 74169:1.00 74172:1.00 74174:1.00 74455:1.00 74750:1.00 74752:1.00 75063:1.00 75065:1.00 75068:3.00 75458:1.00 75459:1.00 75461:1.00 75792:1.00 75793:4.00 76206:1.00 76508:2.00
idéal	70421:1.00 71836:1.00 72633:1.00 72940:2.00 73879:1.00 74169:1.00 75789:3.00 76206:1.00
idéalis	75463:1.00
ieh	75792:7.00
ien	69535:1.00
iesf	71358:1.00
ifcam	69180:2.00
ifce	71357:2.00
ifm	70751:1.00
ifma	73687:1.00
ifrem	67071:1.00 67385:1.00 68883:5.00 73433:3.00 74170:2.00 75460:2.00
ifris	71620:1.00
ifsttar	67071:1.00
ift	68279:1.00 72399:2.00
ifv	76512:1.00
igf	74453:1.00
igm	70919:3.00
ign	68275:1.00
ignor	73432:2.00 74455:1.00 74749:1.00
ignoron	73432:1.00
igpsc	72937:3.00
ihe	72932:2.00
ii	68275:1.00 70916:1.00 72935:1.00 73183:2.00 75065:2.00 75464:1.00
iii	69180:1.00 69819:1.00 71616:1.00 71839:1.00 72117:1.00 75065:5.00
iil	67794:1.00
iir	72393:1.00
iisb	69814:1.00
ijcci	67945:1.00
ile	67553:1.00 67795:1.00 68277:1.00 68638:1.00 68885:1.00 70422:1.00 71358:1.00 71360:1.00 71621:2.00 73186:1.00 73190:1.00 74172:7.00 74744:1.00 74749:1.00 75071:3.00 76207:1.00
illumin	69539:3.00
illus	70744:2.00
illusoir	70744:1.00
illustr	68276:2.00 70161:1.00 70753:1.00 71835:2.00 72113:1.00 72396:1.00 72937:1.00 72940:1.00 73184:1.00 73877:1.00 74175:1.00 76507:1.00 76511:1.00
illégal	69811:1.00
ilm	72397:1.00
ilsa	74455:10.00
imag	67068:5.00 67554:1.00 67796:3.00 67945:1.00 68390:2.00 68391:3.00 68641:1.00 68886:2.00 69177:3.00 69182:1.00 69537:6.00 69540:1.00 69811:1.00 69816:1.00 69819:2.00 70420:1.00 70423:1.00 70424:3.00 71357:1.00 71612:2.00 71836:7.00 72629:2.00 72932:1.00 73189:2.00 73431:2.00 73879:1.00 74168:1.00 74450:1.00 74451:1.00 74749:1.00 74752:1.00 75063:2.00 75458:1.00 76508:1.00
imager	67068:1.00 67391:1.00 67796:2.00 68275:2.00 68391:1.00 69182:1.00 69186:1.00 69819:2.00 73189:2.00 73431:5.00 73877:1.00 74451:2.00 75067:1.00 76515:2.00
imageur	67068:1.00 67554:5.00 67939:1.00 70163:5.00 70424:2.00
imagin	67556:1.00 68391:1.00 68639:1.00 69819:1.00 69821:1.00 70170:1.00 70420:1.00 70421:2.00 70424:1.00 70919:1.00 70921:1.00 71359:2.00 71837:1.00 71842:1.00 72119:1.00 72394:1.00 72634:1.00 72636:1.00 72933:1.00 72934:1.00 73432:1.00 73434:1.00 73875:1.00 73876:2.00 73879:1.00 74167:1.00 74455:1.00 74744:1.00 75063:2.00 75069:1.00 75459:1.00 75466:1.00 75789:1.00 76507:1.00
imaginov	71359:1.00
imarin	76209:1.00
imitent	73879:1.00
immanqu	74752:1.00
immens	67937:1.00 68273:1.00 68887:1.00 69184:1.00 69821:1.00 70421:1.00 71359:1.00 71835:1.00 71842:1.00 73433:1.00 73875:2.00 73878:1.00 74168:1.00 74172:1.00 74752:1.00 75458:1.00
immerg	70421:1.00 74457:1.00 74750:1.00 75064:1.00
immers	70162:1.00 70421:1.00 72939:1.00 74750:2.00
immi	71614:1.00
imminent	74170:1.00
immiscent	73183:1.00
immobili	68277:1.00
immobilis	69540:1.00 71840:2.00 76510:2.00
immortalis	67802:2.00
immun	67937:7.00 69184:1.00 71837:1.00
immunitair	67937:5.00 68388:1.00 68887:1.00 70919:3.00 72935:1.00
immuno	74455:1.00
immunochim	67388:1.00
immunodéficient	67802:1.00
immunodépress	73686:1.00
immunoglobulin	70919:1.00
immunolog	67937:3.00 68645:1.00 75465:1.00
immunosuppresseur	73686:1.00
immunothérap	73691:1.00 75465:1.00
immédiat	68281:1.00 69181:1.00 69540:1.00 70163:1.00 76510:1.00
impact	67071:1.00 67388:2.00 67557:1.00 67561:1.00 67794:1.00 67803:3.00 68645:4.00 68885:1.00 69816:1.00 70745:1.00 70915:1.00 71845:1.00 72116:1.00 72939:1.00 73183:2.00 73185:1.00 73688:1.00 73882:1.00 74171:1.00 74449:1.00 74744:1.00 74745:1.00 74746:1.00 75069:1.00 75460:1.00 75463:5.00 75795:1.00 76208:1.00
impart	67386:1.00
impatient	68638:1.00 69177:1.00 74169:1.00
imper	67068:1.00 67071:1.00 67794:1.00 69534:1.00 73683:1.00
imperfect	68391:1.00 70916:1.00
impermé	72397:1.00
imperturb	67798:1.00
implant	67385:1.00 68274:1.00 68276:1.00 68279:1.00 68885:2.00 68889:1.00 70162:1.00 70166:1.00 70426:1.00 70743:1.00 71614:1.00 71616:1.00 71840:3.00 71842:1.00 72396:1.00 72634:1.00 72933:1.00 73434:1.00 73684:2.00 73875:2.00 74167:1.00 74454:6.00 74745:1.00 75067:1.00
implantolog	71616:2.00
impliqu	67389:3.00 67390:1.00 67555:1.00 67556:2.00 67557:1.00 67798:1.00 67937:1.00 67939:3.00 67945:1.00 68279:1.00 68383:1.00 68387:1.00 68390:1.00 68638:1.00 68642:1.00 68645:1.00 68885:2.00 69181:1.00 69533:1.00 69534:1.00 69539:1.00 69812:1.00 69813:1.00 69814:1.00 69817:1.00 70161:1.00 70164:1.00 70420:3.00 70424:1.00 70745:1.00 70749:2.00 70914:1.00 71357:1.00 71358:2.00 71359:4.00 71361:1.00 71835:1.00 72114:1.00 72116:1.00 72121:1.00 72392:1.00 72394:1.00 72630:1.00 72631:1.00 72932:1.00 72937:1.00 73182:1.00 73184:3.00 73186:1.00 73434:1.00 73683:1.00 73880:1.00 74168:1.00 74169:1.00 74174:1.00 74450:1.00 74453:1.00 74455:2.00 74746:1.00 74749:1.00 74750:1.00 75069:3.00 75458:3.00 75459:2.00 75463:1.00 75790:1.00 75792:2.00 75793:1.00 76207:1.00 76213:1.00 76507:2.00 76511:5.00 76512:1.00
impliquent	74172:1.00
impos	67561:1.00 69535:1.00 70914:1.00 70918:1.00 72629:1.00 74167:1.00 74450:1.00
impossibil	69185:1.00 75794:1.00
impossibl	70744:2.00 72934:1.00 73684:1.00 75794:1.00
impress	70744:1.00 71835:1.00 72114:3.00 73431:1.00 75066:1.00 75795:1.00
impression	72934:1.00 73183:1.00
imprim	70167:1.00 70423:1.00 72113:1.00 72114:3.00 73431:4.00 76513:1.00
impropr	75460:1.00
impuls	68638:1.00 68885:1.00 72934:2.00 75068:1.00
imput	67388:1.00
impôt	68383:1.00 74749:1.00
imt	73430:2.00
in	67385:1.00 67389:1.00 67557:1.00 68277:1.00 68383:1.00 68388:1.00 68645:1.00 69534:1.00 70420:1.00 71615:1.00 71837:1.00 73184:1.00 73190:1.00 73877:1.00 74168:1.00 74455:1.00 75064:1.00 75795:5.00
ina	67795:1.00
inaccessibl	70425:1.00 74168:1.00
inattendu	67937:1.00 69184:3.00
inattendus	73683:1.00
inaugur	68277:1.00 68278:1.00 68385:1.00 68393:1.00 68639:3.00 68884:1.00 69178:1.00 69535:1.00 69817:1.00 70420:2.00 70751:4.00 70914:1.00 70921:2.00 71619:1.00 73433:3.00 73875:1.00 74746:1.00 74751:1.00 76514:1.00 76516:1.00
inaugural	70165:4.00 73182:1.00
inc	71614:2.00
inca	71615:1.00
incap	67556:1.00 72630:1.00
incapac	67794:1.00 67941:1.00
incend	67945:1.00 68274:1.00 68283:1.00
incertain	69816:1.00 75458:1.00
incertitud	69816:3.00 70429:1.00
incess	75458:1.00
incident	67068:1.00 69539:2.00 70165:1.00 70915:1.00 73184:1.00 75065:1.00
incis	74750:1.00
incit	68383:1.00 74457:1.00
incitent	68387:1.00
inclass	71835:1.00
inclin	67939:1.00
inclinaison	67939:1.00
inclu	67554:1.00 69533:1.00 70918:1.00
incluent	68881:1.00
inclus	70746:1.00
incognit	76209:1.00
incompressibl	71835:1.00
incompréhensibl	71835:1.00
incongru	67938:3.00
inconnu	67556:1.00
inconnus	72932:4.00
inconscient	72631:1.00
incontest	68275:1.00 69815:1.00 73875:1.00
incontourn	68392:1.00 69814:1.00 70915:1.00 73187:1.00 74452:1.00 74748:1.00 75797:1.00 76514:1.00
incontrôl	74173:1.00
inconvénient	70162:1.00 70916:1.00
incorpor	67390:1.00 69183:1.00 72634:1.00
increased	73184:1.00
incub	71614:1.00 73685:1.00 73878:3.00 73879:1.00 75461:2.00 76207:1.00 76211:1.00
incuballi	76207:1.00
inde	67553:1.00 67939:4.00 67942:1.00 69177:1.00 69180:2.00 72393:7.00 72396:1.00 72630:1.00 74168:1.00 75064:1.00
independent	72113:1.00
index	69537:2.00
indian	67939:1.00 69180:3.00
indic	69537:1.00 75458:1.00
indien	67939:6.00 68388:1.00 69177:1.00 69180:3.00 69811:1.00 71615:2.00 72393:2.00 73434:1.00 73683:1.00
indifférent	69540:1.00 72396:1.00
indigo	71366:1.00 72630:1.00
indiqu	67068:1.00 67386:1.00 67388:1.00 67799:1.00 67801:1.00 67938:1.00 68273:2.00 68274:1.00 68279:2.00 68387:1.00 68638:1.00 68881:1.00 68885:1.00 68886:1.00 68887:1.00 69177:1.00 69534:1.00 69537:1.00 69813:1.00 69816:1.00 70162:1.00 70164:1.00 70166:1.00 70420:1.00 70421:2.00 70422:1.00 70745:1.00 70749:1.00 70915:1.00 70916:2.00 70923:1.00 71357:1.00 71359:2.00 71361:1.00 71614:1.00 71835:1.00 71836:1.00 71842:1.00 72113:1.00 72116:1.00 72396:1.00 72630:1.00 73182:1.00 73183:1.00 73185:1.00 73432:1.00 73434:1.00 73683:1.00 73876:1.00 74167:1.00 74449:2.00 74455:1.00 74746:1.00 74749:1.00 75064:1.00 75065:1.00 75070:1.00 75457:1.00 75458:1.00 75459:1.00 75788:2.00 75789:1.00 75793:1.00 76206:1.00 76213:1.00 76507:1.00 76508:1.00 76509:1.00
indiquent	69816:1.00 73685:1.00
indirect	72401:1.00 74748:1.00
indispens	67383:1.00 67795:2.00 68274:1.00 68645:1.00 69183:1.00 69534:1.00 70161:2.00 70914:1.00 71842:1.00 72396:1.00 73685:1.00 73879:1.00 74167:1.00 74451:1.00 74745:2.00 75064:1.00 75792:3.00 75795:1.00
indium	71839:2.00 72114:2.00
individu	67389:2.00 67794:1.00 68281:1.00 69815:1.00
individuel	67553:1.00 69539:1.00 69816:1.00 69818:1.00 70922:1.00 71357:1.00 74451:1.00 75465:1.00 76515:1.00
individus	67071:1.00 67387:1.00 67938:2.00 73432:1.00 73877:1.00
indo	69180:1.00
indre	72933:1.00
induced	73184:1.00
induis	68388:1.00 70746:1.00
induisent	67942:1.00 72631:1.00
induit	67798:1.00 68388:2.00 68646:1.00 70420:1.00 70429:1.00 70744:1.00 72935:1.00
indusriel	67557:1.00
industr	67068:1.00 67388:2.00 67553:1.00 67554:1.00 67558:1.00 67795:1.00 68273:2.00 68280:1.00 68383:1.00 68387:1.00 68882:5.00 68885:1.00 69535:4.00 69543:5.00 69819:1.00 69820:2.00 70161:1.00 70165:1.00 70167:1.00 70168:1.00 70746:1.00 70914:1.00 71358:6.00 71360:1.00 71361:2.00 71619:1.00 71840:1.00 72115:1.00 72118:1.00 72121:3.00 72122:1.00 72392:3.00 72394:6.00 72396:1.00 72399:1.00 72400:3.00 72629:4.00 72634:1.00 72933:3.00 72936:1.00 72938:1.00 73182:8.00 73190:1.00 73430:1.00 73685:1.00 73690:3.00 73691:1.00 73875:1.00 73877:1.00 73879:2.00 73882:1.00 73883:1.00 73884:1.00 74167:1.00 74172:1.00 74449:1.00 74450:2.00 74451:1.00 74457:1.00 74748:1.00 74750:1.00 75071:1.00 75461:1.00 75464:1.00 75466:1.00 75792:1.00 75795:3.00 76210:1.00
industrial	74450:1.00
industrialis	67554:2.00 67940:1.00 68276:1.00 69181:1.00 70920:1.00 72114:1.00 72392:3.00 73182:1.00 73187:2.00 73882:1.00 74450:1.00 75065:1.00 76210:1.00 76508:1.00
indéni	68390:1.00
indépend	67553:1.00 68886:1.00 71840:1.00 72113:3.00 73875:1.00 74449:1.00 75791:2.00 76208:1.00
indésir	74453:1.00
ine	70745:1.00 70915:1.00 70916:2.00 72114:1.00
ined	68280:3.00 73689:3.00 74450:1.00
inefficac	75065:1.00
iner	68645:2.00 75463:1.00
inert	71836:1.00
inertiel	67941:1.00 76208:1.00
inexplic	70424:1.00
infantil	72117:4.00
infarctus	68387:5.00
infatig	76511:1.00
infect	67937:2.00 68388:2.00 69813:1.00 70746:1.00 71612:1.00 72935:7.00 74173:1.00 75067:1.00
infecti	68387:1.00 73431:1.00 73686:2.00
infectiolog	68384:2.00
infernal	73877:1.00
infest	72632:1.00
infim	67388:1.00 69539:1.00 70161:1.00 70425:1.00
infin	68391:1.00
infirmi	68881:1.00 76509:1.00
inflamm	68388:2.00
inflammatoir	69815:2.00 73432:1.00 75459:2.00 76511:1.00
influ	67390:1.00 74168:1.00 76213:1.00
influenc	67387:1.00 67388:1.00 67555:1.00 69812:1.00 69815:1.00 72116:1.00 72629:1.00 76210:1.00
infograph	73437:5.00
inform	67068:1.00 67386:1.00 67554:1.00 67561:1.00 67803:1.00 67945:1.00 68275:1.00 68276:1.00 68283:1.00 68391:2.00 68642:1.00 68887:1.00 69534:1.00 69536:1.00 69537:1.00 69540:4.00 69816:1.00 70162:5.00 70166:1.00 70168:1.00 70423:1.00 71359:3.00 71614:1.00 72122:1.00 72400:1.00 72637:1.00 72940:1.00 73182:1.00 73190:1.00 73431:1.00 73880:1.00 74167:3.00 74449:1.00 74452:1.00 74744:1.00 74746:1.00 74747:1.00 75071:1.00 75788:1.00 75790:1.00 75791:1.00 76206:1.00 76514:1.00
informat	67383:1.00 68889:1.00 69182:1.00 69540:3.00 70168:1.00 70421:1.00 70914:1.00 72633:1.00 72932:1.00 73182:3.00 73190:1.00 73431:3.00 74452:4.00 74453:3.00 74751:1.00 75063:4.00 75071:4.00 76207:4.00 76507:1.00
informaticien	73431:1.00 76509:1.00
informationnel	69535:1.00 72637:1.00
infra	67939:1.00
infrared	71839:1.00
infraroug	67392:3.00 67796:6.00 69186:1.00 69537:1.00 70163:2.00 70420:1.00 70424:2.00 71836:1.00 71839:7.00 76512:1.00
infrastructur	69181:5.00 69812:1.00 70165:1.00 70914:1.00 71617:2.00 71838:1.00 73683:1.00 73875:3.00 74450:2.00 74456:1.00 75789:1.00 76208:1.00 76510:3.00
inférieur	67556:1.00 69819:1.00 70167:1.00 72635:1.00 73436:1.00 74451:1.00 74747:1.00 75791:1.00
inga	71839:1.00
ingenieros	74450:1.00
inger	67385:1.00
ingrédient	68280:1.00 68882:2.00 71360:1.00 71845:3.00 72634:1.00 74167:1.00 75462:2.00 76210:1.00 76511:1.00 76516:1.00
ingéner	71612:1.00
ingénier	67945:2.00 68384:2.00 68390:1.00 68639:1.00 68644:1.00 69819:1.00 70161:1.00 71362:2.00 71366:1.00 71620:2.00 72629:1.00 72937:7.00 73436:1.00 73689:3.00 73875:7.00 73876:1.00 74751:3.00 75071:1.00 75791:1.00 76210:1.00 76211:1.00 76212:3.00
ingénieur	67068:1.00 67071:1.00 67554:2.00 67795:5.00 67938:1.00 67939:1.00 67944:1.00 68273:2.00 68276:7.00 68383:3.00 68393:1.00 68645:1.00 68883:2.00 68886:1.00 68888:6.00 69181:1.00 69185:4.00 69541:2.00 70161:16.00 70426:1.00 70743:1.00 70748:2.00 70916:1.00 70923:3.00 71358:2.00 71361:1.00 71362:2.00 71612:2.00 71614:2.00 71615:1.00 72113:2.00 72115:1.00 72394:3.00 72398:1.00 72633:2.00 72634:1.00 72933:1.00 72936:2.00 73185:9.00 73430:7.00 73431:1.00 73434:1.00 73684:1.00 73685:5.00 73689:1.00 73879:1.00 73882:7.00 74170:2.00 74172:1.00 74174:1.00 74450:5.00 74455:1.00 74747:1.00 74749:1.00 74751:1.00 75063:1.00 75064:1.00 75068:1.00 75071:2.00 75457:2.00 76206:2.00 76212:1.00
ingérop	72629:1.00 73875:14.00
inhabituel	76516:1.00
inhib	67800:1.00 73432:1.00
inhibiteur	67937:1.00 75459:2.00
init	69812:1.00
initi	67071:2.00 67387:1.00 67553:2.00 68279:1.00 68392:1.00 68639:1.00 68644:1.00 68881:2.00 69179:2.00 69536:1.00 69815:1.00 69818:1.00 69820:1.00 70161:1.00 70422:2.00 70424:2.00 70428:1.00 70749:1.00 70914:1.00 70919:1.00 70921:1.00 71359:2.00 71619:1.00 72113:1.00 72116:1.00 72117:1.00 72122:1.00 72396:2.00 72634:1.00 73185:1.00 73434:1.00 73436:1.00 73437:1.00 73687:1.00 73876:4.00 74451:1.00 74453:1.00 74745:1.00 74748:1.00 75067:1.00 75457:1.00 75793:1.00 76509:1.00 76511:1.00 76515:1.00
initial	67558:2.00 67939:1.00 68387:1.00 68388:1.00 68883:1.00 68885:1.00 69177:1.00 69815:1.00 70161:1.00 70426:1.00 70922:1.00 71842:1.00 72113:1.00 72392:3.00 72636:1.00 73187:1.00 73437:2.00 73687:1.00 73876:1.00 74167:1.00 74751:1.00 75461:1.00
inject	68884:1.00 69179:1.00 71612:6.00 73184:1.00 73189:1.00 76509:2.00
injustifi	67937:1.00
inlands	73880:1.00
inlass	72630:1.00 74168:1.00
inn	75066:4.00
innobio	71616:1.00 72935:1.00
innocu	76209:1.00
innoecho	72122:1.00
innombr	74750:1.00
innorobo	72122:4.00
innovent	67068:1.00 72933:1.00
inné	67937:6.00
inond	70916:1.00
inoper	76208:1.00
inopl	68279:1.00
inosport	75797:4.00
inoviaflow	70420:1.00
inovsy	68393:2.00
inp	68644:1.00 69178:1.00 71362:8.00 71612:4.00 72121:1.00 72630:1.00 73185:4.00 76512:1.00
inpi	71840:1.00
inpt	75066:1.00
inquiet	73430:1.00
inquiètent	70161:1.00
inquiétud	71835:1.00 75792:2.00
inra	67071:1.00 67385:1.00 67387:1.00 67388:3.00 67555:1.00 67558:1.00 67794:2.00 67795:1.00 67799:1.00 67800:1.00 68384:6.00 68389:2.00 68882:3.00 68885:2.00 69182:2.00 69534:3.00 69537:2.00 69538:1.00 69812:3.00 69815:2.00 69816:1.00 69817:2.00 70420:6.00 70428:1.00 70746:1.00 70749:1.00 71357:4.00 71360:1.00 71618:1.00 71837:5.00 71842:1.00 72121:1.00 72396:1.00 72630:1.00 72632:1.00 73432:5.00 73690:1.00 74169:1.00 75069:2.00 75790:2.00 75793:1.00 76213:1.00
inri	67385:3.00 67386:4.00 69180:1.00 69819:1.00 70914:2.00 74452:1.00 74744:1.00 76207:2.00
insa	68390:1.00 71614:2.00 71616:1.00 72121:1.00 76210:1.00
insatisfait	67799:1.00
insatur	72116:1.00
insb	71839:1.00
inscript	67795:1.00 74747:1.00 75071:1.00
inscrir	69540:2.00 71357:1.00 73435:1.00
inscrit	67561:1.00 67798:1.00 68279:1.00 68882:1.00 69177:1.00 69541:1.00 70161:1.00 70914:1.00 70916:1.00 70920:1.00 71362:1.00 72118:1.00 72392:1.00 72396:1.00 72936:1.00 73876:1.00 74449:1.00 74455:1.00 74747:1.00 75457:1.00 76511:2.00
inscriv	71357:1.00
inscrivent	72116:1.00
insect	67937:9.00 68387:1.00 71618:1.00 71843:1.00 76213:1.00
insecticid	67937:1.00
insensibl	69540:1.00 71836:1.00
inser	74450:1.00 74454:1.00
inserm	67389:1.00 67556:2.00 67801:2.00 67802:3.00 68386:1.00 68387:1.00 68388:1.00 68887:1.00 69184:1.00 70744:1.00 72631:1.00 73184:1.00 73189:1.00 73878:1.00 74451:1.00 75459:2.00 76515:1.00
insert	67940:1.00 69178:1.00 76513:1.00
insh	72939:1.00
insist	71836:2.00
insolubl	67558:1.00 68280:1.00
insomn	72932:1.00
insoupçon	67388:1.00
inspect	69539:1.00 70165:1.00
inspecteur	73182:1.00
inspir	68888:1.00 70161:1.00 70425:2.00 70747:2.00 71366:1.00 71621:1.00 72397:1.00 73876:1.00 76210:1.00
instabl	68882:1.00 76511:1.00
install	67795:4.00 67797:1.00 67798:1.00 67799:1.00 68274:2.00 68277:2.00 68278:3.00 68384:1.00 68385:1.00 68387:1.00 68638:2.00 68643:1.00 68881:1.00 68883:1.00 68884:2.00 69178:1.00 69535:1.00 69821:1.00 70421:1.00 70422:2.00 70743:1.00 70746:1.00 70915:2.00 70916:2.00 71358:1.00 71362:1.00 71614:1.00 72114:1.00 72392:8.00 72396:1.00 72630:1.00 72634:1.00 72932:1.00 72933:1.00 73185:1.00 73186:2.00 73430:1.00 73432:1.00 73684:1.00 73687:1.00 73875:2.00 73876:1.00 73879:1.00 74168:3.00 74746:2.00 75064:3.00 75066:1.00 75458:1.00 75461:1.00 75463:1.00 75789:2.00 76207:1.00 76513:1.00
instanc	68642:1.00
instant	67389:2.00 70422:1.00 71842:1.00 72115:1.00 72394:1.00
instar	70914:1.00 71617:1.00
instationnair	74745:1.00
instaur	69538:1.00 70745:1.00
insticc	67945:1.00
institu	67553:1.00 68392:1.00 70429:1.00 70920:1.00 73185:1.00 73689:1.00 75795:1.00
institut	67068:3.00 67388:2.00 67389:2.00 67390:1.00 67556:1.00 67561:1.00 67794:1.00 67799:2.00 67802:1.00 67940:2.00 67945:1.00 68273:1.00 68275:1.00 68276:2.00 68277:4.00 68283:1.00 68388:1.00 68391:1.00 68392:3.00 68638:1.00 68641:2.00 68646:1.00 68881:4.00 68885:5.00 68886:1.00 68887:1.00 69178:2.00 69180:4.00 69183:2.00 69186:3.00 69534:1.00 69539:1.00 69814:2.00 69819:2.00 70161:3.00 70167:2.00 70168:1.00 70424:2.00 70425:1.00 70744:1.00 70745:1.00 70747:2.00 70748:1.00 70751:1.00 70753:5.00 70916:2.00 70919:1.00 70922:1.00 71357:1.00 71358:2.00 71360:3.00 71362:3.00 71612:2.00 71614:1.00 71615:1.00 71616:1.00 71620:1.00 71835:3.00 71840:1.00 72115:1.00 72121:3.00 72393:2.00 72396:2.00 72397:2.00 72398:1.00 72399:1.00 72634:1.00 72635:1.00 72932:7.00 72933:1.00 72939:1.00 73183:1.00 73189:1.00 73430:3.00 73436:1.00 73686:1.00 73687:1.00 73688:1.00 73876:1.00 73877:1.00 73881:1.00 73883:2.00 74168:1.00 74169:1.00 74173:1.00 74451:1.00 74452:2.00 74453:2.00 75064:1.00 75065:1.00 75068:1.00 75070:1.00 75458:1.00 75459:1.00 75463:1.00 75792:9.00 75794:1.00 76207:1.00 76208:1.00 76211:4.00 76512:1.00
instituteur	75458:1.00
institutionnalis	72393:1.00
institutionnel	67945:1.00 69812:1.00 70751:1.00 72935:1.00 75461:1.00 75464:1.00
instrument	67068:1.00 67392:1.00 67939:10.00 67946:1.00 68883:1.00 69177:3.00 69181:3.00 69543:1.00 69811:1.00 70163:6.00 70424:3.00 70914:1.00 70916:5.00 70919:3.00 71836:4.00 72119:1.00 73688:1.00 74170:1.00 74171:1.00 74451:7.00 74455:11.00
insu	70916:1.00
insuffis	70425:1.00 73182:1.00
insulair	71621:4.00
insulin	67802:3.00 76509:1.00
insulino	76509:1.00
insurmont	72934:1.00
intact	67068:1.00
integr	67553:3.00 67554:9.00 67797:1.00 67802:1.00 67939:1.00 67945:1.00 68881:1.00 68882:1.00 68884:3.00 68888:1.00 68889:1.00 69181:2.00 69533:1.00 69535:1.00 69813:1.00 69814:1.00 69818:1.00 70161:1.00 70162:3.00 70163:3.00 70167:1.00 70422:1.00 70423:1.00 71358:1.00 71359:1.00 71614:1.00 71836:2.00 71837:1.00 72392:1.00 72632:2.00 72932:1.00 72936:1.00 73183:1.00 73430:1.00 73432:1.00 73434:1.00 73685:2.00 73687:1.00 73876:2.00 73879:1.00 74168:1.00 74174:1.00 74175:1.00 74450:1.00 74747:1.00 74751:2.00 75064:2.00 75069:1.00 75071:1.00 75457:1.00 75458:1.00 75789:1.00 75796:1.00 76206:1.00 76211:1.00 76508:2.00 76509:1.00 76513:1.00
integrated	71614:1.00 71838:1.00
intellectuel	67556:6.00 69812:1.00 71614:1.00
intelligent	67557:1.00 67937:1.00 67940:6.00 67945:7.00 68276:1.00 68883:2.00 70166:3.00 70421:1.00 71359:3.00 71363:1.00 71617:1.00 72400:2.00 73190:1.00 74170:1.00 74456:4.00 75063:2.00 75071:2.00 75458:1.00 76509:1.00
intelligibil	76508:2.00
intemper	68273:1.00 72630:1.00
intens	67944:1.00 68391:1.00 68887:1.00 68888:1.00 69178:1.00 70914:8.00 70916:5.00 72934:1.00 73188:2.00 73435:1.00 73436:1.00 74452:1.00 74744:1.00 75067:1.00 76213:2.00
intensif	69533:1.00 70917:1.00
intensifi	71618:1.00 73877:1.00
intent	68881:1.00 73684:1.00 76209:1.00
inter	67392:1.00 69814:1.00 70420:1.00 70745:1.00 71612:1.00
interact	67795:1.00 68279:1.00 68390:1.00 69534:1.00 69539:1.00 69817:1.00 70420:3.00 70421:5.00 70747:1.00 70749:2.00 70916:1.00 70922:1.00 70923:1.00 71363:1.00 71837:1.00 72115:1.00 72116:1.00 72119:1.00 72633:1.00 72937:1.00 73183:1.00 73186:1.00 73437:1.00 74168:1.00 74453:1.00 74752:1.00 75788:1.00 75790:3.00
interag	67556:2.00 70421:1.00 70922:1.00 73688:1.00 73879:1.00
interarm	71836:1.00
interconnex	67554:1.00
interdisciplinair	67799:1.00 68275:1.00 68392:1.00 68645:1.00 70916:1.00
interdisciplinar	67071:1.00 73189:1.00
interdit	71357:1.00
interfac	67386:1.00 68882:1.00 68885:2.00 68886:1.00 69819:1.00 70167:1.00 73185:1.00 75063:3.00 75064:2.00 75788:1.00 75790:1.00 75791:1.00
interfer	70746:1.00
interférent	72932:1.00
interférometr	72934:1.00
intergouvernemental	68642:1.00 69533:1.00 70916:1.00
intergénérationnel	75068:1.00
interindividuel	75790:1.00
interlaboratoir	68885:1.00
interlocuteur	68643:1.00 68885:1.00 72113:1.00
interministériel	67798:1.00 67799:1.00 69535:1.00 69818:1.00 70162:1.00 70421:1.00 72634:1.00 73433:1.00 73879:1.00 74169:1.00 74453:1.00 75793:1.00
intermittent	68884:1.00 71363:1.00
intermédiair	67386:1.00 69535:1.00 72397:1.00 74167:1.00 75465:1.00 75794:1.00 76510:1.00
intern	67939:1.00 69181:1.00 71358:1.00 72118:1.00 73685:1.00 73876:1.00 74455:1.00 75792:1.00 76211:1.00
international	67553:2.00 67794:2.00 67795:1.00 67799:1.00 67803:3.00 67937:1.00 67939:1.00 67942:1.00 67943:2.00 67944:3.00 67945:5.00 68273:1.00 68278:4.00 68283:1.00 68384:2.00 68387:3.00 68392:2.00 68638:1.00 68885:1.00 69177:1.00 69179:1.00 69180:4.00 69533:2.00 69542:3.00 69812:1.00 69813:1.00 69820:3.00 70161:1.00 70164:1.00 70170:4.00 70420:1.00 70422:3.00 70748:1.00 70749:1.00 70752:1.00 70914:2.00 70916:3.00 70921:7.00 71358:3.00 71362:1.00 71614:2.00 71619:4.00 71835:1.00 71837:1.00 71840:1.00 72113:2.00 72121:1.00 72122:3.00 72393:3.00 72396:4.00 72400:3.00 72629:2.00 72630:2.00 72932:2.00 72934:1.00 72936:1.00 72938:1.00 73184:1.00 73190:2.00 73431:1.00 73432:1.00 73438:1.00 73684:1.00 73687:2.00 73875:2.00 73878:2.00 73883:3.00 74167:1.00 74168:1.00 74176:1.00 74449:1.00 74745:1.00 75063:1.00 75064:1.00 75065:1.00 75071:1.00 75458:4.00 75466:1.00 75795:2.00 75796:2.00 76207:1.00 76208:1.00 76515:1.00 76516:3.00
internet	67386:1.00 69535:1.00 69821:2.00 71359:1.00 71362:1.00 75063:1.00 76210:1.00
interoper	69181:1.00
interpret	71836:1.00
interprofess	68885:1.00
interprofessionnel	68885:2.00 73877:1.00
interreg	67940:1.00
interrog	67938:1.00 68882:1.00 70161:1.00 70429:1.00 73185:1.00 73430:1.00 73877:1.00 75458:1.00 75459:1.00 76213:1.00
interrogent	67794:1.00 71837:1.00
interrupt	75789:1.00
interrupteur	72635:1.00
interrégional	68279:2.00
intersect	73184:1.00
intersensoriel	75790:1.00
intertropical	67939:1.00
interuniversitair	68644:1.00
intervall	69182:1.00
interven	67386:1.00 67942:1.00 68388:1.00 69541:1.00 69819:1.00 69820:2.00 74167:1.00 74745:1.00 75063:1.00 75465:1.00
intervenon	68643:1.00 72634:1.00
intervent	67392:1.00 67941:1.00 70162:3.00 70421:1.00 72937:1.00 73431:1.00 74454:1.00 75064:1.00 76510:1.00
intervenus	72392:1.00
interviendr	69820:1.00
intervient	73882:1.00
intestin	69815:3.00 70166:1.00 76213:1.00
intestinal	68887:1.00 69184:1.00 69815:3.00 72631:5.00 73432:5.00 76213:1.00
intim	69819:1.00 70914:1.00 73432:1.00
intitul	67392:1.00 67561:1.00 67803:1.00 67804:1.00 67938:1.00 68276:1.00 68283:1.00 68383:1.00 68641:1.00 68882:1.00 69535:2.00 70429:1.00 71357:2.00 71363:1.00 71617:1.00 71620:1.00 71845:1.00 72113:2.00 72401:1.00 72937:1.00 72940:1.00 73184:1.00 74174:1.00 74175:1.00 74176:1.00 74457:1.00 74746:1.00 74748:1.00 74752:1.00 75459:1.00 76213:1.00 76516:1.00
intox	68388:2.00
intra	70420:1.00 73435:1.00 75789:1.00
intracellulair	67389:1.00
intrant	68279:1.00 73877:1.00
intrinsequ	67389:4.00 67561:3.00 73685:1.00 76210:1.00
introduct	67071:2.00 67555:2.00 67794:1.00 69186:3.00 71835:1.00 73876:1.00
introduir	74168:1.00 75064:1.00
introduit	67390:1.00 69183:1.00 69186:1.00 71617:1.00 72632:1.00 72634:1.00 75463:1.00 76207:1.00
intrus	71843:1.00
intuit	68638:1.00
intègrent	69183:1.00
intéress	67068:1.00 67383:1.00 67390:2.00 67553:2.00 67556:1.00 67558:1.00 67800:1.00 67937:2.00 67939:1.00 68273:1.00 68274:2.00 68387:1.00 68389:1.00 68390:1.00 68392:1.00 68638:1.00 68643:2.00 68646:1.00 69178:1.00 69186:1.00 69533:1.00 69812:3.00 69817:1.00 69821:1.00 70165:1.00 70420:1.00 70421:1.00 70428:1.00 70745:2.00 70749:1.00 70916:1.00 71361:1.00 71612:1.00 71617:1.00 71835:1.00 71836:1.00 72113:2.00 72114:1.00 72115:1.00 72116:1.00 72396:3.00 72629:1.00 72630:1.00 72631:2.00 72632:1.00 72932:3.00 72939:1.00 73182:1.00 73183:1.00 73185:2.00 73430:1.00 73431:3.00 73432:1.00 73436:1.00 73876:2.00 73879:2.00 73882:1.00 74167:1.00 74168:1.00 74449:2.00 74450:2.00 74457:1.00 74746:1.00 74749:1.00 74752:2.00 75065:1.00 75066:1.00 75069:3.00 75462:1.00 75466:1.00 75788:2.00 75789:1.00 75790:1.00 75793:1.00 76206:4.00 76210:1.00 76213:1.00 76511:2.00 76516:1.00
intéressent	67553:1.00 67800:1.00 67937:1.00 68387:2.00 70166:1.00 70420:1.00 70745:3.00 72932:1.00 73431:1.00 73876:1.00 75458:1.00 75459:2.00 75793:1.00
intéresson	73876:1.00
intérieur	67387:1.00 67941:1.00 68387:1.00 68881:1.00 69539:6.00 69817:1.00 69819:1.00 70166:1.00 70420:2.00 70421:2.00 70745:1.00 72396:1.00 72932:1.00 73880:1.00 74167:1.00 74168:2.00 75064:1.00 75462:1.00
intérêt	67553:3.00 67555:1.00 67801:1.00 68279:1.00 68386:1.00 68387:3.00 68391:1.00 68882:1.00 68884:1.00 68885:2.00 69183:2.00 69536:1.00 69812:1.00 70420:1.00 70421:2.00 70745:1.00 71360:1.00 71618:1.00 71621:1.00 71845:2.00 72116:1.00 72117:1.00 72392:1.00 72397:1.00 72630:1.00 72932:1.00 73184:1.00 73683:2.00 73684:2.00 74171:1.00 74455:1.00 74457:1.00 75063:1.00 75065:1.00 75458:2.00 75459:1.00 76206:1.00 76208:1.00 76511:1.00
inutil	76510:1.00
invalid	73184:1.00
invas	68645:1.00 71618:1.00 73432:1.00 73435:1.00 74171:1.00
invent	68638:2.00 69542:2.00 71359:1.00 72392:2.00 72933:1.00 74176:1.00 75067:1.00 76213:1.00
inventair	68389:1.00 69533:1.00
inventent	72933:1.00
inventeur	68273:1.00 72633:1.00 72933:1.00
invers	67068:2.00 67794:1.00 68280:1.00 71357:1.00 71835:1.00 73184:1.00 75070:1.00
invest	67794:1.00 68277:1.00 68387:1.00 69181:1.00 69535:1.00 69812:1.00 69817:2.00 70420:2.00 70421:2.00 70914:1.00 71359:1.00 71614:2.00 71616:1.00 71621:1.00 72114:1.00 72117:1.00 72400:3.00 72629:1.00 72633:1.00 72933:1.00 72938:1.00 73182:2.00 73184:1.00 73432:3.00 74451:4.00 75065:1.00 75067:1.00 75461:1.00 75466:1.00 75795:5.00 76510:2.00
investig	67802:1.00 72939:1.00
investisseur	68881:1.00 71614:1.00 71616:2.00 72629:1.00 72935:1.00 73438:1.00 73686:2.00 73691:1.00 74450:1.00 74451:1.00 75466:1.00 75795:1.00
investment	72935:1.00
investor	75465:1.00
invit	67946:1.00 69178:1.00 69542:1.00 69821:2.00 72116:1.00 72393:2.00 72396:1.00 75465:1.00 75795:1.00
invitent	68276:1.00 69821:1.00
inviv	72629:1.00
involontair	72401:1.00
inédit	67553:1.00 69535:1.00 70922:1.00 71359:1.00 71616:1.00
inéluct	71614:2.00 73876:1.00 74450:1.00
inévit	68273:1.00 71835:1.00 72933:1.00 73432:1.00 76213:1.00
ioi	76211:4.00
ion	68640:1.00 72397:1.00 72934:1.00
ioniqu	68390:1.00 72115:2.00 73878:1.00
ionospher	67942:4.00
ipcm	70167:1.00 75070:2.00
iphc	69178:1.00
ipno	69178:1.00
ipsen	67390:1.00
ipsl	73183:1.00
ipsos	76209:3.00
ira	73684:1.00
iram	68886:1.00
irc	73883:1.00
ircam	72933:1.00
ird	67071:1.00 67387:1.00 68275:1.00 68883:1.00 73183:1.00 73434:1.00 73688:1.00 74457:1.00
irdi	72935:1.00
irfm	74168:3.00 75064:6.00
irfu	70163:2.00
irion	70915:1.00
iris	71360:1.00 72633:1.00
irland	71838:1.00
irm	67068:1.00 73189:2.00 73877:1.00
iron	72629:1.00
iront	71362:1.00
iroqu	71615:1.00
irradi	72392:1.00
irrig	69537:1.00 70746:1.00 74169:1.00
irréproch	75792:1.00 76511:1.00
irréversibl	67794:1.00
irste	70917:2.00 72393:2.00
irt	75068:7.00
irtsv	67800:1.00
isa	71358:10.00
isab	68273:1.00
isb	70168:1.00
isba	67388:2.00 68885:1.00
isen	67940:4.00 72635:1.00
iser	73878:1.00
isle	70917:1.00
iso	68885:1.00
isol	67068:1.00 67553:1.00 67556:2.00 67800:1.00 68886:1.00 69186:5.00 70751:1.00 70918:1.00 70921:1.00 71360:1.00 71843:1.00 72397:1.00 73185:1.00 73430:1.00 75459:1.00 75789:1.00
isotop	74168:1.00
israël	72933:1.00
isro	67939:2.00
iss	69177:3.00
issanchou	67555:4.00
issu	67392:1.00 67554:1.00 67558:1.00 67795:2.00 67937:1.00 67939:1.00 68384:1.00 68392:1.00 68643:1.00 68881:1.00 68885:1.00 69178:1.00 69818:1.00 70162:1.00 70916:1.00 70917:1.00 70918:1.00 71359:1.00 71616:1.00 71619:1.00 72395:1.00 72400:1.00 72630:1.00 72634:1.00 72637:1.00 73431:2.00 73437:1.00 73684:2.00 74749:1.00 75063:2.00 75068:1.00 76207:1.00
issus	67387:1.00 67939:1.00 68386:1.00 70161:2.00 70423:2.00 70916:1.00 71615:1.00 72113:1.00 72114:1.00 72634:1.00 75064:1.00 75066:1.00 76207:1.00 76208:1.00 76512:1.00
it	67940:2.00 74456:3.00
ital	69179:1.00 69534:1.00 70916:4.00 72632:1.00 73683:1.00 74169:1.00 75462:1.00 75788:2.00
itali	67945:1.00
italien	67945:2.00 69179:1.00 73875:1.00 75463:1.00
item	75793:3.00
iter	74168:12.00 75064:10.00
itff	68885:1.00
itplc	68885:1.00
itti	67945:1.00
iut	67945:3.00 72394:1.00 75457:2.00
iuvv	73877:1.00
iva	67940:1.00
ivry	68277:2.00 68646:1.00 74171:1.00 74746:2.00
izest	68638:9.00
j	68638:1.00 73683:2.00
jacent	72637:1.00
jacqu	67068:1.00 67940:1.00 70922:1.00 71363:1.00 72629:1.00 72932:1.00 74745:2.00 75460:3.00
jacquart	71612:5.00
jalon	72395:1.00 72932:1.00 74167:1.00
jam	67068:1.00 67802:1.00 67937:1.00 67938:1.00 68276:1.00 68638:1.00 68883:1.00 69537:1.00 69539:2.00 69540:1.00 69811:2.00 69821:1.00 70163:4.00 70166:1.00 70421:1.00 70424:1.00 70744:1.00 70915:1.00 71363:1.00 71614:1.00 71842:3.00 71843:1.00 72634:2.00 72636:1.00 72933:1.00 73189:1.00 73430:1.00 73431:1.00 73880:1.00 74167:1.00 74169:1.00 75458:1.00
jamb	67941:1.00 72117:1.00 72933:1.00
janny	68273:9.00
janvi	67068:1.00 67555:1.00 68638:1.00 68881:2.00 68883:1.00 68884:1.00 68885:1.00 68887:1.00 68888:2.00 69177:1.00 69180:1.00 69184:1.00 69812:1.00 70162:1.00 70169:1.00 70745:1.00 71840:1.00 71842:1.00 71845:1.00 72113:1.00 72119:1.00 72392:1.00 72396:1.00 72633:1.00 72635:1.00 73184:4.00 73185:1.00 73685:1.00 74170:1.00 74456:1.00 74748:1.00
japon	67383:1.00 67942:2.00 67943:1.00 68274:3.00 68638:1.00 69185:1.00 69811:1.00 70915:1.00 72113:1.00 72117:2.00 72392:1.00 72396:4.00 72629:1.00 73875:2.00 73880:1.00 74168:1.00 74455:1.00 74746:1.00 75064:1.00 76209:2.00
japonais	67939:1.00 68388:1.00 72396:1.00
jardin	70746:1.00 71842:1.00 73875:1.00 75458:1.00
jason	73434:3.00
jaun	74752:1.00
jav	76207:1.00
jax	67939:1.00
je	67068:1.00 67383:2.00 67795:2.00 68274:1.00 68276:1.00 68387:1.00 69177:1.00 69821:2.00 70161:4.00 70749:1.00 70914:1.00 71612:3.00 71835:1.00 71842:1.00 72114:2.00 72115:1.00 72394:4.00 72629:1.00 72631:1.00 72636:1.00 72932:3.00 73182:1.00 73184:1.00 73430:3.00 73683:1.00 73876:1.00 74449:1.00 74455:1.00 75459:1.00 75790:2.00 76206:1.00 76213:3.00
jean	67556:1.00 67937:3.00 67938:1.00 68277:1.00 68387:2.00 68392:2.00 68641:2.00 68881:6.00 69186:1.00 69533:1.00 70744:4.00 71836:1.00 72116:2.00 72398:1.00 72400:1.00 72932:1.00 73182:1.00 73183:1.00 73433:1.00 73876:6.00 73877:4.00 74744:1.00 75789:2.00 76508:3.00
jeandel	72940:1.00
jerphagnon	68641:2.00
jersey	72932:1.00
jet	70163:1.00 70915:1.00 70918:4.00 71366:1.00 72114:3.00 74168:3.00
jeu	67800:1.00 68387:1.00 69533:1.00 70922:1.00 73684:1.00 74745:1.00 75790:1.00 76509:1.00
jeud	75464:1.00
jeun	67388:1.00 67553:1.00 67555:2.00 67937:1.00 68279:1.00 68643:1.00 69177:1.00 69815:1.00 70161:1.00 70164:1.00 70166:2.00 70422:3.00 70426:1.00 70917:2.00 71357:1.00 71612:2.00 71835:2.00 71837:3.00 72113:3.00 72629:3.00 72636:2.00 72932:1.00 73182:1.00 73185:7.00 73431:2.00 73435:1.00 73683:1.00 73684:1.00 73685:1.00 73686:1.00 73878:1.00 73879:3.00 73881:1.00 74171:1.00 74449:1.00 74450:4.00 74451:1.00 74453:1.00 74747:1.00 75458:2.00 75461:1.00 75462:1.00 75466:1.00 75790:2.00 76207:1.00 76208:2.00
jeux	71357:1.00 72401:1.00 73190:1.00 73684:1.00 76509:1.00
job	71614:1.00
john	70916:1.00 71835:1.00 72932:2.00
johor	71840:1.00
joi	67937:3.00 68276:1.00
joindr	74457:1.00
joint	67945:1.00 68273:1.00
jol	68276:1.00
joly	67937:1.00 72397:1.00
jonction	74173:1.00
jord	76206:4.00
jordan	72629:1.00
jos	69815:1.00 70746:1.00 73184:1.00 73432:2.00
joseph	67387:1.00 67800:1.00 69178:1.00 69539:1.00 69816:1.00 69819:1.00 73189:1.00 73878:1.00
jou	67937:1.00 68274:1.00 68275:1.00 68387:1.00 68388:1.00 68881:1.00 68886:1.00 69181:1.00 69184:1.00 69815:1.00 70161:4.00 70749:2.00 70914:3.00 70921:1.00 72116:2.00 72392:1.00 72631:1.00 72932:1.00 73184:1.00 73185:1.00 73434:1.00 73685:1.00 75788:2.00 75790:2.00 76206:1.00 76209:1.00
jouent	73878:1.00 75070:1.00 75459:1.00
jour	67553:1.00 67555:1.00 67794:1.00 67798:1.00 67939:2.00 68273:2.00 68638:1.00 68885:1.00 68889:1.00 69179:1.00 69183:1.00 69811:2.00 69813:1.00 69817:1.00 70166:2.00 70168:3.00 70169:1.00 70422:1.00 70429:1.00 70749:3.00 70916:1.00 70920:1.00 71358:1.00 71359:1.00 71360:1.00 71363:1.00 71614:1.00 71621:1.00 71835:1.00 71842:3.00 72115:1.00 72395:1.00 72630:1.00 72634:1.00 72636:1.00 72932:2.00 72934:1.00 72936:1.00 72937:1.00 73182:1.00 73183:1.00 73187:1.00 73189:1.00 73190:4.00 73433:1.00 73691:1.00 73875:3.00 73877:1.00 73878:1.00 73881:1.00 73882:1.00 74167:2.00 74168:1.00 74173:1.00 74175:1.00 74450:1.00 74451:1.00 74748:1.00 75795:1.00 76508:2.00 76509:2.00 76510:2.00 76511:1.00
jourdain	74749:1.00
journ	67392:2.00 67803:1.00 68888:1.00 69186:1.00 69541:3.00 69820:1.00 70164:1.00 70168:3.00 70749:1.00 70751:6.00 70752:1.00 70921:4.00 71619:1.00 72121:1.00 72393:1.00 72932:4.00 72938:1.00 73190:1.00 73437:1.00 73690:4.00 74174:2.00 74748:3.00 75063:1.00 75462:1.00 75797:1.00 76511:1.00 76514:4.00 76515:3.00 76516:6.00
journal	67802:1.00 67803:1.00 69819:1.00 70169:1.00 73182:1.00 73436:1.00
journali	69537:2.00
jouy	69815:1.00 70746:1.00 73184:1.00 73432:2.00
jouzel	69533:1.00
joyeux	68276:1.00 74449:1.00
joël	67937:1.00
jri	73690:1.00
judici	71836:1.00 72113:1.00 74746:1.00
judiciair	70162:1.00
judith	75065:2.00
juillet	69537:1.00 69817:1.00 70420:2.00 70743:1.00 70746:1.00 70747:1.00 70914:1.00 71614:1.00 73688:2.00 73877:1.00 74746:1.00 75065:1.00 75457:1.00 75460:1.00 75796:2.00
juin	67942:1.00 68646:1.00 68881:2.00 68882:1.00 69178:1.00 70164:2.00 70168:1.00 70169:1.00 70170:1.00 70915:1.00 70916:1.00 70917:1.00 70918:1.00 72937:1.00 73190:2.00 73435:1.00 73437:1.00 73684:1.00 73687:2.00 73875:1.00 74454:1.00 75065:2.00 75458:1.00 75465:1.00 75797:1.00 76513:1.00
jul	67937:19.00 68383:1.00 70915:1.00 73683:3.00 73877:1.00 75068:6.00
julien	69177:1.00
jullian	73683:2.00
jumel	72396:1.00
jumelag	72393:1.00
jun	67556:2.00
junien	72116:2.00
junior	68390:1.00 69541:2.00
jur	68885:2.00
jurid	68392:2.00 70170:1.00
jurist	72113:1.00
jury	73689:1.00 74746:1.00 75066:1.00
jus	74169:10.00
jusqu	67068:1.00 67387:1.00 67389:1.00 67390:1.00 67391:2.00 67553:1.00 67554:2.00 67555:1.00 67795:1.00 67800:1.00 67939:1.00 67940:1.00 67942:1.00 68273:2.00 68274:1.00 68384:1.00 68385:1.00 68388:1.00 68389:1.00 68390:1.00 68391:1.00 68638:1.00 68643:1.00 68646:2.00 68882:1.00 68885:1.00 68886:1.00 68887:1.00 69177:2.00 69179:1.00 69183:1.00 69184:1.00 69535:1.00 69537:2.00 69539:1.00 69541:1.00 69811:1.00 69814:2.00 70166:1.00 70421:1.00 70423:1.00 70425:1.00 70428:1.00 70744:1.00 70745:1.00 70749:1.00 70751:1.00 70914:1.00 70916:5.00 70918:1.00 71357:1.00 71366:2.00 71616:1.00 71618:1.00 71835:1.00 71836:2.00 71840:1.00 71842:1.00 71843:1.00 72117:1.00 72392:2.00 72394:1.00 72396:1.00 72397:1.00 72401:1.00 72629:1.00 72630:1.00 72631:1.00 72634:1.00 72932:1.00 72933:2.00 72934:3.00 73182:2.00 73184:1.00 73188:1.00 73189:1.00 73434:1.00 73684:3.00 73685:1.00 73688:1.00 73875:1.00 73877:1.00 74167:2.00 74168:3.00 74172:1.00 74173:1.00 74176:1.00 74451:1.00 74455:1.00 75066:1.00 75067:1.00 75789:1.00 75794:1.00 76209:1.00 76507:1.00
just	68393:1.00 71359:1.00 71612:1.00 71614:1.00 72394:1.00 72629:1.00 72631:1.00 73683:3.00 74172:1.00 76207:1.00
justifi	73435:1.00 76207:1.00
jwst	70163:5.00
jérôm	67389:4.00 74746:1.00
jûlich	68642:1.00
k	67945:1.00 68279:1.00 73879:1.00
kaarsten	76513:1.00
kanpur	69180:1.00
karin	70921:2.00
karlsruh	70916:1.00
karman	71615:1.00
kavl	68881:3.00
kbcc	72396:2.00
kcalor	67794:3.00
kdo	69183:4.00
kek	68638:1.00
kel	75064:2.00
keni	72629:1.00
kent	67940:2.00
kentoh	76511:1.00
kevin	71359:4.00
keyo	67937:1.00
kg	67941:1.00 68640:2.00 68883:2.00 69179:1.00 70163:1.00 70165:2.00 71366:1.00 71836:1.00 74170:1.00 74450:4.00 75066:1.00 75789:1.00
khz	72934:1.00 73688:2.00
kick	75069:1.00
kill	73190:1.00
kilo	68273:2.00 69179:1.00
kilogramm	72630:1.00 75461:1.00
kilometr	69811:1.00 69812:1.00 71837:1.00 71840:1.00 73183:1.00 75458:5.00 76212:2.00
kilos	68644:1.00
kinkingnéhun	74171:1.00
kit	70916:1.00
klenov	75790:1.00 76516:1.00
kloran	75458:1.00
km	67939:2.00 67941:2.00 67942:1.00 68389:2.00 68640:5.00 68883:3.00 69179:2.00 70170:1.00 71836:3.00 72933:1.00 73183:5.00 73683:1.00 74450:3.00 75458:1.00 75789:2.00 76510:1.00
knocked	73184:1.00
knockout	73184:1.00
knowledg	67945:3.00
kobilk	72115:1.00
kong	72396:1.00
kontsevich	72932:1.00
kourou	69179:1.00 69811:1.00 71836:1.00
koweit	72629:1.00
krl	76511:2.00
kurm	73686:1.00
kurosh	67945:1.00
kurt	72932:1.00
kw	72397:1.00 75789:1.00
kwh	68640:1.00
kyoto	71835:1.00 72398:1.00
kyushu	72396:1.00
l	68645:1.00 69177:1.00 72635:1.00
la	69814:1.00 72635:1.00
laad	67553:1.00
lab	71359:1.00 71362:1.00 71839:1.00 73876:2.00 75068:1.00 76513:1.00
labeg	74748:1.00
label	73683:1.00 76509:3.00
labellis	67388:1.00 67555:1.00 67798:1.00 67799:1.00 68387:1.00 68393:1.00 68885:1.00 69534:1.00 69818:1.00 70162:1.00 70420:1.00 70421:1.00 70428:1.00 70749:1.00 71360:1.00 72394:1.00 72631:2.00 72634:2.00 73685:1.00 73687:1.00 73876:1.00 73879:2.00 74169:1.00 74172:1.00 74449:2.00 74453:1.00 74455:1.00 74749:1.00 75063:1.00 75069:1.00 75466:1.00 75789:1.00 75790:1.00 75793:1.00 76507:2.00 76508:1.00 76511:2.00 76513:1.00
labex	71837:1.00 72938:3.00 73184:8.00 75459:1.00
laboratory	70163:2.00 73183:1.00
labr	73431:2.00
labrez	72117:1.00
lac	67944:3.00 70745:1.00 73434:1.00
lact	70163:1.00 70749:1.00
lactal	72634:5.00
lactat	68887:1.00
lactobacill	75067:1.00
ladhyx	76208:2.00
lafarg	70169:1.00
lafay	69813:1.00
lafont	71360:1.00
lagard	67801:1.00 74450:5.00
lagon	73433:1.00
lagrost	73184:3.00 75459:5.00
laiss	67068:1.00 67383:1.00 67386:1.00 67937:1.00 68274:1.00 68886:3.00 70166:1.00 70421:1.00 72396:1.00 72397:1.00
laissent	67937:1.00 72631:1.00
lait	67388:4.00 67555:1.00 68885:4.00 73184:1.00 75458:1.00 76511:1.00
laiter	68885:1.00
laiti	67388:3.00 68273:1.00 68885:20.00 72394:1.00 72634:1.00
lam	68274:1.00 70420:1.00
lamarck	67938:1.00
lamarckien	67938:1.00
lambert	72630:2.00
lamel	76210:1.00
lamour	69186:1.00
lamp	70421:2.00
lamprecht	73184:1.00
lamur	72400:1.00
lanc	67388:1.00 67555:2.00 67557:1.00 67795:1.00 67939:3.00 67941:1.00 67942:2.00 67943:3.00 67944:2.00 68274:1.00 68275:1.00 68279:2.00 68383:1.00 68638:2.00 68641:1.00 68645:1.00 68646:1.00 69177:14.00 69179:2.00 69181:1.00 69534:1.00 69537:1.00 69538:1.00 69811:1.00 69812:1.00 69813:3.00 69817:1.00 70163:2.00 70164:2.00 70166:1.00 70422:1.00 70424:2.00 70749:1.00 70916:2.00 71359:1.00 71362:1.00 71614:1.00 71615:2.00 71835:2.00 71836:3.00 72114:2.00 72118:1.00 72392:3.00 72394:2.00 72395:2.00 72396:1.00 72630:1.00 72633:1.00 72634:2.00 72936:1.00 73182:1.00 73183:1.00 73184:1.00 73432:2.00 73433:1.00 73434:3.00 73436:1.00 73683:2.00 73684:1.00 73686:1.00 73880:1.00 74168:3.00 74169:1.00 74171:1.00 74176:1.00 74450:2.00 74451:1.00 74455:1.00 74744:1.00 74749:1.00 75063:1.00 75065:1.00 75068:1.00 75069:1.00 75457:2.00 75458:2.00 75460:1.00 75461:2.00 75793:4.00 76207:4.00 76508:1.00 76509:1.00 76512:1.00
lancent	67938:1.00
lanceur	67939:2.00 69177:6.00 69179:11.00 75789:1.00
land	68645:1.00
landau	69540:3.00
landown	67804:1.00
langerhan	67802:1.00
langevin	67068:3.00 70747:1.00
langu	70422:1.00 72113:1.00
languedoc	68275:1.00 69182:1.00 69537:1.00 71614:1.00 73430:1.00 73684:1.00 74169:1.00 76512:1.00
laniak	73183:1.00
lanréotid	67390:3.00
lanthanid	75792:1.00
lanvéoc	74170:1.00
lançon	74455:1.00
lao	72396:1.00
laos	73185:2.00
lapin	73184:1.00
laplac	70916:1.00
laport	74450:2.00
laquel	67387:1.00 67389:1.00 67795:1.00 67802:1.00 67944:1.00 68279:1.00 68383:2.00 68391:1.00 68642:1.00 68643:1.00 68881:1.00 69533:2.00 69535:1.00 69541:1.00 69820:1.00 70162:1.00 70165:1.00 70166:1.00 70421:1.00 70423:1.00 70751:1.00 70914:2.00 70916:1.00 70922:1.00 70923:1.00 71357:1.00 71359:2.00 71362:1.00 71612:1.00 71617:1.00 71620:1.00 71835:1.00 72115:1.00 72119:1.00 72122:1.00 72392:1.00 72396:1.00 72629:1.00 72631:1.00 72933:2.00 72937:1.00 72939:1.00 73430:1.00 73431:1.00 73434:1.00 73435:1.00 73685:1.00 73884:1.00 74167:1.00 74168:2.00 74169:1.00 74170:1.00 74172:1.00 74173:1.00 74176:1.00 74454:1.00 74457:1.00 74744:2.00 75063:1.00 75065:2.00 75457:1.00 75458:1.00 75459:2.00 75793:1.00 76207:1.00 76208:1.00 76210:1.00 76507:1.00 76511:1.00
lar	68387:1.00 69179:1.00 73184:1.00 75793:2.00 76511:4.00
larchey	73185:1.00
larf	68885:1.00
larg	67390:1.00 67556:1.00 67794:1.00 67939:1.00 68275:1.00 68881:1.00 68889:1.00 69181:1.00 69183:1.00 69186:1.00 69533:1.00 70420:1.00 70423:1.00 70747:1.00 70748:1.00 71359:1.00 71363:1.00 71612:1.00 71836:1.00 72113:1.00 72117:1.00 72399:1.00 72630:1.00 72633:1.00 72637:1.00 72934:1.00 72935:1.00 72940:1.00 73432:2.00 73683:1.00 73688:1.00 73875:1.00 73876:1.00 73879:1.00 74174:1.00 74454:1.00 74455:1.00 74749:2.00 74750:1.00 75067:1.00 75457:1.00 75458:2.00 75789:1.00 75794:2.00 76507:1.00
largeur	68391:1.00 70425:1.00
largu	69179:1.00 70916:1.00
lariboisi	69184:1.00
larivi	76513:1.00
larrieu	72635:1.00
larv	70917:1.00 71843:1.00 73183:1.00
larvair	69813:1.00
laryngectom	74454:2.00
laryngolog	76508:1.00
larynx	74454:11.00
las	68638:4.00 68641:3.00 69179:1.00 69540:1.00 72932:2.00 72934:5.00 73875:1.00 75067:1.00 75457:1.00 75795:1.00 76513:1.00
lasagyl	75067:1.00
laser	68638:13.00 68641:4.00 72934:5.00 75067:1.00 75795:1.00
lasik	68641:1.00
latent	72395:1.00
latin	67553:1.00 70920:1.00 72630:1.00 73185:2.00 73875:5.00
latruff	68387:7.00
latécoer	68383:1.00 69542:2.00
latéral	70744:1.00 70918:1.00
launcher	69179:1.00
laurenc	67556:2.00 72393:1.00
laurent	68274:6.00 68641:1.00 68881:4.00 70161:9.00 70919:1.00 72397:1.00 73184:3.00 74453:2.00 75457:4.00 75459:5.00
lauri	71837:7.00
lauréat	67383:1.00 67937:6.00 68275:1.00 68390:1.00 69181:1.00 69817:1.00 71612:2.00 71614:1.00 71835:1.00 71837:3.00 72932:2.00 72933:3.00 72938:1.00 73878:1.00 74746:2.00 74750:1.00 75066:3.00 76208:2.00 76509:1.00 76516:1.00
laval	71358:2.00 74175:1.00
lavand	76516:1.00
lavandin	76516:1.00
lavet	72633:3.00
law	70170:1.00
lb	68385:1.00
lbmn	68387:1.00
lcb	69183:1.00
lcpo	75067:1.00
le	67389:1.00
lead	67383:1.00 67940:1.00 68383:1.00 69815:1.00 70161:1.00 70920:1.00 71359:1.00 71361:1.00 71614:1.00 71839:1.00 71840:1.00 72114:1.00 72392:2.00 72633:1.00 72933:3.00 73437:1.00 73875:1.00 74167:1.00 74169:1.00 74453:1.00 74744:1.00 74745:2.00 74749:2.00 75063:1.00 75793:1.00 76211:1.00 76511:1.00
leader	72936:1.00 73691:1.00 75458:1.00 75466:1.00 75796:1.00
leadership	68383:1.00
leading	74745:1.00
lean	73430:1.00
leap	74745:1.00 75791:1.00
learning	70923:4.00 75063:1.00
learninglab	73876:14.00
leb	69814:1.00
leblanc	68281:1.00
lec	74744:1.00
lecomt	69177:1.00
lecteur	67794:1.00 68283:1.00 69821:1.00 71835:3.00 74752:1.00 76507:1.00
lectour	72630:1.00
lectur	68283:1.00 71835:1.00 71841:9.00 73185:1.00 74171:1.00
led	75070:5.00
ledrappi	72932:1.00
lefkowitz	72115:1.00
leg	67801:2.00 68280:1.00 69177:1.00 71843:1.00 75789:1.00
legionel	69183:1.00
legos	73434:2.00
leibl	68280:1.00 74750:1.00
leiv	69534:1.00
lem	73189:3.00
lemaîtr	67937:1.00
lemp	72634:1.00
lendemain	70751:1.00 70921:1.00 75796:1.00 76509:1.00
lensing	70424:1.00
lent	69183:1.00 69540:1.00 71835:1.00 72630:1.00 75458:1.00
leprinc	73186:1.00
lequel	67389:1.00 67555:1.00 67804:1.00 67937:1.00 68638:1.00 69534:3.00 69542:1.00 69811:1.00 69812:2.00 69817:1.00 70161:1.00 70421:1.00 70915:1.00 71612:1.00 71621:1.00 71838:1.00 71839:1.00 72397:1.00 72631:1.00 72632:1.00 72634:1.00 72932:1.00 73182:2.00 73184:1.00 73684:1.00 73877:2.00 74167:1.00 74168:1.00 74172:1.00 75064:1.00 75459:1.00 75789:1.00
lesi	70163:1.00
lesieur	74172:1.00 75793:1.00
lesquel	67383:1.00 67553:1.00 67554:1.00 67556:1.00 67937:1.00 68273:1.00 68388:2.00 68643:1.00 68885:1.00 69181:1.00 69186:1.00 69534:2.00 69535:1.00 69537:1.00 69817:2.00 70166:1.00 70420:5.00 70422:1.00 70425:1.00 71615:1.00 72396:1.00 72398:1.00 72932:1.00 72934:1.00 73685:1.00 73876:1.00 73879:1.00 73880:1.00 74167:1.00 74746:1.00 75064:1.00 75066:1.00 75458:3.00 75788:2.00 75790:2.00 75797:1.00 76511:1.00
lessac	75793:2.00
lessivag	68388:1.00
let	67554:8.00 68881:8.00 69186:1.00 70919:3.00 75065:1.00
letter	69816:2.00 73188:1.00 75794:1.00
lettr	68889:4.00 70744:2.00
leucocyt	68388:1.00
leucodystroph	68387:1.00
leungchopan	76510:1.00
leur	67387:2.00 67389:1.00 67391:1.00 67555:1.00 67561:1.00 67794:2.00 67798:1.00 67939:2.00 67940:1.00 68273:3.00 68274:1.00 68275:1.00 68277:1.00 68383:1.00 68384:1.00 68389:1.00 68391:1.00 68638:1.00 68645:1.00 68881:2.00 68886:1.00 69183:1.00 69186:5.00 69533:1.00 69534:1.00 69535:1.00 69536:1.00 69814:1.00 69816:3.00 70162:2.00 70163:1.00 70422:1.00 70746:1.00 70753:2.00 70921:2.00 71359:1.00 71614:1.00 71618:1.00 71619:1.00 71621:2.00 71836:1.00 71837:1.00 71841:1.00 72115:1.00 72116:3.00 72119:1.00 72122:1.00 72394:1.00 72395:2.00 72400:1.00 72401:1.00 72629:3.00 72630:2.00 72631:1.00 72632:2.00 72933:1.00 72939:1.00 72940:1.00 73182:2.00 73183:1.00 73430:1.00 73431:2.00 73434:1.00 73683:1.00 73685:1.00 73691:2.00 73875:1.00 73877:1.00 74167:4.00 74169:1.00 74174:1.00 74450:1.00 74456:1.00 74750:1.00 74751:1.00 75067:1.00 75069:4.00 75070:1.00 75457:1.00 75458:4.00 75459:2.00 75461:2.00 75463:1.00 75465:1.00 75792:2.00 75796:1.00 75797:1.00 76212:1.00 76508:1.00 76509:2.00 76513:1.00
leurr	69183:1.00 71836:1.00 73876:1.00 75065:1.00
lev	69815:1.00 71360:1.00 71616:3.00 72117:1.00 72396:1.00 72935:1.00 73183:1.00 73686:1.00 73880:1.00 74450:1.00 74451:1.00 75063:1.00 75466:1.00 75795:1.00 76510:2.00
levag	74746:1.00
levallois	71358:2.00
levang	74457:2.00
leveraged	73875:1.00
levi	68639:1.00 68642:1.00 68882:1.00 70425:5.00 71840:1.00
levodop	68646:4.00
lew	67938:1.00
lewin	67068:1.00
lfc	75067:1.00
lhc	68638:1.00
lhe	70743:1.00
lhost	71366:1.00
li	67390:1.00 67555:1.00 67556:3.00 67942:1.00 68387:1.00 68392:1.00 68644:1.00 68645:1.00 68646:1.00 69534:1.00 69812:2.00 69815:1.00 70170:1.00 70429:4.00 70747:1.00 70915:1.00 71360:1.00 71835:1.00 72120:1.00 72935:1.00 73687:1.00 73877:1.00 73881:1.00 74173:1.00 74453:1.00 74456:1.00 74746:1.00 74750:1.00 75067:1.00 75793:3.00 76206:1.00
liaison	67800:1.00 69542:1.00 73436:1.00 76213:1.00
liber	67802:1.00 68388:1.00 69534:1.00 70166:1.00 75065:1.00 75067:1.00 75462:4.00 76511:1.00
libert	67383:1.00 69812:1.00
libr	70421:1.00 71617:1.00 74169:1.00 76508:1.00 76511:7.00
librevill	73684:1.00
liby	72629:1.00 72937:1.00
licenc	68273:1.00 71358:1.00 72117:1.00 73187:1.00 75071:1.00
licenci	74748:1.00
lidar	70916:1.00
lidocain	71843:2.00
lieg	71621:1.00
lien	68280:1.00 68645:1.00 69533:1.00 70421:1.00 70425:1.00 70745:2.00 71357:2.00 72396:1.00 72632:1.00 72936:1.00 73182:1.00 73184:2.00 73430:2.00 73431:1.00 73688:1.00 73877:1.00 74449:4.00 75457:1.00 75459:1.00 75461:1.00 75790:1.00 75792:1.00 76211:1.00 76212:1.00 76514:1.00
lient	74750:1.00
lieu	67389:7.00 67945:1.00 68642:1.00 68881:1.00 69179:1.00 70917:1.00 70921:1.00 71358:1.00 71621:1.00 72113:1.00 72396:1.00 72932:2.00 73684:1.00 73876:3.00 74449:1.00 74450:1.00 74748:1.00 74752:1.00 75795:1.00 76510:1.00
lieux	67389:2.00 68279:1.00 69820:1.00 70162:1.00 70420:1.00 71366:1.00 73183:1.00 73876:2.00 74748:1.00
lif	68274:1.00
ligand	72115:1.00
ligatur	73683:7.00
light	75070:1.00
lign	67554:2.00 67802:3.00 69178:1.00 69819:1.00 70167:1.00 70424:1.00 70923:5.00 71357:1.00 71617:2.00 71835:1.00 72114:1.00 73189:1.00 73430:1.00 73436:1.00 73437:1.00 73876:1.00 74450:2.00 74747:3.00 76509:2.00 76510:1.00
ligu	74453:1.00
ligur	70916:1.00
lik	67937:1.00
lill	67940:4.00 70751:2.00 72635:1.00 75791:2.00
limit	67068:1.00 67385:1.00 67386:1.00 67556:1.00 67558:1.00 67798:1.00 67938:1.00 68273:1.00 68274:1.00 68390:1.00 68391:2.00 68884:2.00 69537:1.00 69538:1.00 69540:2.00 69814:1.00 69820:1.00 70163:1.00 70420:1.00 70421:1.00 70429:1.00 70743:1.00 70923:1.00 71357:1.00 72635:1.00 72934:2.00 73185:1.00 73188:1.00 73189:1.00 73435:1.00 73436:1.00 73683:1.00 74449:1.00 75464:1.00 75792:2.00 75793:1.00 76210:2.00
limitent	72934:1.00
limitroph	74167:1.00 76507:1.00
limog	72114:2.00
limon	68279:4.00
limousin	72114:1.00
lims	75063:1.00
lin	73683:3.00 74450:1.00
lind	75790:1.00
lingual	72631:1.00
linéair	67943:3.00 69533:1.00 74450:1.00
lion	70916:1.00 73688:1.00
lionel	69812:5.00 71358:1.00 73184:1.00
lipid	67800:2.00 68385:2.00 72116:6.00 72631:8.00 73184:2.00 75459:5.00
lipido	72631:1.00
lipidoproté	72116:1.00
lipidot	75065:1.00
lipoprotein	75459:1.00
lipoprotéin	73184:1.00 75459:15.00
liposolubl	73184:1.00
lipstic	73184:8.00 75459:1.00
liquid	67939:1.00 68280:1.00 69540:2.00 69819:1.00 70166:2.00 70426:3.00 70746:1.00 72397:1.00 74752:1.00 75067:1.00 75462:1.00 75789:1.00 75794:3.00
lir	67938:1.00 70429:1.00 70914:1.00 71835:1.00 72401:1.00 72940:1.00 74457:1.00 76213:1.00
lirmm	67383:3.00
lis	68276:1.00
lisi	75064:1.00
liss	67945:3.00 70744:2.00 74744:1.00
list	70162:2.00 70421:2.00 73879:1.00 75064:1.00 76207:1.00 76510:1.00
listeri	70746:1.00
lit	74746:1.00 74749:1.00
liten	68640:4.00 75789:3.00
lithium	68640:1.00 68642:1.00
lithograph	70423:2.00 70747:1.00 72635:1.00
litr	67388:1.00 75792:2.00
littoral	70743:1.00
littéral	73688:1.00
littératur	67555:1.00 72636:1.00 75459:1.00
lituan	72629:1.00
livatag	75065:6.00
livr	67794:1.00 67938:2.00 68383:1.00 68882:2.00 69177:1.00 70163:2.00 70421:1.00 70914:1.00 71359:3.00 71366:1.00 71835:5.00 71836:1.00 72401:1.00 72630:1.00 73185:1.00 73880:1.00 74174:1.00 74457:5.00 75063:1.00 75069:1.00 75459:2.00 76213:4.00
livraison	75792:1.00
livrent	73436:1.00
livret	73431:1.00
lmbo	73875:2.00
lmd	67939:2.00
lnc	73184:1.00
lobby	72113:1.00
local	67794:1.00 67798:1.00 67803:1.00 68387:1.00 68885:1.00 69184:2.00 69535:3.00 69538:1.00 69818:1.00 70161:2.00 71357:3.00 71836:1.00 71840:1.00 71842:1.00 71843:2.00 72113:1.00 72114:1.00 72939:1.00 73182:1.00 73185:3.00 73433:1.00 73878:1.00 74167:2.00 75068:1.00 75458:3.00 75461:1.00 75463:1.00 75792:1.00 76209:3.00 76507:1.00 76516:1.00
localis	67389:2.00 68278:1.00 68279:1.00 68646:1.00 69539:1.00 70162:1.00 70165:1.00 70743:1.00 70916:1.00 70919:1.00 70921:1.00 71616:1.00 71841:1.00 72116:2.00 72631:1.00 72938:1.00 74167:1.00 74449:1.00 74455:1.00 75459:1.00 76507:1.00 76510:1.00
locean	73183:1.00
locomot	74749:1.00
lodz	71361:1.00
loft	76513:6.00
log	70169:1.00 73182:1.00
logiciel	67553:1.00 70424:2.00 70744:1.00 70914:1.00 71359:3.00 71614:2.00 71841:3.00 72939:1.00 73431:1.00 73879:1.00 74452:1.00 75788:2.00 75796:3.00 76207:5.00 76507:2.00 76508:3.00 76512:1.00 76513:1.00
login	73437:1.00
logiqu	67937:1.00 68882:3.00 69813:1.00 71357:1.00 71835:2.00 73876:2.00 76511:7.00
logist	67945:1.00 68273:1.00 69812:1.00 73185:1.00 75069:1.00
loi	67554:1.00 67938:1.00 68885:1.00 69177:1.00 69178:2.00 72113:2.00 75457:2.00
loin	67383:1.00 70161:1.00 70162:1.00 71617:1.00 72392:1.00 72635:1.00 73430:1.00 73432:1.00 74746:1.00 74749:1.00 74751:1.00 75459:2.00 76512:1.00
lointain	70163:1.00 70424:1.00 70919:1.00 71835:1.00 74749:1.00
loir	68273:1.00 68279:1.00 70743:1.00 71358:1.00 72933:1.00 72938:1.00 72939:1.00 75459:1.00
lois	71357:3.00 72940:1.00
loisir	68280:1.00 68283:1.00 70165:1.00 71357:2.00 73689:2.00 74748:1.00 75466:1.00 75797:4.00
lombalg	67798:1.00
long	67939:1.00 67940:1.00 68273:1.00 68881:1.00 68882:1.00 68883:4.00 68887:1.00 69178:2.00 69534:1.00 70162:1.00 70167:1.00 70425:1.00 70429:1.00 70744:1.00 70747:2.00 70916:1.00 70918:1.00 70921:1.00 71366:1.00 71617:2.00 71835:1.00 71837:1.00 72393:1.00 72395:1.00 72396:1.00 72631:1.00 72634:2.00 72932:1.00 72939:1.00 73182:1.00 73185:1.00 73187:1.00 73434:1.00 73683:3.00 73684:1.00 73879:1.00 74167:2.00 74169:1.00 74170:1.00 74173:1.00 74749:1.00 74752:1.00 75064:1.00 75458:4.00 75459:1.00 75789:2.00 75794:1.00 76213:2.00 76511:1.00 76515:1.00
longev	67387:1.00 68277:1.00
longitudinal	73431:1.00
longtemp	67555:1.00 67558:1.00 67794:1.00 67937:2.00 68643:2.00 69539:1.00 69817:1.00 69821:1.00 70420:1.00 70421:1.00 71359:1.00 72115:1.00 72636:1.00 73683:2.00 73684:1.00 73877:1.00 73879:1.00 74457:1.00 74744:1.00 74746:1.00 74749:1.00 74752:1.00
longu	67939:2.00 68883:2.00 69178:1.00 70916:1.00 72116:1.00 72392:1.00 72629:2.00 72631:1.00 72634:1.00 72932:2.00 73182:1.00 73683:2.00 73684:1.00 73875:1.00 74170:1.00 74173:1.00 74450:6.00 75064:1.00 75458:2.00 76511:1.00
longueur	68641:2.00 70163:1.00 70420:2.00 70425:1.00 71617:1.00 71835:1.00 72635:1.00 72934:1.00 74167:1.00 75067:1.00
look	73876:1.00
lor	67383:1.00 67388:1.00 67553:1.00 67797:1.00 67937:1.00 67939:2.00 67944:1.00 68638:1.00 68643:1.00 68881:2.00 68882:1.00 68883:1.00 68884:1.00 68886:1.00 68887:2.00 69177:1.00 69184:1.00 69533:2.00 69534:1.00 69811:1.00 70163:2.00 70168:1.00 70743:1.00 70746:2.00 70749:1.00 70916:1.00 70921:1.00 71360:1.00 71617:1.00 71619:1.00 71840:1.00 71841:3.00 72120:1.00 72396:1.00 72400:1.00 72632:1.00 72932:2.00 72933:1.00 72934:1.00 72935:1.00 72937:1.00 73182:1.00 73431:3.00 73432:1.00 73683:2.00 73684:1.00 73686:1.00 73687:1.00 73688:2.00 73691:1.00 73880:1.00 74172:1.00 74452:1.00 74456:1.00 74744:1.00 75064:1.00 75459:2.00 75462:3.00 75788:2.00 75789:2.00 75793:2.00 76209:1.00 76509:1.00 76511:4.00 76513:1.00
lorenceau	70744:5.00
lorgnet	67794:1.00
lorient	73183:1.00
lorrain	68389:1.00
lorsqu	67389:1.00 67801:1.00 67937:2.00 68274:1.00 69178:1.00 69539:1.00 70425:1.00 70744:2.00 73188:2.00 73684:1.00 75070:2.00 76511:1.00
lot	68882:1.00
lou	68383:1.00 68881:2.00 68882:4.00 70425:1.00 72116:2.00 74451:1.00 75458:1.00 76507:1.00
lourd	67941:4.00 68388:1.00 69177:1.00 69178:2.00 69179:1.00 70421:1.00 70749:1.00 72394:1.00 74168:1.00
lourdeur	68383:1.00
loyal	68882:1.00 69811:2.00
loïc	75790:1.00
lpcc	69178:1.00
lpcv	67800:1.00
lpem	69186:1.00
lpo	68883:1.00 74170:1.00
lpsc	69178:1.00
lsce	71838:3.00
lsi	70421:5.00
lt	70916:1.00
ltd	68886:1.00
lu	75793:1.00
lucent	71839:1.00
lucrat	72936:1.00
ludwik	68280:1.00 74750:1.00
lueur	70421:1.00
lufthans	72933:1.00
lui	67068:3.00 67383:2.00 67388:1.00 67389:1.00 67558:1.00 67798:1.00 67802:1.00 67937:4.00 67939:2.00 67941:2.00 68274:1.00 68279:1.00 68281:1.00 68883:2.00 69177:1.00 69811:2.00 69812:2.00 69815:2.00 69818:1.00 70421:2.00 70422:2.00 70746:1.00 70914:1.00 71358:1.00 71359:3.00 71360:1.00 71612:3.00 71614:2.00 71835:6.00 72115:1.00 72392:1.00 72394:2.00 72395:1.00 72629:1.00 72630:1.00 72631:4.00 72632:1.00 72636:1.00 72932:2.00 72935:1.00 72936:1.00 73182:2.00 73434:1.00 73683:1.00 73684:1.00 73875:1.00 73878:1.00 74167:2.00 74168:2.00 74172:1.00 74454:1.00 74455:1.00 74749:1.00 74750:1.00 74752:1.00 75068:1.00 75461:1.00 76206:1.00 76213:1.00 76509:1.00
lumi	67385:1.00 68280:1.00 68638:2.00 68886:1.00 69182:1.00 69539:5.00 69819:1.00 70163:1.00 70167:1.00 70747:5.00 72397:1.00 72934:1.00 72939:1.00 73188:2.00 73436:1.00 73688:1.00 74748:1.00 75070:4.00
lumin	70167:1.00 70744:1.00 70747:1.00 73188:3.00 73688:1.00 75070:2.00
luminescent	70747:1.00
luminos	70163:1.00
luminy	75064:1.00
lunbeckfond	69815:1.00
lutt	67798:1.00 68643:1.00 69536:7.00 69813:3.00 70746:1.00 72632:4.00 73877:1.00 74449:1.00 74746:1.00 75067:1.00 75458:2.00 76510:1.00 76511:2.00
lux	68383:1.00
luxembourg	74749:1.00
luxembourgeois	67937:1.00
lyc	67937:1.00 70161:1.00 72932:2.00 73687:1.00 75066:1.00
lycéen	70161:1.00 72932:2.00
lyon	67553:4.00 68276:1.00 68278:1.00 68390:2.00 68886:1.00 69186:1.00 69540:2.00 69543:1.00 69812:2.00 69813:1.00 69820:1.00 70752:1.00 71614:1.00 71616:2.00 71835:1.00 71840:1.00 72122:1.00 72394:1.00 72397:1.00 72932:1.00 72939:2.00 73189:2.00 73435:2.00 73876:4.00 74173:1.00 75465:1.00 76210:5.00
lyonbiopôl	74453:1.00 75465:1.00
lyonnais	71612:2.00 71840:3.00 73685:1.00 74167:2.00
lyophilisat	75065:1.00
là	67555:1.00 67795:2.00 67798:1.00 67938:1.00 67940:1.00 68274:1.00 68279:1.00 68387:1.00 68639:1.00 68643:1.00 69177:1.00 69178:1.00 69185:1.00 69811:1.00 69812:1.00 69813:1.00 70161:1.00 70421:1.00 70422:1.00 70424:1.00 70743:1.00 71358:1.00 71360:1.00 71614:2.00 71617:1.00 71835:1.00 71842:2.00 72113:1.00 72629:1.00 72634:1.00 72932:1.00 72940:1.00 73182:1.00 73184:1.00 73430:2.00 73434:1.00 73436:1.00 73875:1.00 73879:1.00 74167:2.00 74168:1.00 74454:1.00 74752:1.00 75063:2.00 75065:1.00 75457:1.00 75458:2.00 75790:1.00 76213:1.00 76507:1.00
lâch	67798:1.00 68276:1.00 70166:1.00 70745:1.00 70916:1.00 70917:1.00 72114:1.00 72115:1.00 72116:1.00 72394:1.00 72630:1.00 72932:1.00 73182:1.00 73185:1.00 73432:1.00 73683:1.00 73684:1.00 73876:1.00 74450:1.00 74455:1.00 74749:1.00
lègu	70161:1.00
léaut	72117:1.00
légal	74167:1.00
légend	71835:1.00
léger	67801:2.00 69178:1.00 70167:1.00 72114:1.00 75463:1.00 75789:1.00
légin	69811:1.00
légitim	68383:1.00 68389:1.00 72114:1.00 72634:1.00 72940:1.00 74457:1.00 75792:1.00
légum	67555:8.00 68273:3.00 68387:1.00 75069:1.00 75458:1.00 76213:1.00
légumin	69538:1.00 70420:1.00
légèret	68280:1.00 70165:1.00
lésion	67801:1.00 70918:2.00 71614:1.00 72935:2.00 73431:1.00 74750:1.00 75459:1.00
lévêqu	69542:1.00
m	68277:1.00 68385:1.00 68642:1.00 68883:2.00 68884:1.00 68886:4.00 69179:3.00 69542:1.00 69814:2.00 70424:1.00 70919:1.00 72114:1.00 72397:1.00 72633:1.00 75068:1.00 75461:2.00 75789:2.00 76510:7.00
ma	67068:1.00 67383:1.00 68274:1.00 70161:2.00 71612:1.00 73185:1.00 73876:1.00 74172:1.00 74752:1.00 75464:2.00
mabimprov	72938:3.00
mac	71838:1.00
machin	67386:1.00 67945:1.00 68638:1.00 70921:1.00 72114:1.00 72393:2.00 72933:1.00 72934:1.00 74168:7.00 74171:1.00 75063:1.00 75064:3.00 75791:1.00 76513:2.00
macromolécul	68390:1.00 70423:1.00 72394:1.00
macromoléculair	69183:1.00
macroscop	70426:1.00
maculair	71360:1.00
maculi	71360:1.00
mad	68383:1.00
madagascar	71621:1.00
madan	67945:1.00
mader	67945:1.00
madr	67939:2.00
madrid	71836:1.00 74450:1.00
magasin	68889:1.00 69534:1.00
magazin	69535:1.00 70752:1.00 71612:1.00
magiqu	73877:1.00 76206:2.00
magistral	69535:1.00
magnet	67557:1.00 69177:1.00 69186:1.00 71837:1.00 73189:1.00 73880:1.00 74168:4.00 75064:2.00 76208:1.00
magnetic	67942:1.00
magnif	67383:1.00 73684:1.00
magnéto	76208:1.00
magnétometr	69177:1.00
maguin	72933:2.00
magéo	72939:1.00
mai	68273:1.00 69535:1.00 69542:1.00 69820:1.00 70169:1.00 70917:1.00 71358:1.00 71615:1.00 72400:1.00 72630:2.00 72938:1.00 72939:2.00 73183:1.00 73431:1.00 75466:1.00
maill	70916:1.00
main	67555:1.00 68276:1.00 70162:1.00 70421:3.00 70744:1.00 72636:1.00 72932:1.00 72933:1.00 73432:1.00 75462:1.00 75791:8.00 75795:1.00 76508:1.00
mainten	67071:1.00 67554:1.00 68643:1.00 68881:2.00 69184:1.00 69535:1.00 70165:2.00 70422:1.00 70915:1.00 71358:1.00 71619:1.00 71840:3.00 72113:1.00 72934:2.00 73683:1.00 73687:1.00 74455:1.00 74456:1.00 74746:1.00 75064:2.00 75069:1.00 75790:1.00 76507:1.00 76510:2.00
maintien	75063:1.00
maintient	71838:1.00
mair	71360:1.00 72396:1.00
maison	68387:1.00 70914:1.00 72939:1.00 75069:1.00 76515:1.00
maisondelasimul	70914:1.00
maisonni	72633:1.00
majeur	67556:2.00 67794:4.00 68279:1.00 68882:2.00 69178:1.00 69179:1.00 69181:1.00 69533:1.00 69535:2.00 69543:1.00 69815:1.00 70162:1.00 70163:1.00 70914:2.00 71836:2.00 71842:1.00 72113:1.00 72116:1.00 72120:1.00 72398:1.00 72629:1.00 72635:1.00 72934:1.00 73183:1.00 73434:1.00 73876:1.00 74176:1.00 74450:1.00 74454:1.00 74457:1.00 74744:1.00 74746:1.00 74751:1.00 75069:1.00 75789:1.00 75793:1.00 75795:1.00 75796:1.00 76213:1.00
major	67389:1.00 68387:1.00 71621:1.00 71835:2.00 72117:1.00 73875:1.00 74752:1.00 75462:1.00 75795:1.00
majoritair	67388:1.00 69184:1.00 70743:1.00
maker	75068:1.00
mal	67794:1.00 68281:1.00 69534:1.00 69821:1.00 70915:1.00 71612:1.00 71614:1.00 72114:1.00 72394:1.00 72630:1.00 72934:2.00 74173:1.00 74457:1.00 75458:2.00
malabry	69536:1.00
malad	67556:3.00 67798:4.00 67802:1.00 67937:1.00 68277:3.00 68387:1.00 68641:1.00 68645:1.00 68646:9.00 69534:1.00 69813:4.00 69815:8.00 70914:2.00 70919:2.00 71360:1.00 72116:1.00 73184:7.00 73187:7.00 73189:1.00 73431:1.00 73432:1.00 73686:1.00 73877:2.00 73878:1.00 74171:2.00 74173:7.00 74453:2.00 75063:1.00 75459:3.00 76511:7.00 76515:1.00
malais	71840:1.00 74167:2.00
malbec	76512:1.00
malbouff	74457:1.00
malbrunot	74456:1.00
malfaiteur	76510:1.00
malgr	67391:1.00 67553:1.00 72934:1.00 74453:1.00
mali	68881:4.00 70919:1.00
mallet	73431:4.00
malléabl	71616:1.00
malv	73434:1.00
malym	73684:3.00
maman	72932:2.00
mamb	72115:5.00
mamiroll	67388:1.00 68885:3.00
mammifer	67937:3.00
manag	67945:1.00 68383:1.00 70168:2.00 70748:1.00 70751:1.00 70921:1.00 71616:2.00 72395:2.00 72937:2.00 73190:1.00 73875:1.00 74451:1.00 74751:1.00 76508:1.00
manch	67940:1.00
manchest	71361:1.00
mancin	74450:1.00
mandatair	73683:1.00
mandibul	73431:3.00
mandibulair	71843:1.00
mang	67555:1.00 74449:1.00 75069:1.00 75458:1.00 76213:4.00
manganes	73684:1.00
mangent	76209:1.00
mangeon	76213:1.00
mangeur	74449:1.00 76209:2.00 76507:1.00
mani	67387:2.00 67390:2.00 67553:1.00 67794:2.00 67795:1.00 67798:1.00 67800:1.00 67942:1.00 68280:2.00 68646:1.00 68882:1.00 68885:1.00 69178:1.00 69533:1.00 69537:1.00 69813:1.00 69817:1.00 70162:1.00 70421:1.00 70745:1.00 70747:1.00 70753:1.00 70920:1.00 71359:2.00 71366:1.00 71617:3.00 71618:1.00 71843:1.00 72115:1.00 72393:1.00 72932:2.00 73184:1.00 73185:1.00 73430:1.00 73431:1.00 73876:1.00 74167:1.00 74171:1.00 75067:1.00 75069:1.00 75790:2.00 75794:1.00 76206:2.00 76213:1.00
manifest	68383:1.00 69541:1.00 70166:1.00 72937:1.00 73683:1.00 74173:1.00 74176:1.00 75466:1.00
manip	67555:1.00 68643:2.00
manipul	67554:1.00 67941:3.00 70421:1.00 70747:1.00 71357:1.00 72115:1.00 72630:1.00 73431:2.00 74451:1.00 75064:2.00 75791:3.00 76208:1.00
mannequin	75064:1.00
manqu	67555:2.00 68389:1.00 68643:1.00 69542:1.00 70916:1.00 72937:1.00 73684:1.00 75458:1.00 75790:1.00
manquent	68638:1.00 71614:2.00 74450:1.00
manquon	73684:1.00
manteau	73880:1.00
manuel	70162:1.00
manufactur	70429:3.00
manufacturing	75068:2.00
manuscr	70429:1.00
manutent	67941:1.00
map	75788:1.00 75793:2.00
maquet	69178:4.00 70421:1.00 70743:1.00 73683:1.00 75064:2.00
mar	67799:1.00 67804:1.00 67942:1.00 68277:1.00 68384:1.00 68882:1.00 69177:2.00 69178:1.00 69184:1.00 69533:1.00 69535:1.00 69540:1.00 69811:4.00 70166:1.00 70424:1.00 70915:1.00 70916:1.00 70923:1.00 71360:1.00 72116:1.00 72122:1.00 72396:1.00 72636:1.00 72933:2.00 73430:1.00 73431:1.00 73688:1.00 73880:1.00 74176:1.00 74450:2.00 74746:1.00 75063:1.00 75070:1.00 75071:1.00 75460:1.00 75464:2.00 75788:1.00 76207:2.00 76210:1.00 76509:1.00
marathon	72396:1.00
maraîch	75066:1.00
maraîchag	75458:1.00
marc	67556:1.00 67937:1.00 67940:1.00 70923:1.00
marcel	75792:1.00
marcellan	74750:2.00
march	67383:2.00 67388:2.00 67553:1.00 67938:3.00 68273:4.00 68274:2.00 68279:3.00 68383:1.00 68392:1.00 68643:5.00 68881:3.00 69177:1.00 69179:1.00 69535:1.00 69818:3.00 70165:2.00 70749:1.00 70751:1.00 70753:1.00 70921:3.00 71357:3.00 71359:1.00 71360:1.00 71614:1.00 71616:1.00 71619:2.00 71836:2.00 71840:1.00 72114:5.00 72115:1.00 72118:3.00 72122:1.00 72392:7.00 72395:1.00 72396:1.00 72629:1.00 72633:1.00 72634:5.00 72938:2.00 73183:1.00 73435:2.00 73436:1.00 73683:1.00 73685:1.00 73876:4.00 73878:2.00 73884:3.00 74167:2.00 74169:2.00 74450:3.00 74451:3.00 74455:8.00 74745:1.00 74746:1.00 74748:1.00 74749:2.00 75063:1.00 75065:3.00 75066:1.00 75067:2.00 75069:3.00 75070:1.00 75458:1.00 75462:1.00 75795:1.00 76207:2.00 76209:2.00 76213:1.00 76508:2.00 76511:1.00 76512:1.00 76514:2.00
marchand	70916:1.00
marchandis	68273:1.00 72939:1.00 74456:1.00
marcoul	70915:1.00 72392:2.00 75792:5.00
mard	69177:1.00 70752:1.00 75796:1.00
marg	70918:1.00
mari	68274:1.00 68644:1.00 71359:1.00 72932:1.00
mariag	68638:1.00 68889:1.00 71359:1.00
marian	68277:1.00 68888:1.00
mariet	75069:1.00
marin	67071:1.00 67946:2.00 68883:2.00 70164:1.00 70743:1.00 70916:2.00 71621:2.00 73183:2.00 73433:1.00 73683:2.00 73688:2.00 73875:1.00 75789:3.00
marion	67794:6.00
maritim	68885:1.00 71836:1.00 73183:1.00 73683:1.00 75789:1.00 76513:1.00
marius	72633:3.00
mark	71614:1.00
marketer	76206:1.00
marketing	68885:1.00 71357:1.00 71359:2.00 72395:1.00 74746:1.00 75063:2.00
marl	70163:1.00
marmit	74749:1.00
marn	67945:1.00 68277:1.00 68885:1.00 68889:1.00 74172:2.00
maroc	69820:1.00 72936:2.00
marocain	72936:2.00
maron	69812:1.00
marqu	67068:1.00 67938:1.00 68278:1.00 68886:1.00 69179:1.00 69183:1.00 69533:1.00 70749:1.00 70915:1.00 72113:2.00 72630:2.00 73183:1.00 73687:1.00 73875:1.00 74449:1.00 74450:1.00 76512:1.00
marquag	72115:3.00
marqueur	67798:1.00 68643:1.00 68881:1.00 74171:1.00 76206:1.00
marron	69816:1.00
marseil	68385:1.00 68391:2.00 69183:2.00 70747:3.00 70918:1.00 72118:1.00 72392:1.00 73683:12.00 73688:3.00 74749:1.00 75458:1.00 75461:1.00
marteau	68274:4.00
martel	74457:1.00
martin	71837:7.00 73434:1.00
maruho	72117:1.00
marx	74752:5.00
mas	70162:2.00
masculin	74454:1.00
masqu	70163:1.00 70166:1.00 75065:1.00
mass	67799:1.00 68639:1.00 69179:2.00 70163:1.00 70919:4.00 73436:1.00 73688:1.00 74170:1.00 75794:2.00
massachuset	70161:1.00 73876:1.00 76208:1.00
massard	68638:3.00
massif	74169:1.00 75463:1.00 75794:1.00
massiv	68884:1.00 71357:1.00 71837:1.00 72392:1.00 73876:1.00 75463:1.00
massy	67795:1.00
mast	67795:1.00 67944:1.00 68392:1.00 68888:1.00 68889:1.00 70422:2.00 70748:1.00 71362:2.00 71614:1.00 72398:3.00 76206:2.00
master	67795:1.00 68276:2.00 69536:1.00 71358:1.00
mastiqu	69534:1.00
masurc	70915:1.00
mat	69534:1.00
material	76210:1.00
maternel	67555:1.00 70422:1.00
math	73430:2.00
mathematic	69180:1.00
mathematical	72932:1.00
matheron	67794:6.00
mathi	67068:11.00
mathémat	67071:1.00 68276:1.00 69180:3.00 69820:1.00 70161:2.00 71835:13.00 72932:8.00 75063:1.00 75793:1.00
mathématicien	68276:2.00 69180:1.00 70161:10.00 70745:1.00 71835:8.00 72932:17.00
mati	67071:1.00 68273:1.00 68274:1.00 68279:2.00 68280:1.00 68385:1.00 68392:1.00 68638:2.00 68639:1.00 68645:1.00 68881:1.00 68882:8.00 68885:1.00 68886:1.00 69183:1.00 69534:5.00 69536:1.00 69817:1.00 69821:2.00 70161:1.00 70420:1.00 70424:3.00 70746:1.00 70915:1.00 70920:3.00 71357:2.00 71358:1.00 71612:1.00 71621:1.00 71836:1.00 72113:1.00 72114:1.00 72118:1.00 72397:1.00 72632:2.00 72634:1.00 72637:2.00 73188:1.00 73432:1.00 73434:1.00 73685:1.00 73688:1.00 73877:1.00 74167:1.00 74449:1.00 74450:1.00 74750:1.00 75066:1.00 75458:1.00 75460:1.00 75790:4.00 75792:4.00 75794:1.00 75797:1.00 76206:1.00 76208:1.00 76209:1.00 76507:1.00 76516:1.00
matin	69177:1.00 69541:1.00 71845:3.00 72396:1.00 75457:1.00 75458:1.00
mato	75788:1.00
matr	71616:1.00
matric	70423:1.00 70746:3.00 71616:1.00 72394:1.00
matur	67391:1.00 67554:1.00 67802:1.00 68388:1.00 72395:1.00 74167:1.00 75063:3.00 75067:3.00
matérial	67390:1.00 67554:1.00 67557:1.00 68273:1.00 68276:1.00 68390:2.00 68391:1.00 68639:7.00 68644:1.00 68886:4.00 69183:1.00 69186:7.00 69541:1.00 69814:2.00 69819:4.00 69820:5.00 70167:1.00 70425:1.00 70429:1.00 70751:2.00 70914:1.00 71361:1.00 71362:1.00 71612:6.00 72119:1.00 72393:1.00 72394:1.00 72634:1.00 73683:1.00 74167:1.00 74174:1.00 74752:1.00 75066:1.00 75070:2.00 75464:1.00 75792:1.00 75796:1.00 75797:2.00 76210:3.00 76513:1.00 76514:1.00
matérialis	70162:1.00
matériau	68280:10.00 68390:2.00 68644:2.00 68886:3.00 70421:1.00 70423:2.00 71612:3.00 71836:1.00 75070:2.00 75462:2.00 75464:2.00 76210:5.00
matériel	68279:2.00 70420:1.00 70914:1.00 73432:1.00 73876:1.00 73877:1.00 74169:1.00 75457:1.00 75796:2.00 76507:1.00
mauric	74454:1.00
maurill	76513:1.00
mauritan	75458:1.00
mauritani	75458:1.00
mauv	67556:1.00 72932:1.00
mauvais	73684:1.00 75459:1.00
maux	74167:1.00
max	73183:1.00
maxillo	71616:1.00
maxim	72932:1.00
maximal	68640:2.00 68886:1.00 69179:2.00 69538:1.00
maximum	68281:2.00 70743:1.00 70916:1.00 76209:1.00
maximus	75460:1.00
mayen	71358:1.00
mayonnais	73185:1.00 74167:1.00 74752:1.00
mazar	76211:1.00
maîtr	70163:1.00 71836:1.00 72631:1.00 72932:1.00 73683:2.00 73685:1.00 74752:1.00 75063:1.00 76509:1.00
maîtress	71836:1.00
maîtris	67390:1.00 67554:1.00 68393:1.00 68885:1.00 69177:1.00 69535:1.00 69543:1.00 70163:1.00 70744:1.00 70915:6.00 71836:1.00 71839:1.00 72392:1.00 72394:1.00 72629:2.00 72633:1.00 73185:1.00 73187:1.00 73683:1.00 74168:1.00 74169:1.00 74745:1.00 74749:1.00 76209:1.00 76511:1.00 76514:1.00
maîtrisent	71836:1.00 74172:1.00 74744:1.00
mba	68276:1.00
mbfh	68642:1.00
me	67383:1.00 68276:1.00 68387:1.00 69812:1.00 69821:1.00 70161:7.00 71835:2.00 72115:1.00 72394:1.00 72932:4.00 73185:1.00 73430:2.00 73684:1.00 74457:1.00
measur	67939:1.00
mech	67938:1.00
mechanic	68639:4.00
mechanical	68881:1.00
mechatronic	73884:2.00
med	67556:5.00
medellin	73875:1.00
medi	70169:1.00 73876:1.00
mediazion	67945:1.00
medicen	67799:1.00 71360:1.00 73184:1.00
medtec	69543:4.00
medtech	71614:14.00
meeting	73884:2.00
meg	68638:1.00 73880:1.00
megamark	72114:1.00
megamix	76511:2.00
megev	73881:1.00
megh	67939:17.00 69177:1.00
mehg	68388:7.00
mei	70161:2.00 75457:3.00
meilleur	67385:1.00 67557:1.00 67795:3.00 67937:1.00 67944:1.00 68281:1.00 68383:1.00 68391:1.00 68638:1.00 69535:1.00 69811:1.00 69816:2.00 69819:1.00 69820:1.00 70163:1.00 70167:1.00 70168:1.00 70748:1.00 70920:1.00 71357:1.00 71361:4.00 71617:1.00 71837:1.00 72115:1.00 72629:1.00 72636:4.00 73185:1.00 73189:1.00 73684:1.00 73876:1.00 73879:1.00 73882:1.00 73883:1.00 74449:1.00 75789:1.00 75796:1.00 76208:1.00 76209:1.00 76211:1.00 76511:1.00
melbourn	75459:1.00
melli	70424:1.00
meltblown	70921:1.00
melun	74172:2.00
membr	67071:1.00 67941:1.00 68383:1.00 68384:1.00 68386:1.00 68393:1.00 68640:1.00 68642:1.00 68646:1.00 69179:2.00 69533:1.00 70163:1.00 70170:1.00 70753:1.00 71358:1.00 71839:1.00 72113:5.00 72932:1.00 73182:1.00 73434:1.00 73683:1.00 74746:1.00 76213:1.00 76511:1.00
membran	67800:1.00 68273:2.00 68387:1.00 69183:2.00 71616:1.00 72116:3.00 72397:9.00 72634:1.00 75067:1.00 75462:1.00
membranair	67391:1.00 72116:3.00 72399:4.00
memolap	75790:1.00
memory	73184:1.00
men	67068:1.00 67389:1.00 67391:1.00 67555:1.00 67795:1.00 67937:2.00 67940:1.00 67945:1.00 68279:2.00 68283:1.00 68385:1.00 68387:2.00 68389:1.00 68390:1.00 68393:2.00 69178:1.00 69533:1.00 69534:1.00 69536:1.00 69537:2.00 69539:1.00 69813:1.00 69816:1.00 69819:2.00 70161:2.00 70163:1.00 70165:1.00 70420:1.00 70422:1.00 70743:1.00 70749:1.00 70753:1.00 71357:1.00 71360:1.00 71612:2.00 71841:1.00 71842:1.00 71843:1.00 72113:1.00 72114:1.00 72115:1.00 72392:1.00 72394:1.00 72396:1.00 72397:1.00 72398:1.00 72630:2.00 72631:1.00 72634:2.00 72637:1.00 72935:1.00 72939:1.00 73182:1.00 73183:1.00 73184:2.00 73189:1.00 73683:1.00 73685:1.00 73688:1.00 73876:2.00 73879:1.00 74168:1.00 74172:1.00 74749:1.00 74750:1.00 75063:1.00 75064:1.00 75065:3.00 75458:3.00 75462:1.00 75463:1.00 75464:2.00 75789:2.00 75790:1.00 75791:1.00 75793:1.00 75794:1.00 76208:1.00 76210:1.00 76510:1.00 76511:1.00
menac	68389:2.00 72632:1.00 74457:1.00 76207:1.00
menon	70161:1.00 70166:1.00 72392:1.00 72933:1.00
mensuel	68889:1.00 69535:1.00
mensur	74170:1.00
mental	72396:1.00
mention	74746:1.00
menu	67555:1.00
menus	76507:1.00
mer	67071:2.00 67555:3.00 67939:1.00 67940:2.00 68883:1.00 69181:1.00 69811:4.00 70164:6.00 70743:3.00 70916:7.00 70917:1.00 71621:5.00 72397:1.00 72932:2.00 73183:1.00 73433:1.00 73434:3.00 73880:3.00 74752:1.00 75460:1.00
mercator	73434:1.00
merck	67798:1.00 71360:1.00 75793:2.00
mercred	70752:2.00
mercur	68388:7.00 73183:1.00
merveil	67938:1.00 69177:1.00 72933:1.00
messag	67386:2.00 67389:3.00 70162:1.00 73182:2.00 74457:1.00 76508:1.00
mesur	67390:1.00 67553:1.00 67554:1.00 67794:1.00 67939:4.00 67946:1.00 68275:1.00 68638:1.00 68646:1.00 68881:2.00 68883:5.00 69179:1.00 69182:1.00 69533:2.00 69537:4.00 69539:1.00 69540:2.00 69811:3.00 69813:1.00 69817:3.00 70165:1.00 70420:3.00 70422:1.00 70424:3.00 70425:1.00 70426:1.00 70914:1.00 70916:4.00 70919:1.00 71359:1.00 71361:1.00 71620:1.00 71838:7.00 71841:2.00 72113:1.00 72114:2.00 72119:1.00 72392:2.00 72397:2.00 72635:1.00 72934:1.00 73430:1.00 73434:3.00 73685:1.00 73688:6.00 73877:1.00 73880:1.00 74168:1.00 74170:1.00 74171:2.00 74449:2.00 75063:1.00 75064:1.00 75067:1.00 75460:1.00 75791:1.00 75793:3.00 75794:1.00 76508:2.00 76511:1.00
mesurent	73877:1.00
met	67068:1.00 67795:1.00 67800:1.00 68391:1.00 69533:1.00 69816:1.00 70753:1.00 70923:3.00 72392:1.00 72397:1.00 72934:1.00 75462:1.00 76516:1.00
metabrain	67799:1.00 71360:2.00
metafun	73432:1.00
metagenopol	73432:4.00
metah	69815:2.00 73432:1.00
metaqu	73432:1.00
metop	69177:1.00
metr	67386:1.00 68275:1.00 68279:2.00 68389:1.00 68883:1.00 69177:1.00 69537:1.00 70163:1.00 70743:2.00 70916:2.00 70919:1.00 71838:1.00 72392:2.00 72397:1.00 73434:1.00 73683:5.00 73688:1.00 74168:1.00 75789:3.00 75794:2.00
mettent	67938:1.00 69183:1.00 70749:1.00 70922:1.00 71621:1.00 73185:1.00
mettr	67383:1.00 67388:1.00 67389:1.00 67938:1.00 68273:1.00 68279:2.00 68383:2.00 68639:1.00 69536:2.00 69541:1.00 69812:1.00 69813:3.00 69818:1.00 70161:1.00 70164:1.00 70422:1.00 70425:1.00 70753:1.00 70920:1.00 70923:1.00 71363:1.00 71614:1.00 71836:1.00 71838:1.00 72114:1.00 72116:1.00 72118:1.00 72395:1.00 72396:1.00 72632:1.00 72933:2.00 72936:1.00 72939:1.00 73185:3.00 73683:1.00 73876:1.00 74169:1.00 74450:3.00 74452:2.00 74457:1.00 74748:1.00 74749:1.00 74750:1.00 75065:2.00 75067:1.00 75458:1.00 75459:2.00 75464:1.00 75789:1.00 75792:1.00 75794:1.00 75795:1.00 76207:1.00 76213:2.00 76508:1.00
mettron	71359:1.00
metz	73875:5.00
meurent	73434:1.00
meurtri	70916:1.00
meut	67553:4.00
mexiqu	69811:1.00 71362:1.00
mgd	67800:3.00
mgdg	67800:1.00
mgp	73432:9.00
mi	68883:1.00 73683:1.00 74450:1.00 75789:1.00
mic	69815:1.00 73184:1.00
mical	70746:1.00 73432:2.00
micel	67558:3.00
michael	67389:1.00 68881:4.00 74450:3.00
michaël	74450:2.00
michel	68279:1.00 68387:1.00 68638:2.00 70914:1.00 72400:1.00 73184:1.00 73187:1.00 73878:1.00 73879:1.00 74170:1.00 74450:1.00 74746:4.00 75461:1.00 75793:2.00 76508:3.00 76511:6.00
michelin	73687:1.00 73875:1.00
micro	67068:1.00 67385:9.00 67939:5.00 68639:1.00 68881:1.00 68886:2.00 69177:1.00 69186:1.00 69814:1.00 69818:6.00 70425:5.00 72634:1.00 73190:1.00 73432:1.00 73691:1.00 74174:2.00 75071:1.00 75460:4.00 76213:1.00 76507:1.00
microalgu	68385:2.00 72121:2.00 73433:7.00 74170:1.00
microb	70420:1.00
microbien	67388:1.00 67937:1.00 69812:6.00 70745:1.00 71837:2.00
microbiolog	68643:1.00 68882:1.00 68885:1.00 69183:2.00 69812:6.00 69813:1.00 70746:2.00 71837:1.00 72394:1.00 72634:1.00
microbiot	69815:3.00 73432:9.00 76213:1.00
microbolometr	67796:1.00
microcapsul	70166:4.00
microcircuit	70167:1.00
microcred	73185:1.00
microdomain	72116:3.00
microencapsul	70166:6.00 75462:1.00
microenviron	72116:1.00
microfissur	68886:5.00
microfluid	76208:2.00
microgl	68388:1.00
micrometr	68391:1.00 70163:1.00 70425:1.00 73189:1.00
micron	67558:1.00 68641:3.00 69540:2.00 69819:1.00 70425:2.00
microorgan	68643:2.00 68885:1.00 69817:1.00 70420:4.00 70746:1.00 71837:1.00 72116:1.00 73432:1.00 76213:4.00 76511:1.00
microprocesseur	70423:3.00 70747:1.00
microsatellit	67942:1.00 69179:1.00
microscop	67390:1.00 67558:1.00 68387:1.00 68391:2.00 68886:4.00 69539:2.00 69540:1.00 70166:1.00 70423:1.00 72119:2.00 72397:1.00 73189:1.00 74451:2.00 75070:3.00 76208:1.00 76210:1.00
microsoft	76207:1.00
microsymbiont	71837:1.00
microsystem	68644:3.00
microtechn	71359:1.00 74455:2.00
microélectron	67383:2.00 67554:3.00 68391:1.00 68881:1.00 72635:3.00
mid	68276:2.00 70170:2.00 70916:1.00 73182:1.00 73434:1.00 73875:1.00 73884:2.00 74450:2.00 74748:4.00 75066:5.00 75457:1.00 75458:1.00 75789:1.00 76512:1.00 76516:1.00
midinnov	74748:6.00
mieux	67071:1.00 67387:2.00 67555:3.00 67557:1.00 67794:1.00 67800:1.00 67937:1.00 67939:2.00 67943:1.00 68885:1.00 68886:1.00 69181:2.00 69811:1.00 69812:3.00 69813:1.00 70161:1.00 70164:1.00 70420:1.00 70423:1.00 70745:1.00 70749:1.00 70916:2.00 70922:1.00 72113:1.00 72115:2.00 72396:1.00 72397:2.00 72634:1.00 72932:2.00 72940:2.00 73182:2.00 73183:2.00 73189:3.00 73430:1.00 73432:2.00 73683:1.00 73685:1.00 73688:1.00 73877:4.00 73878:1.00 73880:1.00 74172:1.00 74451:1.00 74455:1.00 74749:2.00 74750:1.00 75066:1.00 75069:2.00 75458:1.00 75459:1.00 75462:1.00 75788:1.00 75790:2.00 75794:1.00 76206:1.00 76213:2.00
migr	68389:3.00 71837:1.00 71842:1.00
migrat	68388:1.00 68389:2.00
migrateur	67937:1.00 70917:1.00
mil	74170:3.00 75458:1.00
milan	76511:1.00
mildiou	73877:1.00
miliair	73431:1.00
milieu	67068:1.00 67554:1.00 67798:1.00 68387:1.00 68883:1.00 69821:1.00 70162:1.00 70428:1.00 70917:1.00 71358:1.00 71620:1.00 71621:1.00 72630:1.00 72934:1.00 73183:2.00 73434:1.00 73684:1.00 75457:2.00 75458:2.00 76213:1.00
milieux	68639:1.00 69535:1.00 69536:1.00 70161:1.00 71618:1.00 71837:1.00 72634:1.00 74750:1.00 75458:2.00
milit	74175:1.00
militair	67386:1.00 67796:1.00 68392:1.00 68638:2.00 71358:1.00 71836:4.00 71839:2.00 71840:1.00 72113:1.00 72114:1.00 73879:1.00 74167:4.00 74744:1.00
militaro	67068:1.00
mill	67558:1.00 68883:3.00 70425:1.00 72396:1.00 72397:1.00 72934:1.00
millb	69534:1.00
milli	69817:1.00 70167:1.00 70420:2.00 70421:1.00 71835:1.00 72115:1.00 72118:1.00 76208:1.00
milliard	67071:1.00 67794:6.00 68383:1.00 69538:1.00 69540:1.00 69811:1.00 69813:1.00 69815:1.00 70424:1.00 70914:1.00 71360:1.00 71366:1.00 71840:1.00 72114:1.00 72392:1.00 72934:1.00 73878:1.00 73879:1.00 74746:1.00 75795:2.00 76213:2.00
milliem	72934:1.00
millilitr	67388:1.00
millimetr	70425:1.00 73189:1.00 75458:1.00 75791:1.00
million	67387:1.00 67557:2.00 67799:1.00 67802:1.00 68275:1.00 68277:1.00 68279:2.00 68638:1.00 69181:1.00 69534:1.00 69538:2.00 69812:1.00 69813:2.00 69815:4.00 70164:1.00 70424:2.00 70747:1.00 70914:1.00 70916:1.00 71359:1.00 71360:2.00 71361:3.00 71616:3.00 71837:2.00 72114:1.00 72115:1.00 72118:3.00 72631:1.00 72633:1.00 72934:1.00 72935:5.00 73183:5.00 73431:1.00 73432:3.00 73684:1.00 73686:1.00 73875:2.00 73878:1.00 74169:1.00 74450:1.00 74451:1.00 74746:2.00 74749:1.00 75065:3.00 75461:1.00 75466:1.00 75795:2.00 76507:1.00 76508:2.00 76510:2.00
millioniem	70919:1.00
millipol	67941:1.00
millon	72935:1.00
millénair	70745:1.00
mim	73184:1.00
mimet	72114:1.00
min	68281:1.00 68638:2.00 68639:1.00 68642:6.00 70161:1.00 70165:2.00 71614:1.00 72115:1.00 73182:1.00 73430:15.00 73684:1.00 74167:1.00 74175:1.00 74450:4.00 75464:3.00
minc	67554:1.00 67558:1.00 70423:4.00 70749:1.00 71840:1.00 72114:1.00 74744:1.00
minet	67386:1.00
mini	71836:1.00 73430:1.00 75792:1.00 75794:1.00
miniaturis	68881:2.00 70167:1.00 70423:1.00 70747:1.00 72635:3.00 75070:1.00 75792:1.00
minimal	68882:1.00 69540:2.00
minimis	67386:1.00
minimum	68279:1.00 69185:1.00 69540:2.00 71357:1.00 75457:1.00
minister	68277:1.00 68888:1.00 69177:1.00 69180:1.00 69181:2.00 70169:1.00 70914:1.00 72113:1.00 72393:1.00 72933:1.00 73430:1.00 73683:1.00 73687:1.00 74746:1.00 75068:1.00 75458:1.00 76208:1.00 76513:1.00
ministr	67068:1.00 67071:1.00 68888:2.00 69177:1.00 70914:4.00 70915:1.00 71620:1.00 71837:3.00 72393:1.00 72933:3.00 73182:2.00 74456:1.00 74746:3.00
ministériel	69177:1.00 74746:1.00
minut	68280:1.00 68281:3.00 68640:1.00 68881:1.00 69182:1.00 70744:1.00 71359:1.00 71843:1.00 73438:1.00 73689:1.00 73691:1.00 74168:2.00 74748:1.00 75066:1.00 76212:1.00
minuti	72939:1.00
minéral	67388:2.00 68279:1.00 68280:1.00 68642:2.00 71612:1.00 72630:1.00
mir	70163:8.00
miracl	72932:1.00 74457:1.00
mirim	70163:3.00
miroir	67068:1.00 67938:1.00 71836:1.00
mis	67383:1.00 67385:1.00 67386:1.00 67387:2.00 67554:1.00 67555:1.00 67798:1.00 67800:1.00 67937:1.00 67939:2.00 67942:1.00 68273:1.00 68276:1.00 68277:1.00 68281:1.00 68384:2.00 68385:1.00 68386:1.00 68643:1.00 68881:1.00 68882:3.00 68885:2.00 68887:3.00 69177:4.00 69181:1.00 69183:2.00 69534:1.00 69536:1.00 69537:1.00 69538:1.00 69811:1.00 69818:1.00 70162:1.00 70166:3.00 70167:1.00 70420:1.00 70422:2.00 70425:1.00 70743:1.00 70747:1.00 70748:1.00 70914:2.00 70919:1.00 70921:1.00 70923:1.00 71357:2.00 71358:2.00 71359:1.00 71612:1.00 71615:1.00 71617:1.00 71618:1.00 71621:1.00 71836:3.00 71838:2.00 71843:1.00 72114:5.00 72115:1.00 72118:1.00 72393:1.00 72394:1.00 72629:1.00 72631:1.00 72634:2.00 72934:1.00 72939:1.00 73185:2.00 73430:1.00 73432:2.00 73434:3.00 73435:1.00 73683:2.00 73684:1.00 73685:1.00 73876:2.00 74167:3.00 74169:1.00 74173:1.00 74175:1.00 74449:1.00 74450:2.00 74453:2.00 74455:1.00 74745:1.00 74746:1.00 75063:1.00 75065:3.00 75069:1.00 75457:2.00 75458:1.00 75790:1.00 75791:1.00 75793:2.00 75795:1.00 76207:1.00 76210:1.00 76507:3.00 76508:1.00 76510:1.00 76512:1.00
missil	71839:1.00
mission	67795:1.00 67939:17.00 67940:1.00 67942:3.00 68393:1.00 68645:1.00 68881:1.00 68883:3.00 68884:1.00 68885:2.00 69177:4.00 69179:1.00 69534:1.00 69811:2.00 70163:1.00 70170:1.00 70422:3.00 70424:4.00 70923:1.00 71359:1.00 71362:1.00 72113:5.00 72393:2.00 72394:1.00 72629:2.00 73430:2.00 73434:7.00 73688:2.00 73880:8.00 74170:2.00 74172:1.00 74450:1.00 74746:1.00 75064:1.00 75789:4.00 76207:1.00 76211:1.00
mistral	70916:2.00
mit	70161:1.00 70422:1.00 73876:1.00 76208:4.00
mixt	67068:1.00 67388:1.00 67556:1.00 67944:1.00 68278:3.00 68279:1.00 68385:1.00 68387:1.00 68639:1.00 68883:1.00 68885:1.00 69180:4.00 69184:1.00 69538:1.00 69812:1.00 70420:1.00 70743:1.00 70745:1.00 71612:1.00 71837:1.00 72630:1.00 72631:1.00 73184:1.00 73431:1.00 73683:2.00 75458:2.00 75459:1.00 75793:1.00 76514:1.00
mk	74746:1.00
mm	67554:2.00 68886:2.00
mmc	74750:1.00
mnhn	73183:1.00
mobil	67071:1.00 67386:3.00 67799:1.00 68279:1.00 69181:1.00 69184:1.00 69535:1.00 70420:1.00 70746:3.00 70916:1.00 71359:1.00 72114:1.00 72116:1.00 72400:2.00 73436:1.00 74171:2.00 74456:6.00 75792:1.00 76508:3.00 76509:2.00
mobili	72114:1.00 73876:1.00
mobilis	67071:1.00 67554:1.00 68275:2.00 68882:1.00 69181:1.00 69533:1.00 69541:1.00 70164:1.00 70915:1.00 71359:2.00 75066:1.00
mobisic	69814:1.00
mod	67388:2.00 68275:1.00 68389:1.00 68644:1.00 68645:1.00 70162:1.00 70164:1.00 70751:1.00 71835:1.00 72116:1.00 72394:1.00 72396:1.00 72637:1.00 72933:1.00 73430:1.00 73683:1.00 73876:2.00 74167:2.00 74450:1.00 75064:1.00 75068:1.00 75788:1.00 75793:1.00 76516:1.00
modal	69182:1.00 75790:1.00
model	67385:2.00 67387:3.00 67390:2.00 67798:1.00 67938:2.00 67939:4.00 68277:1.00 68279:1.00 68388:1.00 68645:1.00 68882:3.00 68888:1.00 69182:1.00 69184:1.00 69533:5.00 69535:3.00 69816:6.00 70161:2.00 70421:1.00 70425:2.00 70426:1.00 70745:1.00 70916:6.00 70922:1.00 71618:5.00 71837:1.00 72114:1.00 72116:1.00 72635:1.00 72936:1.00 73184:3.00 73185:1.00 73431:1.00 73875:1.00 73877:2.00 73881:1.00 74456:1.00 74751:5.00 75064:1.00 75065:1.00 75457:1.00 75463:1.00 76211:1.00 76213:1.00 76507:1.00
modem	76508:1.00
moder	68387:2.00 69816:1.00 70743:1.00 71358:2.00 74746:1.00
modern	68643:1.00 72933:1.00 73877:1.00 74746:1.00 76508:1.00
modernis	73182:2.00
modest	72932:1.00
modif	67389:1.00 67390:3.00 67938:1.00 67942:2.00 68646:1.00 69184:1.00 69811:1.00 69816:1.00 70745:2.00 72116:1.00 72933:1.00 73430:1.00 75463:2.00 75793:1.00
modifi	67388:1.00 67556:2.00 67800:1.00 68887:1.00 69183:3.00 69184:1.00 69539:2.00 69811:1.00 70162:1.00 70167:1.00 70425:1.00 70745:1.00 70917:1.00 72116:1.00 72632:1.00 72933:1.00 73182:1.00 73430:1.00 75459:1.00 75463:1.00 75790:1.00 76213:2.00
modul	67390:1.00 67554:1.00 68273:4.00 70162:2.00 70420:1.00 71618:2.00 72114:3.00 72116:2.00 74451:1.00 75459:1.00 75793:1.00 76507:2.00
modulent	67388:1.00
modélis	67385:1.00 67387:1.00 67942:1.00 68645:2.00 69180:1.00 69533:1.00 70162:1.00 70914:1.00 70916:2.00 72939:3.00 73189:1.00 74453:1.00 74456:1.00 74744:1.00 74745:2.00 74751:1.00 75796:1.00
moel	67802:1.00 70744:1.00
mohamed	72936:1.00
mohammad	73185:1.00
moho	73880:1.00
moi	70161:4.00 72394:1.00 72636:1.00 72932:1.00 73430:1.00
moin	67553:1.00 67554:2.00 67794:2.00 67801:3.00 67938:1.00 67939:1.00 68279:1.00 68383:1.00 68389:1.00 68640:1.00 68643:1.00 68881:2.00 68883:1.00 68886:2.00 69178:2.00 69533:1.00 69534:2.00 69811:1.00 69814:1.00 69818:1.00 69819:2.00 70161:1.00 70165:2.00 70166:1.00 70424:1.00 70744:1.00 70747:1.00 70921:1.00 71357:1.00 71359:2.00 71614:1.00 71615:4.00 71617:2.00 71621:2.00 71835:3.00 71836:1.00 71837:1.00 71841:1.00 71843:1.00 72117:1.00 72119:1.00 72393:1.00 72397:1.00 72631:1.00 72932:1.00 72934:1.00 73184:1.00 73432:1.00 73437:1.00 73683:2.00 73684:2.00 73877:2.00 73879:1.00 74167:2.00 74168:1.00 74169:2.00 74173:2.00 74176:1.00 74455:1.00 74745:3.00 74752:2.00 75064:1.00 75067:1.00 75459:1.00 75460:1.00 75462:1.00 75789:1.00 75790:1.00 75794:1.00 76206:1.00 76208:1.00 76210:1.00 76213:2.00 76511:1.00
moindr	67385:1.00 67386:2.00 72934:1.00 73431:1.00 74167:1.00 75463:1.00
mois	67388:1.00 67553:1.00 67558:1.00 67801:2.00 67802:1.00 67937:1.00 68273:2.00 68274:1.00 68279:1.00 68388:1.00 68887:1.00 69177:2.00 69185:1.00 70161:2.00 70162:1.00 70420:1.00 70421:1.00 70422:1.00 70743:1.00 70923:1.00 71359:1.00 71612:2.00 71614:1.00 71616:1.00 71841:1.00 71842:1.00 72114:1.00 72119:1.00 72395:3.00 72396:1.00 72629:2.00 72630:1.00 72932:3.00 72933:1.00 73182:1.00 73183:1.00 73185:2.00 73430:1.00 73431:1.00 73875:1.00 73879:1.00 74167:1.00 74170:1.00 74171:1.00 74172:1.00 74451:3.00 74750:1.00 75063:1.00 75065:4.00 75069:1.00 75457:2.00 75458:2.00 75788:1.00 75789:1.00 75794:1.00
moisson	70749:1.00 73434:1.00
moiti	67556:1.00 68274:1.00 68646:2.00 70753:1.00 71359:1.00 71840:1.00 72630:1.00 73183:1.00 73684:2.00 73685:1.00 74172:1.00 75064:1.00
mol	69178:1.00
molecular	68387:2.00 73183:1.00
moll	68280:1.00 74750:1.00
mollard	68887:2.00
moltech	73436:2.00
molécul	67390:2.00 67558:5.00 67800:4.00 68387:4.00 68390:2.00 68646:1.00 69183:2.00 69539:4.00 70167:2.00 70425:7.00 70747:1.00 70914:2.00 70919:7.00 70922:5.00 71843:1.00 72115:1.00 72116:2.00 72118:3.00 72119:2.00 72394:1.00 72634:1.00 73187:1.00 73433:1.00 73436:10.00 73688:1.00 73878:1.00 75065:1.00 75070:3.00 75459:1.00 76206:3.00 76511:4.00 76512:1.00
moléculair	67556:4.00 67800:4.00 67802:1.00 68280:1.00 68641:1.00 68643:2.00 69183:2.00 69534:1.00 69812:4.00 70426:1.00 70919:1.00 71837:2.00 72115:1.00 72119:2.00 72631:1.00 72634:1.00 73184:1.00 73436:3.00 74750:2.00 74752:3.00 75070:2.00 75790:3.00
moment	67068:1.00 67389:1.00 67555:1.00 67939:1.00 68643:2.00 69177:2.00 70749:1.00 71617:1.00 72629:1.00 72932:1.00 73183:1.00 73187:1.00 73685:1.00 73691:1.00 75063:1.00 75064:1.00 75065:1.00 75792:1.00 76511:1.00
mon	67383:1.00 67938:1.00 68274:5.00 69812:1.00 70161:1.00 71835:2.00 72115:1.00 72932:1.00 75459:1.00 76213:1.00
monaco	73183:2.00
monat	76207:1.00
mond	67383:1.00 67387:4.00 67391:1.00 67794:3.00 67795:2.00 67802:2.00 67937:1.00 67938:2.00 67939:2.00 68274:1.00 68276:1.00 68383:1.00 68392:2.00 68638:6.00 68640:4.00 68881:4.00 69179:1.00 69181:1.00 69534:1.00 69535:1.00 69537:1.00 69811:1.00 69813:1.00 69817:1.00 69820:2.00 70161:3.00 70420:1.00 70421:1.00 70422:1.00 70429:1.00 70743:1.00 70748:1.00 70914:1.00 70916:2.00 70920:1.00 70921:1.00 71357:3.00 71358:4.00 71359:1.00 71366:1.00 71612:1.00 71618:1.00 71621:1.00 71835:1.00 71837:1.00 71843:1.00 72113:2.00 72115:2.00 72116:1.00 72392:1.00 72396:1.00 72401:1.00 72629:4.00 72631:1.00 72635:1.00 72932:1.00 72933:1.00 72935:1.00 72939:1.00 73182:1.00 73183:2.00 73185:3.00 73430:2.00 73431:1.00 73432:2.00 73433:1.00 73436:1.00 73683:1.00 73878:1.00 73880:1.00 74167:1.00 74168:4.00 74169:1.00 74170:3.00 74176:1.00 74450:2.00 74454:1.00 74455:1.00 74744:1.00 74745:1.00 74752:3.00 75065:2.00 75068:1.00 75457:1.00 75459:1.00 75796:1.00 75797:1.00 76207:1.00 76211:1.00 76213:2.00 76507:1.00 76515:1.00
mondel	75793:1.00
mondial	67071:1.00 67383:3.00 67391:2.00 67557:1.00 67795:2.00 67796:1.00 67798:1.00 67937:2.00 67939:2.00 67941:1.00 67943:1.00 68383:4.00 68638:2.00 68881:2.00 69178:3.00 69179:1.00 69181:1.00 69533:1.00 69535:1.00 69538:1.00 69811:1.00 69812:1.00 69814:1.00 69815:1.00 69820:1.00 70164:1.00 70170:1.00 70426:1.00 70743:1.00 70914:2.00 70917:1.00 71359:1.00 71360:1.00 71363:1.00 71614:1.00 71619:2.00 71840:2.00 72117:1.00 72393:3.00 72633:1.00 72933:3.00 72934:1.00 72935:2.00 72938:1.00 72939:1.00 73186:1.00 73435:1.00 73877:1.00 74453:2.00 74454:2.00 74744:2.00 74745:2.00 74746:1.00 75064:1.00 75068:1.00 75465:1.00 75466:1.00 76207:1.00 76211:1.00 76515:1.00
mondialis	69535:1.00 70422:1.00 74457:1.00
monitoring	69811:1.00
monnet	68392:2.00
mono	70921:1.00
monoclonal	72938:1.00
monocorp	69179:1.00
monocouloir	74745:1.00
monocultur	69537:1.00
monocytogen	70746:1.00
monod	70922:1.00
monolith	69179:2.00
monomod	72934:1.00
monopolis	68642:1.00
monsieur	74749:1.00
mont	67799:1.00 69541:1.00 69812:1.00 69815:1.00 72114:1.00 72118:1.00 72634:2.00 72934:1.00 73182:1.00 73185:3.00 73430:2.00 73434:1.00 73683:1.00 73876:1.00 75068:1.00 75789:1.00 76209:1.00 76510:1.00
montag	72634:2.00 73683:1.00
montagn	67068:1.00 67555:1.00 68389:4.00 70165:4.00 73881:4.00 75792:1.00
montagnard	68389:1.00
montbard	68387:2.00
montebourg	72933:3.00 73182:1.00 74746:1.00
monteil	72118:1.00
montent	75066:1.00
montlou	72933:1.00
montpelli	67383:4.00 67387:2.00 67392:1.00 67800:1.00 68275:1.00 68887:1.00 69179:1.00 69182:3.00 69537:1.00 69817:1.00 71614:1.00 72121:2.00 72938:1.00 73184:2.00 73430:2.00 73684:1.00 74453:1.00 75464:1.00
montpelliérain	71614:1.00
montr	67387:2.00 67390:1.00 67554:1.00 67558:2.00 67794:2.00 67795:1.00 67800:1.00 67937:1.00 67938:1.00 67942:2.00 68274:1.00 68281:1.00 68387:1.00 68388:4.00 68389:1.00 68882:1.00 68887:1.00 69534:1.00 69535:1.00 69816:2.00 70423:1.00 70744:2.00 70746:1.00 70753:1.00 70914:1.00 70915:1.00 70919:1.00 70921:1.00 71835:1.00 71843:2.00 71845:1.00 72113:3.00 72122:1.00 72631:2.00 72632:1.00 72635:1.00 72934:1.00 73184:1.00 73431:2.00 73689:1.00 74167:1.00 74173:1.00 74449:3.00 74749:1.00 75065:3.00 75463:1.00 75794:1.00 76206:1.00 76209:1.00 76511:2.00
montrent	68886:1.00 69533:1.00 72635:1.00 73184:1.00 75463:1.00
monumental	69821:2.00
mooc	73876:1.00
moodboard	76212:1.00
moor	67554:1.00
mor	70425:1.00
morceau	74750:3.00
mordr	75458:1.00
mordus	71843:1.00
morpho	72633:6.00
morpholog	68390:2.00 72632:1.00
morro	75788:3.00
mort	68274:1.00 68388:1.00 75065:2.00
mortal	69816:1.00
mosaïqu	71621:1.00
moscou	72396:1.00
mosser	72940:1.00
mot	67553:1.00 68383:1.00 69179:1.00 70420:1.00 70744:2.00 71835:2.00 73182:1.00 73437:1.00 74167:1.00 74455:1.00 74746:1.00 74752:1.00 75459:2.00 76213:1.00 76507:1.00 76508:1.00
moteur	67797:1.00 67940:2.00 68646:1.00 68883:2.00 69179:4.00 69814:2.00 71617:1.00 72114:1.00 72119:6.00 72933:1.00 73430:1.00 73438:1.00 74171:1.00 74744:1.00 74745:2.00 74751:1.00 75066:5.00 75797:1.00 76210:2.00
motif	67554:1.00 67795:1.00 68390:2.00 71835:1.00 75066:1.00 75458:1.00 76511:1.00
motion	71614:1.00 75791:1.00
motiv	71359:1.00 72932:2.00
motor	72113:1.00 74745:1.00
motoris	69814:1.00 71836:1.00 75066:1.00
motric	74173:1.00
motriqu	68277:1.00 68646:2.00
mouch	67937:4.00
mougin	72634:1.00
mouill	67938:1.00
moul	67390:2.00
mour	67798:1.00 67802:1.00
mourou	68638:4.00 72934:1.00
mouss	67558:16.00 74752:1.00 75794:12.00
mousson	75458:1.00
moustiqu	69813:6.00
mouton	75458:1.00
mouv	67941:1.00 68276:1.00 68646:2.00 70161:1.00 70162:1.00 70421:3.00 70744:11.00 70746:1.00 71614:3.00 72119:1.00 73688:3.00 74171:7.00 74746:1.00 75064:1.00 75794:1.00
mouvoir	75064:1.00
moveo	71358:1.00
moyen	67391:1.00 67556:1.00 67558:1.00 68273:1.00 68281:2.00 68383:2.00 68387:2.00 68389:2.00 68638:1.00 68639:1.00 68643:1.00 68881:1.00 68883:1.00 68887:1.00 69177:1.00 69178:2.00 69179:1.00 69185:1.00 69540:2.00 69541:1.00 69812:1.00 69816:1.00 69821:1.00 70162:2.00 70163:3.00 70420:2.00 70914:1.00 70916:4.00 70920:1.00 70923:1.00 71357:2.00 71366:1.00 71614:1.00 71835:1.00 71840:1.00 72395:2.00 72630:1.00 72934:2.00 73185:2.00 73431:1.00 74167:3.00 74455:1.00 74456:1.00 74457:1.00 74744:1.00 74745:1.00 75065:1.00 75068:1.00 75458:1.00 75461:1.00 75792:1.00 75793:1.00 76508:1.00 76510:1.00
mozamb	73875:1.00
moût	76512:1.00
mp	70914:1.00
mpi	74748:2.00 75066:1.00
mraih	70923:1.00
msh	72939:1.00
msl	69177:1.00
msu	67943:1.00
mt	68273:2.00
mturquois	69539:2.00
muhammad	73185:1.00
mulhous	73187:1.00 74453:1.00
mult	67068:1.00 68639:1.00 70163:1.00 70745:1.00 71361:1.00 74176:1.00
multicentr	70918:1.00
multiculturel	67944:1.00
multidisciplinair	69813:1.00 71359:1.00 71615:1.00
multifonctionnel	68639:1.00
multilicent	68275:1.00
multimedi	70914:1.00 73876:1.00
multimédi	67068:1.00
multipl	67553:1.00 68383:1.00 68881:1.00 68882:1.00 68886:1.00 69179:1.00 70423:1.00 71839:1.00 72394:1.00 72630:2.00 72937:1.00 72940:1.00 73434:1.00 74167:1.00 75458:1.00 75788:2.00 76511:1.00
multiplatform	73190:1.00
multipli	67802:1.00 70425:1.00 72394:2.00 73430:1.00
multiplient	71357:1.00 72633:1.00 73685:1.00
multiproté	67556:1.00
multisystématis	68646:1.00
multitud	70916:1.00 71359:1.00 71621:1.00 72934:1.00 73684:1.00 73876:1.00 73877:1.00 73879:1.00 73880:1.00
multivalent	72935:1.00
mun	73190:1.00
munich	68393:1.00
muon	73688:1.00
muqueux	70918:2.00 75790:1.00
mur	67068:1.00 70162:1.00 73430:1.00 74168:1.00
muraill	75458:15.00
muri	70425:2.00
muriel	69813:1.00
mus	71837:1.00 73683:3.00 73875:1.00 73876:1.00 75788:3.00
muscad	67555:2.00
muscarin	72115:1.00
musculair	67799:1.00 70918:3.00 72115:1.00
musculo	75791:1.00
musicolog	72939:1.00
musiqu	71835:3.00 72114:1.00 72933:1.00 72939:1.00
muséograph	73683:1.00
muséum	67071:1.00 75788:3.00
mut	67556:1.00 67937:1.00
mutat	67556:3.00 72395:1.00 72933:1.00 73430:1.00
mutual	70420:1.00
mutualis	71845:1.00
mutuel	70164:1.00
mw	72397:1.00 74168:1.00
myocard	68387:5.00
myolog	67799:1.00 71360:1.00
myriad	67942:1.00 69177:1.00 76207:1.00
myrrh	69178:1.00
myrt	68884:4.00
myrtill	68273:1.00
myster	75794:1.00
mystéri	70424:2.00 73880:1.00
mythiqu	69542:1.00
mâcon	74749:1.00
mâl	72632:4.00
mènent	70745:1.00 72392:1.00 72393:1.00
mécan	67555:1.00 67800:1.00 67937:3.00 67938:1.00 67942:1.00 68276:1.00 68279:1.00 68385:1.00 68388:1.00 68393:1.00 68639:4.00 68643:1.00 68881:1.00 69533:1.00 69811:2.00 69813:2.00 69819:1.00 70161:1.00 70163:1.00 70165:1.00 70746:1.00 70914:1.00 70919:1.00 70922:1.00 71358:1.00 71361:1.00 71615:1.00 71616:1.00 71836:1.00 71837:1.00 72116:1.00 72398:1.00 72631:1.00 72636:2.00 72933:1.00 73184:1.00 73186:1.00 73432:1.00 73687:2.00 74453:4.00 74455:1.00 74745:1.00 74750:1.00 74751:1.00 75063:1.00 75065:3.00 75464:1.00 75790:2.00 75791:1.00 76511:1.00 76514:1.00
mécatron	67941:2.00 68393:1.00 73884:5.00
méconnu	73183:1.00
mécénat	75458:1.00
médaill	67068:1.00 67383:3.00 67937:4.00 68276:1.00 70161:1.00 71835:3.00 72636:3.00 72932:4.00 73183:1.00 73684:1.00 74750:1.00
médaillon	69816:1.00
médecin	67068:1.00 67937:6.00 67940:1.00 68387:2.00 68881:1.00 69815:2.00 70745:1.00 71616:1.00 72113:1.00 72401:1.00 73187:1.00 73431:2.00 73691:1.00 73879:1.00 74173:1.00 74455:1.00 75458:2.00 75790:1.00 76509:1.00
médi	67937:1.00 70915:1.00 72634:1.00 72933:1.00 73876:1.00 74167:1.00 74455:1.00
médian	72632:1.00 75065:1.00
médiateur	67556:1.00
médic	67390:1.00 68646:1.00 69815:1.00 70914:1.00 71360:4.00 72115:1.00 72116:1.00 72938:3.00 73184:1.00 73187:7.00 73878:3.00 74453:1.00 75065:2.00 75458:1.00
médical	67389:1.00 67798:1.00 67937:2.00 67940:4.00 67941:1.00 68881:1.00 69543:5.00 69815:1.00 71616:1.00 71841:1.00 72117:1.00 73431:1.00 73432:2.00 73877:1.00 74453:1.00 74454:2.00 74746:1.00 74750:2.00 75067:1.00 75458:1.00 76208:2.00 76507:1.00 76511:1.00
médicinal	76516:1.00
médiocr	72934:1.00
médiqu	67798:1.00 75793:2.00
médit	70429:1.00 72401:1.00
méditerran	67385:1.00 67389:1.00 69183:1.00 70916:5.00 73683:2.00 75064:1.00 75066:1.00
méditerranéen	68387:1.00 70916:6.00 72632:1.00 73683:1.00 73688:1.00
méfianc	72631:1.00
mélang	67558:1.00 68644:1.00 69819:2.00 70166:1.00 72113:1.00 73878:1.00 75464:1.00 76511:3.00
mémoir	67386:1.00 67554:1.00 67798:1.00 68277:1.00 68887:5.00 69540:1.00 73184:1.00 73876:1.00 73879:1.00 76515:10.00
mémoris	67389:3.00 67556:1.00 68887:1.00 76206:1.00 76509:1.00
ménach	74744:1.00
ménag	68883:1.00 76511:1.00
ménager	75458:1.00
ménopaus	69184:1.00
mérieux	71616:1.00
mérit	67794:1.00 68274:1.00 70161:1.00 70915:1.00 73182:2.00
mériton	68383:1.00
métabol	67556:1.00 67800:3.00 68385:1.00 68387:1.00 69815:1.00 71360:1.00 71837:2.00 73184:1.00 73432:1.00 75459:1.00
métabolis	75790:1.00
métabolom	67391:1.00
métagénom	69815:2.00 73432:1.00 76213:1.00
métal	68280:1.00 68388:1.00 68642:3.00 70167:1.00 71612:1.00 73687:1.00 75066:2.00 75792:8.00
métall	71612:1.00 76210:1.00
métallurg	72113:4.00 75792:1.00
méteo	73434:1.00
méthan	69811:1.00
méthanis	67385:1.00 69538:1.00 72121:1.00 73690:3.00
méthaniseur	67385:1.00
méthod	67392:2.00 67800:2.00 68275:1.00 68639:1.00 68643:1.00 68885:2.00 69183:5.00 69537:1.00 69813:1.00 69814:1.00 69817:1.00 69819:1.00 70424:1.00 70914:1.00 70923:1.00 71359:2.00 71838:2.00 72118:1.00 72395:1.00 72397:1.00 72630:2.00 73431:2.00 73432:1.00 73683:1.00 73685:1.00 73688:1.00 73876:5.00 74173:1.00 74449:1.00 74744:1.00 74750:1.00 74751:1.00 75068:2.00 75460:1.00 76207:4.00 76509:3.00
méthodolog	68886:1.00 69179:1.00 73431:1.00 73685:1.00 75793:1.00 76206:1.00
méthylen	72118:1.00
méthylmercur	68388:1.00
méti	67068:1.00 68276:9.00 68393:4.00 69535:1.00 69812:1.00 70161:8.00 70165:1.00 70421:1.00 70422:15.00 70923:6.00 71614:1.00 72114:1.00 72115:1.00 72392:1.00 72636:2.00 72637:1.00 72932:3.00 73687:3.00 73877:2.00 73879:1.00 73882:5.00 74744:1.00 74752:1.00 75457:13.00 75791:1.00
méticul	75458:1.00
métrolog	73430:2.00 74451:1.00 75064:1.00 76207:1.00
métropol	73683:2.00
métropolis	69535:1.00
métropolitain	69181:2.00 69535:1.00
météo	67071:1.00 67803:1.00 67939:2.00 69533:1.00 69813:1.00 70916:10.00 75789:1.00
météorolog	67939:5.00 68645:1.00 69177:2.00 70914:1.00 70916:5.00 71617:1.00 71836:1.00 75789:1.00
mêlent	73876:1.00
mûr	71614:1.00
n	70425:2.00
nacl	67388:1.00
naco	74174:1.00
nacr	76210:6.00
nahum	71614:7.00
naiss	71358:1.00 76509:1.00
naissanc	67555:1.00 68638:1.00 68881:1.00 68882:1.00 68885:1.00 70428:1.00 70749:1.00 71835:2.00 74168:1.00 74174:1.00
naissent	73434:1.00
nalin	72932:9.00
nancy	69186:1.00 71837:2.00
nano	67390:1.00 68639:1.00 68644:1.00 68881:1.00 69177:1.00 69814:1.00 70167:3.00 70423:2.00 70747:4.00 70919:1.00 72119:3.00 72397:1.00 72635:1.00 73184:1.00 73190:1.00 74174:2.00 75065:1.00 75464:1.00
nanobiotechnolog	72121:2.00
nanobiotix	75065:1.00
nanocharg	75464:1.00
nanoconstruct	74174:4.00
nanocristal	74750:1.00
nanoelectromechanical	70919:1.00
nanofil	70167:2.00 72635:4.00
nanoformul	75065:1.00
nanoh	74174:3.00
nanomanipul	70922:1.00
nanomatérial	67390:1.00 68640:1.00 70425:1.00 70429:1.00 75789:1.00
nanometr	67558:1.00 68391:3.00 68881:2.00 70167:2.00 70423:2.00 70747:3.00 72116:1.00 72119:3.00 72397:1.00 72635:6.00 72934:1.00 74451:1.00 75065:1.00
nanomédecin	75065:1.00
nanomédic	75065:1.00
nanoobjet	75067:1.00
nanoparticul	68644:4.00 70429:5.00 70747:2.00 74174:1.00 74750:9.00 75065:1.00 75067:2.00 76511:1.00
nanosatellit	69177:1.00
nanoscal	72635:1.00
nanoscient	68881:4.00 69186:1.00 74747:1.00
nanoscop	68644:1.00
nanostructur	70425:3.00
nanosystem	68881:3.00
nanotechmap	74747:4.00
nanotechnolog	67390:2.00 68881:2.00 69186:1.00 69540:1.00 72119:1.00 72635:1.00 74747:4.00 75071:1.00
nanotechnology	70919:1.00
nanothinking	74747:1.00
nanotub	67390:10.00 70425:3.00 72397:9.00 74750:1.00
nanoélectron	68881:1.00
nant	70743:5.00 73189:1.00 73433:1.00 73685:1.00 74175:3.00 74449:1.00 75068:1.00 75462:1.00
nao	72633:2.00
napl	75788:1.00
napoléon	72630:1.00 73431:1.00
napp	69537:1.00
narbon	73690:4.00
nas	67939:1.00 70163:4.00 73434:1.00
nasal	68646:1.00 70746:1.00
nash	71835:1.00 72932:1.00
naskéo	67385:1.00
natal	73684:1.00
nathal	68641:1.00
natif	75459:1.00
nation	71357:2.00 73430:1.00 75458:1.00
national	67071:4.00 67385:1.00 67386:1.00 67553:4.00 67794:1.00 67795:1.00 67803:1.00 67943:1.00 67945:1.00 68275:2.00 68383:1.00 68384:1.00 68389:1.00 68392:2.00 68642:1.00 68885:6.00 68886:2.00 68889:1.00 69181:1.00 69184:1.00 69185:1.00 69533:1.00 69535:1.00 69536:1.00 69542:1.00 69812:1.00 69816:1.00 69818:1.00 70164:1.00 70420:1.00 70421:3.00 70426:1.00 70428:1.00 70749:2.00 70914:2.00 70916:1.00 71358:1.00 71361:1.00 71362:3.00 71363:1.00 71614:2.00 71616:1.00 71621:2.00 71838:1.00 71840:1.00 72115:1.00 72121:1.00 72122:1.00 72393:2.00 72630:1.00 72933:5.00 72936:1.00 72940:1.00 73182:1.00 73430:1.00 73432:2.00 73685:1.00 73686:1.00 73687:2.00 73876:1.00 73877:1.00 73878:1.00 74167:1.00 74449:2.00 74455:1.00 74746:1.00 74749:1.00 75063:1.00 75460:1.00 75462:1.00 75788:3.00 75790:1.00 75794:1.00 76207:1.00 76507:2.00 76514:1.00
natix	69815:1.00
natur	67554:1.00 67937:1.00 67938:1.00 68387:1.00 68389:1.00 68391:1.00 68887:1.00 69540:1.00 70167:1.00 70747:1.00 70919:1.00 70922:1.00 71357:1.00 71620:1.00 72119:1.00 72397:1.00 72934:1.00 73431:1.00 73432:1.00 73683:1.00 74173:1.00 74750:1.00 75463:1.00 76210:2.00
natural	67938:2.00
naturalis	73875:1.00
naturel	67071:3.00 67390:1.00 67558:1.00 67794:1.00 67799:1.00 67937:3.00 67938:2.00 67942:1.00 67943:1.00 68273:1.00 68283:1.00 68383:1.00 68385:1.00 68387:1.00 68388:1.00 68389:1.00 68390:1.00 68646:1.00 68881:1.00 68882:2.00 69181:1.00 69533:1.00 69535:1.00 70166:1.00 70420:1.00 70914:1.00 70917:1.00 71612:1.00 71614:1.00 71621:1.00 71836:1.00 71843:3.00 71845:3.00 72394:2.00 72630:1.00 73182:1.00 73184:1.00 73684:1.00 74173:1.00 74450:1.00 75459:1.00 75463:1.00 75788:3.00 75789:2.00 75792:1.00 76209:1.00 76507:1.00 76508:1.00 76511:3.00 76516:3.00
nausica	70164:4.00 71621:3.00
nautiqu	73683:1.00 75464:1.00
naval	67386:1.00 73683:3.00
navig	68883:4.00 69177:2.00 72114:1.00 73183:1.00 73683:8.00 74751:1.00 76208:2.00
navigu	73183:1.00 73190:1.00 73683:2.00 75063:1.00
naviguent	73683:1.00
navir	70916:4.00
nazair	72636:1.00
naît	73182:1.00
naîtr	67553:1.00 71842:1.00
naïo	75066:1.00
ncbir	68642:1.00
neck	67556:1.00 69184:1.00 73875:1.00
neig	70916:1.00
nem	68881:1.00 70919:1.00
neo	74745:1.00
nerf	71843:1.00
nerveux	67556:1.00 68277:3.00 68388:2.00 69539:1.00 71616:1.00 72115:1.00 73187:2.00 74453:1.00
nestl	72394:1.00
net	68390:1.00 68642:2.00 70744:1.00 73189:1.00 74173:1.00
nets	70918:1.00
nettoi	67385:1.00
network	69817:1.00 70420:1.00 72934:2.00
networking	70752:1.00
neuf	68279:2.00 69179:1.00 70164:1.00 70169:2.00 71843:1.00 73683:1.00 73684:1.00
neumann	72932:1.00
neuro	73879:5.00 76515:1.00
neurobiolog	67389:1.00 68277:2.00 68887:1.00
neurochirurg	71614:3.00
neurodégéner	67798:1.00 68646:2.00 73184:4.00 73187:1.00 74173:1.00 74453:1.00 76511:1.00
neurofpg	73879:1.00
neurolog	73187:1.00 74171:2.00 74453:3.00
neurologu	68646:1.00 71841:1.00 74171:1.00 74453:1.00
neuromédi	68388:1.00
neuron	67389:6.00 67801:1.00 68388:3.00 70425:1.00 73879:3.00 74173:2.00
neuronal	68388:3.00 73879:8.00 74173:1.00
neuropic	73879:1.00
neuroprotecteur	68388:1.00
neuropsycholog	76515:1.00
neuropsychologu	71841:1.00
neuropsychopharmacology	73184:2.00
neuroscient	72401:1.00 73189:1.00 74453:1.00 75790:1.00
neurosensoriel	67556:1.00
neurotox	68388:3.00
neurotoxict	68388:1.00
neurotransmetteur	69184:3.00
neutr	68390:1.00
neutralis	67937:2.00
neutrinos	68638:1.00 73688:1.00
neutron	67558:1.00 69178:5.00 69537:1.00 74168:1.00
neuv	73883:1.00
neuvill	69813:1.00
never	75063:1.00
new	69179:1.00 69180:1.00 71614:1.00 72932:1.00 73875:1.00 73876:1.00
newvecty	68384:6.00
ng	69177:1.00
ngl	69179:1.00
ni	67794:2.00 67938:2.00 72634:1.00 74450:1.00 74750:1.00 75066:2.00 76206:2.00
nic	67561:3.00 69180:1.00 75065:1.00 76513:1.00
niccolaï	73185:4.00
nich	67553:1.00 68643:1.00 70921:1.00 72114:1.00 74749:1.00 75795:1.00
nicklaus	70428:1.00 70749:3.00
nicol	68882:1.00 68888:1.00 70167:1.00 72115:4.00 72629:1.00
nig	75458:1.00
nigeri	75458:1.00
nigérian	75458:1.00
nii	72396:1.00
nilotic	75458:1.00
niobium	75792:2.00
nist	76207:4.00
nitroglycérin	68644:1.00
nitrur	69814:1.00
nitry	68279:1.00
niveau	67553:2.00 67554:2.00 67555:3.00 67556:1.00 67794:1.00 67795:5.00 67796:1.00 67800:2.00 67937:1.00 68279:1.00 68281:1.00 68383:1.00 68390:1.00 68638:2.00 68643:1.00 68645:1.00 68881:1.00 68882:1.00 68883:1.00 68886:1.00 68887:2.00 68888:3.00 69534:1.00 69536:1.00 69537:1.00 69539:3.00 69811:2.00 69812:1.00 69813:1.00 69818:1.00 70161:1.00 70420:1.00 70425:1.00 70914:1.00 70915:4.00 70916:1.00 71357:2.00 71358:2.00 71360:1.00 71614:1.00 71621:1.00 71836:1.00 72114:1.00 72118:1.00 72394:2.00 72397:1.00 72398:1.00 72399:1.00 72400:1.00 72631:5.00 72634:1.00 72932:2.00 72933:1.00 72935:1.00 72936:1.00 72938:1.00 73184:2.00 73434:1.00 73436:1.00 73690:1.00 73877:2.00 73880:2.00 74449:1.00 75069:1.00 75457:1.00 75458:2.00 75789:1.00 75790:2.00 75793:1.00 76206:1.00 76508:2.00 76511:1.00
niven	76207:1.00
nizo	69534:1.00
niçois	76513:1.00
nm	67390:1.00
noa	71838:2.00
nobel	67068:1.00 67937:10.00 70424:1.00 72115:1.00 72932:2.00 73185:1.00 75790:1.00
nodos	70420:1.00
noeton	71361:1.00
noetontexrank	71361:1.00
nofim	69534:1.00
noir	68638:1.00 68643:1.00 69811:1.00 70424:7.00 74167:1.00
noisy	76507:1.00
nom	67389:1.00 67800:1.00 67938:2.00 68274:1.00 68642:1.00 69177:1.00 69540:2.00 69815:1.00 70166:1.00 71358:1.00 71361:2.00 71835:1.00 72932:1.00 73875:1.00 74169:1.00 76509:1.00
nombr	67068:1.00 67387:2.00 67388:1.00 67553:1.00 67795:1.00 67798:1.00 67801:1.00 67939:2.00 68279:1.00 68280:1.00 68387:1.00 68642:3.00 69182:1.00 69540:1.00 69817:2.00 70161:1.00 70162:1.00 70166:1.00 70420:4.00 70422:2.00 70425:1.00 70745:1.00 70753:1.00 70914:1.00 70916:1.00 70920:1.00 71357:2.00 71358:2.00 71359:1.00 71618:1.00 72113:1.00 72115:1.00 72392:1.00 72635:1.00 72936:1.00 73187:1.00 73430:1.00 73434:1.00 73683:1.00 73875:1.00 74744:1.00 74745:1.00 74751:1.00 74752:1.00 75063:1.00 75459:1.00 75790:1.00 75792:1.00 75793:1.00 76209:1.00 76508:1.00
nombreux	67387:1.00 67553:1.00 67558:1.00 67795:1.00 67799:1.00 67800:1.00 67802:2.00 67939:1.00 67943:1.00 67945:1.00 68274:1.00 68275:1.00 68279:1.00 68280:1.00 68383:1.00 68390:1.00 68392:1.00 68638:1.00 68641:1.00 68644:1.00 68645:1.00 68883:1.00 69177:1.00 69533:1.00 69539:1.00 69811:1.00 69812:1.00 69815:1.00 70169:1.00 70423:1.00 70424:1.00 70429:3.00 70914:1.00 70917:1.00 71360:1.00 71835:3.00 71843:1.00 72113:1.00 72116:1.00 72392:1.00 72393:2.00 72398:1.00 72401:2.00 72629:1.00 72940:1.00 73185:1.00 73436:2.00 73684:3.00 73685:1.00 73877:1.00 73878:2.00 74170:1.00 74449:1.00 74451:1.00 74455:1.00 74457:1.00 74746:1.00 74749:1.00 74751:1.00 75063:1.00 75064:1.00 75066:1.00 75069:1.00 75458:1.00 75792:1.00 75794:1.00 76208:2.00 76210:1.00 76507:1.00 76511:4.00
nominal	67939:1.00 69179:1.00
nomm	67795:1.00 68882:1.00 70161:2.00 72117:1.00 72394:1.00 74449:1.00
non	67071:1.00 67386:1.00 67388:3.00 67389:1.00 67555:1.00 67556:2.00 67557:1.00 67798:1.00 67938:2.00 67939:1.00 68275:1.00 68384:1.00 68638:1.00 68642:2.00 68646:1.00 68884:1.00 68885:1.00 69178:1.00 69541:1.00 69813:1.00 69815:2.00 69817:1.00 69818:1.00 69821:1.00 70161:1.00 70162:1.00 70166:2.00 70420:2.00 70421:1.00 70423:1.00 70744:1.00 70748:1.00 70914:1.00 70916:1.00 71357:1.00 71617:1.00 71835:1.00 72113:1.00 72116:1.00 72117:1.00 72394:1.00 72396:2.00 72399:1.00 72629:1.00 72630:1.00 72631:1.00 72932:1.00 72936:1.00 72940:1.00 73182:1.00 73185:2.00 73430:1.00 73431:1.00 73434:2.00 73435:1.00 73436:1.00 73684:1.00 73685:1.00 73687:1.00 73876:1.00 73881:1.00 74167:4.00 74168:2.00 74169:1.00 74171:3.00 74451:1.00 74455:1.00 74457:2.00 74751:1.00 75069:2.00 75457:1.00 75792:2.00 75794:1.00 76207:1.00 76210:1.00 76211:1.00 76213:1.00 76508:1.00 76511:3.00 76512:1.00
nontiss	70921:1.00
norbert	67940:1.00 68387:7.00
nord	67794:2.00 67796:3.00 68274:1.00 68281:1.00 68389:1.00 68642:1.00 69820:2.00 70916:6.00 71361:3.00 71366:1.00 71612:1.00 71836:1.00 71837:1.00 71838:1.00 71840:1.00 72632:1.00 73183:4.00 73185:4.00 73430:1.00 73684:1.00 73878:1.00 74172:1.00 74457:3.00 75063:1.00 75463:1.00 76510:1.00
norm	67794:1.00 70169:1.00 72393:1.00 76207:1.00
normal	68278:1.00 68388:1.00 69180:1.00 69184:1.00 69540:1.00 69820:1.00 70161:1.00 70166:1.00 71841:1.00 72932:2.00 73182:1.00 73183:1.00 73684:1.00 74454:1.00
normalis	68885:2.00 73430:1.00
normand	67943:1.00 72939:1.00 75460:1.00 76515:1.00
norveg	68274:1.00 69534:1.00 74170:1.00
nos	67071:1.00 67383:2.00 67389:1.00 67553:4.00 67794:2.00 67795:4.00 67938:2.00 67939:1.00 68273:1.00 68383:1.00 68881:2.00 69534:1.00 69812:1.00 70161:10.00 70166:5.00 70420:1.00 70745:1.00 70749:1.00 70915:1.00 71358:2.00 71359:4.00 71614:1.00 71617:1.00 71836:1.00 72392:3.00 72398:1.00 72401:1.00 72629:1.00 72933:1.00 72940:1.00 73184:1.00 73430:2.00 73684:2.00 73685:1.00 73875:4.00 73876:2.00 73877:1.00 74167:6.00 74172:1.00 74455:1.00 74457:1.00 74744:2.00 74745:1.00 74752:1.00 75792:3.00 76207:2.00 76213:3.00 76507:1.00 76511:1.00
not	67938:1.00 68383:1.00 68387:2.00 68882:1.00 69533:1.00 69821:1.00 72113:1.00 72400:1.00 73184:1.00 73430:1.00 73877:1.00 74449:1.00 76213:1.00
notabl	75457:1.00
notion	68279:1.00 70745:2.00 71358:1.00 75793:4.00 76213:1.00
notoir	70421:1.00
noton	69533:1.00 73436:1.00
notoriet	68882:1.00 72113:1.00 72114:1.00 73684:1.00
notr	67068:1.00 67386:1.00 67554:2.00 67794:2.00 67795:1.00 67937:1.00 68273:1.00 68275:1.00 68387:1.00 68643:2.00 68881:3.00 69811:1.00 69812:1.00 69813:1.00 70161:4.00 70166:1.00 70420:1.00 70421:1.00 70422:1.00 70429:1.00 70746:1.00 70753:1.00 70914:2.00 70921:1.00 71358:2.00 71359:2.00 71614:1.00 71835:2.00 71842:1.00 72113:1.00 72114:3.00 72392:1.00 72394:1.00 72396:1.00 72630:2.00 72933:2.00 73184:1.00 73186:1.00 73431:1.00 73432:3.00 73875:1.00 73876:4.00 73879:3.00 74167:2.00 74168:1.00 74169:1.00 74450:2.00 74455:2.00 74745:1.00 74749:1.00 75065:1.00 75069:1.00 75070:1.00 75461:1.00 75462:1.00 75792:1.00 75794:1.00 76207:2.00 76208:1.00 76209:3.00 76213:8.00
notz	67388:3.00 68885:4.00
nou	70422:1.00 72396:1.00 73431:1.00 74744:1.00 76212:1.00
nouffert	74172:1.00
noumé	73433:1.00
nourr	67071:1.00 67385:1.00 67794:5.00 68383:1.00 71358:1.00 71366:1.00 72117:2.00 72398:1.00 72932:1.00 72940:1.00 73182:1.00 74457:1.00 74749:1.00 75458:1.00 75460:1.00 76209:1.00 76213:3.00
nourrici	76213:2.00
nourrisson	70428:1.00 70749:1.00
nourritur	67794:1.00 75458:1.00
nouveau	67557:1.00 67558:1.00 67795:5.00 67804:1.00 67937:3.00 67942:2.00 67945:1.00 68276:1.00 68278:1.00 68280:1.00 68638:2.00 68639:1.00 68643:1.00 68644:1.00 68646:1.00 68882:2.00 68883:2.00 68887:1.00 69177:4.00 69179:3.00 69181:1.00 69533:2.00 69538:6.00 70164:1.00 70429:1.00 70751:1.00 70752:1.00 70914:1.00 70916:1.00 70919:1.00 70921:3.00 71358:1.00 71359:3.00 71361:1.00 71362:1.00 71612:3.00 71614:1.00 71615:1.00 71616:1.00 71618:2.00 71619:1.00 71835:1.00 71841:1.00 72118:1.00 72392:1.00 72393:1.00 72395:2.00 72396:3.00 72629:1.00 72630:1.00 72631:1.00 72637:1.00 72933:4.00 72935:2.00 72938:1.00 73182:2.00 73184:1.00 73187:1.00 73189:2.00 73431:1.00 73432:1.00 73684:4.00 73685:1.00 73686:1.00 73687:1.00 73875:1.00 73876:3.00 73877:1.00 73878:2.00 73879:1.00 74167:1.00 74169:1.00 74170:1.00 74171:1.00 74174:1.00 74176:3.00 74449:1.00 74452:1.00 74453:1.00 74454:1.00 74747:2.00 74748:1.00 74749:1.00 74750:1.00 75063:1.00 75065:2.00 75067:3.00 75069:2.00 75458:1.00 75459:1.00 75461:1.00 75792:2.00 75796:2.00 76209:3.00 76210:1.00 76213:4.00 76514:1.00
nouveaut	72120:1.00 73183:1.00
novachim	67561:1.00
novaqt	74176:3.00
novateur	70164:1.00 71838:1.00 72400:1.00 73684:1.00
novembr	67555:1.00 67794:1.00 67944:1.00 68277:1.00 68278:1.00 68280:1.00 68384:1.00 68391:1.00 68638:1.00 68882:1.00 70916:3.00 71363:1.00 71837:1.00 72113:1.00 72396:4.00 74175:1.00 74449:2.00 74452:1.00 74454:1.00 74748:2.00
novic	76206:4.00
nox	71615:2.00
noyal	67943:2.00 69178:3.00 74168:3.00
noyau	67943:1.00 69178:1.00 72113:1.00 73877:1.00 74168:5.00
nse	73687:1.00
nu	74449:1.00 74749:4.00
nuag	67939:3.00 75788:2.00
nuageux	67939:1.00 75789:1.00
nuanc	71835:1.00
nucadvisor	72629:11.00
nuclear	71619:1.00
nucléair	67943:2.00 68383:1.00 69178:9.00 70915:4.00 71619:10.00 71837:1.00 72113:1.00 72392:9.00 72397:1.00 72629:13.00 72937:1.00 73883:7.00 74168:3.00 75792:1.00 76207:2.00
nucléart	73683:1.00
nucléat	68886:1.00
nuisibl	71618:2.00
nuit	70425:4.00 72932:1.00 73187:1.00
nul	67939:1.00
null	74749:1.00 75458:1.00
numer	67385:1.00 67939:1.00 67940:1.00 68639:1.00 68886:1.00 69533:1.00 69540:1.00 69820:1.00 70161:1.00 70421:1.00 70426:1.00 70914:1.00 70916:1.00 70923:1.00 71359:4.00 72401:1.00 73182:1.00 73431:1.00 73876:4.00 73879:1.00 74452:1.00 74744:7.00 74745:2.00 75063:1.00 75064:2.00 75791:1.00 75796:1.00 76207:3.00 76209:1.00
numéro	68638:1.00 68643:1.00 68881:1.00 72119:1.00 72397:1.00 72934:1.00 74744:1.00 74749:1.00
nuptial	72632:1.00
nuremberg	69814:1.00
nutox	72631:1.00
nutr	67798:2.00 71837:1.00 72116:1.00 73688:1.00 75069:1.00 75793:2.00 76213:1.00
nutraceut	71360:6.00
nutrineuro	75793:2.00
nutrit	67799:2.00 68387:3.00 69534:1.00 69815:1.00 70749:1.00 71360:2.00 72116:4.00 72396:5.00 72631:2.00 73184:3.00 74449:1.00 74455:2.00 74749:2.00 75459:4.00 75462:1.00 76209:1.00 76509:2.00 76511:2.00
nutrition	74449:1.00
nutritionnel	67798:3.00 68273:1.00 68279:1.00 68387:1.00 68882:2.00 68885:1.00 69534:4.00 72116:1.00 74169:2.00 74449:5.00 74749:2.00 75069:5.00 76507:1.00 76511:2.00
né	68274:1.00 68275:1.00 68281:1.00 68386:1.00 68643:1.00 68881:3.00 68885:1.00 69534:1.00 69820:1.00 70917:1.00 71842:1.00 72113:1.00 72631:1.00 72937:1.00 72939:1.00 73184:1.00 73431:1.00 73432:1.00 73876:1.00 73878:1.00 73879:1.00 75793:1.00
néanmoin	67555:1.00 67558:1.00 68281:1.00 68646:1.00 68883:1.00 68887:1.00 69540:1.00 69817:1.00 70429:1.00 70745:1.00 70915:1.00 71359:1.00 71621:1.00 71842:1.00 72116:1.00 72634:1.00 72932:1.00 72934:2.00 73182:1.00 73185:1.00 73684:1.00 73877:1.00 74167:1.00 74747:1.00 75792:1.00 76511:1.00
nécess	67071:1.00 67383:1.00 67386:1.00 67553:1.00 67794:1.00 68275:2.00 68277:1.00 68387:1.00 68638:1.00 68643:1.00 68881:1.00 68882:1.00 69814:1.00 70420:1.00 70743:1.00 70916:1.00 71357:1.00 71617:1.00 72119:1.00 72633:1.00 73432:2.00 73685:1.00 74168:1.00 74744:1.00 74745:2.00 74751:1.00 75458:1.00 76507:1.00 76509:1.00
nécessair	67071:1.00 67383:1.00 67387:2.00 67794:1.00 67795:2.00 67797:1.00 67798:1.00 67800:2.00 67938:1.00 68279:3.00 68388:1.00 68391:1.00 68638:1.00 68642:1.00 68643:1.00 68882:1.00 68883:1.00 69540:2.00 69816:1.00 69818:1.00 70161:2.00 70162:1.00 70420:1.00 70424:1.00 70744:1.00 70749:1.00 70914:1.00 70923:1.00 71363:1.00 71614:1.00 71837:1.00 72116:2.00 72392:1.00 72394:1.00 72630:1.00 72634:2.00 73182:1.00 73185:1.00 73186:1.00 73187:1.00 73432:1.00 73683:3.00 73684:1.00 73685:1.00 73877:1.00 74167:3.00 74168:2.00 74450:1.00 74453:1.00 74454:1.00 74744:1.00 74745:2.00 74749:2.00 75063:1.00 75064:2.00 75065:1.00 75067:1.00 75069:1.00 75457:1.00 75458:1.00 75459:1.00 75463:1.00 75788:1.00 75792:3.00 76209:1.00 76213:1.00 76508:1.00 76511:1.00
nécessit	67386:1.00 67794:2.00 67795:1.00 67801:1.00 68273:1.00 68279:1.00 68884:1.00 68886:1.00 69177:1.00 69534:1.00 69535:1.00 69540:4.00 70161:1.00 70743:1.00 71836:1.00 72392:1.00 72399:1.00 72634:1.00 72635:1.00 72932:1.00 72934:1.00 73432:1.00 73436:2.00 73877:1.00 73879:1.00 74167:3.00 74449:2.00 74451:1.00 74452:1.00 74744:1.00 75065:1.00 75458:1.00 75789:2.00
nécessitent	67558:1.00 69178:1.00 69183:1.00 71358:1.00 72934:1.00 73185:1.00
néel	69186:1.00 72397:1.00
néfast	70429:1.00
négat	67801:2.00 69183:3.00 69184:1.00 69533:1.00 73185:1.00 76508:1.00
néglig	71363:1.00 71835:1.00 73432:1.00
néglige	70166:1.00 72932:1.00 74171:1.00 75070:1.00
négoci	67945:1.00 68274:1.00 73683:1.00
négret	76512:1.00
nématod	71618:1.00
néoform	76514:1.00
néolith	70745:1.00
néon	73188:1.00
néophyt	72932:1.00
néovin	76512:1.00
nîm	67387:1.00
nôtr	70163:1.00 73685:1.00
obasanjo	75458:1.00
obes	67799:6.00 69534:1.00 71360:3.00 72631:1.00 73432:1.00
object	67553:1.00 67794:1.00 67798:1.00 67803:1.00 67939:1.00 67942:1.00 70422:1.00 70748:1.00 71615:2.00 72940:1.00 73877:1.00 74172:1.00 74450:1.00 74744:1.00 75067:1.00 75458:1.00 76211:1.00
objet	67068:1.00 67388:1.00 67390:1.00 67391:1.00 67555:1.00 67796:1.00 67804:1.00 67937:1.00 67942:1.00 68274:1.00 68279:1.00 68383:1.00 68390:1.00 68391:1.00 68881:1.00 68882:1.00 70163:4.00 70165:1.00 70421:3.00 70429:1.00 70744:2.00 70917:1.00 70919:1.00 71836:1.00 71843:1.00 72115:1.00 72117:1.00 72392:1.00 72634:1.00 72637:1.00 72936:1.00 73186:1.00 73435:1.00 73436:1.00 73683:1.00 73877:1.00 73879:1.00 74173:1.00 74175:1.00 74450:2.00 75065:1.00 75068:1.00 75071:2.00 75788:5.00 75791:2.00 75792:2.00
oblig	68279:1.00 69185:1.00 69540:1.00 71359:1.00 71621:1.00 72392:1.00 72630:1.00 74167:1.00 76511:1.00 76513:1.00
obligatair	73875:1.00
obligatoir	67389:1.00 71359:1.00 74167:1.00 76507:1.00
obscur	67796:1.00
observ	67068:1.00 67389:2.00 67553:2.00 67555:5.00 67558:1.00 67798:1.00 67938:1.00 67939:1.00 67942:2.00 68273:1.00 68383:1.00 68387:3.00 68388:2.00 68389:2.00 68390:1.00 68638:2.00 68882:1.00 68883:1.00 68886:4.00 69177:1.00 69181:2.00 69184:1.00 69533:2.00 69534:1.00 69535:1.00 69539:1.00 69811:5.00 69813:1.00 69819:1.00 70162:1.00 70163:2.00 70167:2.00 70420:1.00 70421:3.00 70424:4.00 70745:3.00 70746:1.00 70916:13.00 70922:2.00 70923:1.00 71614:2.00 71835:1.00 71836:2.00 71839:1.00 72113:1.00 72119:1.00 72394:1.00 72631:1.00 72632:1.00 72634:2.00 72932:1.00 72939:1.00 73182:1.00 73184:4.00 73185:2.00 73430:1.00 73431:2.00 73434:1.00 73688:1.00 73875:1.00 73877:2.00 73880:2.00 74167:1.00 74169:1.00 74170:1.00 74172:1.00 74173:1.00 74449:3.00 74450:2.00 74451:2.00 74745:1.00 75067:1.00 75069:2.00 75070:1.00 75458:3.00 75459:1.00 75788:1.00 75789:4.00 75793:3.00 76209:1.00 76508:1.00 76511:1.00
observatoir	69186:1.00 70163:2.00 70428:1.00 70749:1.00 70751:1.00 71838:1.00 73186:2.00 74174:1.00 75458:2.00 76515:3.00
observent	67794:1.00 73685:1.00 73877:1.00
observing	69181:1.00 71838:1.00
obstacl	70421:2.00 70917:1.00 71357:1.00 72392:1.00 72629:1.00 72932:1.00 74167:1.00
obten	67068:1.00 67558:1.00 67797:1.00 67799:1.00 67802:1.00 69182:1.00 69819:1.00 70167:1.00 70426:2.00 70744:1.00 70920:1.00 71362:1.00 71612:2.00 72115:1.00 72630:1.00 72933:1.00 73189:1.00 73431:1.00 73432:1.00 73436:1.00 73684:1.00 74449:1.00 74744:1.00 75070:1.00 76210:2.00 76212:1.00
obtent	71842:1.00 71845:1.00 73188:1.00 73684:1.00 76513:1.00
obtenu	67390:1.00 67554:1.00 67558:1.00 67799:1.00 67802:1.00 68274:1.00 69537:1.00 70916:1.00 70917:1.00 71836:1.00 71838:1.00 72394:1.00 72397:2.00 73189:1.00 73431:1.00 73683:2.00 73684:2.00 74168:1.00 74750:1.00 75065:1.00 75459:1.00 75460:1.00 76206:1.00 76210:1.00
obtenus	67385:1.00 67388:3.00 67555:1.00 67801:1.00 68280:1.00 68390:1.00 69183:1.00 69184:1.00 69533:1.00 70749:2.00 70920:1.00 72397:1.00 72631:1.00 73184:2.00 73189:1.00 73436:1.00 73684:1.00 74449:1.00 74750:1.00 75794:1.00
obtiendront	75457:1.00
obtiennent	71358:1.00
obtient	74450:1.00 76511:1.00
ocar	67386:1.00
occas	67068:1.00 67388:1.00 67555:1.00 67561:1.00 67801:1.00 67804:1.00 67939:2.00 67941:1.00 67945:1.00 67946:1.00 68283:1.00 68638:1.00 68888:1.00 69177:3.00 69186:1.00 69542:2.00 69811:1.00 69817:1.00 70161:1.00 70162:1.00 70164:1.00 70165:1.00 70168:1.00 70170:1.00 70428:1.00 70749:1.00 70751:2.00 70752:1.00 70916:1.00 70917:1.00 70921:3.00 71357:1.00 71612:1.00 71837:1.00 71845:1.00 72113:2.00 72120:1.00 72122:1.00 72393:2.00 72396:1.00 72399:1.00 72400:1.00 72933:1.00 72936:1.00 72938:1.00 72939:1.00 73183:1.00 73190:2.00 73432:1.00 73683:1.00 73685:1.00 73875:1.00 73877:1.00 73882:2.00 73883:1.00 74456:1.00 74746:1.00 74748:1.00 74752:1.00 75064:1.00 75069:1.00 75457:1.00 75458:2.00 75459:2.00 75462:1.00 75464:1.00 75465:1.00 76514:1.00
occasion	68645:1.00
occident	68383:1.00 72117:1.00
occidental	68646:1.00 68883:1.00 69815:1.00 70916:5.00 72114:1.00 75460:1.00 75792:1.00
occult	67939:2.00
occup	67795:1.00 68279:1.00 68383:1.00 68645:1.00 69533:1.00 69537:1.00 69540:1.00 70161:1.00 70743:1.00 70914:1.00 71361:1.00 72113:1.00 72393:1.00 72630:1.00 73182:1.00 73430:1.00 73879:1.00 74167:1.00 74749:1.00 75790:1.00 76209:1.00
occupent	67555:1.00 67794:1.00 69813:1.00 75070:1.00
occurrent	67555:1.00 67798:1.00 68391:1.00 69540:1.00 70421:1.00 72396:1.00
ocde	68383:1.00
ocean	73183:7.00 73434:1.00
oceanic	71838:1.00
ockham	76207:1.00
octapeptid	67390:1.00
octet	74452:2.00
octobr	67803:1.00 67804:1.00 67937:1.00 67939:1.00 67944:1.00 67945:1.00 68385:1.00 68386:2.00 68387:2.00 68388:1.00 68389:1.00 68640:1.00 69177:1.00 69179:1.00 69537:1.00 70428:1.00 70749:3.00 70751:3.00 70918:1.00 70921:2.00 71357:1.00 71612:1.00 72394:1.00 72396:3.00 73683:1.00 73689:1.00 73690:1.00 73691:1.00 73882:1.00 73883:1.00 74173:1.00 74450:1.00 74454:1.00 75068:1.00 75069:1.00 75795:1.00 76212:1.00
oculair	68646:2.00 70744:3.00 73435:1.00 74171:4.00
oculometr	70744:1.00 74171:1.00
oculomoteur	71841:3.00
oculomotr	74171:1.00
océan	68388:1.00 68883:2.00 69811:4.00 70164:4.00 70743:2.00 72401:1.00 73183:3.00 73434:10.00 73683:1.00 73684:2.00 73688:1.00 73878:1.00 73880:3.00 74170:1.00
océanograph	67944:4.00 68883:1.00 69177:1.00 69811:1.00 70916:2.00 71621:2.00 72940:1.00 73183:1.00 73434:10.00 73688:1.00 74170:2.00
odeur	70428:1.00 72631:1.00 72632:1.00 72634:1.00 73685:1.00 73877:1.00 75790:1.00
odontolog	75067:1.00
odor	75790:1.00 76516:1.00
oeil	67388:2.00 68641:1.00 68643:1.00 70420:1.00 70744:4.00 70915:1.00 74171:2.00 76512:1.00
oem	75795:1.00
oenolog	74169:1.00
oesophag	70918:1.00
oeuf	74752:1.00
oeuvr	67068:1.00 68279:2.00 68383:1.00 68384:1.00 68386:1.00 69536:1.00 69538:1.00 69818:1.00 70163:1.00 70166:1.00 70914:1.00 70922:1.00 71358:1.00 71617:1.00 71835:2.00 71836:2.00 72118:1.00 72392:1.00 72395:1.00 73683:1.00 73875:1.00 74167:1.00 74175:1.00 74746:1.00 74750:1.00 75457:1.00 75789:2.00 75795:1.00
of	67802:1.00 67942:1.00 67945:1.00 68386:1.00 68881:1.00 68886:4.00 69180:4.00 69184:2.00 69534:1.00 69811:1.00 69814:1.00 69819:1.00 70161:1.00 70422:1.00 70919:1.00 71614:1.00 71837:1.00 72113:2.00 72120:1.00 72393:1.00 73190:1.00 73431:1.00 73876:1.00 76207:2.00 76208:1.00
off	71359:1.00 71360:1.00 73686:1.00 75069:1.00 76510:1.00
offert	70914:1.00 74454:1.00 74747:1.00
offici	71358:8.00
officialis	68888:1.00 69536:1.00
officiel	67553:1.00 67794:1.00 67937:1.00 67939:1.00 68393:1.00 68643:1.00 68881:1.00 68888:1.00 69178:1.00 69181:1.00 69534:1.00 70161:1.00 70169:1.00 70422:1.00 70751:1.00 71359:1.00 71619:1.00 72936:1.00 74167:1.00 76508:1.00
offraient	74744:1.00
offrait	72395:1.00
offrant	75792:1.00
offre	67939:1.00 68273:1.00 68275:1.00 68281:1.00 68643:2.00 68644:1.00 69535:1.00 69537:1.00 69540:1.00 69813:1.00 70421:2.00 70749:1.00 71358:2.00 71359:1.00 71361:1.00 71616:1.00 72395:1.00 72398:1.00 72399:1.00 72629:1.00 72637:1.00 73431:1.00 73687:2.00 74171:1.00 74452:1.00 74747:1.00 74750:1.00 75068:1.00 75071:1.00 75788:2.00 75789:1.00 76211:1.00 76514:1.00
offrent	68390:1.00 69184:1.00 70747:1.00 72632:1.00
offreur	75796:1.00
offrir	67940:2.00 68274:1.00 69180:1.00 70163:1.00 70745:1.00 71359:1.00 73432:1.00 73879:1.00 73881:1.00 75461:1.00 75789:1.00
offriront	73691:1.00
ogoou	73684:4.00
oh	68276:1.00 69812:1.00 72940:1.00 75466:1.00 76509:1.00
ohio	72119:1.00
ohm	75458:1.00
ohmi	75458:5.00
oie	74745:1.00
oiseau	68387:1.00 71617:1.00 74745:1.00 75458:1.00
olfact	70749:1.00 74449:1.00 75790:3.00 76515:1.00
oliv	68273:1.00 68387:1.00 74749:1.00 75796:1.00
olivi	68276:1.00 68383:2.00 68883:1.00 69813:1.00 70163:1.00 73431:2.00 75791:1.00
olusegun	75458:1.00
oléagin	67391:2.00 72121:1.00
om	67798:1.00 72935:1.00 74746:1.00
omar	73684:2.00
ombistocking	74746:1.00
ombre	69819:1.00
omnt	69186:1.00 74174:1.00
omp	73434:1.00 75066:1.00
onde	67068:12.00 67386:1.00 67939:6.00 67942:2.00 68641:2.00 68886:1.00 70163:1.00 70420:2.00 70747:3.00 72932:7.00 72934:1.00 73880:1.00 74744:1.00 75067:1.00 75794:2.00
ondimb	73684:2.00
one	71843:1.00 73688:1.00
oner	67801:1.00 71358:1.00 72934:1.00
ong	73185:3.00 74457:1.00
onir	75462:1.00
onlin	73876:1.00
ontario	76206:1.00
onu	68392:1.00 73430:1.00
onze	75458:1.00 76509:1.00
onziem	69811:1.00
opac	75789:1.00
opalin	70428:3.00 70749:6.00 72396:1.00
open	71359:10.00 73876:1.00 76211:2.00 76513:6.00
openlab	68639:5.00
oper	67071:1.00 67797:1.00 68387:2.00 69177:1.00 70162:6.00 70165:1.00 70421:1.00 70424:2.00 71357:1.00 71614:2.00 71617:2.00 71619:1.00 71836:1.00 72392:4.00 72629:1.00 72937:1.00 73683:1.00 74450:3.00 74456:1.00 75064:5.00 75068:1.00 75458:1.00 75789:2.00 75791:2.00 76510:2.00
ophtalmolog	72116:1.00 73435:1.00
ophtalmologu	71841:1.00
opin	74457:1.00
opinion	72113:1.00 72940:2.00
oppenheim	72932:1.00
opportun	69815:1.00 70166:1.00 70422:2.00 71358:1.00 71612:1.00 71619:1.00 71845:1.00 72121:1.00 72392:1.00 72637:1.00 73183:1.00 73430:1.00 73683:1.00 73691:1.00 74172:1.00 74450:1.00 74456:1.00 74745:1.00 74746:1.00 74747:1.00 75465:1.00 75795:1.00 76209:1.00
oppos	67937:1.00
opte	76508:2.00
opter	72629:1.00 73185:1.00 74744:1.00 75462:2.00
optifel	75069:5.00
optim	67794:1.00 69533:1.00 73182:1.00 74169:1.00
optimal	68273:1.00 71612:1.00
optimis	67385:1.00 67554:1.00 67561:1.00 67800:1.00 68274:1.00 68385:1.00 68882:2.00 68885:2.00 68889:1.00 69539:1.00 69813:1.00 70163:1.00 70914:1.00 70921:1.00 71362:1.00 71612:1.00 71615:1.00 71617:1.00 71840:1.00 72118:1.00 72393:1.00 72395:1.00 72630:3.00 72637:1.00 73182:1.00 73184:1.00 73434:1.00 73436:1.00 74170:1.00 74449:1.00 74453:1.00 75064:1.00 75067:1.00 75069:2.00 75070:1.00 75462:1.00 75464:2.00 75790:1.00 75791:1.00 75793:3.00 76208:1.00 76507:1.00
optimised	75069:1.00
optimisent	67557:1.00
optimiz	67557:1.00
option	67804:1.00 72395:3.00 75071:1.00
optionnel	75071:1.00
optiqu	67068:2.00 67554:2.00 68641:3.00 69540:2.00 69811:1.00 70163:1.00 70747:2.00 71837:1.00 72932:3.00 72934:4.00 74451:2.00 75070:1.00 76507:1.00
optitec	68393:1.00
opto	70163:1.00
optoélectron	70748:2.00
optron	67554:1.00
opté	70422:1.00 71614:1.00 72395:1.00 75063:1.00 76210:1.00
opv	72114:2.00
opèrent	69819:1.00
opérationnel	67553:1.00 67798:1.00 67939:3.00 68275:1.00 68638:1.00 68887:1.00 69178:1.00 69811:4.00 69812:1.00 69813:1.00 70162:3.00 70914:1.00 70916:1.00 71840:1.00 72114:1.00 72633:1.00 72936:1.00 73185:1.00 73434:6.00 74453:1.00 76513:1.00
opératoir	70918:1.00 71612:1.00 71614:2.00 73431:1.00
or	67383:1.00 67387:1.00 67388:2.00 67390:1.00 67553:1.00 67554:1.00 67556:1.00 67558:1.00 67794:1.00 67795:1.00 67798:1.00 67802:1.00 67937:7.00 67943:1.00 68273:2.00 68279:3.00 68281:1.00 68385:1.00 68389:1.00 68638:2.00 68641:1.00 68642:1.00 68643:4.00 68644:1.00 68884:1.00 68886:1.00 68887:3.00 69177:2.00 69533:2.00 69534:1.00 69538:1.00 69811:1.00 69818:1.00 69821:1.00 70161:1.00 70163:2.00 70167:2.00 70420:1.00 70421:1.00 70423:1.00 70425:2.00 70743:2.00 70745:1.00 70746:2.00 70747:3.00 70749:1.00 70914:1.00 70916:1.00 71359:1.00 71361:1.00 71612:1.00 71621:1.00 72113:1.00 72114:1.00 72115:1.00 72119:2.00 72396:1.00 72399:1.00 72629:2.00 72630:2.00 72631:1.00 72635:1.00 72636:3.00 72932:2.00 72934:1.00 72935:1.00 72939:1.00 73183:1.00 73184:3.00 73186:1.00 73189:1.00 73430:1.00 73431:1.00 73433:1.00 73684:3.00 73688:4.00 73877:1.00 73878:3.00 74169:3.00 74172:1.00 74173:2.00 74449:2.00 74452:1.00 74455:2.00 74745:1.00 75065:1.00 75069:1.00 75070:3.00 75457:1.00 75458:1.00 75460:1.00 75462:1.00 75788:1.00 75792:2.00 75794:3.00 76207:2.00 76507:1.00 76510:2.00
orag	67939:1.00 67942:1.00
oral	72117:2.00 72631:1.00 74449:1.00
orbit	67939:5.00 67942:1.00 69177:5.00 69179:2.00 69186:1.00 69811:2.00 71836:3.00 73434:3.00 73880:1.00
orbital	69179:1.00
ordin	68281:1.00 69540:1.00 70914:2.00 72401:1.00 72932:1.00 73190:1.00 73876:1.00 74744:1.00
ordinair	68390:1.00
ordonnanc	70162:1.00
ordre	67553:3.00 67941:2.00 68391:1.00 68638:1.00 68642:1.00 70162:4.00 70425:2.00 70747:1.00 70919:1.00 72120:1.00 72397:3.00 72934:1.00 73189:2.00 75792:2.00 75794:1.00 76508:1.00 76510:1.00
ore	67553:1.00 67554:1.00 67555:1.00 68279:1.00 68389:1.00 68643:1.00 69181:1.00 70421:2.00 70429:1.00 70914:2.00 70918:2.00 70919:1.00 71618:1.00 71843:1.00 72392:1.00 72633:1.00 72634:1.00 72635:1.00 73184:2.00 73431:1.00 73876:1.00 73880:2.00 74449:1.00 74451:1.00 75063:2.00 75458:1.00 75788:1.00
oreil	68643:1.00 76508:1.00
org	69181:1.00
organ	67383:1.00 67794:1.00 67795:2.00 67800:5.00 67802:5.00 67937:1.00 68279:2.00 68280:1.00 68385:2.00 68386:2.00 68388:2.00 68885:2.00 68887:1.00 69181:1.00 69184:2.00 70167:1.00 70420:1.00 70745:1.00 70746:1.00 70747:1.00 71361:1.00 71618:2.00 71621:1.00 71836:1.00 71838:1.00 72114:2.00 72116:1.00 72632:1.00 73184:1.00 73432:4.00 73434:1.00 73436:4.00 73683:1.00 73686:1.00 73688:1.00 73884:1.00 74746:1.00 74748:1.00 74750:1.00 75067:1.00 75789:1.00 75790:1.00 75796:1.00 76207:2.00 76213:2.00 76511:4.00 76516:1.00
organic	72114:1.00
organis	67071:1.00 67392:1.00 67553:1.00 67798:1.00 67802:1.00 67804:1.00 67939:2.00 67940:1.00 67941:1.00 67944:1.00 67945:1.00 67946:1.00 68384:2.00 68638:1.00 68882:1.00 68889:1.00 69186:1.00 69535:2.00 69541:3.00 69543:1.00 70162:1.00 70166:1.00 70170:2.00 70423:4.00 70746:1.00 70751:2.00 70921:2.00 70923:1.00 71357:1.00 71363:1.00 71619:1.00 72114:1.00 72120:1.00 72121:2.00 72122:2.00 72393:2.00 72396:2.00 72399:1.00 72400:1.00 72629:2.00 72637:1.00 72935:1.00 72938:1.00 72939:1.00 73182:1.00 73185:1.00 73430:1.00 73437:1.00 73689:1.00 73691:1.00 73880:1.00 73883:1.00 73884:2.00 74170:1.00 74172:1.00 74174:2.00 74175:1.00 74449:1.00 74456:1.00 74457:1.00 74746:2.00 74748:2.00 75066:1.00 75071:1.00 75457:1.00 75464:1.00 75466:1.00 75788:2.00 75795:1.00 76206:1.00 76514:1.00 76515:1.00 76516:1.00
organisationnel	72637:1.00
organisent	67561:1.00 68887:1.00 70170:1.00 70428:1.00 71617:1.00 71620:1.00 71845:1.00 73690:1.00 74175:1.00 76212:1.00
organiz	67804:1.00
organolept	68273:1.00 68279:1.00 68882:1.00 72634:1.00 74169:1.00 76511:2.00
orgu	73880:1.00 74176:1.00
oriano	76507:2.00
orient	67389:1.00 68277:1.00 68392:1.00 68644:1.00 68885:1.00 69179:1.00 70422:1.00 70920:1.00 72115:1.00 72629:1.00 72631:1.00 73184:1.00 73875:1.00 73877:2.00 74450:2.00 74457:1.00 75796:2.00 76208:1.00 76510:1.00
oriented	70162:1.00
orientent	70421:1.00 75457:1.00
origin	67068:1.00 67388:1.00 67555:1.00 67558:1.00 67794:1.00 67937:1.00 67938:1.00 68638:1.00 68885:1.00 69177:1.00 69534:1.00 69539:1.00 70163:1.00 70423:1.00 71614:1.00 72116:1.00 72933:1.00 73186:1.00 73431:1.00 74744:1.00 75067:1.00 75069:1.00 75795:1.00 76213:1.00 76514:2.00
originair	71612:1.00 75788:1.00
original	67068:3.00 67383:1.00 67939:2.00 68273:1.00 68275:1.00 68276:1.00 68279:1.00 68387:2.00 68638:1.00 68643:1.00 68881:1.00 68887:1.00 69536:3.00 69541:1.00 69813:1.00 69817:1.00 70420:1.00 70745:1.00 70914:1.00 71835:1.00 71836:1.00 72115:1.00 72394:1.00 72629:1.00 73185:1.00 73431:5.00 73434:1.00 73689:1.00 73876:1.00 74171:1.00 74748:1.00 74749:1.00 75063:1.00 75792:1.00 75793:1.00 76209:1.00
originel	68644:1.00
orl	74454:1.00 76508:2.00
orléan	67946:1.00 69812:1.00 71618:1.00 72932:2.00
ormeau	76210:1.00
ornemental	72632:1.00
oro	72631:3.00
orpaillag	68388:1.00
orphelin	75065:1.00
orpheon	68279:1.00
orsay	68641:1.00 69178:1.00 69183:1.00 72932:2.00 74752:3.00 76510:1.00
orthoped	71614:4.00 71616:2.00
orthophon	71841:1.00
orthopt	71841:1.00
orval	69534:1.00
oré	73875:2.00 76209:2.00
oréal	71612:3.00 74744:10.00
os	69184:5.00 71612:4.00 73190:1.00 73431:3.00
oscill	70424:2.00 70747:1.00 70919:2.00
ose	67938:1.00
oseo	68383:1.00 70914:1.00 75065:1.00
oser	73684:1.00
osir	70915:1.00
oslo	73691:1.00
osmot	72397:10.00
ossement	73431:1.00
osseux	69184:9.00 71612:2.00 71616:1.00 73431:9.00 75067:1.00
ostéo	67798:1.00
ostéoclast	69184:3.00
ostéoporos	69184:1.00
osé	70166:1.00 76206:1.00
oséo	67798:1.00 71614:2.00 72114:1.00 72118:1.00 72933:3.00 73879:1.00 74450:1.00
otc	71616:1.00
oto	76508:1.00
ouagadougou	75458:1.00
oubli	69813:1.00 72393:1.00 72938:1.00 75067:1.00 75458:1.00 76213:1.00 76515:2.00
oublion	75789:1.00
oudghir	76209:2.00
ouest	69816:2.00 70917:2.00 71836:1.00 73183:2.00 73882:1.00 75458:1.00 75463:2.00 76512:2.00
ouf	67939:1.00
ougadougou	75458:1.00
oui	67794:1.00 72397:1.00 74167:1.00
ouragan	73880:1.00
out	73184:1.00 73875:1.00
outcom	75793:1.00
outdoor	69541:1.00
outil	67554:3.00 67555:1.00 67798:2.00 68275:4.00 68279:2.00 68281:1.00 68639:1.00 68643:2.00 68882:1.00 68885:1.00 69183:1.00 69534:1.00 69536:1.00 69537:1.00 69811:1.00 69812:5.00 69813:1.00 69815:1.00 69820:2.00 70161:1.00 70162:7.00 70166:1.00 70170:3.00 70420:2.00 70421:6.00 70914:2.00 70921:2.00 71359:5.00 71618:2.00 72115:2.00 72392:3.00 72637:1.00 72932:1.00 72940:2.00 73182:1.00 73431:4.00 73434:2.00 73685:1.00 73876:3.00 73877:2.00 73879:1.00 74167:1.00 74168:1.00 74171:1.00 74744:1.00 74745:1.00 74751:1.00 75064:8.00 75070:1.00 75459:1.00 75788:9.00 75796:1.00 76207:8.00 76208:1.00 76507:3.00 76510:3.00 76513:3.00 76514:1.00
outillag	75064:1.00
outr	67802:1.00 67939:2.00 68274:1.00 68276:1.00 68280:1.00 68392:1.00 68644:1.00 68881:1.00 69181:1.00 69542:1.00 70161:1.00 70163:1.00 70165:1.00 70425:1.00 70914:1.00 70923:1.00 71358:1.00 71617:1.00 71836:3.00 72398:1.00 72932:1.00 72934:1.00 73189:1.00 73190:1.00 73433:1.00 73435:1.00 73683:1.00 74171:1.00 75457:1.00 75461:1.00 76510:1.00 76512:1.00
ouvert	67555:1.00 67795:1.00 67937:1.00 70751:1.00 71358:1.00 71620:1.00 73437:1.00 73876:1.00 73882:1.00 74749:1.00 75792:2.00 76211:3.00 76515:1.00 76516:1.00
ouvertur	68276:1.00 68882:1.00 68889:1.00 71358:3.00 71614:1.00 72634:2.00 72635:1.00 72936:3.00 73183:1.00 73882:1.00 75068:1.00
ouvr	67390:1.00 67391:1.00 67558:1.00 67800:1.00 68278:1.00 68886:2.00 68887:1.00 69813:1.00 70426:1.00 70923:1.00 71614:1.00 72629:2.00 73184:1.00 73430:1.00 73432:1.00 74454:1.00 74750:1.00 75071:3.00 75795:1.00 76208:1.00 76513:1.00
ouvrag	67794:6.00 67938:4.00 68276:4.00 68283:1.00 68383:3.00 68882:2.00 69821:1.00 70163:1.00 70165:1.00 70429:1.00 70753:1.00 71366:1.00 71621:3.00 71835:2.00 71836:1.00 72398:1.00 72401:1.00 72629:2.00 72940:2.00 73185:1.00 73683:2.00 74457:1.00 74752:2.00
ouvrent	69816:1.00 72632:1.00
ouvri	67941:1.00 72933:1.00
ouvron	76507:1.00
ovat	75066:4.00
ovoïd	67385:1.00
oxford	69539:2.00
oxy	70426:4.00
oxyd	68387:1.00 68644:3.00 71615:1.00 72394:2.00 73184:3.00 76511:10.00
oxydo	73877:1.00
oxydoréduct	68388:1.00
oxygen	68883:1.00 68884:1.00 70426:2.00 72113:1.00 73688:1.00 76511:1.00
oz	75066:1.00
ozon	68645:1.00 69811:1.00
oïdium	73877:1.00
p	67795:1.00 68279:1.00 69177:1.00 69179:3.00 69811:1.00 72114:1.00 73683:2.00 74168:1.00
pac	67553:1.00 68393:1.00 71357:1.00 73431:2.00 73683:1.00 75789:1.00
pacif	71840:2.00 73684:1.00
pack	68640:1.00
packag	74749:1.00
packaging	67946:1.00 69814:1.00 72120:4.00
packard	73876:1.00
pact	67553:1.00 72936:1.00
pactol	69812:1.00
pag	68276:1.00 68383:1.00 69821:2.00 71835:2.00 72940:1.00
pai	75068:1.00
pain	73183:1.00 76213:1.00
paindavoin	73879:1.00
paisibl	72629:1.00
paix	73185:1.00
pal	68888:1.00 69535:1.00 69820:1.00 71836:1.00 72119:1.00 72936:1.00
palaiseau	68638:1.00 68641:2.00 70162:1.00 75796:1.00
paleo	73431:1.00
palet	68273:1.00 70162:2.00 70916:1.00 72630:1.00
pali	74449:1.00
palli	69539:1.00 76208:1.00
palm	67391:2.00 74457:4.00
palmi	67391:7.00 72632:3.00 74457:6.00
palmivor	72632:3.00
palud	69813:1.00
paléoanthropologu	67938:8.00
paléoenviron	68388:1.00
paléopatholog	73431:3.00
pam	72394:1.00 72634:1.00
pamatec	73185:1.00
pan	74454:1.00
panach	70162:2.00
pancré	67802:2.00
pancréat	67802:4.00 68887:1.00
panel	67390:1.00 71363:4.00 72120:1.00
pann	70165:1.00 76510:1.00
panneau	68884:2.00 69179:1.00 71836:1.00 72114:7.00 73436:1.00
panopl	68643:1.00 72392:1.00
panoram	67388:1.00 68882:1.00 73690:1.00 74167:1.00 76514:1.00
pap	73435:1.00
papi	67068:1.00 72932:1.00
papill	72631:2.00
papillom	72935:1.00
papillon	70425:5.00 72632:6.00
par	75458:1.00
parachev	73183:1.00
parad	72632:1.00
paraiss	72934:1.00
parallel	67383:3.00 67389:1.00 67553:1.00 67555:2.00 67795:3.00 67801:1.00 67940:1.00 68274:1.00 68384:1.00 68387:1.00 68388:1.00 68638:1.00 68643:1.00 68882:1.00 68885:1.00 69181:1.00 69533:2.00 69534:1.00 69536:1.00 69537:1.00 69539:1.00 69541:1.00 69819:1.00 70161:1.00 70162:1.00 70170:1.00 70422:1.00 70425:1.00 70751:1.00 71614:2.00 72114:1.00 72394:1.00 72397:1.00 72398:1.00 72629:1.00 72630:1.00 72935:1.00 73182:1.00 73183:1.00 73186:1.00 73437:1.00 73687:1.00 73691:1.00 73877:1.00 73879:2.00 73880:1.00 74168:1.00 74454:1.00 74746:1.00 74748:1.00 75458:1.00 75788:1.00 75793:1.00 76206:1.00 76208:1.00 76508:2.00 76510:2.00
paralys	68646:1.00 71843:1.00
parametr	68279:1.00 68387:1.00 68646:2.00 68885:1.00 69813:3.00 71841:1.00 73879:2.00 74168:1.00 74751:1.00
parasit	71618:2.00
parasitoïd	73877:1.00
paraît	73432:1.00
paraîtr	67937:1.00 67938:1.00 69821:1.00
parc	67794:1.00 67799:1.00 67938:1.00 68279:1.00 68383:1.00 68387:1.00 68638:1.00 68881:1.00 69821:1.00 70424:1.00 70745:1.00 71359:1.00 71360:1.00 72392:1.00 72394:1.00 72939:1.00 73185:1.00 73430:1.00 73431:1.00 73683:1.00 73877:1.00 74752:1.00 75458:1.00 75792:1.00 76212:1.00 76213:2.00 76507:1.00 76511:2.00
parcel	68279:1.00 69537:3.00 71842:1.00 73877:1.00 75458:2.00
parcellair	72940:1.00
parcour	67794:1.00 68389:1.00 68641:1.00 68883:1.00 69535:1.00 73182:1.00 73430:2.00 73437:1.00 74167:1.00 74170:1.00 74176:1.00 74748:1.00 74749:1.00 75458:1.00
parcouru	67068:1.00 68640:1.00 68883:1.00 69811:1.00 74170:2.00 75458:1.00
parcourus	73183:1.00
pareil	71835:1.00 73683:1.00
parent	67555:1.00 68881:1.00 70749:5.00 72401:2.00 72932:1.00 75458:1.00 76509:1.00
parental	67555:1.00 70749:1.00
parenthes	72394:4.00
parf	69177:1.00 71359:1.00 71614:1.00 75063:1.00 76509:1.00
parfait	67390:2.00 67558:1.00 67802:1.00 68273:1.00 68383:1.00 69177:2.00 70161:1.00 70420:2.00 70421:1.00 70916:1.00 71842:1.00 72932:1.00 73184:1.00 73436:1.00 73877:1.00 73878:1.00 74168:1.00 74172:1.00 74449:1.00 74450:1.00 74455:1.00 75063:1.00 75794:1.00 76507:1.00 76508:1.00 76511:1.00
parfois	67388:2.00 67937:2.00 68643:1.00 71835:1.00 72113:1.00 72401:1.00 72629:1.00 72630:2.00 72932:2.00 72933:1.00 72940:1.00 73431:1.00 73434:1.00 73685:1.00 75458:1.00 75460:1.00 76210:1.00 76211:1.00 76511:1.00
parfum	70166:1.00 76516:1.00
parfumer	67946:1.00 76516:2.00
pari	73684:3.00 76213:1.00
parietal	69819:1.00
parieur	71357:1.00
paris	67068:3.00 67386:1.00 67556:1.00 67795:1.00 67803:1.00 67804:4.00 67941:1.00 67942:1.00 67945:1.00 68277:1.00 68280:3.00 68384:1.00 68392:5.00 68646:1.00 68885:1.00 69178:1.00 69183:2.00 69184:3.00 69185:2.00 69186:1.00 69536:3.00 69815:1.00 69816:1.00 70162:4.00 70163:1.00 70168:3.00 70169:1.00 70421:1.00 70422:1.00 70424:1.00 70426:2.00 70747:2.00 70748:6.00 70914:1.00 70918:1.00 70922:1.00 71358:1.00 71360:2.00 71620:1.00 71837:1.00 71841:2.00 72113:1.00 72120:2.00 72121:1.00 72393:3.00 72396:1.00 72399:1.00 72633:1.00 72636:1.00 72932:4.00 72935:1.00 72936:3.00 72939:2.00 73184:1.00 73186:1.00 73190:4.00 73430:2.00 73431:1.00 73683:1.00 73684:1.00 73875:2.00 73879:1.00 73883:1.00 74172:2.00 74451:1.00 74456:1.00 74746:5.00 74749:1.00 74750:1.00 74751:3.00 74752:2.00 75063:2.00 75065:2.00 75071:2.00 75457:1.00 75788:2.00 75794:1.00 76207:1.00 76211:3.00 76507:1.00 76508:2.00 76510:1.00
parisien	67799:1.00 68638:1.00 72936:1.00 76507:1.00 76508:1.00
paristech	67068:1.00 68276:5.00 68393:3.00 68639:1.00 69186:2.00 70161:8.00 70422:12.00 70747:1.00 70923:6.00 71612:1.00 73182:1.00 73882:1.00 74750:1.00 75457:8.00
parkinson	68646:5.00 74173:4.00 76511:1.00
parkinsonien	68646:3.00 74171:1.00
parl	67383:1.00 67795:1.00 67798:1.00 67939:1.00 68273:1.00 68274:1.00 69535:1.00 69821:1.00 70161:1.00 71357:1.00 71363:1.00 71614:2.00 71615:1.00 71617:1.00 71835:1.00 71841:1.00 71842:1.00 72393:2.00 72397:1.00 72629:2.00 72631:2.00 72932:1.00 72933:1.00 72938:1.00 73432:1.00 73433:1.00 73683:1.00 74167:1.00 74454:1.00 74747:1.00 74752:1.00 76206:1.00 76514:1.00 76515:1.00
parlent	74167:1.00 74751:1.00 75065:1.00
parm	67383:1.00 67554:1.00 67556:2.00 67795:1.00 67800:2.00 67801:1.00 67937:1.00 68383:1.00 68388:2.00 68885:1.00 69179:1.00 69181:1.00 69537:1.00 70420:1.00 70422:1.00 70425:1.00 70744:1.00 70745:1.00 71612:1.00 71615:1.00 71837:1.00 72392:1.00 72393:1.00 72398:1.00 72939:1.00 73182:2.00 73432:1.00 73684:1.00 73877:1.00 73879:1.00 74449:1.00 74744:1.00 74746:1.00 74752:1.00 75064:1.00 75066:2.00 75458:1.00 75788:1.00 75797:1.00 76208:1.00 76209:1.00 76211:1.00
paroi	70421:1.00
parois	76213:1.00
parol	75796:1.00 76516:1.00
parrain	70168:1.00 73190:1.00 76514:1.00
partag	67794:1.00 67937:1.00 67939:1.00 68275:1.00 68642:1.00 69541:1.00 69821:1.00 71358:1.00 71838:2.00 72113:1.00 72115:1.00 72393:1.00 72932:2.00 73689:1.00 74172:1.00 74176:2.00 75461:1.00 76209:1.00 76212:1.00
partagent	67388:1.00 70745:1.00
partenair	67385:2.00 67388:1.00 67554:1.00 67555:1.00 67940:2.00 67944:1.00 67945:1.00 67946:1.00 68273:1.00 68278:1.00 68279:3.00 68393:3.00 68642:1.00 68881:2.00 68884:1.00 68888:2.00 69178:1.00 69179:1.00 69180:1.00 69182:1.00 69534:2.00 69536:1.00 69538:2.00 69812:1.00 69813:1.00 69817:1.00 70164:1.00 70166:1.00 70168:1.00 70421:1.00 70753:1.00 70920:1.00 70923:1.00 71358:2.00 71359:8.00 71360:1.00 71615:1.00 71837:1.00 71842:1.00 72114:1.00 72121:1.00 72392:1.00 72396:2.00 72629:2.00 72630:1.00 72634:1.00 72637:1.00 72933:1.00 73183:1.00 73184:4.00 73190:1.00 73434:1.00 73875:1.00 73876:2.00 73878:1.00 73879:2.00 73884:1.00 74168:2.00 74170:1.00 74449:2.00 74744:3.00 74745:4.00 74748:1.00 74749:3.00 75064:1.00 75069:2.00 75071:1.00 75458:1.00 75461:1.00 75465:2.00 75789:2.00 75793:2.00 76211:1.00 76513:1.00
partenarial	73690:1.00 75464:1.00
partenariat	67561:1.00 67795:3.00 67944:1.00 67945:2.00 68276:1.00 68278:1.00 68384:6.00 68392:1.00 68393:1.00 68639:1.00 68642:1.00 68883:1.00 68888:1.00 69536:3.00 69813:1.00 69815:1.00 70161:1.00 70166:1.00 70420:1.00 70421:2.00 70422:1.00 70745:1.00 70748:1.00 70751:1.00 70753:3.00 70920:6.00 70921:1.00 71357:1.00 71358:2.00 71360:3.00 71363:1.00 71612:1.00 71621:1.00 72121:1.00 72122:1.00 72396:4.00 72398:1.00 72630:2.00 72938:1.00 73185:1.00 73430:1.00 73434:1.00 73684:2.00 73689:1.00 73691:2.00 73876:1.00 74170:1.00 74172:1.00 74174:1.00 74455:1.00 74744:3.00 74748:1.00 75068:1.00 75464:2.00 75465:1.00 75793:1.00 76515:1.00
particip	67383:1.00 67391:1.00 67556:1.00 67795:1.00 67942:1.00 67944:2.00 68383:1.00 68386:1.00 68387:1.00 68388:1.00 68392:1.00 68638:2.00 68885:3.00 69178:1.00 69534:1.00 69536:1.00 69541:1.00 69542:2.00 69543:1.00 69812:1.00 69820:1.00 70161:1.00 70169:1.00 70422:1.00 70749:2.00 70914:2.00 70921:4.00 71362:1.00 71363:1.00 71614:1.00 71619:1.00 71620:1.00 71835:1.00 72122:1.00 72398:1.00 72399:1.00 72630:1.00 72634:3.00 72937:2.00 73185:1.00 73190:1.00 73430:1.00 73431:1.00 73438:1.00 73683:1.00 73685:1.00 73686:1.00 73687:1.00 73689:2.00 73691:1.00 73875:2.00 73877:1.00 73882:1.00 73884:1.00 74167:1.00 74453:1.00 74747:1.00 74749:1.00 74751:1.00 75065:1.00 75464:1.00 75466:1.00 75795:2.00 75796:1.00 76207:1.00 76510:1.00
participent	67385:1.00 67798:1.00 67799:1.00 67940:1.00 70916:2.00 71842:1.00 73184:1.00 73430:1.00 73432:1.00 73880:1.00 75458:1.00
participon	67553:1.00
particul	68390:1.00 68638:2.00 68644:1.00 68645:1.00 69178:2.00 69540:2.00 70747:1.00 70914:1.00 70919:4.00 71612:1.00 72934:1.00 73183:1.00 73688:3.00 75464:1.00 76210:1.00
particular	67068:1.00 67391:1.00 67553:1.00 67558:1.00 69183:1.00 71621:1.00 72394:1.00 73684:1.00 73688:1.00 73875:1.00 73879:1.00 76206:1.00
partiel	69180:1.00 73435:1.00
partit	72939:1.00
partner	69815:2.00 71360:1.00 71616:1.00 72935:3.00 73686:1.00 76510:1.00
partnering	73691:3.00
partout	70751:1.00 72114:1.00 73434:2.00 74749:1.00 75066:1.00 76511:1.00
parut	72398:1.00
parven	67068:1.00 67071:1.00 67558:1.00 67800:1.00 68275:1.00 68644:1.00 69178:1.00 69183:1.00 69818:1.00 70161:2.00 70422:1.00 70744:1.00 70916:1.00 70921:1.00 70922:1.00 72113:1.00 73877:1.00 74168:1.00 74169:1.00 74744:1.00 74750:1.00 75065:1.00 75069:1.00 75791:1.00 75792:1.00 75794:1.00 76213:1.00 76512:1.00
parvenon	70749:1.00
parvenu	73187:1.00
parvenus	67068:1.00 68274:1.00 68280:1.00 68640:1.00 69819:1.00 70425:1.00 72114:1.00 72630:1.00 74173:1.00 74750:2.00
parvient	75792:1.00
pasaden	68881:3.00
pascal	67386:1.00 67937:2.00 67938:6.00 71358:1.00 73431:1.00 75063:3.00 76207:1.00
pass	67068:2.00 67071:1.00 67385:1.00 67386:1.00 67387:1.00 67554:1.00 67561:1.00 67794:1.00 67795:2.00 67801:1.00 67939:1.00 67945:1.00 68273:1.00 68280:1.00 68281:1.00 68383:1.00 68641:1.00 68643:1.00 69185:1.00 69533:3.00 69534:1.00 69540:1.00 69814:1.00 69821:2.00 70161:3.00 70163:2.00 70166:1.00 70168:1.00 70421:1.00 70745:1.00 71357:1.00 71359:2.00 71612:1.00 71836:1.00 71840:1.00 71845:2.00 72115:1.00 72392:1.00 72394:2.00 72395:1.00 72397:2.00 72633:1.00 72634:1.00 72635:1.00 72636:1.00 72932:1.00 72934:2.00 72939:2.00 73182:1.00 73185:1.00 73187:1.00 73190:1.00 73430:2.00 73431:1.00 73432:1.00 73437:1.00 73683:1.00 73684:2.00 73685:1.00 73688:1.00 73876:1.00 73882:1.00 74167:1.00 74171:1.00 74175:1.00 74450:2.00 75065:1.00 75066:1.00 75068:3.00 75070:1.00 75459:1.00 75792:1.00 75795:1.00 76508:1.00 76511:1.00
passag	67939:1.00 68640:1.00 68643:1.00 68881:1.00 69820:1.00 71836:1.00 72118:1.00 72635:3.00 73183:3.00 73184:1.00 73430:1.00 73683:1.00 73688:2.00 74168:1.00 75459:1.00 75462:1.00 75792:1.00 76213:1.00
passager	72932:1.00 74751:1.00 74752:1.00
passent	74175:1.00
passif	71838:1.00 74167:1.00
passion	69542:1.00 71612:2.00 71835:1.00 71837:1.00 72630:1.00 72633:1.00 72940:2.00 73689:1.00 74168:1.00 74752:4.00 75793:1.00 76206:1.00 76212:1.00 76515:1.00
passionnent	68383:1.00
pastel	72630:13.00
pasteur	69813:7.00 73686:1.00 74451:1.00 75458:2.00
patern	67553:1.00
pathogen	68387:1.00 68643:1.00 69183:2.00 70420:1.00 71618:1.00 73686:1.00
patholog	67798:2.00 67799:2.00 68387:1.00 69534:2.00 69813:1.00 69815:1.00 73431:5.00 73432:1.00 73435:1.00 74453:1.00 75065:4.00 75067:1.00 75459:1.00 76507:2.00 76511:2.00
pathoquest	73686:6.00
pathway	69533:1.00
paticip	72634:1.00
patient	67556:2.00 67801:8.00 67941:1.00 68387:2.00 68646:3.00 68881:1.00 70918:2.00 70919:1.00 71841:1.00 72117:1.00 72935:4.00 73187:2.00 73435:1.00 73686:1.00 74171:2.00 74173:2.00 74452:1.00 74453:1.00 74454:5.00 75065:9.00 75067:1.00 75459:1.00 75793:1.00 76208:1.00 76507:4.00 76508:4.00
patr	69542:2.00
patric	68887:2.00 72939:2.00 73683:6.00 74457:2.00
patrici	71616:1.00
patrick	68883:2.00 74172:1.00
patrimoin	72939:1.00 73683:1.00 74167:1.00
patron	72629:1.00
patronag	74456:1.00
patt	72632:3.00
pau	75067:1.00
paul	68386:1.00 69180:1.00 69819:1.00 71612:1.00 72398:1.00 73433:1.00 74744:1.00
paulo	71362:1.00
paus	70921:1.00
pauvr	73185:1.00 75792:1.00
pauvret	67794:1.00
pavillon	69542:1.00
pay	67391:1.00 67553:2.00 67555:4.00 67794:4.00 67938:1.00 67945:1.00 68273:1.00 68281:1.00 68383:1.00 68386:1.00 68392:1.00 68638:2.00 68642:4.00 68646:1.00 69179:1.00 69180:1.00 69181:1.00 69534:2.00 69538:1.00 69542:2.00 69813:2.00 70163:1.00 70164:1.00 70422:1.00 70743:1.00 70914:2.00 70916:2.00 71358:2.00 71362:1.00 71614:1.00 71619:1.00 72113:2.00 72117:2.00 72393:4.00 72396:4.00 72629:7.00 72630:1.00 72631:1.00 72633:1.00 72933:2.00 72936:1.00 73182:2.00 73185:3.00 73188:1.00 73430:2.00 73684:2.00 73691:1.00 73878:1.00 74167:2.00 74169:1.00 74170:1.00 74450:1.00 74746:2.00 74749:2.00 75067:1.00 75069:2.00 75458:6.00 75797:1.00 76209:3.00 76507:1.00 76512:4.00
payraud	74169:3.00
paysag	67794:1.00 67938:1.00 70161:1.00 73877:1.00
paysager	69537:1.00
paysan	69821:2.00
paysandisi	72632:2.00
paysann	67794:1.00
pc	69178:1.00 70914:1.00
pcd	72120:4.00
pcr	68643:1.00
pcrd	69538:1.00 71361:1.00 74749:1.00 75069:1.00
pdc	67945:1.00
pdg	70914:2.00 72392:1.00 75461:1.00
peau	71360:1.00 74744:2.00 74750:1.00 75067:1.00
pech	74169:1.00
pect	68281:6.00
pecten	75460:1.00
pegas	68393:1.00
pein	67794:1.00 67937:1.00 68281:1.00 74449:1.00 75790:1.00 76213:1.00
peintur	73685:2.00 74744:1.00 75788:1.00
pekn	68888:1.00
pelco	67796:4.00
pelti	76510:1.00
pen	72634:2.00
pench	68881:1.00 75069:1.00
pend	67389:1.00 67558:1.00 67937:2.00 67939:1.00 68391:1.00 68642:1.00 69185:1.00 69811:1.00 70162:1.00 70749:1.00 71837:1.00 71843:1.00 73434:1.00 74450:1.00 75460:1.00 76509:1.00
pens	67389:1.00 67795:1.00 67798:1.00 68283:1.00 68882:1.00 69177:1.00 69821:1.00 70161:3.00 71842:1.00 72394:1.00 72396:1.00 72401:1.00 72932:2.00 72939:1.00 72940:1.00 73684:1.00 73877:1.00 73879:1.00 74167:2.00 74455:1.00 74744:1.00 75459:1.00 76213:1.00
penson	68887:1.00 69177:1.00
pent	71617:2.00
pentrit	70425:1.00
pepsin	67388:2.00
peptid	67390:7.00 67937:2.00 72115:2.00 73184:4.00 73878:4.00
per	67937:1.00 68273:1.00 68884:1.00 72636:1.00 72932:1.00 73431:1.00 75790:1.00
perc	69815:1.00 72397:1.00
percept	69534:2.00 72395:1.00 72631:2.00 73685:1.00 75790:6.00 75793:1.00 76206:4.00 76508:1.00 76514:1.00
perceptibl	72629:1.00 72631:1.00
percev	70161:2.00
percevoir	70744:1.00
perdent	73188:2.00 74454:1.00
perdr	67798:1.00 68383:1.00 74167:1.00 74169:1.00
perdu	71366:1.00 72629:1.00 75458:1.00 75459:1.00
perdus	72393:1.00
perfection	74751:1.00
perfor	70746:1.00 70918:1.00
perform	67554:1.00 67556:1.00 67801:1.00 68883:3.00 69177:1.00 69179:1.00 69541:1.00 69820:2.00 70163:2.00 70423:3.00 70425:3.00 70743:1.00 70752:1.00 70914:4.00 71836:2.00 72397:3.00 72633:1.00 72635:1.00 73430:2.00 73434:1.00 73436:3.00 73876:1.00 73879:1.00 74168:2.00 74171:1.00 74452:1.00 74744:1.00 74745:1.00 74748:1.00 74749:1.00 74751:1.00 75063:1.00 75067:1.00 75070:1.00 75464:1.00 75788:2.00 75792:1.00 75796:5.00 76211:1.00
perfum	72120:1.00
perig	75463:1.00
perm	67389:1.00 67390:1.00 67391:1.00 67553:1.00 67795:1.00 67801:1.00 67802:1.00 68387:1.00 68388:2.00 68643:1.00 68883:2.00 68885:1.00 69177:2.00 69184:1.00 69537:3.00 69811:3.00 69816:1.00 70162:5.00 70169:1.00 70425:1.00 70428:1.00 70743:1.00 70749:1.00 70914:1.00 70918:1.00 70919:1.00 70921:2.00 71836:1.00 72117:1.00 72392:1.00 72395:3.00 72398:1.00 72631:1.00 72633:1.00 72634:1.00 72934:1.00 73185:1.00 73430:1.00 73431:1.00 73432:1.00 73434:1.00 73436:1.00 73683:2.00 73685:1.00 73878:1.00 73880:2.00 74168:1.00 74170:1.00 74449:1.00 74746:1.00 75461:1.00 75788:1.00 75794:1.00 75795:1.00 76213:1.00 76507:1.00 76512:2.00
permanent	67389:1.00 67795:1.00 68280:1.00 69181:1.00 70422:4.00 71359:1.00 72114:1.00 72629:1.00 72932:2.00 74167:1.00 74745:1.00 75458:1.00 76507:1.00 76508:1.00
permettent	67068:1.00 67386:1.00 67795:1.00 67937:1.00 68273:1.00 68280:1.00 68281:1.00 68389:1.00 68390:1.00 68641:1.00 68885:1.00 68887:1.00 69177:1.00 69182:1.00 69183:1.00 69534:1.00 69812:1.00 70163:1.00 70420:1.00 70421:1.00 70423:1.00 70429:1.00 70744:1.00 70746:1.00 70916:2.00 71357:1.00 72116:1.00 73189:1.00 74171:1.00 75071:1.00 75794:1.00 76207:1.00 76508:1.00 76511:1.00
permettr	67385:1.00 67387:2.00 67388:1.00 67389:1.00 67391:1.00 67554:1.00 67555:2.00 67558:1.00 67798:1.00 67801:3.00 67937:1.00 67939:7.00 68273:2.00 68277:1.00 68279:2.00 68638:1.00 68643:1.00 68884:2.00 68886:1.00 69177:1.00 69178:1.00 69181:1.00 69183:1.00 69534:1.00 69536:2.00 69811:1.00 69812:2.00 69813:1.00 69816:1.00 69817:2.00 70161:1.00 70163:1.00 70164:1.00 70165:1.00 70420:1.00 70421:2.00 70424:1.00 70744:2.00 70745:1.00 70747:1.00 70916:3.00 70919:2.00 70921:1.00 71358:2.00 71359:1.00 71360:1.00 71361:1.00 71362:1.00 71363:1.00 71366:1.00 71612:1.00 71614:1.00 71617:2.00 71835:1.00 72118:1.00 72392:1.00 72394:1.00 72397:1.00 72400:1.00 72631:2.00 72632:2.00 72635:1.00 72636:1.00 72637:1.00 72934:1.00 72935:1.00 72937:1.00 72940:1.00 73182:1.00 73186:1.00 73188:1.00 73430:1.00 73432:2.00 73438:1.00 73683:1.00 73686:1.00 73689:1.00 73875:1.00 74167:2.00 74168:1.00 74169:1.00 74176:1.00 74451:1.00 74744:1.00 74746:1.00 74748:1.00 74749:1.00 75063:1.00 75064:2.00 75068:1.00 75069:1.00 75070:1.00 75457:3.00 75461:2.00 75465:1.00 75789:1.00 75792:2.00 76211:1.00 76213:1.00 76510:1.00 76513:1.00
permettront	67071:1.00 67941:1.00 68277:1.00 69814:1.00 69817:1.00 69820:1.00 70420:2.00 70426:1.00 71359:2.00 71617:1.00 71842:1.00 72118:1.00 75069:1.00 75464:1.00 75789:1.00 75796:2.00
permis	72939:1.00
perméabl	68273:1.00 72397:2.00 72634:1.00
peroxysom	68387:1.00
perpétuel	67937:1.00
perpétuent	70161:1.00
perret	71358:2.00
perri	71357:3.00
persist	67387:1.00 71357:1.00 76213:1.00
persistent	74453:1.00
person	67068:3.00 67389:1.00 67553:1.00 67794:1.00 67798:1.00 67799:2.00 67801:1.00 67802:1.00 67940:3.00 68273:1.00 68387:7.00 68643:1.00 68645:1.00 68646:3.00 68881:2.00 69534:1.00 69812:1.00 69813:3.00 69815:1.00 70165:1.00 70166:1.00 70422:1.00 70744:2.00 70745:1.00 70749:1.00 70914:1.00 71357:1.00 71359:2.00 71361:1.00 71366:2.00 71612:1.00 71614:1.00 71615:1.00 71616:1.00 71837:1.00 71840:1.00 71841:1.00 71842:1.00 72113:1.00 72114:1.00 72115:2.00 72393:1.00 72629:2.00 72630:1.00 72633:2.00 72634:1.00 72933:1.00 73184:1.00 73187:3.00 73190:2.00 73432:3.00 73435:2.00 73684:2.00 73685:2.00 73691:1.00 73875:2.00 73876:1.00 73879:1.00 74173:1.00 74449:10.00 74450:1.00 74451:1.00 74453:5.00 74746:8.00 74749:2.00 74752:1.00 75063:5.00 75065:1.00 75069:7.00 75458:1.00 75466:1.00 75793:5.00 75795:1.00 76206:2.00 76207:1.00 76211:1.00 76507:1.00 76508:6.00
personnag	67937:1.00 67938:1.00
personnal	72400:1.00 75796:1.00
personnalis	68885:1.00 71359:1.00 73691:1.00 75071:1.00
personnel	67940:1.00 67941:1.00 68643:1.00 69535:1.00 69536:1.00 71619:1.00 72122:1.00 72394:1.00 72401:1.00 72634:1.00 73185:1.00 76507:1.00
perspect	67558:1.00 67795:2.00 67800:1.00 67804:1.00 67937:1.00 67939:1.00 68390:1.00 68887:1.00 69184:1.00 69186:2.00 69537:1.00 69540:1.00 69816:1.00 70752:1.00 70921:1.00 71363:1.00 72398:1.00 72632:2.00 73877:1.00 74174:1.00 75466:1.00 75788:1.00 76208:1.00
persuad	67553:1.00 68274:1.00 73876:1.00
pert	67799:1.00 68388:3.00 68640:1.00 69814:1.00 69816:5.00 71617:1.00 72932:1.00 72939:1.00 74449:1.00 75066:1.00 75069:1.00 76510:2.00
pertinent	67553:2.00 67801:1.00 68275:1.00 70166:2.00 70916:1.00 71359:1.00 74169:1.00 74746:1.00 75793:1.00
perturb	67802:1.00 67942:2.00 69540:1.00 70421:1.00 74173:1.00 75458:1.00
perçoit	69812:1.00 70421:1.00 75790:1.00
perçu	71615:2.00 72632:1.00 75790:1.00
pes	67553:1.00 67555:1.00 68383:1.00 69179:1.00 69182:2.00 70165:2.00 70919:3.00 72392:1.00 72933:1.00
pessim	67794:1.00 68383:1.00 69533:1.00
pesticid	73877:1.00
pet	67794:1.00 67798:1.00 67801:1.00 68274:1.00 68283:1.00 68881:3.00 69179:2.00 69540:1.00 69812:2.00 70429:1.00 71359:1.00 71366:1.00 71842:1.00 72629:1.00 72633:1.00 72932:2.00 73431:1.00 73683:1.00 74450:3.00 74452:1.00 74457:4.00
petawatt	68638:3.00
petit	67390:1.00 67555:2.00 67558:1.00 67800:2.00 68388:1.00 68391:1.00 68887:2.00 69177:1.00 69182:1.00 69540:2.00 69812:1.00 70165:1.00 70166:1.00 70169:1.00 70420:1.00 70421:1.00 70423:3.00 70425:1.00 70747:1.00 71358:1.00 71614:4.00 71837:1.00 71840:1.00 71841:1.00 71842:1.00 71843:1.00 72119:1.00 72395:1.00 72629:1.00 72630:1.00 72634:2.00 72933:1.00 72934:1.00 72939:1.00 73430:2.00 73432:1.00 73433:1.00 73434:1.00 73683:2.00 73685:2.00 73689:1.00 74169:1.00 74450:2.00 74455:2.00 74749:1.00 75070:1.00 75458:1.00 75792:2.00 76206:1.00 76208:1.00 76507:3.00 76511:1.00
petr	70420:1.00
peu	67068:1.00 67391:1.00 67555:3.00 67801:2.00 67937:4.00 67938:1.00 68274:2.00 68275:1.00 68279:1.00 68280:1.00 68387:1.00 68389:1.00 68390:1.00 68638:2.00 68640:1.00 68643:2.00 68882:2.00 68887:1.00 69181:1.00 69817:1.00 69821:1.00 70166:1.00 70421:1.00 70422:1.00 70425:2.00 70744:1.00 70916:1.00 71614:2.00 71621:1.00 71835:1.00 71836:1.00 71842:1.00 72113:1.00 72114:3.00 72394:2.00 72395:1.00 72631:1.00 72634:1.00 72932:2.00 72939:1.00 73182:1.00 73183:1.00 73430:1.00 73431:2.00 73434:1.00 73436:2.00 73684:6.00 73688:1.00 73875:3.00 73877:1.00 73879:1.00 74167:3.00 74169:2.00 74170:1.00 74449:1.00 74450:3.00 74457:1.00 74749:1.00 75067:1.00 75459:1.00 75460:1.00 75788:1.00 75790:2.00 76206:1.00 76207:1.00 76213:1.00 76507:1.00 76509:1.00
peugeot	68383:1.00 68639:1.00 70748:3.00
peupl	68644:1.00 68888:1.00 71621:1.00 73430:1.00
peuplent	67554:1.00 70746:1.00 73879:1.00 75792:1.00 75794:1.00
peur	70422:1.00 74167:1.00
peut	67388:2.00 67389:1.00 67390:1.00 67391:1.00 67555:2.00 67794:1.00 67802:1.00 67937:2.00 67938:1.00 67942:1.00 68273:1.00 68274:4.00 68275:1.00 68279:1.00 68280:1.00 68281:2.00 68390:1.00 68391:1.00 68882:1.00 68883:1.00 68885:1.00 69178:1.00 69179:1.00 69183:1.00 69533:1.00 69534:1.00 69535:2.00 69538:1.00 69540:1.00 69820:1.00 70161:2.00 70162:3.00 70166:1.00 70425:1.00 70744:2.00 70745:1.00 70746:2.00 70749:1.00 70915:1.00 71366:1.00 71618:2.00 71835:5.00 71836:1.00 71841:1.00 71842:1.00 71843:1.00 72113:2.00 72115:2.00 72116:1.00 72394:1.00 72629:3.00 72631:2.00 72634:1.00 72636:1.00 72932:2.00 72934:1.00 73182:2.00 73185:1.00 73189:1.00 73431:2.00 73432:1.00 73434:1.00 73435:2.00 73683:2.00 73684:1.00 73688:1.00 73876:2.00 73878:1.00 73879:1.00 73880:1.00 74167:2.00 74169:1.00 74172:1.00 74457:2.00 74745:1.00 74746:1.00 74747:1.00 74748:1.00 74749:2.00 74752:1.00 75063:1.00 75064:3.00 75066:2.00 75460:1.00 75789:1.00 75794:1.00 76206:1.00 76207:1.00 76213:1.00 76507:1.00 76508:1.00 76509:1.00 76510:2.00 76511:3.00
peuvent	67385:1.00 67387:1.00 67390:1.00 67555:1.00 67556:1.00 67798:1.00 67800:1.00 67801:2.00 68385:2.00 68388:1.00 68389:2.00 68641:1.00 68643:1.00 68644:1.00 69177:1.00 69178:1.00 69182:2.00 69183:1.00 69534:1.00 69813:1.00 69816:1.00 70162:1.00 70167:1.00 70743:2.00 70745:1.00 70746:1.00 70922:1.00 71359:1.00 71617:1.00 71835:1.00 71836:1.00 72113:1.00 72116:1.00 72398:2.00 72634:1.00 72932:2.00 72934:3.00 73184:1.00 73431:1.00 73684:1.00 73876:1.00 73879:1.00 74744:2.00 74750:1.00 75458:1.00 75459:1.00 75460:1.00 75788:2.00 75790:1.00 76206:1.00 76508:1.00 76511:1.00
peyn	69537:2.00
ph	73683:1.00 73684:1.00 75067:1.00
phar	68273:1.00 68274:1.00 70420:1.00 70914:1.00 72396:1.00 72633:1.00 72935:1.00 73190:1.00 74450:1.00 75795:1.00
pharm	71360:1.00 73187:2.00 74453:1.00 75065:9.00
pharmac	69536:2.00 69815:1.00 70166:1.00 71616:1.00 72116:1.00 72393:1.00 73433:1.00 75065:1.00
pharmaceut	67392:1.00 68387:1.00 71360:1.00 72115:2.00 72118:1.00 72393:1.00 72938:1.00 73691:1.00 73877:1.00 75461:1.00
pharmacien	70745:1.00 72113:1.00
pharmacolog	72115:4.00
pharmacologu	72115:1.00 72116:1.00
pharmacotechn	71612:2.00
phas	67385:1.00 67388:1.00 67555:1.00 67798:1.00 68642:1.00 68881:1.00 69177:1.00 69179:2.00 69813:1.00 70164:1.00 70916:2.00 71360:2.00 71616:1.00 72117:1.00 72393:1.00 72934:2.00 72935:3.00 73878:1.00 74168:1.00 74451:1.00 74454:1.00 75065:8.00 75068:1.00 75461:1.00 75788:1.00 75789:2.00 75792:1.00 75793:5.00 76511:1.00
phe	73189:3.00
phenom	69817:6.00 70420:3.00
phenotyping	69817:1.00 70420:1.00
phi	70744:2.00
philip	75459:2.00
philipp	67802:1.00 68641:1.00 68885:1.00 70421:4.00 70914:1.00 70916:1.00 71357:3.00 71621:3.00 72394:6.00 72631:7.00 72937:1.00 73877:5.00 74451:1.00
philippin	73185:2.00
philosoph	67938:1.00 70161:1.00 72113:1.00 72932:1.00 74169:1.00 75459:1.00
phon	68881:1.00 73190:1.00
phosphat	67385:1.00 67388:1.00 68640:2.00 71612:3.00
phospholipid	72116:1.00 73184:1.00
photo	67068:1.00 71612:1.00 73683:3.00
photocoagul	75067:1.00
photocop	70167:1.00
photodetector	71839:1.00
photodétecteur	71839:1.00
photograph	74747:1.00 75788:1.00
photomultipl	73688:1.00
photon	67554:1.00 70747:1.00 70748:2.00 73688:1.00 75795:2.00
photonic	72934:1.00 75795:6.00
photophys	68641:1.00
photos	71836:1.00 75788:2.00
photosynthes	67385:1.00 68385:1.00
photosynthet	67800:1.00
photothequ	67937:2.00 68280:2.00 70916:2.00 71835:1.00 74750:1.00 75458:4.00
photovoltaic	72114:1.00
photovoltaïqu	68642:1.00 70423:1.00 72114:7.00 72940:1.00 73185:2.00 73436:3.00 75789:2.00
phovoir	75465:1.00 76515:1.00
phras	76508:1.00
phy	75790:1.00
physco	74750:1.00
physic	72932:1.00
physical	67068:1.00 73188:1.00 75794:1.00
physicien	67068:3.00 67937:1.00 67943:2.00 68391:1.00 68638:5.00 68645:1.00 68881:1.00 69540:2.00 70745:1.00 72397:1.00 72932:2.00 72934:2.00 72940:1.00 74168:1.00 74451:1.00
physico	67071:1.00 68639:1.00 70423:1.00 72394:1.00 74744:1.00 74752:2.00
physiolog	67387:1.00 67800:1.00 67937:4.00 68388:1.00 68887:1.00 69534:1.00 70746:1.00 71837:1.00 72116:1.00 72631:2.00 73433:1.00 75069:1.00 75459:1.00 75793:1.00 76213:2.00
physionom	71357:2.00
physiopatholog	68646:1.00 75459:2.00
physiqu	67068:11.00 67390:1.00 67798:1.00 67943:1.00 68280:2.00 68638:3.00 68639:1.00 68645:1.00 68883:1.00 69178:4.00 69180:1.00 69536:1.00 69540:1.00 70167:1.00 70421:1.00 70422:2.00 70424:1.00 70914:1.00 72637:1.00 72934:3.00 72940:1.00 73186:1.00 73188:1.00 73688:1.00 74168:1.00 74170:1.00 74745:1.00 75070:1.00 75791:1.00 75794:1.00
phyto	72630:1.00
phytochip	75460:4.00
phytosanitair	68643:1.00 71618:2.00
phénix	70915:1.00
phénoarch	69182:4.00
phénol	73877:1.00
phénomen	67558:1.00 67939:1.00 67942:1.00 68639:1.00 69820:2.00 70421:2.00 70426:1.00 70746:1.00 70916:3.00 71836:1.00 72932:1.00 73188:1.00 73683:1.00 73877:1.00 74168:2.00 74453:1.00 74457:1.00 74745:2.00 74752:1.00 75070:1.00 76507:1.00
phénoménal	72932:1.00
phénotyp	70420:3.00
phénotypag	69817:6.00 70420:7.00
phéromon	70425:1.00 72632:4.00
piano	71835:1.00
pib	73182:1.00
pic	67938:1.00 68273:1.00 73688:2.00
picf	69814:1.00
picosatellit	69179:2.00
picot	71616:1.00
picq	67938:5.00 73876:3.00
picqu	68641:1.00
piec	67068:1.00 69541:1.00 70421:1.00 70918:1.00 71836:1.00 71842:2.00 73431:9.00 73683:1.00 74745:1.00
pied	67938:1.00 73684:3.00 73877:1.00 74169:1.00 74749:1.00 75459:1.00
pieg	69540:3.00 74744:1.00 76206:1.00
piercan	75464:1.00
pierr	67068:1.00 67798:1.00 67799:1.00 67937:1.00 68273:2.00 68277:1.00 68383:1.00 68384:1.00 68387:2.00 68643:1.00 68881:4.00 69533:1.00 69812:1.00 70421:1.00 70424:1.00 70743:1.00 70916:1.00 71360:1.00 71842:5.00 72117:2.00 73876:6.00 73882:1.00 74172:1.00 74450:1.00 74744:1.00 74746:1.00 75063:1.00 75070:1.00 75460:1.00 75789:2.00 76213:7.00
pierrot	67068:1.00 67383:4.00
pieux	74455:1.00
pigment	72630:4.00
pign	74746:1.00
pil	67797:6.00 68884:1.00 74174:4.00 75789:1.00
pili	73182:1.00
pilot	67385:2.00 67799:1.00 68275:1.00 68639:1.00 68882:1.00 68883:1.00 69178:2.00 69538:1.00 69813:3.00 70162:1.00 70165:1.00 70421:1.00 70744:1.00 71362:1.00 71837:1.00 72114:1.00 72392:2.00 72634:1.00 72637:1.00 72933:3.00 74450:1.00 74452:1.00 74746:1.00 75066:1.00 75457:1.00 75458:1.00 75789:1.00 75792:1.00
pilotag	68884:1.00 69177:2.00 69179:1.00 72637:2.00 72936:1.00 72937:1.00 75791:1.00 75792:1.00
pin	69816:3.00
pinc	69540:1.00
pionni	67937:1.00 68641:1.00 68881:1.00 71621:4.00 71842:1.00 72935:1.00 73182:1.00 74449:1.00 74450:1.00
pip	74450:1.00
piqu	67937:1.00 69813:1.00
pir	69177:1.00 73684:1.00
pirater	75789:1.00
pist	67385:1.00 67391:1.00 67561:1.00 68882:1.00 69534:1.00 69538:1.00 69813:1.00 70161:1.00 71366:1.00 71617:3.00 71835:1.00 72394:1.00 72398:1.00 75790:1.00
piti	68384:1.00
pixel	67554:1.00 68881:4.00 70424:1.00 72401:1.00
pizz	75462:1.00
piégeag	72632:1.00
piétin	73182:1.00
piézometr	69537:1.00
pla	76514:1.00
plac	67385:1.00 67555:1.00 67558:2.00 67795:1.00 67800:1.00 67938:2.00 67939:3.00 67941:1.00 67943:1.00 68273:1.00 68275:1.00 68276:1.00 68277:1.00 68279:1.00 68383:2.00 68385:1.00 68882:3.00 68883:1.00 68885:1.00 68887:1.00 69179:1.00 69181:1.00 69182:1.00 69537:1.00 69812:1.00 69813:3.00 69816:1.00 69818:1.00 70161:3.00 70162:1.00 70164:1.00 70420:2.00 70424:1.00 70425:1.00 70426:1.00 70748:1.00 70749:1.00 70914:1.00 70920:2.00 71357:3.00 71358:1.00 71361:1.00 71363:5.00 71619:1.00 71621:2.00 71838:3.00 72113:1.00 72114:1.00 72116:1.00 72119:2.00 72393:3.00 72395:1.00 72399:3.00 72629:1.00 72637:1.00 72936:1.00 73182:5.00 73185:5.00 73430:2.00 73432:1.00 73434:1.00 73683:2.00 73684:2.00 74167:1.00 74168:1.00 74169:1.00 74450:2.00 74746:1.00 74749:2.00 74752:1.00 75063:1.00 75065:3.00 75070:1.00 75457:3.00 75458:1.00 75790:1.00 75793:2.00 76207:2.00 76209:2.00 76211:1.00 76213:1.00 76507:1.00
placebo	72117:1.00 72935:1.00 75065:1.00
plain	68389:8.00 69816:3.00 72630:1.00
plais	67937:1.00 72631:1.00 72932:5.00 73182:1.00 73684:1.00 74449:4.00 74749:1.00 74752:2.00 76209:4.00
plan	67071:1.00 67554:1.00 67803:1.00 67937:1.00 68273:1.00 68279:1.00 68643:1.00 69541:1.00 70162:1.00 70420:1.00 70424:1.00 70744:1.00 70914:1.00 71619:1.00 72395:1.00 72630:1.00 72634:1.00 72635:1.00 72936:1.00 72938:2.00 73184:1.00 73430:1.00 73432:1.00 73877:2.00 74449:1.00 74748:1.00 75790:1.00 75792:2.00 75795:1.00 76206:1.00
planair	72635:1.00
planch	69541:1.00 73183:1.00 73683:1.00
planchent	73182:1.00
plancton	73183:6.00
planet	67071:1.00 67794:1.00 68387:1.00 69811:1.00 69814:1.00 71614:1.00 72940:1.00 73185:1.00 73434:1.00 73880:1.00 75458:2.00 76210:1.00 76213:2.00
planif	74456:1.00
planifi	70162:1.00
plant	67071:1.00 67387:9.00 67794:1.00 67800:3.00 68279:1.00 68387:2.00 68389:1.00 68643:2.00 68645:1.00 69182:9.00 69817:9.00 70420:22.00 71618:2.00 71837:3.00 72630:12.00 73433:1.00 73684:6.00 74457:1.00 75458:7.00 76213:1.00 76511:1.00 76516:2.00
planteur	74457:1.00
plantul	70420:1.00
planétair	69533:1.00 70163:1.00 71621:2.00 75458:3.00
planétolog	69819:1.00
plaqu	67554:1.00 74171:1.00
plaquet	69184:2.00 76210:3.00
plasm	74168:8.00 75064:1.00 75459:1.00
plasmiqu	72116:1.00
plastilax	72634:1.00
plastipol	70752:4.00 72634:1.00
plastiqu	67389:1.00 67556:1.00 68887:1.00 70167:3.00 70752:1.00 72114:1.00 72630:2.00 72634:3.00 73183:1.00 73687:1.00 73877:1.00 75464:1.00
plasturg	70752:4.00 72634:4.00
plat	67798:1.00 67939:1.00 68277:3.00 68279:9.00 68638:3.00 68640:1.00 68642:1.00 69177:1.00 69181:1.00 69182:6.00 69534:1.00 74449:1.00 75069:1.00 75788:3.00 75789:4.00 75792:1.00 76514:2.00
plateau	67795:1.00 68638:1.00 72119:1.00 73684:1.00
plateform	67391:1.00 68385:3.00 68393:1.00 68884:3.00 69180:2.00 69812:4.00 69817:10.00 70162:3.00 70420:7.00 70426:2.00 70914:1.00 70923:8.00 71359:11.00 71836:1.00 71842:1.00 72116:1.00 72633:1.00 72939:1.00 73190:1.00 73432:3.00 73437:1.00 74168:2.00 74452:4.00 75063:1.00 75064:1.00 75068:2.00 75457:2.00 76208:1.00 76507:1.00 76516:1.00
platform	73879:1.00
plausibl	71357:1.00
plaît	74457:1.00
plein	67068:1.00 67798:1.00 68279:1.00 68643:1.00 68885:1.00 69817:1.00 69821:1.00 70162:1.00 70166:1.00 70420:1.00 70421:1.00 70422:1.00 70744:1.00 71357:1.00 71614:1.00 71835:1.00 72113:1.00 72116:1.00 72396:1.00 73185:1.00 73683:1.00 73684:1.00 73687:1.00 74449:1.00 74455:1.00 74457:1.00 74748:1.00 75458:1.00 75461:1.00 76511:2.00
plexigl	68886:3.00
plomb	69178:2.00
plong	69540:1.00 70421:2.00 72397:1.00
plongeur	73190:1.00
plos	71843:1.00 73688:1.00
ployag	73683:3.00
pltp	73184:5.00
plui	67796:1.00 67939:1.00 70916:4.00 75458:2.00
plupart	67386:1.00 68643:2.00 69534:1.00 69812:1.00 69816:1.00 70746:1.00 70753:1.00 72115:1.00 72634:1.00 73182:1.00 73184:1.00 73876:1.00 73879:1.00 74454:1.00
plur	74169:1.00 75460:1.00
pluriannuel	68279:1.00
pluridisciplinair	71615:1.00 73183:1.00 75460:1.00
pluridisciplinar	67068:3.00 68276:1.00 70745:1.00 72398:1.00 73431:1.00
pluriel	76213:1.00
plusieur	67068:1.00 67385:1.00 67795:1.00 67802:2.00 67803:1.00 67937:2.00 67939:2.00 67942:2.00 68273:1.00 68274:1.00 68279:2.00 68390:1.00 68638:1.00 68645:1.00 68881:1.00 68882:1.00 68883:1.00 68885:2.00 68887:1.00 69179:1.00 69180:1.00 69183:1.00 69184:1.00 69533:1.00 69534:2.00 69537:1.00 69813:1.00 69816:1.00 69817:3.00 70163:1.00 70165:1.00 70166:1.00 70167:2.00 70420:1.00 70422:1.00 70424:1.00 70745:1.00 70916:3.00 70917:1.00 70922:1.00 71359:1.00 71612:1.00 71616:1.00 71621:1.00 71835:2.00 71842:3.00 71843:1.00 72115:3.00 72116:1.00 72394:1.00 72395:1.00 72396:1.00 72398:1.00 72629:2.00 72630:1.00 72631:1.00 72633:1.00 72634:1.00 72932:5.00 72937:1.00 73182:1.00 73184:2.00 73186:1.00 73187:1.00 73431:1.00 73432:1.00 73435:1.00 73683:1.00 73876:1.00 73878:1.00 74167:1.00 74169:1.00 74172:1.00 74173:1.00 74449:2.00 74453:1.00 74457:1.00 74746:1.00 75065:1.00 75457:1.00 75460:2.00 75462:1.00 75790:1.00 75792:2.00 75793:1.00 76209:1.00 76213:1.00 76508:1.00 76511:2.00 76512:1.00 76513:1.00 76515:1.00 76516:2.00
plutonium	70915:1.00
plutôt	68881:1.00 68882:1.00 70161:1.00 70166:1.00 70424:1.00 71357:1.00 72114:1.00 73183:1.00 73683:1.00 74449:1.00 76508:2.00
pluviometr	75458:2.00
pléiad	71836:16.00 72120:1.00
pléni	69820:1.00 71363:1.00 73691:1.00 75796:2.00
pléïad	69177:2.00
pme	67388:1.00 67553:9.00 67941:1.00 67945:2.00 68273:2.00 68383:1.00 68885:1.00 69541:1.00 70162:1.00 70166:4.00 70420:1.00 70914:3.00 71612:2.00 71614:4.00 71840:5.00 71842:2.00 72114:5.00 72118:1.00 72395:8.00 72396:1.00 72634:5.00 73430:3.00 73435:1.00 73687:2.00 73691:1.00 74167:6.00 74169:2.00 74172:1.00 74455:4.00 74748:1.00 74749:3.00 75063:5.00 75066:1.00 75461:1.00 75462:1.00 75789:1.00 75795:2.00 76211:1.00 76507:1.00 76508:2.00 76511:2.00 76512:1.00
pmi	67945:1.00 68383:1.00 68885:1.00
pmrc	69533:1.00
pnas	68886:1.00 69184:1.00 70746:1.00
pnb	71619:1.00
pneumophil	69183:1.00
pnra	70749:1.00
poc	71615:1.00
poch	69812:1.00 71612:1.00 71614:1.00 72932:1.00 73685:1.00 74450:1.00 74457:1.00 75790:1.00
poid	68385:1.00 68640:1.00 68883:2.00 69179:1.00 69535:1.00 71366:1.00 73430:1.00 74170:1.00 74450:1.00 75792:1.00
poign	72115:1.00 72631:1.00 72634:1.00 73430:1.00 73434:1.00
poincar	67940:2.00 68276:1.00 71835:3.00 72932:3.00
point	67068:1.00 67386:1.00 67553:1.00 67554:1.00 67555:1.00 67800:1.00 67939:1.00 68273:1.00 68274:1.00 68277:1.00 68383:1.00 68384:1.00 68385:1.00 68638:1.00 68645:1.00 68882:1.00 68884:1.00 68885:1.00 69183:1.00 69534:1.00 69813:1.00 69820:1.00 70161:1.00 70162:1.00 70165:1.00 70425:1.00 70743:1.00 70747:1.00 70914:2.00 70919:1.00 70921:1.00 71357:1.00 71363:2.00 71612:1.00 71614:1.00 71836:2.00 71838:1.00 71839:1.00 72114:1.00 72118:1.00 72119:3.00 72394:1.00 72397:1.00 72629:1.00 72634:1.00 72636:1.00 72933:1.00 73432:1.00 73433:1.00 73683:1.00 73690:1.00 73880:2.00 73883:1.00 74168:3.00 74174:1.00 74176:2.00 74450:1.00 74452:1.00 74453:2.00 74457:2.00 74744:1.00 74745:2.00 74749:1.00 75063:1.00 75069:1.00 75070:3.00 75457:1.00 75461:1.00 75464:2.00 75788:4.00 75791:1.00 75793:1.00 75796:1.00 76206:1.00 76213:3.00 76507:2.00 76510:1.00 76511:1.00
pointill	70744:1.00
pointu	68881:1.00 70749:1.00 72394:1.00
pointus	76507:1.00
poinçon	68274:1.00
poisson	67383:1.00 68387:1.00 68388:2.00 69811:1.00 71621:2.00 73183:1.00 74449:1.00 76213:1.00
poiti	71358:1.00 76509:1.00
polair	67939:1.00 69179:1.00 73183:3.00
polar	73183:5.00 75070:1.00
polaris	68280:1.00 68886:1.00
polic	68274:1.00 70162:1.00 72633:1.00
poligny	67388:5.00 68885:4.00
polit	67794:2.00 68275:1.00 68383:1.00 68392:1.00 68642:1.00 68645:1.00 69533:3.00 69534:1.00 69538:1.00 69813:1.00 69821:1.00 70161:1.00 70164:2.00 70914:1.00 70916:1.00 71357:3.00 71358:2.00 72113:1.00 72396:1.00 72401:1.00 72629:1.00 72939:1.00 72940:1.00 73183:1.00 74175:1.00 75796:1.00
pollen	67800:1.00 68645:8.00
pollin	67800:1.00
pollu	68388:1.00 68645:2.00 69178:1.00 70425:1.00 72114:1.00 72392:1.00 74453:1.00
pollut	67386:1.00 69811:1.00 72399:1.00 73183:1.00 76511:1.00
pologn	67555:1.00 68642:1.00 71361:1.00 73875:1.00 75069:1.00
polon	67945:1.00
poloïdal	74168:1.00
poly	72116:1.00
polygon	70421:2.00
polymer	70167:1.00 70423:4.00 71612:1.00 72634:1.00 73436:4.00 74750:2.00 75065:3.00 75067:1.00 75464:6.00 76210:2.00 76514:1.00
polymorph	73430:1.00
polyméras	67556:1.00
polynes	73684:8.00
polyphas	75067:1.00
polyphenol	68387:1.00
polyphénol	68387:8.00 74169:1.00 76511:1.00
polysaccharid	69183:1.00
polystyren	70423:2.00
polytechn	68638:7.00 68639:1.00 68645:1.00 69180:1.00 69819:1.00 70916:1.00 71361:1.00 71362:3.00 72398:6.00 72633:1.00 72932:2.00 72934:1.00 73182:1.00 73186:1.00 73188:1.00 74450:1.00 75796:1.00 76206:1.00 76208:1.00
polytechnicien	74450:2.00 76208:3.00
polythiophen	75070:3.00
polyvalent	68888:1.00 69179:1.00 75458:1.00
polyéthylen	75789:1.00
pomey	73683:8.00
pomm	68273:2.00 74752:2.00
pommi	72401:1.00
pomp	69818:2.00 76509:1.00
pompag	71363:1.00
pompi	68274:2.00 70162:2.00 70421:18.00
pompéi	75788:2.00
poncelet	75462:3.00
ponchon	70918:1.00
ponctu	69819:1.00 71837:1.00 72629:1.00
ponctuel	69181:1.00 75070:1.00
ponctuent	72940:1.00
pont	70916:1.00 71621:1.00 72396:1.00 73875:1.00 74172:1.00 74450:1.00
popul	67071:1.00 67385:1.00 67556:1.00 67794:5.00 67938:1.00 68645:2.00 68646:1.00 69538:1.00 69813:1.00 69815:2.00 69821:1.00 70162:1.00 70422:1.00 70746:1.00 70916:1.00 70917:2.00 71618:1.00 72396:1.00 73183:1.00 73435:1.00 73684:1.00 74449:1.00 74453:1.00 74746:4.00 74749:1.00 75064:1.00 75069:3.00 75458:3.00 75460:1.00 75465:2.00 75793:1.00 76213:1.00
por	70746:1.00
poreux	68390:1.00 73683:1.00 74454:1.00
poros	67387:1.00
port	67386:2.00 67555:1.00 67798:1.00 67799:1.00 67941:2.00 67945:1.00 68274:9.00 68275:2.00 68277:1.00 68279:2.00 68393:1.00 68887:3.00 69178:1.00 69535:1.00 69537:1.00 69818:2.00 70421:1.00 70745:1.00 70751:2.00 70752:1.00 70914:2.00 70918:1.00 71357:1.00 71362:1.00 71618:1.00 71835:1.00 71842:1.00 72394:1.00 72395:1.00 72398:2.00 72632:1.00 72634:2.00 72932:2.00 72938:1.00 72939:1.00 73430:1.00 73432:1.00 73437:1.00 73685:1.00 73882:1.00 74168:1.00 74449:1.00 74450:1.00 74453:1.00 74457:1.00 74746:1.00 74749:1.00 75067:2.00 75071:3.00 75459:1.00 75465:1.00 75466:1.00 75789:1.00 76509:1.00 76515:1.00 76516:1.00
portabl	67554:3.00 70747:1.00 76507:1.00
portag	75069:1.00
portail	74746:1.00
portefeuill	70923:1.00 71360:6.00 72395:1.00
portent	67554:1.00 73431:1.00 73684:1.00 75789:1.00 76206:1.00 76213:1.00
porteur	67556:1.00 67938:1.00 73432:1.00 73438:1.00 74457:1.00 75465:1.00
porteux	67940:1.00 72935:1.00 73182:1.00
porti	73685:1.00
portion	74449:1.00
portrait	68276:1.00
portugal	67945:1.00 68281:1.00 68642:1.00 74170:1.00
portzamparc	73875:1.00
pos	67794:3.00 67798:1.00 67937:1.00 68275:1.00 68279:1.00 68383:1.00 68882:1.00 69821:1.00 70425:1.00 70919:1.00 71359:1.00 71614:1.00 72114:2.00 72630:1.00 72632:2.00 72940:1.00 73182:2.00 73683:1.00 74752:1.00 75457:1.00 76206:1.00 76213:1.00
posent	68276:1.00 68638:1.00 68643:1.00 72401:1.00 73182:2.00 74751:1.00
posit	67555:2.00 67801:2.00 68387:1.00 69183:1.00 69540:2.00 69818:1.00 70166:1.00 70744:1.00 71366:1.00 71614:1.00 71842:1.00 72117:1.00 72119:1.00 72634:1.00 74168:1.00 75458:1.00 75788:1.00 76511:1.00
position	67553:1.00 68273:1.00 68383:1.00 68643:2.00 69818:1.00 70166:1.00 70753:1.00 71836:1.00 72392:1.00 72629:1.00 73875:1.00 73878:1.00 74167:2.00 74749:1.00 75064:1.00 75466:1.00 75789:1.00
positron	72934:1.00
possed	67390:1.00 68392:1.00 69186:1.00 69815:1.00 70425:1.00 72115:1.00 72629:1.00 73687:1.00 73875:1.00 73879:1.00 75067:1.00 75462:1.00 76211:1.00 76213:1.00
possibil	67554:1.00 67937:1.00 68273:2.00 68275:1.00 68882:2.00 68883:1.00 69533:1.00 69536:1.00 70421:2.00 70747:1.00 70914:1.00 71357:1.00 71362:1.00 72115:1.00 72932:1.00 72933:1.00 72934:1.00 73879:1.00 74168:1.00 74452:1.00 75063:1.00 75457:1.00 75461:1.00 75464:1.00 75788:2.00 75792:1.00 76212:1.00 76510:1.00
possibl	67068:2.00 67383:2.00 67385:1.00 67386:1.00 67553:1.00 67554:1.00 67558:1.00 67794:2.00 67795:1.00 67798:1.00 67801:1.00 68279:1.00 68280:1.00 68388:1.00 68882:1.00 69178:1.00 69182:1.00 69183:1.00 69535:1.00 69540:3.00 69811:1.00 70162:2.00 70743:1.00 70744:4.00 70746:1.00 70914:1.00 70916:2.00 70921:1.00 71357:2.00 71617:1.00 71836:1.00 71838:1.00 72115:1.00 72397:1.00 72934:1.00 72939:1.00 73184:1.00 73431:1.00 73432:1.00 73434:1.00 73435:1.00 73683:1.00 73876:1.00 74167:1.00 74168:1.00 75065:1.00 75067:1.00 75070:1.00 75071:1.00 75459:2.00 76208:1.00 76510:1.00
possèdent	72932:1.00 73185:1.00
possédon	72393:1.00
post	68387:2.00 69812:1.00 70162:1.00 70918:1.00 71361:1.00 71612:1.00 71621:2.00 71837:1.00 72113:1.00 72394:1.00 73182:1.00 73686:1.00 75064:1.00 75068:1.00 75457:1.00 75789:1.00 76206:1.00
postbac	75071:1.00
postdoctoral	75790:1.00
poster	72939:1.00 74449:1.00 76516:2.00
posterior	72394:1.00
postfac	69821:1.00
postul	75457:1.00
postulat	70751:1.00
postur	72637:1.00
poséidon	73434:2.00
pot	69182:2.00 70420:1.00
potential	67391:1.00 70162:1.00 72115:1.00 72630:1.00 73432:1.00
potentiel	67068:1.00 67383:2.00 67389:1.00 67555:1.00 67797:2.00 68279:1.00 68391:1.00 68881:1.00 69181:1.00 70421:2.00 71614:1.00 71618:1.00 72113:1.00 72115:1.00 72118:1.00 72401:1.00 73433:2.00 73875:1.00 73878:2.00 73879:1.00 74167:1.00 74748:1.00 74750:1.00 75067:2.00 75458:1.00 75465:1.00 75788:1.00 75790:1.00 75792:1.00 76208:2.00 76508:1.00 76511:1.00
poudr	68644:1.00 69819:1.00 70166:1.00 76210:2.00
poughon	72114:5.00
poul	72120:1.00
poumon	68881:1.00
pourcentag	68276:1.00 69816:1.00
pourquoi	67389:1.00 67937:1.00 67938:1.00 69178:1.00 70749:1.00 70751:1.00 71359:1.00 71612:1.00 71614:1.00 72115:2.00 72392:1.00 72396:1.00 72631:1.00 73185:1.00 73188:2.00 73430:1.00 73433:1.00 73877:1.00 74173:1.00 74752:1.00 75459:1.00 76511:1.00
pourr	67068:1.00 67385:1.00 67388:1.00 67390:1.00 67391:3.00 67553:1.00 67558:1.00 67801:1.00 67939:2.00 67941:2.00 68280:1.00 68383:1.00 68385:1.00 68387:1.00 68390:1.00 68638:2.00 68644:1.00 68881:1.00 68883:2.00 68886:1.00 68887:1.00 69183:1.00 69184:2.00 69534:1.00 69535:1.00 69540:1.00 69812:1.00 69813:1.00 69818:1.00 70165:2.00 70420:2.00 70421:3.00 70425:1.00 70744:1.00 70747:1.00 70916:3.00 70918:1.00 70919:2.00 71357:2.00 71358:1.00 71618:2.00 71837:1.00 71843:1.00 72116:1.00 72631:4.00 72632:2.00 72634:1.00 72635:2.00 72933:1.00 72934:2.00 72935:2.00 73184:2.00 73187:1.00 73188:1.00 73190:1.00 73430:1.00 73432:2.00 73683:1.00 73684:1.00 73685:1.00 73688:2.00 73877:2.00 73878:1.00 73879:2.00 74167:1.00 74170:1.00 74173:1.00 74450:1.00 74746:1.00 74752:1.00 75063:3.00 75067:1.00 75461:1.00 75788:2.00 75789:4.00 75790:1.00 75794:1.00 76509:1.00 76511:1.00
pourrion	71617:1.00
pourron	70420:1.00 74449:1.00
pourront	67554:1.00 67939:4.00 67943:1.00 68645:1.00 69178:1.00 69181:1.00 69535:1.00 69536:1.00 69817:1.00 70163:1.00 70165:1.00 70923:3.00 71359:2.00 72395:1.00 72400:1.00 72939:2.00 73186:1.00 73188:1.00 75464:1.00
poursuit	67068:1.00 67383:1.00 67388:1.00 67794:1.00 70166:1.00 70917:1.00 71360:2.00 71362:1.00 71837:1.00 71840:1.00 72629:1.00 72932:1.00 73434:1.00 73684:2.00 73875:3.00 73880:1.00 74169:1.00 75065:1.00 76206:1.00 76511:1.00
poursuiv	70749:1.00 70914:1.00 73685:1.00 74745:1.00 76206:1.00 76510:1.00
poursuivent	67388:1.00 68383:1.00 72630:1.00 73184:1.00 73436:1.00 73880:1.00 74454:1.00
poursuivon	67798:1.00
poursuivr	68392:1.00 70425:1.00 70749:1.00 70915:1.00 70916:2.00 70918:1.00 71360:1.00 72394:1.00 72395:1.00 72396:2.00 72634:2.00 72635:1.00 73430:1.00 73875:1.00 74170:1.00 74746:1.00 74752:1.00 75457:1.00
pourt	67554:1.00 68383:1.00 68882:1.00 70161:1.00 70420:1.00 70745:1.00 71835:1.00 73185:1.00 73187:1.00 73432:1.00 73683:1.00 73879:1.00 74167:1.00 76209:1.00 76210:1.00 76507:1.00
pourtour	70916:3.00
pourvoi	70164:1.00
pouss	67068:1.00 67939:1.00 68387:1.00 68643:1.00 68882:1.00 69179:1.00 71357:1.00 71617:1.00 71835:1.00 73434:1.00 73684:1.00 75458:1.00 75794:1.00
poussi	68273:1.00 74168:1.00
poutin	68638:1.00
poutr	70919:2.00
pouv	67388:2.00 67391:1.00 67939:1.00 68276:1.00 68390:1.00 68645:1.00 68886:1.00 68887:1.00 69537:1.00 69540:1.00 70161:1.00 70422:1.00 70745:1.00 70918:1.00 71618:1.00 71835:1.00 71842:1.00 72114:1.00 72115:1.00 72634:1.00 72934:1.00 73185:1.00 74168:1.00 74750:1.00 74752:1.00 75063:1.00 75066:1.00 75459:2.00 75463:1.00 75791:1.00 76210:1.00
pouvoir	67383:1.00 67389:1.00 67390:1.00 67391:2.00 67553:3.00 67802:2.00 68273:1.00 68275:1.00 68638:1.00 68881:1.00 68886:1.00 69178:1.00 69535:1.00 69539:1.00 69813:1.00 69815:1.00 69817:1.00 69819:1.00 70161:1.00 70162:1.00 70166:1.00 70420:4.00 70421:4.00 70424:1.00 70425:1.00 70748:1.00 70914:1.00 70915:1.00 70916:1.00 70923:1.00 71357:1.00 71359:3.00 71360:1.00 72114:1.00 72393:1.00 72631:1.00 72932:1.00 73183:1.00 73184:1.00 73185:2.00 73431:2.00 73432:3.00 73683:1.00 73684:1.00 73686:1.00 73877:2.00 74169:1.00 74170:1.00 74171:2.00 74172:1.00 74450:2.00 74744:3.00 74745:2.00 74746:1.00 75064:4.00 75069:2.00 75458:1.00 75460:1.00 75788:4.00 75790:1.00 75791:1.00 75792:2.00 76208:1.00 76511:1.00
pouvon	67795:2.00 69177:1.00 70161:1.00 73875:1.00 74167:1.00
ppb	70425:1.00 71612:1.00
pphd	69817:3.00 70420:7.00
ppq	70425:2.00
prac	70914:2.00
practical	73185:1.00
prair	68279:1.00 71618:1.00 71837:1.00
praticien	68277:1.00
pratiqu	67383:1.00 67392:1.00 67555:1.00 67801:3.00 68279:1.00 68885:1.00 69537:1.00 70421:1.00 70921:1.00 71362:1.00 71616:1.00 71836:1.00 72113:1.00 72401:1.00 72630:1.00 72636:1.00 72937:1.00 73184:1.00 73431:1.00 73438:1.00 73683:1.00 73685:2.00 73876:2.00 73883:1.00 74169:1.00 74172:1.00 74454:2.00 74455:1.00 74748:1.00 75069:1.00 75071:1.00 75458:1.00 75793:1.00 75797:1.00 76211:1.00 76513:1.00
pratiquent	67068:1.00 70420:1.00 70745:1.00 73431:1.00
pre	72116:1.00 72938:1.00
prec	67068:1.00 67387:1.00 68881:1.00 69533:1.00 70424:2.00 71615:1.00 74744:1.00 76208:1.00 76511:1.00
precisio	68279:1.00
pred	67554:1.00 68881:1.00
prefalc	71362:1.00
premic	73685:1.00
pren	67386:1.00 67553:1.00 67938:1.00 68645:1.00 70421:1.00 71362:1.00 71835:1.00 72631:1.00 72637:1.00 72932:1.00 72933:1.00 73684:1.00 73881:1.00 74167:1.00 74744:1.00 75792:1.00
prend	69813:1.00 71357:1.00 71361:2.00 74167:1.00 74456:1.00 74750:1.00 76511:1.00
prendr	67553:2.00 67937:1.00 67939:1.00 68883:1.00 69538:1.00 69540:1.00 70161:1.00 70163:1.00 71357:1.00 71359:1.00 71619:1.00 71620:1.00 71621:1.00 71835:2.00 71837:1.00 72113:1.00 72120:1.00 72392:2.00 72932:1.00 72935:1.00 73185:1.00 73186:1.00 73434:1.00 73684:1.00 73876:2.00 74167:2.00 74744:1.00 74745:1.00 74749:1.00 75457:1.00 75459:1.00 75791:1.00 76507:1.00
prennent	69533:1.00 75794:1.00
prenon	74749:1.00
pres	67556:2.00 67796:1.00 67937:1.00 68274:1.00 68384:1.00 68387:2.00 68641:1.00 68645:1.00 68646:1.00 69179:1.00 69542:1.00 69812:1.00 69813:1.00 69821:1.00 70743:1.00 70914:1.00 70916:3.00 71358:1.00 71360:1.00 71616:1.00 71841:1.00 72113:1.00 72119:1.00 72392:1.00 72393:1.00 72394:1.00 72630:2.00 72632:1.00 72932:1.00 72934:1.00 72935:2.00 72940:1.00 73184:1.00 73186:1.00 73435:1.00 73438:1.00 73683:1.00 73684:1.00 73691:1.00 73875:3.00 73879:1.00 73882:1.00 73883:1.00 74172:1.00 74746:1.00 74748:1.00 74749:1.00 75065:1.00 75068:1.00 75458:1.00 75466:1.00 75788:1.00 75795:1.00 76508:1.00 76510:1.00
prescrir	75458:1.00
prescrit	74455:1.00
present	73691:1.00
president	71617:1.00
presqu	67391:1.00 68881:1.00 71835:1.00 72394:1.00 73432:1.00 73683:1.00 75464:1.00 76206:1.00
press	68274:2.00 69177:1.00 69813:1.00
pressent	69181:1.00 73430:1.00
pression	70426:2.00 70915:1.00 70918:3.00 72397:1.00 73435:1.00 74168:2.00 74745:1.00 75066:1.00 75067:3.00 75458:2.00
prestat	67799:1.00 68885:2.00 75068:1.00
prestatair	74456:1.00
prestig	69811:1.00
prestigi	67937:2.00 68881:1.00 70161:1.00 70422:1.00 70429:1.00 70923:1.00 71835:1.00 72932:2.00 72936:1.00 74450:1.00 75788:2.00 76208:3.00
preuv	67795:1.00 67937:1.00 68383:1.00 69821:1.00 70421:1.00 70918:1.00 71359:1.00 71840:1.00 72113:1.00 73431:1.00 73684:1.00 73686:1.00 74167:1.00 74172:1.00 74752:1.00 75458:2.00 76206:1.00 76508:1.00
prid	67561:1.00 68393:1.00
priest	71616:1.00
prim	70422:1.00 73435:1.00
primair	68642:1.00 71619:1.00 71841:2.00 72631:2.00
primit	75065:4.00
primordial	76208:1.00
princ	73183:2.00
princeton	70422:1.00 71835:2.00 72932:5.00
princip	69540:1.00 70746:1.00 70747:1.00 70915:1.00 72118:1.00 72397:1.00 73683:2.00 75065:1.00 75793:1.00
principal	67071:1.00 67388:1.00 67390:1.00 67553:3.00 67795:2.00 67800:1.00 67804:1.00 67938:1.00 67939:1.00 68273:1.00 68276:1.00 68383:1.00 68389:2.00 68642:3.00 68643:1.00 68886:1.00 69177:1.00 69178:1.00 69179:1.00 69535:2.00 69536:1.00 69537:1.00 69815:2.00 69818:1.00 69821:1.00 70162:1.00 70914:1.00 71357:1.00 71360:1.00 71363:1.00 71619:3.00 72114:1.00 72393:1.00 72395:1.00 72629:1.00 72634:1.00 72932:1.00 73184:1.00 73430:1.00 73431:1.00 73878:2.00 74453:1.00 74455:2.00 75458:3.00 75465:1.00 75466:1.00 75796:1.00 76206:1.00 76213:1.00
printemp	68883:1.00 71362:1.00 72629:2.00 73430:1.00 73683:1.00 73685:1.00
prion	76511:1.00
prior	69821:1.00 72940:1.00
priorit	67943:1.00 68383:8.00 71840:1.00 73877:2.00 76209:2.00
prioritair	73877:1.00 74748:1.00
pris	67555:1.00 67801:3.00 67942:1.00 68274:1.00 68387:2.00 68886:1.00 68889:1.00 69177:2.00 69182:1.00 69533:1.00 69813:1.00 69816:1.00 70161:1.00 70424:1.00 71618:1.00 71836:3.00 71837:1.00 72113:2.00 72393:1.00 72396:1.00 72629:1.00 72630:1.00 72935:1.00 73182:1.00 73187:2.00 73430:1.00 73431:1.00 73684:1.00 73685:1.00 73687:1.00 74169:2.00 74449:2.00 75063:1.00 75064:1.00 75457:1.00 75458:1.00 76213:1.00
priv	67383:1.00 67803:1.00 67945:1.00 68642:1.00 68643:1.00 69538:1.00 70166:1.00 70753:1.00 71357:2.00 71360:1.00 71361:1.00 71615:1.00 72113:1.00 72394:1.00 74169:1.00 75068:1.00 75792:1.00 75795:1.00
privat	72935:1.00
privileg	71357:1.00 73875:1.00 76209:1.00
privilégi	68885:1.00 69535:1.00 69812:1.00 71357:1.00 72394:1.00 73881:1.00 75458:1.00
prix	67068:1.00 67937:13.00 68273:1.00 68274:2.00 68641:2.00 68881:2.00 68882:1.00 70168:1.00 70751:1.00 71612:1.00 71835:1.00 72115:1.00 72630:1.00 72633:3.00 72634:1.00 72932:8.00 72933:8.00 73185:1.00 73190:2.00 73435:5.00 73438:1.00 74169:1.00 74450:1.00 74746:1.00 75066:2.00 75790:1.00 75797:1.00 76208:1.00 76509:1.00 76516:1.00
pro	68274:1.00 75793:1.00
prob	69537:1.00
probabl	70749:1.00 71359:1.00 74170:1.00 76213:1.00
probiot	75067:3.00 75462:1.00
problem	67383:2.00 67386:1.00 67801:1.00 68274:1.00 68276:1.00 68383:1.00 68643:3.00 68645:2.00 68881:1.00 68883:1.00 68885:1.00 69177:1.00 69539:1.00 70161:4.00 70421:1.00 70423:1.00 70425:1.00 71621:1.00 71835:1.00 72113:1.00 72394:1.00 72629:1.00 72634:1.00 73182:6.00 73434:1.00 73683:2.00 73876:1.00 74167:1.00 74168:3.00 74457:1.00 74744:1.00 75457:1.00 75458:2.00 75465:1.00 76210:1.00 76509:1.00
problémat	67553:1.00 67803:1.00 68280:1.00 68383:1.00 69178:1.00 69541:5.00 69820:1.00 70161:2.00 70170:1.00 70751:1.00 71357:1.00 71362:1.00 72120:1.00 72398:1.00 72938:1.00 73183:2.00 74746:1.00 74749:1.00 75064:1.00 75464:1.00 76212:1.00
proced	67385:2.00 67390:1.00 67554:6.00 67561:5.00 68276:1.00 68278:1.00 68881:1.00 68882:1.00 69179:1.00 69534:1.00 69814:1.00 69819:2.00 70166:1.00 70425:2.00 70426:1.00 70920:1.00 71362:3.00 71845:4.00 72114:1.00 72393:1.00 72394:2.00 72399:1.00 72630:2.00 72634:1.00 72635:1.00 73186:1.00 73436:1.00 73683:4.00 73878:1.00 74454:1.00 75064:1.00 75065:1.00 75069:2.00 75792:8.00 76207:1.00 76210:1.00
proceeding	68886:1.00 69184:1.00
procervix	72935:3.00
process	67554:2.00 68278:1.00 68882:1.00 72114:1.00 76511:1.00
processeur	67554:1.00 73879:13.00 74745:1.00
processing	68882:1.00
processus	67556:1.00 68277:1.00 68639:1.00 68887:1.00 69184:1.00 69539:3.00 70167:1.00 70426:1.00 70746:1.00 70914:1.00 70916:1.00 71361:1.00 71840:1.00 72113:1.00 72116:1.00 72117:1.00 72394:1.00 72630:1.00 73431:2.00 73432:2.00 73882:1.00 74451:1.00 74749:3.00 74750:1.00 75064:1.00 75067:1.00 75458:1.00 76210:1.00
proch	67383:1.00 67388:1.00 67392:3.00 67801:1.00 67802:1.00 68276:1.00 68643:2.00 69819:1.00 70163:1.00 70420:1.00 70424:1.00 70425:1.00 71357:1.00 71617:1.00 71836:1.00 72631:1.00 74449:1.00 75789:1.00 76210:1.00
prochain	67386:1.00 67388:1.00 67389:1.00 67555:1.00 67794:3.00 67795:2.00 67937:1.00 67939:1.00 67941:1.00 67944:1.00 68389:1.00 68883:2.00 69186:1.00 69533:2.00 69534:1.00 69535:1.00 69543:1.00 69811:1.00 69817:1.00 70420:2.00 70428:1.00 70429:1.00 70744:1.00 70749:3.00 70916:2.00 70918:1.00 70920:1.00 70921:1.00 71363:1.00 71612:2.00 71614:1.00 71616:1.00 71835:1.00 71837:1.00 71840:1.00 71842:1.00 72116:1.00 72119:1.00 72392:1.00 72396:1.00 72932:1.00 72939:2.00 73186:1.00 73430:1.00 73431:2.00 73432:1.00 73434:1.00 73683:2.00 73687:1.00 73875:1.00 73876:1.00 73880:1.00 74167:1.00 74168:2.00 74169:1.00 74170:1.00 74171:1.00 74172:1.00 74745:1.00 75071:1.00 75457:3.00 75459:3.00 75460:1.00 75462:3.00 75793:1.00 76209:4.00 76508:3.00 76509:1.00 76512:1.00 76513:2.00
procur	72631:1.00 75458:1.00
procurent	73877:2.00
procédur	69178:1.00 73435:1.00 74454:2.00 76207:1.00
product	67385:2.00 67390:1.00 67391:5.00 67794:2.00 67796:1.00 67800:1.00 67802:3.00 67945:1.00 68273:1.00 68278:1.00 68279:2.00 68283:1.00 68385:1.00 68881:1.00 68882:2.00 68885:1.00 68887:1.00 69184:4.00 69538:4.00 69541:1.00 69811:1.00 69819:1.00 70426:1.00 70914:1.00 70920:1.00 71362:1.00 71366:2.00 71614:1.00 71842:1.00 71843:1.00 72393:1.00 72630:3.00 72933:4.00 73182:2.00 73184:1.00 73185:3.00 73433:1.00 73436:2.00 73684:4.00 73687:1.00 73877:2.00 73881:1.00 73882:1.00 74168:1.00 74169:3.00 74174:1.00 74455:1.00 74746:1.00 75063:1.00 75064:1.00 75068:1.00 75069:1.00 75458:1.00 75463:4.00 75792:1.00 76213:4.00 76507:4.00 76510:1.00 76513:1.00
producteur	68273:3.00 68881:2.00 69812:1.00 69821:1.00 71357:1.00 72637:1.00 73877:1.00 74169:1.00 76206:1.00 76516:1.00
productric	67802:2.00
produir	67385:4.00 67391:1.00 67558:1.00 67794:2.00 67795:1.00 67943:1.00 68385:1.00 68390:1.00 68638:1.00 68644:2.00 69178:1.00 69813:1.00 69821:1.00 70420:1.00 70424:1.00 71357:1.00 72114:1.00 72397:1.00 72630:2.00 72932:1.00 72934:1.00 72940:1.00 73184:1.00 73434:1.00 73436:1.00 73684:5.00 73688:1.00 73878:1.00 74168:2.00 74173:1.00 74450:1.00 74455:1.00 74745:1.00 75458:1.00 75460:1.00 75461:1.00 75789:1.00 76213:1.00 76513:2.00
produis	67388:1.00 67802:2.00
produisent	67801:1.00 68387:1.00 69819:1.00 73688:1.00 75070:1.00
produit	67068:1.00 67383:2.00 67388:3.00 67555:1.00 67557:1.00 67558:2.00 67794:2.00 67798:2.00 67799:2.00 67937:3.00 67939:1.00 67942:1.00 68273:10.00 68274:8.00 68278:1.00 68279:1.00 68385:1.00 68387:1.00 68390:1.00 68391:3.00 68641:1.00 68642:1.00 68881:2.00 68882:3.00 68884:1.00 68885:7.00 68887:1.00 69177:1.00 69179:1.00 69181:1.00 69184:1.00 69534:6.00 69535:1.00 69538:1.00 69539:1.00 69811:1.00 69813:2.00 70162:1.00 70165:1.00 70166:1.00 70169:1.00 70421:2.00 70744:1.00 70919:1.00 70921:1.00 71359:1.00 71362:2.00 71616:1.00 71837:1.00 71841:1.00 72113:1.00 72114:1.00 72393:2.00 72395:1.00 72396:1.00 72397:1.00 72629:2.00 72630:4.00 72633:2.00 72634:5.00 72933:5.00 72934:1.00 72935:2.00 72939:1.00 73187:1.00 73431:1.00 73435:1.00 73684:2.00 73876:2.00 73877:4.00 73879:6.00 74167:5.00 74168:1.00 74450:3.00 74451:1.00 74455:2.00 74456:1.00 74744:5.00 74747:1.00 74748:1.00 74749:1.00 75065:1.00 75068:2.00 75069:11.00 75792:4.00 75793:1.00 75797:3.00 76206:1.00 76207:1.00 76507:2.00 76508:2.00 76511:1.00 76513:2.00 76514:1.00
prof	70161:1.00 70748:1.00 76208:1.00
profess	67388:2.00 68273:1.00
professeur	67798:1.00 67937:2.00 67944:1.00 67945:1.00 68276:1.00 68277:1.00 68280:1.00 68281:2.00 68387:1.00 68646:1.00 68881:4.00 69539:1.00 70161:2.00 70426:1.00 70918:1.00 71360:1.00 71361:1.00 71835:1.00 72394:2.00 72631:1.00 72932:4.00 72938:1.00 73182:1.00 73431:2.00 73434:1.00 73437:1.00 73876:1.00 73879:1.00 74454:3.00 75458:1.00 75459:1.00 75462:1.00 75788:1.00 75791:1.00 76508:2.00 76511:1.00 76515:1.00
professionnal	69541:1.00 70166:1.00
professionnalis	70748:1.00 75457:1.00
professionnel	67383:1.00 67794:1.00 67803:1.00 67940:1.00 67944:1.00 68274:1.00 68392:1.00 68641:1.00 68885:4.00 68889:3.00 69535:1.00 69815:1.00 70165:2.00 70169:1.00 70753:1.00 71614:1.00 71842:1.00 72120:1.00 72122:2.00 72629:1.00 73182:3.00 73430:1.00 73689:1.00 73877:2.00 73884:1.00 74169:1.00 74746:2.00 74749:1.00 75063:1.00 75068:1.00 75457:2.00 75797:1.00 76212:1.00 76513:1.00 76514:1.00
profil	67553:1.00 67795:1.00 67939:3.00 71358:1.00 72394:1.00 73430:1.00 73880:1.00 75063:1.00 75071:1.00 75792:1.00 76212:1.00 76508:5.00 76512:1.00
profilent	76511:1.00
profit	68881:1.00 70164:1.00 70916:1.00 72396:1.00 73431:1.00 73875:1.00 74455:1.00 74745:1.00 75457:1.00
profitent	68281:1.00 73875:1.00
profond	67794:2.00 68279:1.00 69178:1.00 69181:1.00 70746:1.00 70915:1.00 70918:1.00 71366:1.00 73182:1.00 73430:1.00 73684:1.00 73688:5.00 73876:1.00 74750:1.00 75458:1.00 76211:1.00
profondeur	68383:1.00 70743:2.00 70916:1.00 73190:1.00 73688:2.00
programm	67071:1.00 67386:1.00 67554:1.00 67939:4.00 67940:1.00 67941:1.00 67944:4.00 67946:1.00 68639:1.00 68642:1.00 68881:1.00 68882:1.00 68883:1.00 68889:1.00 69177:1.00 69181:1.00 69533:1.00 69542:1.00 69543:1.00 69813:1.00 69814:1.00 69820:1.00 70422:1.00 70424:1.00 70428:3.00 70749:5.00 70751:1.00 70752:1.00 70916:5.00 71359:3.00 71362:1.00 71615:5.00 71616:1.00 71617:1.00 71619:3.00 71621:1.00 71835:2.00 72113:1.00 72117:1.00 72118:2.00 72393:1.00 72394:2.00 72395:1.00 72629:3.00 72630:4.00 72937:1.00 72938:1.00 73183:2.00 73186:1.00 73187:1.00 73430:2.00 73438:1.00 73683:2.00 73684:1.00 73690:1.00 73879:2.00 73884:3.00 74168:2.00 74174:1.00 74176:1.00 74449:1.00 74450:1.00 74456:1.00 74744:1.00 74748:1.00 74749:3.00 75063:2.00 75065:1.00 75067:1.00 75071:2.00 75459:1.00 75460:1.00 75797:1.00 76207:2.00 76515:1.00 76516:1.00
progres	67553:1.00 67554:1.00 70923:1.00 72113:1.00 73432:2.00 74450:1.00 74745:1.00 74746:1.00
progress	67068:1.00 67556:1.00 67795:1.00 67800:1.00 68274:1.00 68275:1.00 68276:1.00 68279:1.00 68385:1.00 68643:1.00 68646:1.00 68882:1.00 69538:1.00 69814:1.00 70161:1.00 70162:1.00 70166:1.00 70420:2.00 70421:1.00 70917:3.00 71357:2.00 71612:1.00 71842:1.00 72115:1.00 72396:1.00 72398:1.00 72401:1.00 72630:1.00 72631:1.00 72634:1.00 72935:1.00 73184:1.00 73186:1.00 73431:1.00 73434:1.00 73683:1.00 73684:1.00 73876:1.00 74168:1.00 74752:2.00 75063:2.00 75069:1.00 75070:1.00 75457:1.00 75459:1.00 75462:1.00 76213:1.00 76510:1.00 76511:1.00 76512:1.00
proi	74167:1.00
project	69533:2.00 69541:2.00 70916:1.00 76515:1.00
projecteur	74457:1.00
projectil	73431:1.00
projet	67383:1.00 67794:1.00 67945:1.00 68275:2.00 68276:1.00 68277:1.00 68279:2.00 68383:1.00 68387:1.00 68392:1.00 68638:1.00 68885:2.00 69177:1.00 69179:1.00 69180:1.00 69534:1.00 69541:1.00 69811:1.00 69815:1.00 69816:1.00 69817:2.00 69818:1.00 70168:4.00 70420:2.00 70421:1.00 70745:1.00 70918:1.00 70921:1.00 70923:2.00 71357:1.00 71358:2.00 71360:2.00 71363:1.00 71619:1.00 72116:1.00 72118:1.00 72121:2.00 72392:2.00 72394:2.00 72395:1.00 72631:2.00 72634:2.00 72936:1.00 72937:4.00 72939:2.00 73185:7.00 73190:5.00 73430:1.00 73432:2.00 73691:1.00 73875:3.00 73876:1.00 73879:1.00 74172:3.00 74176:1.00 74449:2.00 74746:3.00 74748:2.00 74749:1.00 74751:1.00 75063:2.00 75066:1.00 75067:5.00 75068:1.00 75457:3.00 75458:1.00 75461:2.00 75465:2.00 75789:2.00 75790:5.00 75793:1.00 76208:1.00 76211:1.00 76511:2.00
prolactin	68887:1.00
prolifer	68387:1.00 68645:1.00 75460:1.00
prolong	67794:2.00 67798:1.00 69178:1.00 71842:1.00 73432:1.00 74168:1.00 74451:1.00
promess	70745:1.00 72115:2.00 72396:1.00 73185:1.00 74746:1.00 76511:2.00
promet	67385:1.00 67391:1.00 67558:2.00 67801:1.00 67937:1.00 68643:2.00 68882:1.00 69537:1.00 70161:1.00 70426:1.00 70920:1.00 72115:1.00 72632:1.00 74174:1.00 74746:1.00 75466:1.00 75789:1.00
prometteur	67554:1.00 67555:1.00 68273:1.00 68385:1.00 70421:2.00 70745:1.00 72116:2.00 72118:1.00 72392:3.00 73691:1.00 73876:1.00 73878:1.00 74449:1.00 75070:1.00
promot	67946:1.00 68888:1.00 69185:4.00 69541:2.00 71358:1.00 72395:2.00 73683:1.00 74450:1.00 75457:1.00 76516:1.00
promoteur	67802:1.00
promouv	69538:1.00 75792:1.00
promouvoir	68386:1.00 70748:1.00 70914:1.00 71361:1.00 72394:1.00 72629:1.00
promulgu	75457:1.00
pronostic	73432:2.00
propack	76514:3.00
propag	68645:1.00 68886:1.00 69539:1.00 69811:1.00 69813:2.00 71618:1.00 72932:8.00 74173:1.00 75794:1.00 76210:2.00
propagent	74173:1.00
propagnent	68886:1.00
propergol	69179:2.00
propic	67068:1.00 72932:1.00 73876:1.00
proport	67385:1.00 67388:1.00 67795:1.00 69534:2.00 73432:1.00
proportionnel	72935:1.00
propos	67068:2.00 67553:1.00 67554:1.00 67794:1.00 67795:1.00 67801:1.00 67938:2.00 68273:2.00 68274:1.00 68276:1.00 68279:1.00 68383:2.00 68387:1.00 68392:1.00 68638:2.00 68643:1.00 68645:1.00 68882:1.00 68885:1.00 69534:1.00 69535:1.00 69540:1.00 69541:2.00 69543:1.00 69818:1.00 69821:1.00 70165:2.00 70166:3.00 70169:1.00 70421:1.00 70422:1.00 70744:1.00 70751:3.00 71359:3.00 71366:1.00 71617:1.00 71619:3.00 71840:1.00 71843:1.00 72114:2.00 72118:1.00 72122:1.00 72392:1.00 72398:1.00 72629:2.00 72634:1.00 72637:2.00 72933:1.00 72934:1.00 72937:1.00 73182:1.00 73431:1.00 73432:1.00 73434:2.00 73436:1.00 73437:1.00 73689:1.00 73876:1.00 73877:1.00 73879:1.00 74168:1.00 74171:2.00 74176:1.00 74449:1.00 74451:1.00 74455:3.00 74745:1.00 74746:3.00 74747:1.00 74749:1.00 74752:1.00 75063:1.00 75067:2.00 75068:2.00 75069:3.00 75071:2.00 75457:3.00 75458:1.00 75465:1.00 75788:1.00 75792:1.00 75796:1.00 75797:1.00 76208:1.00 76212:1.00 76213:2.00 76507:1.00 76509:1.00 76510:1.00 76511:1.00 76513:1.00 76516:1.00
proposent	68276:1.00 72394:1.00
proposit	68383:1.00
proposon	68273:1.00 70161:1.00 70166:1.00
propr	67388:1.00 68273:1.00 69178:2.00 69812:1.00 69816:1.00 70422:1.00 70425:1.00 70426:1.00 70744:1.00 71359:2.00 71614:1.00 71616:1.00 71621:2.00 72392:1.00 72932:1.00 72933:1.00 72940:1.00 73182:1.00 73183:1.00 73683:2.00 73876:1.00 74455:1.00 75065:1.00 76207:2.00 76209:1.00 76509:1.00 76511:1.00
propranolol	72117:1.00
propret	73684:1.00
propriet	67388:1.00 67389:5.00 67390:2.00 67558:2.00 67802:1.00 67939:1.00 68280:1.00 68390:2.00 68644:1.00 69186:4.00 69537:1.00 69539:1.00 70163:1.00 70167:1.00 70421:1.00 70424:1.00 70746:1.00 71612:1.00 71614:1.00 71616:1.00 71840:1.00 71843:3.00 72634:1.00 73436:1.00 73878:1.00 74750:1.00 74751:1.00 75070:1.00 75790:1.00 76510:1.00 76511:1.00
propriétair	67797:1.00 71616:1.00 73431:1.00 73683:1.00 73686:1.00
propuls	68644:1.00 68883:1.00 69177:1.00 69179:3.00 70163:1.00 71617:1.00 73683:1.00 74745:1.00
propulseur	69179:1.00 73190:1.00
pros	74749:1.00
prospect	67939:1.00 68638:1.00 68642:1.00 69535:1.00 70422:1.00 70914:1.00 71357:6.00 71837:1.00 72395:2.00 72398:1.00 72629:1.00 73690:1.00 74456:1.00 75458:1.00 75465:1.00 76209:2.00
prost	68387:1.00 73184:1.00 75789:2.00 76511:6.00
protect	67553:1.00 67557:1.00 67939:1.00 68643:1.00 69177:1.00 69811:1.00 70917:1.00 71360:1.00 72115:1.00
protecteur	68388:4.00
protection	69535:1.00
proteg	67553:1.00 68274:1.00 68283:1.00 68882:1.00 69816:1.00 71614:1.00 74167:1.00 75458:4.00 75462:1.00 76208:1.00
protein	73184:1.00 75459:1.00
prothes	71614:1.00 74750:1.00 76508:2.00
protib	74746:1.00
protip	74454:6.00
protocol	67386:2.00 67802:1.00 68279:1.00 68638:2.00 71359:1.00 73687:1.00
proton	74168:3.00
prototyp	67383:2.00 67554:1.00 67940:3.00 67941:4.00 68881:1.00 69817:1.00 70162:4.00 71359:1.00 72397:1.00 72933:1.00 73186:4.00 73187:1.00 73877:1.00 74450:2.00 74751:1.00 75789:1.00 76513:4.00
prototypag	75068:1.00 76513:1.00
protéin	67556:3.00 67801:5.00 68388:1.00 68390:1.00 69539:8.00 70420:1.00 71837:1.00 72115:6.00 72116:2.00 72394:1.00 72630:2.00 72631:3.00 73184:5.00 73878:1.00 74173:3.00 75069:1.00 75459:6.00 76213:3.00
protéiqu	67388:2.00
protéolyt	67388:1.00
protéom	74452:1.00
prouess	70425:2.00 72934:1.00
prouv	67554:1.00 67798:1.00 69815:1.00 76207:1.00
proven	67555:1.00 67795:1.00 68881:1.00 69542:1.00 69820:1.00 70166:1.00 71359:1.00 72115:1.00 72935:1.00 73684:2.00 73880:1.00 73884:1.00 75797:1.00
provenc	67553:1.00 68393:2.00 68885:1.00 71358:2.00 71845:1.00 72118:3.00 73683:9.00 75461:7.00 75789:1.00
provepharm	75461:4.00
proviendr	75463:1.00
proviennent	69533:1.00
provinc	73430:1.00 73684:3.00
provoqu	67937:1.00 68887:1.00 70424:1.00 76511:1.00
provoquent	70916:1.00
proxim	69535:2.00 73430:1.00 73875:1.00 74455:1.00 76209:1.00 76213:1.00
pré	67798:3.00 67799:1.00 70918:1.00 72121:2.00 72395:2.00 72938:1.00 73187:2.00 73432:1.00 73683:1.00
préalabl	69183:1.00 71618:1.00 73683:1.00 74750:1.00 75067:1.00 76212:1.00
précar	72631:1.00
précaut	70915:1.00
précieux	69184:1.00 73185:1.00
précipit	67939:5.00 69533:2.00 70916:1.00 75463:1.00
précisent	67794:1.00
précison	67388:1.00 67556:1.00 67557:1.00 67802:2.00 67939:1.00 67940:1.00 67941:1.00 67944:1.00 68275:1.00 68388:1.00 68393:1.00 68884:1.00 69181:1.00 69182:1.00 69533:1.00 69537:1.00 69541:1.00 69815:1.00 70162:1.00 70426:1.00 70743:1.00 70747:1.00 70919:1.00 70920:1.00 70923:1.00 71359:1.00 71361:1.00 72117:1.00 72121:1.00 72633:1.00 72935:2.00 73437:1.00 73686:1.00 73876:1.00 73880:1.00 73883:1.00 74176:1.00 74451:1.00 74452:1.00 74454:1.00 74750:1.00 75068:1.00 75071:1.00 75795:1.00 76208:1.00 76209:1.00 76210:1.00 76508:1.00 76510:1.00
préclin	68277:1.00 71360:1.00 75461:1.00 75793:1.00
précoc	67556:2.00 68646:1.00 70918:1.00 73432:1.00 73877:1.00 75065:1.00
préconis	67557:1.00 74749:1.00
précurseur	73432:1.00
précèdent	74449:1.00
précédent	67945:1.00 68640:1.00 68641:1.00 68883:1.00 69177:1.00 69533:3.00 69542:1.00 69815:1.00 70161:2.00 70916:1.00 72113:1.00 72118:1.00 72634:1.00 72932:1.00 73432:1.00 73683:1.00 73685:1.00 74171:1.00 74172:1.00 74451:1.00
prédat	72115:1.00
prédiag	74748:1.00
prédict	67392:1.00 71357:1.00 74744:1.00
prédir	67390:1.00 69816:1.00 71618:2.00 71837:1.00
prédisent	71837:1.00
prédispos	67389:1.00
prédomin	71357:1.00
prédécesseur	71615:1.00 73430:1.00
prédéfin	73689:1.00
préfac	68276:3.00 74752:1.00
préfer	67937:1.00 68883:1.00 73185:1.00 75462:1.00
préfet	70162:1.00
préfigurent	72119:1.00
préférent	67555:4.00 70428:1.00 70746:1.00 70749:6.00 72631:1.00
préférentiel	68646:1.00
préhistoir	73431:1.00
préhistor	75788:2.00
préhistorien	75788:9.00
prélev	67801:1.00 70917:1.00 71838:1.00 73183:1.00 73432:1.00 75458:2.00
préliminair	67798:1.00 75065:1.00
prémic	73879:1.00 75063:1.00
prénom	70744:1.00
préoccup	68273:1.00 68383:2.00 68389:2.00 69535:1.00 70916:1.00 71357:1.00 71835:1.00 72637:1.00 73182:2.00 73430:1.00 73876:1.00 73877:1.00 74457:2.00 75457:1.00 75459:1.00 75792:1.00 75793:1.00
préoccupent	75791:1.00
prépar	67388:8.00 67939:1.00 67942:1.00 68384:1.00 69179:1.00 70162:2.00 70749:1.00 71363:1.00 71838:1.00 71843:1.00 72396:2.00 72636:1.00 74167:2.00 74175:1.00 74450:1.00 74752:1.00 75069:2.00 76507:1.00 76511:1.00
préparatoir	68888:1.00 71358:1.00 75071:1.00 75457:1.00
préparent	69816:1.00 76508:1.00
préparon	67555:1.00
présenc	68274:1.00 68388:1.00 68638:1.00 68885:1.00 68888:1.00 69542:1.00 70162:2.00 70424:1.00 70919:1.00 71618:1.00 72936:1.00 73183:1.00 73185:1.00 73430:1.00 73875:1.00 74168:1.00 74449:2.00 74744:1.00 74746:1.00 75460:1.00 75792:1.00 76210:1.00
présentent	67385:1.00 67388:1.00 67389:1.00 67391:1.00 67553:1.00 67554:1.00 67556:1.00 67558:1.00 68385:1.00 68388:1.00 69535:1.00 69537:1.00 70423:1.00 72114:1.00 72118:1.00 72634:1.00 73688:1.00 76210:1.00 76508:1.00
présentiel	76509:1.00
préserv	67068:1.00 67553:1.00 67795:1.00 68279:1.00 68283:1.00 68889:1.00 69534:2.00 69538:1.00 70161:1.00 71621:1.00 71835:1.00 72634:1.00 73877:1.00 74449:1.00 76511:2.00 76514:1.00
présid	68273:1.00 68279:1.00 68386:1.00 68643:1.00 71357:1.00 71842:1.00 72629:1.00 73182:1.00 73185:1.00 76515:1.00
président	67071:3.00 67553:1.00 67794:3.00 67937:2.00 68386:2.00 68643:1.00 68881:3.00 69177:5.00 69813:1.00 70165:1.00 70914:3.00 71357:2.00 71358:2.00 71616:1.00 71842:1.00 72113:7.00 72114:2.00 72392:3.00 72629:5.00 72634:1.00 72936:1.00 73182:8.00 73183:2.00 73187:1.00 73434:1.00 73684:5.00 73875:4.00 73878:1.00 73879:1.00 74167:1.00 74171:1.00 74172:1.00 74175:1.00 74453:1.00 74454:1.00 74456:1.00 74744:1.00 75066:1.00 75458:1.00 75795:1.00 76208:1.00 76507:1.00 76510:1.00 76511:2.00
présur	67388:5.00
présélection	68279:1.00
prétend	73182:1.00
prétendr	67553:1.00 69535:1.00 70422:1.00 74749:1.00
prétrait	67392:1.00
prévalent	68646:1.00 75065:1.00
préven	67799:1.00 70165:1.00 72935:1.00 74170:1.00
prévent	67799:3.00 67801:1.00 67945:1.00 68274:1.00 68387:1.00 68645:1.00 69534:1.00 69813:1.00 71616:1.00 72935:1.00 73431:1.00 73432:1.00 74453:3.00 75458:1.00 76514:1.00 76515:1.00
prévient	73876:1.00 75063:1.00
prévis	67939:3.00 69177:1.00 69533:2.00 69816:3.00 70745:1.00 70914:1.00 70916:14.00 73434:1.00
prévisibl	68881:1.00
prévision	70916:2.00
prévoi	75463:1.00
prévoient	69816:1.00 71838:1.00
prévoir	68886:1.00 70421:1.00 70916:2.00 75064:1.00
prévoit	68384:1.00 69815:1.00 71616:1.00 71838:1.00 71839:1.00 72117:1.00 73186:1.00 74171:1.00 74451:1.00
prévoît	71842:1.00
prévu	68279:1.00 68886:2.00 69534:1.00 69816:2.00 70424:1.00 70916:2.00 71842:1.00 72629:1.00 72936:1.00 73183:1.00 73683:1.00 74450:1.00 74749:1.00
prêt	67068:1.00 68881:1.00 70421:1.00 70426:1.00 72396:1.00 74455:1.00
prôn	72396:1.00 73434:1.00
prôt	73683:4.00
psa	68639:1.00 70161:1.00 70748:6.00
pslv	67939:1.00
psp	68646:1.00
pspc	71359:1.00 75789:1.00
psychiatr	71841:1.00 73187:1.00 74171:1.00 74453:1.00
psycholog	67798:1.00 72401:1.00 76206:6.00 76511:1.00
psychologu	72401:1.00
psychosocial	70428:1.00
pti	76514:2.00
ptychograph	68391:1.00
pu	67068:2.00 67383:1.00 67389:2.00 67391:1.00 67555:3.00 67558:1.00 67800:1.00 67937:2.00 68387:1.00 68882:1.00 69177:1.00 69182:1.00 69539:2.00 69540:1.00 69541:3.00 69811:1.00 69819:2.00 69821:1.00 70162:4.00 70166:1.00 70922:2.00 71836:1.00 72395:1.00 72396:3.00 72632:2.00 72634:1.00 73185:3.00 73431:1.00 73434:4.00 73437:1.00 73683:2.00 73685:1.00 73877:1.00 73879:1.00 74173:1.00 74449:3.00 74746:1.00 74752:1.00 75067:1.00 75458:1.00 75459:1.00 75793:1.00 76206:1.00 76207:1.00 76508:2.00 76511:1.00
publ	67071:2.00 68276:1.00 68387:1.00
publi	67068:1.00 67071:1.00 67556:2.00 67558:1.00 67794:1.00 67802:1.00 67937:1.00 67938:1.00 68280:1.00 68383:1.00 68388:1.00 68389:1.00 68886:1.00 68887:1.00 69184:1.00 69533:2.00 69540:1.00 69816:1.00 69819:1.00 70167:1.00 70429:1.00 70746:1.00 70747:1.00 70753:1.00 70922:1.00 70923:1.00 71361:1.00 71617:1.00 71621:1.00 71835:1.00 71843:1.00 72113:1.00 72119:1.00 72397:1.00 72398:1.00 72401:1.00 72632:1.00 72635:1.00 72934:1.00 72940:2.00 73182:1.00 73184:2.00 73188:1.00 73189:1.00 73431:1.00 73436:1.00 73688:1.00 74167:2.00 74173:1.00 74449:2.00 74748:1.00 74750:1.00 74752:1.00 75463:1.00 75794:1.00 76210:1.00 76213:1.00 76508:2.00
public	67068:1.00 67794:1.00 67803:1.00 67940:1.00 67946:1.00 68275:4.00 68642:2.00 68884:2.00 69178:1.00 69535:1.00 70162:1.00 70164:2.00 70166:1.00 70748:1.00 70753:1.00 70915:1.00 71357:2.00 71360:1.00 71612:1.00 71835:1.00 72113:5.00 72392:1.00 72393:1.00 72633:1.00 72938:1.00 72939:1.00 73683:1.00 73875:2.00 73882:1.00 73883:1.00 74170:1.00 74171:1.00 74746:1.00 74752:1.00 75068:1.00 75071:1.00 75788:1.00 75795:1.00 75796:1.00 76516:1.00
publient	67938:1.00 68387:1.00 68882:1.00
publiqu	67068:1.00 67388:2.00 67801:1.00 68275:1.00 68277:1.00 68384:1.00 68391:1.00 68638:1.00 68645:2.00 69183:1.00 69811:1.00 69812:1.00 69813:1.00 70428:1.00 70745:1.00 70748:1.00 70749:1.00 70753:1.00 70919:1.00 71357:3.00 71361:3.00 71366:1.00 71614:1.00 71615:1.00 71837:1.00 71841:1.00 72113:2.00 72114:1.00 72393:1.00 72398:1.00 72401:1.00 72933:1.00 72939:2.00 73182:4.00 73432:1.00 73435:1.00 73690:1.00 74457:2.00 74746:1.00 75065:1.00 75465:1.00 75793:1.00 76508:1.00 76511:1.00 76512:1.00
puc	67554:5.00 70166:1.00 72116:1.00 72635:1.00 73879:1.00 76208:1.00
puis	67068:2.00 67383:1.00 67385:1.00 67798:1.00 67939:1.00 68383:1.00 68641:1.00 68644:1.00 68882:1.00 69812:1.00 70161:1.00 70164:1.00 70917:2.00 71835:1.00 71837:1.00 72114:1.00 72115:1.00 72392:1.00 72394:1.00 72395:1.00 72634:1.00 72932:1.00 73185:2.00 73430:2.00 73431:1.00 73434:1.00 73689:1.00 73879:3.00 74167:1.00 74168:4.00 75064:1.00 75459:1.00 76507:2.00 76511:1.00 76516:1.00
puisqu	67071:1.00 67383:1.00 67385:1.00 67391:1.00 67555:1.00 67795:2.00 67939:1.00 68391:1.00 68642:1.00 68881:1.00 69177:1.00 69178:1.00 69185:1.00 69537:1.00 69540:1.00 69812:1.00 69813:1.00 69819:1.00 70161:1.00 70162:1.00 70421:3.00 70744:1.00 70745:1.00 70917:1.00 71359:2.00 71615:1.00 71621:1.00 71836:1.00 72632:1.00 72936:1.00 73182:1.00 73431:1.00 73432:2.00 73434:1.00 73683:1.00 73875:1.00 73878:1.00 73879:1.00 74168:1.00 74450:1.00 75063:1.00 75064:1.00 75066:1.00 75460:1.00 76511:1.00
puiss	67554:1.00 67556:1.00 67796:1.00 68638:2.00 69819:1.00 70163:1.00 71836:1.00 72119:1.00 72631:1.00 73432:1.00 75063:1.00 75459:1.00 75789:1.00 75792:1.00 76207:1.00
puissanc	68638:4.00 68887:1.00 69178:1.00 69814:2.00 69821:1.00 70421:1.00 70914:2.00 72119:1.00 72392:1.00 72630:1.00 72934:4.00 74168:2.00 74452:1.00 74745:3.00
puissent	67383:1.00 67553:1.00 68390:1.00 69819:1.00 70749:1.00 72634:1.00 73186:1.00 74749:1.00 75069:1.00 75794:1.00 76508:1.00
puission	72629:1.00 73683:1.00
puit	68283:1.00 71839:1.00
puls	68638:1.00 69178:1.00 70918:4.00 75067:1.00
pulvéris	73877:1.00
pupitr	73876:1.00
pur	69177:1.00 69816:1.00 72118:3.00 72393:1.00 73183:1.00 74169:1.00 76507:1.00
puret	72118:2.00
purif	70426:1.00 72118:2.00
purifi	71360:1.00
pusceddu	70916:1.00
puteau	75063:1.00
puzzl	71842:2.00
pwr	71619:1.00
pyren	70170:2.00 73434:1.00 73884:2.00 74450:1.00 74748:4.00 75066:7.00 75789:1.00 76512:1.00
pyréen	74450:1.00
pythagor	71835:1.00
pâteux	70166:1.00
pâtisser	74752:1.00
pâturag	70745:1.00
pécress	67068:1.00 67071:1.00
pédagog	67795:1.00 68281:3.00 69536:1.00 70421:1.00 70923:2.00 71362:1.00 72398:1.00 72939:1.00 73431:7.00 73437:3.00 73683:1.00 73687:1.00 73876:11.00 75457:2.00 76211:1.00
pédiatr	67555:1.00 72117:2.00
pédo	69537:1.00
pédologu	71837:1.00
pégas	71358:1.00 75789:2.00
pékin	68888:6.00
pénalis	76213:1.00 76508:1.00
pénetr	68889:1.00 70746:1.00 71614:1.00 72116:2.00 74173:1.00 76206:1.00 76207:1.00
pénibil	75791:1.00
pénur	74169:1.00
pépini	68277:1.00 75066:1.00 75458:3.00
pépit	75461:1.00
péren	67553:1.00 68283:1.00 71366:1.00
pérennis	75068:1.00
périmetr	72396:3.00 74744:1.00 74749:1.00
périod	67555:1.00 67939:1.00 68643:1.00 69533:1.00 70165:1.00 70749:1.00 70916:5.00 71357:1.00 72113:1.00 73432:1.00 73877:2.00 75457:1.00 75459:1.00
péripher	67554:1.00 68279:1.00 68643:1.00 69184:2.00 74455:1.00 74746:1.00 75063:1.00 75790:1.00
péripl	73185:1.00
pérou	73185:3.00
péruvien	73185:1.00
pétaflop	70914:1.00
pétrochim	68881:1.00 75066:1.00
pétrol	68278:1.00 70423:3.00
pétroli	70423:1.00 70914:1.00 71836:1.00 74450:3.00 75794:1.00
pêch	68388:1.00 69811:1.00 70917:1.00 73183:1.00 75460:1.00
pôl	67388:1.00 67555:1.00 67561:2.00 67795:4.00 67798:1.00 67799:1.00 67946:1.00 68273:2.00 68277:1.00 68279:4.00 68387:1.00 68393:2.00 68638:1.00 68643:1.00 68884:1.00 68885:13.00 69534:1.00 69542:1.00 69812:1.00 69817:2.00 69818:2.00 70162:1.00 70166:4.00 70420:1.00 70421:1.00 70428:2.00 70745:4.00 70752:1.00 70915:1.00 70921:1.00 71358:6.00 71359:3.00 71360:1.00 71619:2.00 71839:2.00 71842:3.00 71845:2.00 72116:3.00 72394:1.00 72396:8.00 72631:2.00 72634:5.00 72938:1.00 73184:2.00 73431:1.00 73433:1.00 73434:1.00 73685:1.00 73687:4.00 73691:1.00 73875:1.00 73877:1.00 73879:2.00 74169:1.00 74172:7.00 74449:1.00 74453:1.00 74455:5.00 74746:2.00 74748:1.00 74749:3.00 75068:1.00 75069:1.00 75462:1.00 75465:1.00 75789:3.00 75792:1.00 75795:1.00 75796:1.00 76209:1.00 76507:4.00 76508:1.00 76509:1.00 76511:5.00
qdiv	69816:1.00
qua	68882:2.00 74457:1.00 76213:2.00
quadrillent	75788:1.00
quadrillion	70425:1.00
qual	75790:1.00
qualif	67068:1.00 69177:1.00 69179:6.00 70914:1.00 72394:2.00 73687:2.00 76507:1.00
qualifi	67388:1.00 68638:1.00 69177:1.00 69179:1.00 69534:1.00 69535:1.00 72392:1.00 72395:2.00 72933:1.00 73876:1.00 76511:1.00
qualifient	67068:1.00
qualigr	75790:1.00
qualimed	74169:1.00
qualit	67071:2.00 67388:3.00 67554:1.00 67794:1.00 67798:1.00 67800:1.00 67937:1.00 67945:1.00 68273:1.00 68279:3.00 68283:1.00 68643:1.00 68645:2.00 68881:2.00 68883:3.00 68885:5.00 69183:1.00 69534:2.00 69541:1.00 69816:1.00 69819:1.00 70161:2.00 70422:1.00 70745:1.00 70917:1.00 71361:2.00 71835:2.00 72115:1.00 72116:1.00 72394:1.00 72399:1.00 72634:2.00 72938:1.00 73182:1.00 73185:1.00 73430:1.00 73431:1.00 73684:3.00 73685:1.00 73877:2.00 74169:1.00 74450:2.00 74749:1.00 75069:4.00 75458:1.00 75793:1.00 75794:3.00 76206:1.00 76207:1.00 76209:1.00 76511:3.00 76514:1.00
quality	68645:1.00
quand	67553:1.00 67555:4.00 67795:1.00 67937:1.00 67938:2.00 67939:1.00 68274:1.00 68884:2.00 69813:1.00 69816:1.00 70161:2.00 70163:1.00 70166:1.00 70421:1.00 70422:3.00 70915:1.00 70919:1.00 71359:1.00 71614:2.00 71835:1.00 71840:1.00 71842:1.00 72114:2.00 72115:2.00 72393:1.00 72394:1.00 72629:1.00 73182:1.00 73431:1.00 73432:1.00 73684:2.00 73685:1.00 73876:1.00 73877:2.00 74168:3.00 74449:2.00 74745:2.00 74750:1.00 75458:1.00 75790:1.00 75792:1.00 76207:1.00 76507:1.00 76511:1.00
quant	67553:2.00 68279:1.00 68389:1.00 68882:1.00 69178:1.00 69179:1.00 69182:1.00 69533:1.00 69811:1.00 70161:2.00 70169:1.00 70421:1.00 70424:1.00 70429:1.00 70915:1.00 70916:1.00 71361:1.00 71617:1.00 72401:1.00 73183:1.00 73433:1.00 73683:1.00 73880:1.00 74169:2.00 74749:1.00 75067:1.00 75789:2.00 76209:1.00 76213:3.00 76509:1.00 76511:1.00
quantifi	67388:1.00 70916:1.00 75463:1.00 75793:1.00
quantiqu	70421:1.00 70747:3.00 70914:1.00 71839:1.00
quantit	67071:1.00 67385:1.00 67388:1.00 67555:1.00 67558:3.00 67794:1.00 67800:2.00 68643:1.00 69540:1.00 70749:1.00 70920:1.00 71361:2.00 72116:1.00 72392:1.00 72630:1.00 72932:1.00 72934:1.00 72939:1.00 73184:2.00 73187:1.00 73431:2.00 73432:1.00 73685:1.00 74168:3.00 74449:2.00 74452:1.00 75458:1.00 75788:1.00 75790:1.00 75794:1.00 76511:1.00
quantum	71839:1.00
quar	73877:1.00
quarantain	72630:1.00 74746:1.00 76508:1.00
quart	74168:1.00
quas	67942:1.00 68643:1.00 68881:1.00 69537:1.00 69816:1.00 69821:1.00 70745:1.00 71357:2.00 71359:1.00 71362:1.00 72113:1.00 72117:2.00 72629:1.00 72631:1.00 72636:1.00 72932:1.00 72933:2.00 72939:1.00 73432:2.00 73684:1.00 73685:1.00 73877:2.00 74167:1.00 75065:1.00
quatorz	75793:2.00
quatr	67068:2.00 67071:1.00 67383:2.00 67555:1.00 67795:1.00 67941:1.00 67943:1.00 67946:1.00 68383:1.00 68639:1.00 68886:1.00 69533:1.00 69534:2.00 70162:1.00 70422:1.00 70744:1.00 71357:5.00 71362:1.00 71618:1.00 72629:1.00 73185:1.00 73683:1.00 74449:1.00 75067:2.00 75459:1.00
quatriem	67388:1.00 67794:1.00 68639:1.00 68882:1.00 69179:1.00 69534:1.00 69535:1.00 69543:1.00 70745:1.00 71357:1.00 71614:1.00 71617:1.00 71835:1.00 75067:1.00
quel	67388:1.00 67390:1.00 67554:1.00 67794:1.00 67795:2.00 67937:1.00 68283:3.00 68643:1.00 68645:1.00 68881:1.00 68882:1.00 69538:1.00 69539:1.00 69540:2.00 69813:1.00 69816:2.00 70161:2.00 70422:1.00 70425:1.00 70745:2.00 70915:1.00 70921:1.00 71358:1.00 71366:1.00 71835:2.00 72392:1.00 72401:2.00 72932:2.00 72940:2.00 73182:1.00 73183:2.00 73684:2.00 74168:1.00 74175:1.00 74450:1.00 74748:1.00 74749:3.00 75064:1.00 75069:1.00 75458:1.00 75462:1.00 75463:3.00 75790:1.00 76206:3.00 76209:4.00 76210:1.00 76213:3.00
quelqu	67386:1.00 67390:1.00 67555:2.00 67558:3.00 67800:1.00 67801:2.00 67937:1.00 67942:1.00 68274:1.00 68276:1.00 68280:2.00 68281:1.00 68383:2.00 68389:1.00 68391:1.00 68638:3.00 68644:2.00 69179:1.00 69535:1.00 69821:1.00 70161:3.00 70163:1.00 70166:2.00 70167:1.00 70169:1.00 70420:1.00 70421:1.00 70422:1.00 70425:1.00 70744:1.00 70745:1.00 70916:1.00 70919:1.00 70921:1.00 70923:1.00 71357:2.00 71358:1.00 71612:2.00 71621:1.00 71835:4.00 71836:1.00 71837:1.00 71840:1.00 71842:2.00 72113:1.00 72394:1.00 72396:1.00 72397:1.00 72629:2.00 72932:2.00 72933:1.00 72934:2.00 72937:1.00 73182:3.00 73184:1.00 73189:1.00 73430:2.00 73431:1.00 73432:2.00 73434:1.00 73438:1.00 73683:1.00 73684:1.00 73685:1.00 73688:1.00 73875:2.00 73877:1.00 73878:1.00 73879:2.00 74167:2.00 74168:1.00 74169:1.00 74450:1.00 74744:1.00 74747:1.00 74750:1.00 74751:1.00 74752:2.00 75065:1.00 75457:1.00 75458:2.00 75462:1.00 75789:1.00 75791:1.00 75793:1.00 75795:1.00 75797:1.00 76206:3.00 76208:1.00 76209:1.00 76507:1.00 76511:1.00
quentin	69533:1.00
quercypôl	75066:1.00
querleux	74744:2.00
question	67389:1.00 67553:1.00 67555:1.00 67794:3.00 67937:1.00 67939:1.00 68275:1.00 68383:1.00 68638:1.00 68642:3.00 68643:2.00 68882:2.00 69533:1.00 69821:1.00 70161:1.00 70163:1.00 70421:1.00 70749:1.00 71359:2.00 71363:1.00 71835:2.00 71837:1.00 72398:2.00 72401:2.00 72630:1.00 72932:1.00 72938:2.00 72940:2.00 73182:4.00 73184:1.00 73188:1.00 73877:1.00 74175:1.00 74457:1.00 74748:1.00 74749:1.00 74751:1.00 74752:2.00 75069:1.00 75463:1.00 75792:2.00 75793:1.00 76206:1.00 76209:1.00 76508:1.00
questionnair	67555:3.00 75793:8.00
quid	73877:1.00
quinoli	71360:1.00
quinz	67937:2.00 69819:1.00 76209:2.00
quinzain	67794:1.00 68646:1.00 68881:1.00 69821:1.00 70422:1.00 70916:1.00 71614:1.00 71837:1.00 72114:1.00 72394:1.00 72630:1.00 73182:1.00 73684:2.00 74171:2.00 74748:1.00 74749:1.00 75063:1.00 75458:1.00 76206:2.00 76507:1.00 76508:1.00 76509:1.00
quitt	68276:1.00 71842:1.00 73183:1.00 73430:1.00 75063:1.00 76206:1.00
quiz	68281:1.00
quoi	70161:1.00 71612:1.00 71835:2.00 72394:1.00 72940:1.00 76511:1.00
quotidien	67383:2.00 67554:1.00 67798:2.00 67801:1.00 68283:1.00 69817:1.00 70166:1.00 70420:1.00 70422:1.00 70429:1.00 70745:1.00 70746:1.00 70753:1.00 71359:3.00 71621:1.00 71835:2.00 71836:1.00 72113:1.00 72932:2.00 73190:1.00 73431:1.00 73684:1.00 73875:1.00 73879:1.00 74167:1.00 74450:1.00 74747:1.00 75070:1.00 75458:1.00 75459:1.00 75462:1.00 75792:3.00 75794:1.00 76507:1.00
québec	73185:1.00
quêt	73879:1.00 74168:1.00
qwip	71839:1.00
r	67940:2.00 67946:4.00 68383:3.00 68384:1.00 68885:1.00 69813:1.00 70166:2.00 70425:1.00 71615:1.00 71621:1.00 71840:1.00 71842:1.00 72113:1.00 72114:1.00 72118:4.00 72121:1.00 72392:2.00 72394:3.00 72398:1.00 72634:2.00 73182:2.00 73875:1.00 73876:1.00 73877:2.00 74167:1.00 74168:1.00 74172:1.00 74176:1.00 74450:1.00 74455:1.00 74749:1.00 74752:1.00 75063:2.00 75065:1.00 75067:1.00 76212:1.00 76513:1.00
rac	72934:2.00
raccourc	72119:1.00
rach	71614:2.00
rachat	73875:1.00
rachet	67383:1.00 71842:1.00
rachit	73431:3.00
racin	71837:1.00 73684:1.00
racinair	69817:3.00 70420:3.00
rack	69541:1.00
raczinsk	76508:3.00
radar	69811:2.00 70916:2.00 75789:1.00
raddian	75458:1.00
radeau	72116:6.00
radiat	67939:1.00 67942:1.00 68391:1.00 69179:2.00 69539:1.00 69819:1.00 73688:1.00
radical	68390:1.00 70161:1.00 75457:1.00 76511:7.00
radicalair	76511:5.00
radio	67386:1.00 67939:2.00 76208:1.00
radioact	69178:1.00
radiolog	70162:1.00
radiometr	67939:2.00
radionavig	67942:1.00
radioprotect	72392:1.00
radios	70747:2.00
radiosondag	70916:1.00
radiotox	69178:3.00
raffolent	71621:1.00
rafraîch	69818:1.00
raft	72116:5.00
raftom	72116:2.00
raid	73689:4.00 76212:4.00
raisin	73877:3.00 74169:12.00 76206:1.00 76512:1.00
raisol	74169:7.00
raison	67558:1.00 67795:1.00 67939:1.00 68389:2.00 68642:1.00 68882:1.00 69183:1.00 69537:1.00 69811:1.00 69821:1.00 70165:1.00 70916:1.00 70921:1.00 71617:1.00 72113:1.00 72934:1.00 73684:1.00 73685:1.00 73878:1.00 74167:1.00 74168:1.00 74169:1.00 74744:1.00 75065:1.00 75792:1.00 76210:1.00 76213:1.00 76507:1.00
ralent	68390:1.00 68646:1.00 70424:1.00 72629:1.00 74173:1.00 74749:3.00 75794:1.00
ralli	76212:1.00
rallong	73432:1.00
ram	70421:9.00 73683:1.00
ramen	67554:1.00 69177:1.00
ramn	72396:1.00
randomis	75065:1.00
rang	67943:1.00 70914:1.00 71361:1.00 73687:1.00 74745:1.00
ranjard	69812:5.00
rapatri	71842:1.00
rapen	72119:1.00
raphael	67802:1.00
raphaël	72932:1.00 74752:4.00
rapid	67383:2.00 67385:1.00 67389:2.00 67553:1.00 67556:1.00 68274:1.00 68385:1.00 68387:1.00 68640:2.00 68886:5.00 69178:4.00 69183:6.00 69533:1.00 69540:1.00 69811:1.00 69819:1.00 70166:1.00 70420:1.00 70421:1.00 70424:1.00 70747:1.00 70916:2.00 71612:1.00 71617:4.00 71618:1.00 71836:1.00 71841:1.00 72394:2.00 72629:1.00 72630:2.00 72632:1.00 72633:1.00 72932:2.00 72937:1.00 73432:1.00 73433:1.00 73435:1.00 73683:1.00 73876:2.00 73879:1.00 74167:3.00 74168:1.00 74171:1.00 74173:1.00 74457:1.00 74750:1.00 75068:3.00 75460:1.00 75466:1.00 75792:1.00 76212:1.00 76509:1.00 76510:2.00
rappel	67071:1.00 67383:2.00 67388:1.00 67553:1.00 67555:2.00 67798:1.00 67937:4.00 67938:2.00 67939:1.00 68273:1.00 68274:1.00 68387:1.00 68638:1.00 68643:2.00 68881:3.00 68883:1.00 68885:1.00 69177:2.00 70420:1.00 70749:1.00 70914:3.00 70915:1.00 70923:1.00 71357:3.00 71358:1.00 71359:1.00 71612:1.00 71614:3.00 71835:2.00 71836:1.00 72113:4.00 72115:1.00 72117:1.00 72118:1.00 72392:1.00 72393:1.00 72394:1.00 72396:1.00 72629:2.00 72630:2.00 72631:2.00 72932:1.00 72933:1.00 72939:1.00 73182:3.00 73183:2.00 73184:1.00 73185:1.00 73430:3.00 73432:2.00 73434:1.00 73683:2.00 73684:2.00 73685:1.00 73875:1.00 73876:1.00 73877:1.00 73879:1.00 74167:1.00 74169:1.00 74172:1.00 74450:1.00 74455:1.00 74744:2.00 74745:1.00 74752:1.00 75065:1.00 75458:3.00 75459:2.00 75462:2.00 75788:2.00 75790:1.00 75792:1.00 75793:1.00 76207:1.00 76213:3.00 76508:1.00 76511:2.00
rappellent	75794:1.00
rappelon	67388:1.00 67389:1.00 67554:1.00 67555:1.00 67558:1.00 67796:1.00 67799:1.00 67800:1.00 67801:1.00 67802:1.00 67937:2.00 67942:1.00 67943:1.00 67944:1.00 67945:1.00 68275:1.00 68279:1.00 68281:1.00 68283:1.00 68383:1.00 68388:2.00 68390:1.00 68392:1.00 68640:1.00 68641:1.00 68644:2.00 68646:2.00 68889:1.00 69177:3.00 69179:1.00 69185:1.00 69186:1.00 69533:3.00 69536:1.00 69539:1.00 69541:1.00 69542:1.00 69811:3.00 69815:1.00 69816:1.00 69818:1.00 70165:1.00 70169:1.00 70425:1.00 70428:1.00 70743:1.00 70748:1.00 70916:2.00 70917:1.00 70919:1.00 71360:1.00 71615:1.00 71620:1.00 71836:2.00 71838:1.00 71840:2.00 72113:2.00 72121:1.00 72122:1.00 72393:1.00 72399:1.00 72632:1.00 72935:1.00 72936:1.00 72938:1.00 73186:1.00 73190:1.00 73430:1.00 73435:1.00 73437:1.00 73683:1.00 73684:1.00 73687:3.00 73875:1.00 73876:1.00 73880:2.00 73882:1.00 74168:1.00 74170:1.00 74171:1.00 74449:1.00 74453:2.00 74746:1.00 74748:1.00 75064:1.00 75065:2.00 75067:1.00 75071:1.00 75460:1.00 75462:1.00 75466:1.00 75795:2.00 75796:1.00 76206:1.00 76207:1.00 76208:1.00 76210:1.00 76212:1.00
rapport	67071:3.00 67555:1.00 68383:1.00 68389:1.00 68643:1.00 68645:1.00 69533:6.00 70421:1.00 70745:1.00 70749:1.00 70916:1.00 71615:1.00 72113:2.00 72933:1.00 72935:1.00 73182:1.00 73430:1.00 73434:1.00 74457:1.00 74746:1.00 75065:1.00 75463:1.00 75789:1.00 75797:1.00
rapporteur	70420:1.00
rapproch	67068:1.00 69535:1.00 70166:2.00 70745:1.00 71358:1.00 72392:1.00 73431:1.00 74455:1.00 76211:1.00 76507:1.00
rar	68389:1.00 68642:1.00 68881:1.00 71614:1.00 71835:1.00 72115:1.00 72394:1.00 73431:2.00 73683:1.00 75461:1.00 75792:4.00 75795:1.00
raréfact	75066:1.00
rasoir	68274:1.00
rassembl	67386:1.00 67387:1.00 67557:1.00 68392:1.00 68645:1.00 69542:4.00 69818:1.00 70164:1.00 70170:1.00 70424:1.00 70753:1.00 71359:1.00 73884:1.00 74170:1.00 75068:1.00 75465:1.00 75795:1.00 76207:1.00 76212:1.00
rassur	67801:1.00 70161:1.00 75458:1.00
rat	67389:1.00 71843:1.00 73876:1.00
rationalis	67390:1.00 67557:1.00 68279:1.00
rattach	68646:1.00 72113:1.00 73430:1.00 73431:1.00 75067:1.00
rattrap	73877:1.00 74169:1.00
rav	67799:1.00 71612:1.00
ravag	72632:1.00
ravageur	72632:1.00
ravassard	67802:1.00
ravaud	75066:1.00
ravitaill	69177:1.00
ray	73186:1.00
rayleigh	68886:1.00
rayon	67390:2.00 68387:1.00 68391:4.00 68886:1.00 69539:2.00 70163:1.00 71358:1.00 73186:7.00 74450:2.00 74744:1.00 76511:1.00
rb	67941:1.00
rcp	69533:2.00
rcpg	72115:2.00
rcuk	68386:1.00
reactor	74168:1.00 75064:1.00
rebaptis	67939:1.00
rebois	75458:1.00
rebond	72932:2.00
recal	72395:1.00
recens	68279:1.00 73433:1.00 73878:1.00
recentr	71357:1.00 72629:1.00 73430:1.00
recentrag	71357:1.00
receptor	67937:1.00
recet	67383:1.00 67555:2.00 71359:3.00 74449:2.00 74749:1.00 74752:1.00 75063:1.00
recev	68387:1.00 75065:1.00
recevoir	67939:1.00 72396:1.00 72634:1.00
recevront	67939:1.00 75790:1.00
recharg	71619:1.00
recherch	67068:1.00 67391:1.00 67799:1.00 67937:2.00 68279:1.00 68385:2.00 68387:1.00 68393:1.00 68884:1.00 68885:1.00 69178:1.00 69533:1.00 69536:1.00 69537:1.00 69813:1.00 70423:1.00 70425:2.00 70743:1.00 70749:1.00 70916:1.00 70923:1.00 71835:1.00 71837:1.00 72115:1.00 72394:1.00 72396:1.00 72397:1.00 72399:1.00 72631:2.00 72938:1.00 73184:2.00 73188:1.00 73876:1.00 73877:2.00 74168:1.00 74174:1.00 74450:1.00 74744:1.00 74750:1.00 75458:1.00 75460:1.00 75790:1.00 76511:1.00 76515:1.00
recherchent	72121:1.00
recoll	74750:3.00
recombin	72934:1.00 73184:1.00
recommand	67388:1.00 67939:1.00 68383:2.00 68645:1.00 69541:1.00 71841:1.00 72393:1.00 76207:1.00
reconduit	73184:1.00
reconfigur	70161:1.00 74168:1.00
reconnaiss	68888:1.00 69811:1.00 70421:1.00 70744:1.00 71836:2.00 72633:1.00 72932:1.00 73182:1.00 73879:4.00 75788:1.00 76207:2.00 76511:1.00
reconnaissent	72932:1.00
reconnaît	67937:1.00 67938:1.00 68274:1.00 68276:1.00 68387:1.00 70161:1.00 70166:1.00 72394:1.00 72629:1.00 74167:1.00 75459:1.00 76206:1.00
reconnaîtr	68643:1.00 69183:1.00 71359:1.00 73879:2.00 75065:1.00 76206:1.00
reconnu	67795:1.00 67937:1.00 67946:1.00 68392:1.00 69536:1.00 69813:1.00 69815:1.00 70743:1.00 72400:1.00 75064:1.00 75793:1.00
reconnus	71614:1.00
reconstitu	70745:1.00 72939:1.00 73431:1.00
reconstruct	68886:1.00 72939:1.00
reconstructric	73431:3.00
reconstruir	70745:1.00 73431:1.00 75457:1.00
reconstruit	71842:1.00
record	68640:4.00 68883:4.00 73430:1.00 73689:1.00 74168:1.00 74170:1.00 75797:1.00
recour	68644:1.00 69818:1.00 70923:1.00 72934:1.00 74453:1.00 76513:1.00
recouvert	73684:1.00
recouvr	67071:1.00 70422:1.00
recrudescent	70916:1.00
recrut	67383:2.00 67801:1.00 68888:1.00 69185:1.00 69812:2.00 70161:3.00 70923:1.00 71358:2.00 71616:1.00 72631:1.00 73430:2.00 73683:1.00 75790:1.00
recruton	70161:1.00
recré	70421:1.00
recteur	74175:1.00
rectorat	73687:1.00
rectum	70918:1.00
recueil	67797:1.00 68883:1.00 69811:1.00 74449:1.00
recuit	67388:1.00
recul	67937:1.00 69816:1.00 71357:1.00 73183:1.00
recycl	74167:1.00 75464:1.00
recyclag	68642:1.00 69538:1.00 71362:1.00 72399:1.00 75792:1.00
recyclent	75792:1.00
recycleur	75792:1.00
recèlent	72630:1.00 73433:1.00 74744:1.00
redirectix	67802:1.00
rednr	75464:1.00
redon	70161:1.00 73430:1.00 75457:1.00
redouan	70423:1.00
redoubl	69185:1.00
redout	70922:1.00
redress	71614:1.00 72933:4.00 73182:2.00 74167:1.00 74746:1.00 75068:1.00 76513:1.00
redéfin	68392:1.00 75065:1.00
redémarrag	72629:1.00
redévelopp	67794:1.00
refair	73683:1.00
refais	74176:1.00
reflet	73182:1.00
reflow	67554:1.00
refocalis	71836:1.00
reformat	71362:1.00
reforment	67558:1.00
reformul	68882:1.00 69534:4.00 70161:1.00
refriger	67557:1.00 72393:1.00
refroid	67557:1.00 68640:1.00 71839:1.00 72934:1.00 74168:1.00 76210:1.00
reg	67390:1.00 67801:1.00
regard	68881:1.00 69533:1.00 69821:1.00 70744:1.00 70749:1.00 71835:1.00 71836:1.00 72392:1.00 73182:1.00 73432:1.00 73685:1.00 74172:1.00 74749:1.00 74750:1.00 74752:1.00 75462:1.00 76206:1.00
regardent	73684:1.00
region	67942:1.00
registr	68281:1.00
regl	67553:1.00 72398:1.00 72634:1.00 74455:1.00 75063:3.00 75458:1.00 75792:1.00 76208:1.00
regn	67068:1.00
regond	67553:4.00 74167:7.00
regorg	73684:1.00
regorgent	71621:1.00
regret	67937:1.00 68383:1.00 70166:1.00 71614:1.00 71835:1.00 72113:1.00 72394:1.00
regroup	67071:1.00 67388:2.00 67553:4.00 67938:1.00 67939:2.00 68275:1.00 68276:1.00 68279:2.00 68385:1.00 68386:1.00 68638:1.00 68639:1.00 68642:1.00 68885:2.00 69181:1.00 69817:1.00 70914:1.00 70921:2.00 71359:2.00 71361:1.00 71615:1.00 71837:1.00 71839:1.00 71842:3.00 72113:1.00 72116:1.00 72634:2.00 72934:1.00 73184:1.00 73187:1.00 73434:1.00 73687:1.00 73877:1.00 74168:1.00 74171:1.00 74746:2.00 74747:1.00 75065:1.00 75068:1.00 75796:1.00
reichhart	67937:1.00
reim	72634:1.00
rein	67938:3.00 68388:1.00 72115:1.00 73189:1.00
rejet	67385:1.00 67555:1.00 67557:1.00 71621:1.00
rejoignent	67795:1.00
rejoindr	67553:1.00 70422:1.00 71842:2.00 73182:1.00 73683:1.00 74450:1.00 74745:1.00
rejoint	68273:1.00 70166:1.00 71358:1.00 71839:1.00 73430:1.00 73683:1.00 74455:1.00
rel	67383:2.00 67386:5.00 68279:1.00 72635:1.00 73875:1.00 76515:1.00
relai	68640:1.00
relanc	68281:1.00 70420:1.00
relargag	75067:1.00
relargu	69184:1.00 72634:1.00
relat	67937:1.00 67942:1.00 68383:2.00 68387:1.00 68643:1.00 69177:1.00 69178:1.00 69179:1.00 69536:1.00 69541:1.00 70161:1.00 70166:1.00 70422:2.00 70745:3.00 70749:1.00 71357:2.00 71614:2.00 72113:2.00 72394:2.00 72395:1.00 72401:2.00 72629:1.00 72630:1.00 72635:1.00 72637:1.00 72932:1.00 72934:1.00 72936:1.00 73185:1.00 73432:1.00 73683:1.00 73875:1.00 74169:1.00 74172:1.00 74744:1.00 75458:1.00 75795:1.00 76211:1.00 76213:3.00 76514:1.00
relationnel	73185:1.00
relev	67071:2.00 67554:1.00 67795:1.00 68280:1.00 68640:1.00 69180:1.00 69541:2.00 69814:1.00 70422:2.00 70424:1.00 70744:1.00 70919:1.00 71359:1.00 71845:1.00 72392:2.00 72634:1.00 73182:3.00 73684:4.00 74176:1.00 75458:1.00 75466:1.00 75793:2.00 76213:1.00
relevon	67798:1.00
reli	70162:1.00 70425:1.00 72635:1.00
religion	76213:1.00
relir	72401:1.00
relocalis	69535:1.00
relâch	70917:3.00 72934:1.00 74168:1.00
relèvent	74167:1.00
rem	67068:1.00 67555:1.00 68274:1.00 70751:1.00 72114:1.00 73190:1.00 74746:1.00 76208:3.00
remani	75459:1.00
remarqu	67068:1.00 67383:2.00 67937:1.00 67938:1.00 69186:1.00 69540:2.00 70424:1.00 70425:2.00 71621:1.00 72933:1.00 73184:1.00 76213:1.00
rembours	76508:1.00
remerci	73183:1.00
remet	67387:1.00 68888:2.00
remettent	68886:1.00
remettr	67794:1.00 72400:1.00 72933:1.00 74457:1.00 76510:1.00
remettront	67944:1.00
remis	67937:1.00 68888:1.00 69185:1.00 72933:2.00 75797:1.00 76516:1.00
remodel	71612:1.00
remont	70161:1.00 70162:1.00 70165:1.00
remonton	67798:1.00
rempl	72113:1.00 72932:2.00 74752:1.00 76211:1.00
remplac	68280:1.00 69177:1.00 69814:1.00 71614:1.00 72934:1.00 73188:1.00 74745:1.00 75066:2.00 76510:1.00
remport	74170:1.00
remportent	75066:1.00
remus	74449:1.00
ren	69821:3.00 70162:1.00 71360:1.00 71841:1.00 75794:2.00
renaiss	72629:1.00 72939:1.00
renard	75069:4.00
renaut	67939:2.00
rencontr	67068:3.00 67383:1.00 67937:1.00 67939:1.00 68274:2.00 68392:1.00 68881:2.00 68886:1.00 68889:3.00 70421:1.00 70743:1.00 70751:1.00 70752:1.00 70915:1.00 70921:1.00 71612:2.00 71837:1.00 72118:1.00 72121:1.00 72634:1.00 72932:1.00 72937:1.00 73182:1.00 73183:1.00 73685:2.00 73691:1.00 73877:1.00 74174:1.00 74175:1.00 74176:2.00 74456:4.00 74748:3.00 74752:4.00 75465:3.00 75795:1.00 75797:1.00 76515:1.00 76516:1.00
rencontrent	68643:1.00
rend	67385:2.00 67388:1.00 67561:1.00 67795:1.00 67941:1.00 67946:1.00 68279:1.00 68385:1.00 68389:1.00 68885:1.00 68889:3.00 69177:1.00 69542:1.00 69543:3.00 70161:1.00 70751:1.00 70752:2.00 70921:2.00 71621:1.00 72121:1.00 72630:2.00 73430:1.00 73436:4.00 73438:1.00 73684:4.00 73691:1.00 73875:1.00 73881:3.00 73884:2.00 74176:2.00 74748:3.00 75066:3.00 75457:1.00 75458:1.00 75466:1.00 75788:1.00 75794:1.00 75795:2.00 75796:1.00 75797:1.00 76209:1.00 76514:1.00
rendent	67387:1.00 70744:1.00 70921:1.00 75065:1.00 75460:1.00
rendr	67555:1.00 69533:1.00 69542:1.00 71359:1.00 71835:1.00 72629:1.00 72932:1.00 73182:1.00 73430:1.00 74744:1.00 76207:1.00
rendu	67798:1.00 69539:1.00 69541:1.00 70421:1.00 70422:1.00 70914:1.00 71836:1.00 72396:1.00 72934:1.00 72936:1.00 73434:1.00 73437:1.00 73685:1.00 73879:1.00 75458:1.00 76210:1.00 76508:4.00
rendus	67068:1.00 72630:1.00 75459:1.00
renessen	74449:1.00 76507:2.00
renferm	67383:1.00 67388:1.00 68274:1.00 69534:1.00 69815:1.00 69819:1.00 70420:1.00 71612:1.00 71621:1.00 72634:1.00 72934:1.00 73431:1.00 73432:2.00 73878:1.00 73879:1.00 75462:1.00 75792:1.00 75794:1.00 76511:1.00
renferment	67388:1.00 67554:2.00 70745:1.00 72115:1.00 73879:1.00 74167:1.00
renforc	67795:1.00 68277:1.00 68279:1.00 68384:2.00 68386:1.00 68888:1.00 69816:1.00 70745:1.00 70916:1.00 71839:2.00 73430:2.00 73875:1.00 73883:1.00 75789:1.00 76211:2.00
renfort	70916:1.00
renomm	67799:1.00 71359:1.00 71619:1.00 72121:1.00
renonc	76209:1.00
renouveau	73882:1.00
renouvel	68884:2.00 69535:1.00 69538:1.00 69818:1.00 70420:1.00 70423:1.00 70743:1.00 71363:6.00 71617:2.00 72121:1.00 72398:1.00 72940:1.00 73185:1.00 73190:1.00 73684:1.00 73881:1.00 75464:1.00 76206:1.00 76514:1.00
renseign	69177:1.00 70162:1.00 70424:1.00 71618:1.00 75071:1.00
rentabilis	74169:1.00
rentabl	73877:1.00
rentr	69177:1.00 70923:1.00 71362:1.00 72932:1.00 73687:2.00 75457:3.00 76509:1.00 76513:1.00
renvers	67068:4.00
rep	67555:2.00 68387:1.00 70749:1.00 74449:1.00 75063:1.00 76507:9.00 76509:2.00
repart	70422:1.00 71362:1.00 72398:2.00
repens	68279:1.00 68882:3.00 73876:2.00
reper	67389:1.00 73432:1.00
repeupl	70917:2.00
repli	74173:1.00
report	69177:1.00
reported	75793:1.00
repos	68641:1.00 68881:1.00 69814:1.00 70164:1.00 70421:1.00 70914:1.00 70919:1.00 71357:1.00 71835:1.00 72398:1.00 72401:1.00 72934:1.00
reposition	74750:1.00 75789:1.00
repouss	71843:1.00
repr	70749:1.00 72115:1.00 72394:1.00 73184:1.00
represent	69533:1.00
repris	67795:1.00 71835:1.00 72937:1.00 73436:1.00 73684:2.00
reproduct	67387:1.00 70917:3.00 73431:3.00
reproducteur	68388:1.00
reproductibil	74455:1.00
reproduir	67802:1.00 68388:1.00 69533:1.00 73431:1.00 75791:4.00
reproduisent	70421:1.00
reproduit	69178:1.00 70917:1.00 71619:1.00
reprogramm	72116:1.00
représent	67387:1.00 67388:1.00 67391:2.00 67556:1.00 67557:1.00 67795:1.00 68274:1.00 68280:1.00 68885:1.00 69177:1.00 69178:1.00 69186:1.00 69537:1.00 69541:1.00 69542:1.00 69815:1.00 69820:1.00 70162:1.00 70163:1.00 70164:1.00 70166:1.00 70421:1.00 70422:4.00 70424:1.00 70745:1.00 70747:1.00 70749:1.00 70916:1.00 70917:1.00 70921:1.00 71360:1.00 72114:1.00 72392:2.00 72396:1.00 72398:1.00 72631:1.00 72933:1.00 72938:1.00 72940:1.00 73182:1.00 73188:1.00 73683:2.00 73875:1.00 73877:1.00 73878:1.00 74167:1.00 74169:1.00 74172:1.00 74744:1.00 74746:1.00 74749:1.00 75064:1.00 75067:1.00 75071:1.00 75465:1.00 75788:3.00 75795:1.00 76206:2.00 76208:1.00 76513:1.00
représentat	68642:1.00
représentent	67802:1.00 68645:1.00 68882:1.00 69535:1.00 69813:1.00 70420:1.00 70421:2.00 72114:1.00 72396:1.00 72938:1.00 73182:1.00 73878:2.00 74452:1.00 74746:1.00 74747:1.00 75070:1.00 75792:1.00 75794:1.00
requ	71612:1.00
requalifi	71619:1.00
requis	72399:1.00 72631:2.00 75069:1.00
rer	70421:6.00
research	67799:1.00 67939:1.00 68386:3.00 68387:2.00 69180:1.00 69534:2.00 70162:2.00 71360:2.00 71615:1.00 71837:1.00
resif	69181:8.00
resp	74454:1.00
respect	67071:1.00 67553:1.00 67561:1.00 67794:1.00 67802:1.00 68881:1.00 69533:1.00 69538:1.00 70164:1.00 70170:3.00 70420:1.00 71835:1.00 71838:1.00 73683:1.00 74751:1.00 75792:1.00
respectent	70165:1.00 75792:1.00
respectu	71617:1.00 71842:1.00
respir	74454:1.00
respons	67391:1.00 67553:2.00 67556:1.00 67800:1.00 67801:1.00 67939:4.00 67946:1.00 68274:1.00 68279:2.00 68885:1.00 69179:1.00 69534:1.00 69539:1.00 69813:2.00 69817:2.00 69821:1.00 70162:1.00 70163:1.00 70920:1.00 70923:1.00 71359:1.00 71619:1.00 71620:1.00 71836:1.00 71840:1.00 72113:1.00 72393:1.00 72394:1.00 72396:4.00 72401:1.00 72629:1.00 72631:1.00 72637:1.00 72933:1.00 73431:1.00 73437:1.00 73683:2.00 73876:1.00 73877:1.00 74175:1.00 74176:1.00 74455:1.00 74456:1.00 74744:1.00 75063:1.00 75064:2.00 75069:1.00 75788:2.00 75789:1.00 76209:1.00 76508:2.00 76511:1.00 76512:1.00 76513:1.00
responsabilis	70164:1.00 71361:1.00
resqm	68274:10.00
ressembl	67553:1.00 71835:1.00 72932:1.00 73684:1.00 74173:1.00
ressent	70421:1.00 72398:1.00 72401:1.00
ressort	75788:1.00
ressourc	67071:2.00 67387:1.00 67794:1.00 67938:1.00 67946:2.00 68278:1.00 68642:4.00 68882:1.00 69181:1.00 69535:2.00 69536:1.00 69538:1.00 70164:1.00 70423:1.00 70914:1.00 71357:1.00 71619:1.00 71621:2.00 72121:1.00 72394:1.00 72630:1.00 72632:1.00 72634:1.00 73433:1.00 73434:1.00 73684:1.00 75458:1.00 75792:1.00
rest	67068:1.00 67385:1.00 67387:1.00 67388:2.00 67389:3.00 67390:1.00 67553:1.00 67554:1.00 67555:1.00 67557:1.00 67795:4.00 67938:1.00 68273:1.00 68274:1.00 68383:3.00 68391:2.00 68638:1.00 68643:1.00 68887:2.00 69182:1.00 69184:1.00 69535:1.00 69540:1.00 69811:1.00 69813:1.00 69821:1.00 70161:1.00 70163:1.00 70167:1.00 70425:1.00 70914:1.00 70915:1.00 70920:1.00 70921:1.00 71612:1.00 71614:2.00 71835:2.00 72113:2.00 72114:1.00 72115:1.00 72397:1.00 72629:1.00 72630:1.00 72634:2.00 72636:1.00 72933:1.00 73182:2.00 73183:1.00 73185:1.00 73187:1.00 73431:1.00 73433:1.00 73436:1.00 73683:2.00 74167:2.00 74168:1.00 74173:1.00 74450:1.00 74746:1.00 74747:1.00 75069:1.00 75789:2.00 75791:1.00 75793:1.00 75794:1.00 76209:1.00 76210:1.00 76213:4.00 76508:2.00
restaur	67802:1.00 71842:1.00 73683:1.00 74749:6.00 74752:1.00 75458:1.00 76507:1.00
restent	67556:1.00 67794:1.00 68644:1.00 70429:1.00 70749:1.00 71614:1.00 72113:1.00 74745:1.00 75071:1.00 75459:1.00 75463:1.00
restitu	72939:1.00 73683:1.00 75064:1.00
restreint	75064:1.00
restrict	73432:1.00
restructur	69812:1.00 76213:1.00
resvératrol	68387:1.00
retard	68390:1.00 68882:1.00 71841:1.00 73684:1.00 73877:1.00 74169:1.00 76510:1.00
reten	71835:1.00
retent	70161:1.00
retenu	69533:1.00 69818:1.00 70162:1.00 73185:1.00 73879:2.00 75789:1.00 76507:2.00
retenus	70753:1.00 74748:1.00 75068:1.00 76209:1.00
retiendr	68383:1.00 71835:1.00
retient	72932:1.00
retir	67802:1.00
retomb	70749:1.00 72634:1.00 73435:1.00 75790:1.00
retorik	75063:8.00
retour	67553:1.00 68387:1.00 69535:1.00 72396:1.00 72399:1.00 72629:1.00 72932:1.00 72937:1.00 73185:2.00 73431:1.00 73683:3.00 73690:1.00 73877:1.00 75458:1.00 75459:2.00 76206:1.00 76209:1.00
retourn	67068:2.00 75064:1.00
retrait	68387:1.00 68643:1.00 72629:2.00 73431:1.00 75069:1.00
retranch	73434:1.00
retravaill	75065:1.00
retrouv	67068:1.00 67558:1.00 67801:1.00 68276:2.00 68389:2.00 69184:1.00 71357:1.00 71359:2.00 71835:1.00 72631:1.00 72932:2.00 72937:1.00 73189:1.00 73430:1.00 73879:1.00 75064:1.00 75457:1.00 75789:1.00 76511:1.00
revanch	67938:2.00 68644:1.00 68882:3.00 69540:1.00 70421:1.00 71359:1.00 71835:1.00 72631:1.00 72634:1.00 73183:1.00 73875:1.00 75462:1.00 75789:1.00 75794:1.00 76207:1.00
revellin	72113:7.00
reven	68281:1.00 68882:1.00 73877:2.00
revendeur	75063:1.00
revendiqu	70161:1.00
revenu	69177:1.00 70422:1.00 75792:1.00
revenus	71621:1.00
revers	70744:2.00
revien	67794:1.00 73430:1.00
revient	67071:1.00
review	67068:1.00 73188:1.00 75794:1.00 76208:3.00
revis	70161:1.00
revisit	67939:1.00 70161:2.00 71836:1.00
revitalis	68638:1.00
revivr	67068:1.00 68273:1.00
revoir	70161:1.00 73876:1.00
revu	67556:1.00 67558:1.00 67802:1.00 67937:1.00 68280:1.00 68387:2.00 68388:1.00 68391:1.00 68638:1.00 68886:1.00 68887:1.00 69540:1.00 69815:1.00 70163:1.00 70167:1.00 70746:1.00 70749:1.00 71614:1.00 71837:1.00 71843:1.00 72632:1.00 72635:1.00 73184:1.00 73188:1.00 73189:1.00 75064:1.00 75463:1.00 76210:1.00
revêt	67557:1.00 74454:1.00 74744:1.00
rexia	73687:1.00
reçoit	67389:1.00
reçoivent	67389:1.00 67801:1.00 71358:1.00 73437:1.00
reçu	67937:1.00 68888:1.00 69185:1.00 69821:1.00 70169:1.00 70749:1.00 71837:2.00 72113:1.00 72636:1.00 72932:4.00 72933:1.00 73182:2.00 73186:1.00 73878:1.00 74450:1.00 74746:1.00 75063:1.00 75065:3.00 76206:1.00 76208:1.00 76509:1.00
reçus	67389:1.00 72396:1.00 75066:1.00
rff	76510:1.00
rfid	76514:1.00
rhenep	74453:2.00
rhenovi	73187:2.00 74453:2.00
rhepach	73187:1.00
rhepatch	73187:3.00
rhino	76508:1.00
rhizotron	69817:2.00 70420:6.00
rhodi	68278:2.00
rhôn	68385:1.00 68645:1.00 69543:1.00 69818:1.00 71616:1.00 72392:1.00 72395:1.00 73435:1.00 73689:1.00
rhônalpin	72395:2.00 72400:1.00 76212:1.00
ribereau	67801:1.00
ribon	71358:1.00
rich	68388:1.00 70161:1.00 71619:1.00 72115:1.00 72394:1.00 72396:1.00 72938:1.00 73185:2.00 73876:1.00 74168:1.00 75792:1.00 76515:1.00
richard	68881:1.00 73875:1.00 74169:3.00 75790:1.00
richess	69821:1.00 72933:1.00 73430:1.00
ricin	67558:1.00
rid	69177:1.00
rien	68886:1.00 68887:1.00 69177:1.00 70747:1.00 70915:1.00 71835:2.00 72392:1.00 72636:1.00 73432:1.00 73684:1.00 74450:1.00 74744:1.00
rifl	68387:2.00
rift	69813:1.00
rigid	67554:1.00 67558:2.00 71836:1.00
rigour	76207:1.00
rigueur	72398:1.00
rihb	69542:3.00
riken	67943:1.00
rillieux	73435:1.00
riment	69534:2.00
ringuet	73186:1.00
risqu	67071:1.00 67801:3.00 68276:1.00 68283:1.00 68645:2.00 68883:1.00 69181:2.00 69813:2.00 70165:2.00 70429:4.00 70914:1.00 70915:8.00 70916:1.00 70918:1.00 71360:1.00 71612:1.00 71618:2.00 72113:1.00 72395:1.00 72631:1.00 72935:1.00 73183:1.00 73430:1.00 73431:1.00 73432:2.00 73435:1.00 73684:1.00 73691:1.00 74167:1.00 74449:1.00 74450:1.00 74453:2.00 74455:1.00 75069:1.00 75459:1.00 76514:2.00
rivag	70916:1.00
rival	74457:4.00
rivaton	73433:1.00
rivi	70914:3.00 73434:1.00
riz	72394:1.00
rizlen	70422:5.00
rjh	70915:1.00
rmn	71837:2.00
rmt	76514:3.00
rncp	73437:1.00
road	71835:1.00
robert	71841:1.00 72115:1.00 72392:1.00 72932:1.00
robot	67383:5.00 67941:4.00 67945:1.00 68883:7.00 70420:4.00 71614:13.00 72119:1.00 72122:7.00 72392:1.00 72633:5.00 73190:2.00 73884:7.00 74170:6.00 75066:1.00 75466:1.00 75791:6.00
robotic	67383:1.00 67945:1.00 72122:2.00 72633:3.00 73884:1.00 74170:1.00
roboticien	67068:1.00 67383:3.00
robotis	67383:1.00 73432:1.00 75791:2.00
robust	67939:1.00 69177:1.00 69179:1.00 74751:3.00 75067:1.00 75460:1.00
robustess	68882:1.00
roc	67939:2.00
rockefel	70922:1.00
rodin	73875:1.00
rog	67071:1.00 68275:1.00 73687:1.00
rogeau	75793:2.00
roger	73875:1.00
roi	69539:1.00 72936:1.00
rolly	70747:1.00
rom	67945:1.00 69821:1.00 73683:1.00
romain	70916:1.00 74172:1.00 74450:2.00 75066:1.00
romainvill	71360:1.00
romeo	72633:1.00
rond	68889:1.00 69186:1.00 70751:1.00 70752:1.00 70921:1.00 71845:1.00 72400:2.00 72932:1.00 72937:1.00 73438:1.00 73882:1.00 74170:1.00 74172:1.00 74456:1.00 75462:1.00 75466:1.00 75797:1.00 76515:1.00 76516:1.00
rondonopol	75788:1.00
rongeur	72631:1.00 73184:1.00 75458:1.00
room	75797:1.00
roquecourb	74169:1.00
roquet	67798:1.00 75793:1.00 76213:1.00
ros	67939:1.00 68273:1.00 70421:1.00 71614:5.00 73684:2.00
rosym	75797:1.00
rotat	68279:2.00 72119:4.00 75463:1.00
rothschild	72935:1.00 76508:2.00
rotor	72119:3.00 75066:1.00
rotul	72119:1.00
rou	67797:1.00
roubaix	70751:1.00 70921:2.00
roucairol	72113:1.00 73182:7.00
roug	67938:2.00 67939:1.00 68387:3.00 69816:1.00 70744:1.00 70745:1.00 72635:1.00 73684:4.00 73877:1.00 74169:1.00 75462:2.00 76512:1.00
rouk	68881:4.00
roul	67797:1.00 67940:7.00 74169:1.00
roulag	67797:1.00 68640:2.00
rouman	73875:1.00
rousseau	68883:2.00
roussillon	68275:1.00 69182:1.00 69537:1.00 71614:1.00 73430:1.00 73684:1.00 74169:1.00 76512:1.00
rout	68274:4.00 68386:1.00 68387:1.00 68389:1.00 68645:1.00 69179:1.00 72114:1.00 72634:1.00 73183:1.00 73434:1.00 73875:1.00 75795:1.00 76511:1.00
routi	68274:3.00
routin	67801:1.00
rov	69177:1.00
royal	72936:1.00 74450:1.00
royaum	69542:1.00 75069:1.00
rt	70169:2.00
ru	70162:1.00
rub	72934:1.00
ruch	71842:3.00 71843:1.00 75068:1.00
rud	70161:1.00 72114:1.00
rumeur	72940:1.00
rumin	67388:1.00 68885:1.00
rupestr	75788:2.00
ruptur	67794:1.00 68273:1.00 68384:1.00 68638:1.00 68886:6.00 71357:1.00 71358:1.00 72633:1.00 72637:1.00 73438:1.00 73686:1.00 74451:1.00 75066:1.00 75464:1.00 75465:3.00 76210:1.00 76213:3.00
rural	67794:1.00
russ	67942:1.00 68638:1.00 68642:1.00 69177:1.00 71836:1.00 72396:10.00 73183:3.00 73431:5.00 74168:1.00 75064:1.00 76209:1.00 76511:4.00
russel	68882:1.00
rustiqu	73684:1.00
rutherford	70163:1.00
ruthénium	72119:1.00
rvv	73877:1.00
rwth	71361:2.00
rythm	68281:1.00 70752:1.00 75458:1.00
rythment	72932:1.00
règnent	74168:1.00
ré	71620:1.00 71836:1.00 73882:1.00
réacteur	69178:13.00 70915:4.00 71617:1.00 72113:1.00 72392:2.00 72397:1.00 72629:3.00 74168:3.00 75064:1.00
réactif	69819:1.00 73436:1.00
réaction	67800:1.00 67943:1.00 69178:2.00 69819:2.00 70162:1.00 70746:1.00 72937:1.00 74168:3.00 74750:1.00
réactiv	68281:1.00 68389:3.00 70428:1.00 70749:1.00 74169:1.00 75792:1.00
réag	67794:2.00 67938:1.00 69539:1.00 70425:1.00 70745:1.00 71621:1.00 74450:1.00 75457:1.00 76511:1.00
réalisent	68885:1.00 71362:1.00 72932:1.00 72939:1.00 73185:1.00 73684:1.00 73685:1.00 74450:1.00
réalison	68643:1.00 72113:1.00 73875:1.00
réalist	67794:1.00 68383:1.00 68882:1.00 70914:1.00 75463:1.00 75788:1.00
réalit	68392:1.00 70162:1.00 70421:7.00 70749:1.00 72631:1.00 73182:1.00 73185:1.00 73683:1.00 74167:2.00 74168:1.00 74746:1.00 75064:11.00
réapparaîtr	75458:1.00
réassur	72939:1.00
récent	67391:1.00 67553:1.00 67794:1.00 67937:1.00 67939:1.00 68273:1.00 68279:1.00 68383:1.00 68638:1.00 68885:1.00 69184:1.00 69533:1.00 70161:1.00 70424:1.00 70753:1.00 71366:1.00 71837:1.00 71843:1.00 72113:1.00 72116:1.00 72117:1.00 72630:1.00 72631:1.00 72932:1.00 72935:1.00 72940:1.00 73182:2.00 73184:1.00 73431:1.00 73436:1.00 73685:1.00 73875:1.00 73876:1.00 74751:1.00 75463:1.00 75464:1.00 76213:1.00
récept	67386:1.00 70162:1.00 73432:1.00
récepteur	67937:6.00 67939:1.00 69181:1.00 69184:2.00 72115:4.00 72116:1.00 72631:3.00 73878:1.00 75790:3.00
réchauff	67387:1.00 67939:2.00 68389:5.00 69540:1.00 69814:1.00 73434:1.00 73688:1.00
réclam	72392:1.00
récolt	68643:1.00 73183:3.00 73684:2.00
récompens	67383:2.00 68274:1.00 68641:2.00 71612:1.00 71840:1.00 72633:3.00 72932:1.00 73435:2.00 75066:1.00 75458:2.00 76207:1.00 76208:1.00
récuper	69177:1.00 71842:1.00 72397:2.00 74168:1.00 75792:4.00
récurrent	70916:1.00 71357:1.00
rédact	71612:1.00 74449:1.00
rédig	72401:1.00 72940:1.00 74457:1.00
réduct	68279:2.00 68639:1.00 69533:3.00 69814:3.00 70914:1.00 71357:1.00 71366:1.00 71615:1.00 71617:4.00 73184:1.00 73433:1.00 73877:1.00 75790:3.00
réduir	67554:3.00 67557:1.00 68278:1.00 68882:2.00 69177:1.00 69178:1.00 69179:1.00 69534:2.00 71617:4.00 71836:1.00 71840:2.00 72118:1.00 72635:1.00 73182:1.00 73435:1.00 74745:1.00 75066:1.00 75790:1.00 75791:1.00 76210:1.00 76510:1.00
réduis	67554:2.00
réduisent	70745:1.00
réduit	67387:1.00 68887:1.00 69535:1.00 69540:1.00 70420:1.00 70917:1.00 71621:1.00 72392:1.00 74169:1.00 76208:1.00
réel	67385:1.00 67387:1.00 67553:3.00 67937:1.00 67939:1.00 68643:1.00 69534:1.00 69819:3.00 70161:1.00 70162:2.00 70421:4.00 70922:3.00 70923:1.00 71841:1.00 72631:1.00 73431:1.00 73879:1.00 74751:1.00 75064:1.00 75067:1.00 75459:1.00 75791:2.00 76211:1.00 76508:1.00 76510:1.00
réeuropéanis	73430:2.00
réflech	67553:1.00 70161:1.00 70423:1.00 72395:1.00 72397:1.00 72932:1.00 73876:1.00 73879:1.00 73882:1.00 74167:2.00 74169:1.00 74450:1.00 74746:1.00 75063:2.00 75788:1.00 75789:1.00
réflex	68882:1.00 69813:1.00 70161:1.00 71357:1.00 72940:1.00 73182:1.00 74752:1.00
réflexion	67388:1.00 68383:2.00 68638:1.00 68642:1.00 68882:1.00 69179:1.00 69541:1.00 70429:1.00 71357:1.00 71359:1.00 72113:1.00 72398:1.00 72637:1.00 72932:4.00 73182:3.00 73876:2.00 74169:1.00 74752:1.00 75462:1.00 76209:1.00 76213:1.00
réform	67795:1.00 75459:1.00
réfract	68641:1.00
réfriger	67557:4.00 70746:1.00
référent	67946:1.00 68642:1.00 68888:1.00 68889:1.00 69543:1.00 70162:2.00 70918:1.00 71359:1.00 72114:1.00 72116:1.00 72396:2.00 72398:1.00 73687:1.00 75065:1.00
référentiel	69812:1.00
régal	71366:1.00 73430:1.00
régim	67794:1.00 67798:1.00 68387:1.00 68638:2.00 69534:1.00 69538:1.00 73432:1.00
région	67391:1.00 67553:5.00 67794:1.00 67939:3.00 68275:1.00 68276:1.00 68384:1.00 68385:1.00 68387:1.00 68389:1.00 68391:1.00 68393:1.00 68638:2.00 68885:1.00 69537:2.00 69538:1.00 69543:1.00 69816:3.00 69818:1.00 70162:1.00 70170:1.00 70421:1.00 70428:1.00 70743:1.00 70745:1.00 70915:1.00 70916:10.00 71358:2.00 71360:1.00 71361:3.00 71614:1.00 71840:1.00 72113:1.00 72114:1.00 72117:1.00 72395:1.00 72396:2.00 72630:3.00 72933:1.00 72938:1.00 73183:4.00 73186:1.00 73190:1.00 73430:2.00 73431:1.00 73435:1.00 73683:3.00 73684:2.00 73687:8.00 73877:1.00 73884:1.00 74169:1.00 74171:1.00 74172:3.00 74176:1.00 74450:2.00 74457:1.00 74748:4.00 74749:1.00 75066:2.00 75071:1.00 75458:5.00 75463:1.00 75789:1.00 76206:1.00 76507:1.00 76512:1.00 76513:2.00 76515:1.00
régional	67388:1.00 67391:1.00 67553:3.00 67561:1.00 67798:1.00 67804:3.00 67939:1.00 68277:1.00 68385:1.00 68393:1.00 68884:1.00 68885:2.00 69182:1.00 69535:2.00 69817:1.00 70420:1.00 70422:1.00 70743:1.00 70745:1.00 70749:1.00 70916:1.00 70921:3.00 71617:1.00 71841:1.00 71842:2.00 72395:1.00 72396:1.00 72400:1.00 72630:1.00 72933:1.00 72938:3.00 73430:1.00 73434:1.00 73687:1.00 73879:1.00 74172:1.00 74176:1.00 74455:1.00 74748:4.00 74749:1.00 75066:1.00 75789:1.00 76508:1.00
régionalis	68275:1.00
réglag	68883:1.00 73186:1.00 75067:1.00 76508:1.00
réglement	68643:2.00 69818:1.00 70165:3.00 71357:2.00 72118:1.00 74450:1.00 74455:1.00
réglementair	70917:1.00 72629:1.00 72938:1.00 73690:1.00 76516:1.00
régress	68383:1.00
régul	67391:1.00 67556:1.00 68643:1.00 69178:1.00 69184:2.00 69812:1.00 69818:1.00 72116:1.00 73877:1.00
régular	68391:1.00
régulent	67555:1.00 67802:1.00 68887:1.00
réguli	68281:2.00 68390:2.00 68881:1.00 69182:1.00 69537:1.00 69811:1.00 70744:2.00 73683:1.00 75064:1.00
régéner	71616:3.00 75458:1.00
réhabilit	71363:1.00 71842:1.00 73883:1.00
réindustrialis	73182:2.00
réinject	67558:1.00 68884:1.00
réinsert	71357:1.00
réintegr	72394:2.00
réinvest	71614:1.00
réjou	72629:1.00 72636:1.00 74172:1.00
rémuner	75458:1.00
rémy	67939:2.00 72940:1.00 73878:1.00 76209:2.00
rénov	69178:1.00 71842:1.00 73683:1.00
réorganis	67389:1.00 67939:1.00 68280:1.00 71357:1.00 74455:1.00
répandu	72632:1.00 73436:1.00
répar	68277:1.00 70922:5.00 71840:1.00 74167:2.00
répart	67939:1.00 68387:1.00 69181:1.00 69538:1.00 69541:1.00 70164:1.00 70422:1.00 71612:1.00 71615:1.00 72939:1.00 73184:1.00 73875:1.00 74449:1.00 74749:1.00 75063:1.00 75794:1.00
répartit	69816:1.00 70424:1.00 70919:1.00 71618:1.00
répercuss	73184:1.00
répertori	67937:1.00
répet	69540:1.00 71835:1.00 75064:1.00 76508:1.00
répliqu	73683:7.00
répond	67794:1.00 70169:1.00 72117:1.00 72394:1.00 72629:1.00 72932:1.00 72936:1.00 73685:2.00 73687:1.00 73689:1.00 74453:1.00 75069:1.00 75790:1.00 76509:1.00 76513:1.00
répondent	70920:1.00 72399:1.00 74749:1.00 75069:2.00
répondr	67938:1.00 68275:1.00 68279:1.00 68643:3.00 69177:1.00 69535:2.00 69541:2.00 70161:2.00 70751:1.00 70915:1.00 71359:1.00 71615:1.00 71617:1.00 71619:1.00 71621:1.00 71835:1.00 71836:2.00 72637:1.00 72936:1.00 73184:1.00 73188:1.00 73684:1.00 73876:1.00 74450:1.00 74455:1.00 74744:1.00 74748:1.00 75063:1.00 75064:1.00 75069:4.00 75792:1.00 76212:1.00 76213:1.00 76507:1.00 76509:1.00 76512:1.00
répondront	73877:1.00
répondu	70162:1.00 70169:1.00 72629:1.00 73683:1.00
répons	67389:2.00 67937:3.00 67939:2.00 68383:1.00 68638:1.00 68887:1.00 69181:1.00 69184:1.00 69533:2.00 69535:1.00 69816:1.00 71357:1.00 72116:5.00 72935:1.00 72940:1.00 73182:1.00 73188:1.00 73683:1.00 73684:1.00 73689:1.00 74752:1.00 75458:1.00 75790:1.00 76208:1.00 76209:1.00 76212:2.00 76507:1.00
républ	72936:1.00 73684:2.00
réput	67068:2.00 67383:2.00 67795:1.00 67937:1.00 67938:1.00 68276:1.00 68387:1.00 68638:1.00 68881:1.00 70161:2.00 70422:3.00 70743:1.00 70919:1.00 71358:1.00 72932:1.00 73683:1.00 73877:1.00 73878:1.00 74450:1.00 75462:1.00 76211:1.00
répétit	69816:1.00
réseau	67386:6.00 68273:1.00 68276:1.00 68280:1.00 68393:1.00 68638:1.00 68642:1.00 68881:1.00 68884:7.00 68885:1.00 68886:2.00 68887:6.00 69180:1.00 69181:1.00 69535:1.00 69538:1.00 69812:3.00 70162:1.00 70165:1.00 70422:2.00 70423:1.00 70746:1.00 70753:2.00 70916:1.00 71363:1.00 71615:1.00 71838:3.00 72635:1.00 72934:2.00 73185:1.00 73876:2.00 73877:1.00 73878:2.00 74167:1.00 74452:2.00 74750:2.00 75063:1.00 75071:2.00 75461:1.00 75789:1.00 76211:1.00 76510:3.00 76514:1.00
résect	70918:4.00 75065:1.00
résed	76511:1.00
réserv	68385:1.00 71363:1.00 72940:1.00 75457:1.00 76511:1.00
réservoir	68283:1.00 72397:3.00 74167:1.00 75067:1.00
résid	68887:1.00 72118:1.00 72932:1.00
résident	68883:1.00 72932:1.00
résidentiel	69535:1.00
résidu	73189:1.00
résidus	67385:1.00 68387:1.00 71362:1.00
résilient	69816:1.00
résin	68280:2.00 73431:1.00
résist	67794:1.00 68280:1.00 68886:1.00 69541:1.00 69816:1.00 70163:1.00 70167:1.00 70743:1.00 70914:1.00 70922:1.00 72630:1.00 73877:1.00 74745:1.00 74750:3.00 75065:3.00 75458:1.00 75789:1.00 75792:1.00 76209:1.00 76210:1.00
résistent	76210:1.00
résolu	68275:2.00 68391:3.00 68885:1.00 69177:1.00 69537:1.00 69819:1.00 70163:1.00 70423:1.00 70424:1.00 71836:5.00 72635:1.00 72939:1.00 73189:2.00 73434:1.00 74451:7.00 74746:2.00 75789:1.00
réson	70425:1.00 70919:1.00 71837:1.00 73189:1.00
résorb	69184:1.00 71616:3.00
résoudr	68283:1.00 72932:1.00 73182:1.00 73683:1.00 75457:1.00 76213:1.00
résu	73685:1.00 73875:1.00 74454:1.00
résult	69534:1.00 70420:1.00
résultat	67385:2.00 67388:6.00 67391:1.00 67555:3.00 67556:2.00 67558:1.00 67801:2.00 67802:1.00 67937:3.00 67942:3.00 68280:1.00 68387:4.00 68388:1.00 68389:1.00 68390:2.00 68885:1.00 68886:1.00 68887:1.00 69183:1.00 69184:3.00 69533:3.00 69535:1.00 69539:1.00 69540:2.00 69811:1.00 69816:3.00 69819:1.00 70167:1.00 70421:1.00 70428:1.00 70429:1.00 70746:1.00 70749:5.00 70751:1.00 70915:2.00 70917:1.00 70918:1.00 70919:1.00 70920:1.00 71357:1.00 71614:1.00 71617:1.00 71621:1.00 71837:1.00 71843:1.00 72114:1.00 72117:2.00 72392:1.00 72397:2.00 72629:1.00 72630:2.00 72631:2.00 72632:2.00 72633:1.00 72634:1.00 72635:1.00 72934:1.00 72939:1.00 73184:4.00 73188:1.00 73189:1.00 73431:2.00 73436:1.00 73684:1.00 73685:1.00 73688:1.00 74167:1.00 74168:1.00 74169:1.00 74173:1.00 74449:6.00 74450:1.00 74454:1.00 74748:1.00 74750:2.00 74752:1.00 75063:1.00 75065:1.00 75458:1.00 75459:1.00 75460:1.00 75463:1.00 75788:1.00 75794:3.00 76206:1.00 76208:1.00 76209:2.00 76210:2.00 76508:3.00 76511:1.00 76512:2.00
résultent	73876:1.00
résum	67068:1.00 67383:1.00 67937:1.00 67938:1.00 68274:1.00 68383:1.00 68387:1.00 68643:1.00 68881:1.00 69177:1.00 69179:1.00 69533:1.00 69817:1.00 69821:1.00 70166:1.00 70420:2.00 70749:1.00 70914:1.00 70916:1.00 70921:1.00 71358:1.00 71359:1.00 71612:1.00 71835:1.00 72113:2.00 72115:1.00 72629:1.00 72631:1.00 72932:1.00 72933:2.00 73184:1.00 73431:1.00 73684:1.00 73875:1.00 73876:1.00 73877:1.00 74167:3.00 74168:1.00 74169:2.00 74172:1.00 74450:1.00 74455:1.00 74457:1.00 74745:2.00 74749:1.00 74752:1.00 75064:1.00 75065:1.00 75066:1.00 75069:1.00 75457:1.00 75458:3.00 75788:1.00 75790:1.00 76206:1.00 76209:1.00 76509:1.00 76511:1.00
rétin	73184:2.00
rétinien	73184:1.00
rétinopath	76511:1.00
rétorqu	76509:1.00 76511:1.00
rétract	68274:1.00
rétrocontrôl	72116:1.00
rétrospect	67794:1.00 67937:1.00 68645:1.00 69533:1.00
réun	67071:1.00 67555:1.00 67804:1.00 67937:1.00 68279:1.00 68884:1.00 69542:1.00 69815:1.00 69820:1.00 71363:1.00 72120:1.00 72393:2.00 74174:1.00 75068:1.00 75069:1.00 75462:1.00 75792:1.00 75794:1.00 75796:1.00 76513:1.00
réunion	67555:1.00 73684:1.00 75069:1.00
réuss	67389:1.00 67794:1.00 67937:1.00 68283:1.00 68383:1.00 68639:1.00 68882:1.00 69177:1.00 69178:2.00 69179:3.00 69535:1.00 69819:1.00 70166:1.00 70167:1.00 70915:1.00 71359:1.00 71612:1.00 71621:1.00 71836:3.00 71842:1.00 72119:1.00 72396:1.00 72397:2.00 72398:1.00 72634:2.00 72932:1.00 72933:2.00 73185:1.00 73432:1.00 73434:1.00 73683:1.00 73684:3.00 73880:1.00 74168:1.00 74450:1.00 74745:2.00 75065:2.00 75069:1.00 75794:1.00 76507:1.00 76511:1.00
réussit	67068:2.00 68275:1.00 69177:1.00 72392:1.00 72396:1.00 72937:2.00 73434:2.00 74167:1.00 74744:1.00 75457:1.00
réutilis	67385:1.00 72399:4.00
rével	68281:1.00 70167:1.00 70749:1.00 73189:1.00 74457:1.00 74748:1.00
réversibl	67558:1.00 68280:1.00
révolu	68276:1.00 72401:1.00 73434:1.00 73876:2.00 73877:2.00 74744:5.00 76213:6.00
révolution	67937:1.00 68391:1.00 73875:1.00 74752:1.00
révolutionnair	68273:1.00 71614:1.00
révèlent	68389:1.00 69819:1.00
rééduc	67940:4.00
réémettr	67068:1.00 69539:1.00
rêv	72396:1.00 72629:1.00 73185:1.00 73683:2.00
rêvon	72933:1.00
rôd	75457:1.00
rôl	67556:2.00 67800:1.00 67803:1.00 67937:1.00 67946:1.00 68274:1.00 68387:1.00 68388:2.00 68881:1.00 68882:1.00 68886:1.00 69181:1.00 69184:2.00 69540:1.00 69815:2.00 70161:4.00 70749:2.00 70914:2.00 70921:1.00 72116:3.00 72119:1.00 72631:2.00 72634:1.00 72932:1.00 73184:1.00 73185:1.00 73434:1.00 73683:1.00 73685:1.00 73691:1.00 73878:1.00 74744:1.00 74746:1.00 75070:1.00 75459:4.00 76206:1.00 76209:1.00 76511:1.00
s	67390:1.00 67557:1.00 67801:4.00 67804:1.00 68886:2.00 69534:1.00 69537:1.00 70161:2.00 72115:1.00
sabati	69180:1.00 69819:1.00 71612:1.00 72634:4.00
sabl	69819:2.00 71621:2.00 73684:1.00
saccad	68646:2.00 70744:1.00
sach	68389:1.00 70162:1.00 70746:1.00 73683:1.00 73879:1.00 74167:1.00 74744:1.00 75457:1.00 76508:1.00
sachet	75462:1.00
saclay	67390:1.00 67795:1.00 68638:1.00 68886:1.00 69186:1.00 69819:1.00 70915:1.00 72115:2.00 76207:1.00
sacrifi	72932:1.00
sad	75458:1.00
sadron	70167:1.00
saf	67804:1.00
safir	70916:1.00
safran	70168:1.00 71615:2.00 71839:1.00 72633:1.00 73687:1.00 74745:8.00 74751:2.00
sagem	67945:1.00 71839:2.00 72633:1.00
sahar	69821:1.00 75458:1.00
sahélosaharien	75458:1.00
said	70923:1.00
sailing	74170:1.00
sain	67798:1.00 69534:1.00 69812:1.00 70164:1.00 70918:1.00 71359:1.00 72394:1.00 73189:1.00 75793:1.00
saint	67068:1.00 68279:1.00 68390:1.00 68886:2.00 69533:1.00 69819:1.00 70161:2.00 70169:1.00 70425:1.00 70917:1.00 71360:1.00 71616:1.00 72636:1.00 75458:1.00 75460:3.00 76210:1.00 76507:1.00 76508:1.00
sais	70162:2.00 72392:1.00 76209:1.00 76507:1.00 76511:1.00
saison	69537:1.00 75458:3.00
saisonni	69811:1.00
sait	67383:1.00 69812:1.00 69816:1.00 69821:1.00 70421:1.00 70915:1.00 71614:1.00 71840:1.00 72115:1.00 72393:1.00 72634:1.00 73684:1.00 73877:1.00 76206:1.00 76507:1.00 76509:1.00
sal	72397:1.00 72631:2.00
salair	68643:1.00
salaison	72634:4.00
salari	67553:1.00 68643:1.00 69535:1.00 70161:1.00 70748:1.00 73879:1.00 75066:1.00
salem	72932:1.00
salin	68883:1.00 70916:2.00 72397:2.00 73434:1.00 73688:1.00 73880:2.00 74170:1.00
salivair	75067:1.00
sall	68281:6.00 68881:1.00 69534:3.00 69535:2.00 69814:1.00 70162:1.00 70163:1.00 70746:1.00 71842:4.00 72392:1.00 73876:3.00 74168:1.00 75064:6.00 75790:2.00
salmonel	69183:1.00
salon	67553:2.00 67941:1.00 68274:1.00 69543:1.00 69817:2.00 70165:1.00 70169:2.00 70420:6.00 71358:2.00 72120:1.00 72939:7.00 73431:1.00 73683:1.00 73687:1.00 74452:1.00 74746:1.00 74747:3.00 74748:1.00
salpêtri	68384:1.00
salsif	67555:3.00
salu	69541:1.00 76207:1.00
salzbourg	69811:1.00
samed	69177:1.00 72933:1.00
san	67386:4.00 67553:2.00 67794:2.00 67798:1.00 67802:2.00 67937:1.00 67941:1.00 68273:1.00 68280:1.00 68383:1.00 68389:1.00 68390:2.00 68391:2.00 68643:1.00 68882:1.00 68884:1.00 69186:1.00 69535:2.00 69813:1.00 69816:1.00 69818:1.00 69821:1.00 70161:1.00 70165:2.00 70166:2.00 70421:2.00 70422:2.00 70429:1.00 70749:2.00 70916:1.00 70922:1.00 71357:1.00 71359:3.00 71621:2.00 71835:2.00 71837:1.00 71842:3.00 72115:3.00 72393:1.00 72394:3.00 72629:1.00 72631:1.00 72634:1.00 72932:4.00 72933:2.00 72934:1.00 72938:1.00 73182:2.00 73185:1.00 73430:1.00 73431:2.00 73683:1.00 73875:2.00 73876:1.00 73877:1.00 74167:1.00 74450:1.00 74451:1.00 74455:3.00 74749:1.00 74750:2.00 74752:3.00 75066:3.00 75067:1.00 75457:1.00 75458:1.00 75459:1.00 75462:1.00 75463:1.00 75789:2.00 75791:4.00 75793:1.00 75794:1.00 76206:1.00 76207:1.00 76208:1.00 76209:1.00 76213:2.00 76511:1.00
sandr	70749:1.00
sandralis	76512:1.00
sandy	72636:3.00
sang	67801:2.00 70919:1.00 74167:1.00 74455:1.00 75459:1.00 76208:1.00
sanguin	67801:5.00 68387:1.00 72117:1.00 73189:1.00
sanitair	68279:1.00 68645:2.00 68885:2.00 69818:1.00 70162:1.00 73877:1.00 74169:1.00 74457:1.00 75458:1.00 76514:1.00
sanof	69813:7.00 73182:1.00
sant	67798:4.00 67801:1.00 67940:2.00 68274:1.00 68384:2.00 68387:3.00 68645:2.00 68882:1.00 69183:1.00 69534:2.00 69535:1.00 69813:3.00 69815:2.00 70162:1.00 70422:2.00 70429:1.00 70745:3.00 70746:1.00 71366:1.00 71612:3.00 71618:1.00 71841:1.00 72116:6.00 72118:1.00 72393:1.00 72396:2.00 72401:1.00 72935:1.00 73184:1.00 73188:1.00 73190:1.00 73432:1.00 73689:2.00 73691:1.00 73878:1.00 74455:1.00 74746:3.00 74748:1.00 74749:2.00 74752:1.00 75067:2.00 75071:2.00 75458:3.00 75459:3.00 75461:2.00 75462:1.00 75465:3.00 75466:1.00 75796:1.00 75797:4.00 76209:3.00 76507:5.00 76509:1.00 76511:2.00
sao	71362:1.00
sap	70163:1.00
sapeur	70162:2.00
saph	67939:2.00
saragoss	73875:1.00
saral	69177:1.00 73434:1.00
sarcob	67799:3.00 71360:1.00
sarcopen	67799:4.00 71360:2.00
sarix	67796:2.00
sarkozy	72629:1.00
sarment	73684:2.00 73877:1.00
sarnak	72932:1.00
sas	74169:1.00
satellit	67939:8.00 67942:2.00 68275:1.00 68644:2.00 69177:17.00 69179:2.00 69537:5.00 69811:7.00 69813:1.00 70163:2.00 70170:3.00 71836:8.00 71839:1.00 73434:4.00 73880:1.00 75789:6.00
satellitair	68275:5.00 69813:1.00 73434:1.00 76208:1.00
satiet	67555:1.00
satisf	68883:1.00 70166:1.00 72117:1.00 73184:1.00 73683:1.00
satisfact	67795:1.00 69183:1.00 74171:1.00 74172:1.00 74751:1.00 75066:1.00 75458:1.00 76511:1.00
satisfair	67794:1.00 69535:1.00 71617:1.00 72114:1.00 76511:1.00
satisfais	70421:1.00 73184:1.00 73187:1.00 74449:1.00 74453:1.00
satisfait	67795:1.00 68643:1.00 69177:1.00 70749:1.00 71836:1.00 73685:1.00 75457:1.00
satt	72117:1.00 73431:1.00 75067:1.00
sauc	69534:1.00
sauf	74752:1.00 75789:1.00
saumur	68273:1.00
saur	71359:1.00 73687:1.00
saut	71357:1.00 72629:1.00 73685:1.00
sautelet	67940:1.00
sauv	68274:3.00 73877:1.00
sauvegard	70917:1.00
sauveteur	67941:1.00
sauvignon	76206:1.00
sav	71835:1.00 75063:1.00 75459:1.00 76512:1.00
savent	70161:1.00 70914:1.00 73875:1.00 74168:1.00
savety	67557:1.00
saveur	70428:1.00 71614:1.00 72394:1.00 72631:4.00 72634:1.00 75790:2.00
savion	73432:1.00 73684:1.00
savoi	67387:1.00 68885:1.00 73689:2.00 73881:1.00 76212:1.00
savoir	67386:1.00 67553:3.00 67795:1.00 67946:1.00 68279:1.00 68638:1.00 69533:1.00 69538:1.00 69813:2.00 69815:1.00 69821:2.00 70161:2.00 70163:2.00 70168:1.00 70421:1.00 70746:1.00 70748:1.00 71358:1.00 71359:3.00 71362:5.00 72113:1.00 72114:2.00 72392:1.00 72393:1.00 72394:1.00 72634:1.00 72932:1.00 72935:1.00 73184:1.00 73190:1.00 73683:2.00 73684:3.00 73689:1.00 73875:1.00 73881:2.00 73884:1.00 74173:1.00 74450:2.00 74455:2.00 74457:1.00 74745:3.00 74749:3.00 74751:1.00 75462:2.00 75792:3.00 75793:1.00 76207:1.00 76213:1.00 76507:2.00 76508:2.00
savon	67798:1.00 70161:1.00 75459:1.00 75794:2.00 76511:1.00
saxon	72629:2.00
sayet	71358:1.00
saôn	68273:1.00 68279:3.00 75459:1.00
sbr	70916:1.00
sc	74452:1.00
sca	74169:1.00
scal	68281:1.00 68881:1.00
scalpel	74750:1.00
scandium	75792:1.00
scann	67801:6.00 73431:5.00
scanner	71614:1.00
scar	68643:1.00
scarab	67939:2.00 73684:1.00
scen	67794:1.00 70421:1.00 73683:1.00 75792:1.00
sceptic	72933:1.00
sceptiqu	76213:1.00
scharfmann	67802:1.00
schem	68889:1.00 70161:2.00 72397:1.00 72940:1.00 73182:1.00 75065:1.00 76213:1.00
schist	73182:1.00 76514:1.00
schneid	67796:1.00 73185:1.00
schnel	70425:2.00
scholarship	68888:1.00
school	68641:2.00 73876:4.00 76513:1.00
schull	70426:1.00 75070:1.00
schwartz	70749:1.00
schémat	70747:1.00 72635:1.00
sciatiqu	71843:1.00
scid	67802:1.00
scienc	67071:4.00 67388:1.00 67555:1.00 67556:2.00 67557:1.00 67794:1.00 67795:1.00 67799:1.00 67937:14.00 68276:3.00 68280:1.00 68283:1.00 68386:6.00 68388:1.00 68390:1.00 68391:1.00 68638:3.00 68645:1.00 68882:1.00 68886:1.00 68889:1.00 69177:1.00 69179:1.00 69180:2.00 69184:1.00 69533:1.00 69534:1.00 69536:1.00 69813:1.00 69815:1.00 69819:1.00 70161:1.00 70422:1.00 70428:1.00 70749:1.00 70914:1.00 71358:1.00 71359:2.00 71612:8.00 71614:2.00 71616:1.00 71620:4.00 71835:1.00 71838:1.00 72113:4.00 72117:4.00 72393:1.00 72394:2.00 72398:2.00 72401:2.00 72630:2.00 72932:2.00 72939:8.00 73182:2.00 73183:1.00 73184:1.00 73189:1.00 73431:4.00 73434:1.00 73436:1.00 73683:1.00 73685:1.00 74169:1.00 74744:1.00 74748:1.00 75063:1.00 75064:1.00 75067:4.00 75458:1.00 75463:1.00 75465:2.00 75790:1.00 75791:1.00 75793:1.00 75795:1.00 76206:3.00 76210:1.00 76509:1.00 76515:3.00
scientif	67068:1.00 67071:2.00 67383:2.00 67387:1.00 67388:1.00 67555:1.00 67557:1.00 67794:2.00 67802:1.00 67803:2.00 67937:3.00 67939:11.00 67942:3.00 67943:1.00 68275:3.00 68277:2.00 68279:1.00 68383:1.00 68384:1.00 68386:1.00 68387:1.00 68638:5.00 68639:2.00 68642:1.00 68643:4.00 68884:2.00 69180:1.00 69184:1.00 69533:2.00 69534:1.00 69536:2.00 69811:5.00 69812:4.00 69813:1.00 69815:2.00 69816:1.00 69817:2.00 69820:1.00 70161:1.00 70420:3.00 70424:1.00 70749:2.00 70914:2.00 70916:1.00 70917:1.00 70919:1.00 71358:2.00 71359:1.00 71361:2.00 71363:1.00 71612:1.00 71614:1.00 71616:1.00 71620:1.00 71837:1.00 71839:1.00 72113:3.00 72114:1.00 72115:1.00 72121:1.00 72393:3.00 72394:2.00 72396:1.00 72398:4.00 72633:1.00 72634:1.00 72932:3.00 72934:1.00 72936:1.00 72939:1.00 72940:1.00 73183:3.00 73186:1.00 73430:1.00 73434:2.00 73683:2.00 73685:1.00 73689:1.00 73690:1.00 73877:2.00 73880:2.00 73883:1.00 74168:3.00 74170:1.00 74449:1.00 74450:1.00 74453:1.00 74457:1.00 75063:2.00 75457:1.00 75459:6.00 75460:1.00 75462:1.00 75464:1.00 75789:1.00 75790:1.00 75793:1.00 76206:1.00 76213:1.00 76511:1.00 76512:1.00 76515:3.00
sck	69178:3.00
scléros	70744:1.00 74171:1.00
scolair	68881:1.00 71835:1.00 72932:1.00 73876:1.00
scolar	70923:1.00
scorpion	72115:2.00 73878:1.00
screening	68643:2.00 72118:4.00
scrupul	70165:1.00 70915:1.00 73684:1.00
sculptur	73875:1.00
scénarii	69816:1.00 70751:1.00 72392:2.00
scénario	67794:1.00 69533:3.00 69535:8.00 70162:2.00 70916:1.00 71357:12.00
scénarios	67554:1.00 67794:1.00 69182:1.00 69533:6.00 69535:4.00 70916:2.00 71357:7.00 75463:2.00
sd	76513:1.00
sdsc	72637:1.00
se	70164:4.00
seb	67798:1.00 69537:1.00 71359:11.00 72394:1.00 73879:1.00 75069:4.00 75793:1.00 76509:1.00
sec	68385:1.00 69182:1.00
sech	69537:1.00 75458:2.00
second	67068:1.00 67383:1.00 67385:3.00 67555:1.00 67794:1.00 67802:1.00 67939:1.00 67942:1.00 68273:2.00 68388:1.00 68389:1.00 68638:2.00 68639:1.00 68646:1.00 68882:1.00 68887:1.00 69177:1.00 69179:1.00 69533:2.00 69535:1.00 69540:2.00 69817:2.00 69819:1.00 70161:1.00 70167:1.00 70169:2.00 70420:1.00 70421:1.00 70424:2.00 70745:1.00 70749:2.00 70751:1.00 70914:1.00 70916:2.00 70920:1.00 70921:1.00 71357:1.00 71360:2.00 71361:2.00 71616:1.00 71617:1.00 71842:1.00 72118:1.00 72122:1.00 72393:1.00 72397:1.00 72629:1.00 72934:3.00 72935:1.00 73685:1.00 73686:2.00 73879:1.00 73882:1.00 74168:3.00 74169:1.00 74173:2.00 74454:1.00 74748:1.00 74750:1.00 74752:1.00 75064:1.00 75067:1.00 75789:1.00 75790:2.00 75793:1.00 75794:2.00 76208:1.00 76209:2.00 76507:1.00 76508:1.00 76514:1.00 76516:2.00
secondair	68387:1.00 68642:1.00 75065:1.00
secour	70162:1.00 75789:1.00
secret	67802:1.00 75459:2.00
secrétair	67937:1.00 74453:1.00
secrétariat	72113:1.00
secteur	67068:1.00 67383:1.00 67386:2.00 67553:3.00 67558:1.00 67798:1.00 67803:1.00 68273:2.00 68274:1.00 68279:1.00 68280:1.00 68383:1.00 68392:1.00 68642:1.00 68643:3.00 68885:5.00 68889:1.00 69177:1.00 69541:1.00 69815:1.00 70161:3.00 70163:1.00 70165:1.00 70166:6.00 70169:2.00 70421:3.00 70749:1.00 70752:1.00 70753:2.00 70914:1.00 70921:1.00 71359:1.00 71614:1.00 72113:1.00 72114:1.00 72116:2.00 72393:1.00 72394:1.00 72395:1.00 72629:4.00 72634:2.00 72636:1.00 72637:1.00 72934:1.00 72937:1.00 73182:1.00 73185:1.00 73188:1.00 73685:2.00 73687:1.00 73689:1.00 73875:2.00 73877:2.00 73879:3.00 73882:1.00 73884:1.00 74167:1.00 74169:1.00 74172:1.00 74449:1.00 74450:1.00 74455:5.00 74456:1.00 74744:2.00 74746:1.00 74747:3.00 74748:1.00 74749:1.00 74750:1.00 75063:2.00 75065:1.00 75067:1.00 75458:1.00 75461:1.00 75462:1.00 75793:2.00 75794:1.00 75795:3.00 75796:1.00 75797:1.00 76206:1.00 76207:1.00 76208:1.00 76213:1.00 76507:1.00 76508:1.00 76510:1.00
section	70918:1.00 72932:2.00
security	69811:1.00 70162:1.00
sed	70745:1.00
see	73875:1.00
segalen	67801:1.00 75067:1.00
segard	67940:1.00
segment	67939:1.00 69177:1.00 72632:1.00
sein	68277:2.00 68279:1.00 68646:1.00 69535:1.00 70744:1.00 71360:1.00 74171:1.00 74172:5.00 74746:2.00 76508:1.00
sel	67555:2.00 67558:2.00 68390:2.00 69534:5.00 73432:5.00 75790:2.00
selenid	72114:2.00
selon	67383:1.00 67388:1.00 67556:1.00 67558:1.00 67794:2.00 67939:1.00 68279:1.00 68389:1.00 68638:1.00 68883:1.00 69184:1.00 69533:2.00 69535:1.00 69812:1.00 70162:1.00 70916:1.00 71835:1.00 71841:1.00 72119:1.00 72629:1.00 72631:1.00 72935:1.00 73185:1.00 73434:1.00 73436:1.00 73684:1.00 73688:1.00 73878:1.00 74167:1.00 74171:1.00 74744:1.00 74746:1.00 74749:1.00 75064:1.00 75067:1.00 75463:1.00 75794:1.00 76510:1.00 76511:1.00
selongey	71359:1.00
sem	68279:2.00 69814:4.00 72396:1.00 72397:2.00 72632:1.00 72635:1.00 74451:1.00
semain	67801:1.00 68387:1.00 68883:1.00 69183:1.00 69185:1.00 70169:1.00 70916:1.00 72394:1.00 72396:1.00 72629:1.00 72932:2.00 72933:2.00 75460:1.00 76515:4.00
sembl	67388:1.00 67555:1.00 68383:1.00 68389:1.00 68638:1.00 68881:1.00 69814:1.00 69816:2.00 69821:1.00 70161:2.00 70421:1.00 70424:1.00 70744:1.00 70745:1.00 72631:1.00 72635:1.00 72932:2.00 73182:1.00 73430:2.00 73685:1.00 73876:1.00 75069:1.00 75070:1.00 75792:1.00 75793:1.00
semblabl	68644:1.00 69537:1.00
semblent	68387:1.00 72116:1.00 76209:1.00
semenci	70420:1.00
semrev	70743:1.00
sen	67383:1.00 68889:1.00 70914:2.00 72119:5.00 73430:2.00 73684:1.00 73685:1.00 73875:1.00 75457:1.00 75790:1.00 76206:1.00
senegal	75458:1.00
senior	72394:1.00 72396:1.00 74449:5.00 74746:2.00 75063:2.00 75069:4.00 76507:2.00 76514:1.00
senobl	67798:1.00 75793:2.00
sens	75063:1.00
sensat	72631:2.00 74752:1.00 75791:1.00
senseur	72631:2.00
sensibil	67796:1.00 70425:1.00 75791:1.00 75793:1.00
sensibilis	67803:1.00 70164:1.00 71845:1.00 73183:1.00
sensibl	67389:1.00 67553:1.00 68387:1.00 69179:1.00 69812:1.00 70163:1.00 70425:1.00 72938:1.00 73183:1.00 74167:1.00 74171:1.00 75067:1.00 76208:2.00
sensill	70425:1.00
sensing	73879:2.00
sensofat	72631:2.00
sensoriel	67388:1.00 67555:1.00 68885:2.00 69534:4.00 70421:1.00 70425:1.00 70428:1.00 70749:1.00 72631:1.00 73685:11.00 73877:1.00 74449:1.00 75069:1.00 75790:3.00 75793:1.00 76206:4.00 76512:1.00
sensostat	73685:8.00
sent	68883:1.00 70161:1.00 72932:1.00
sentinel	69811:4.00 70745:1.00 71621:3.00
sention	73685:1.00
sept	69179:2.00 69537:2.00 75064:1.00
septembr	67386:1.00 67392:1.00 67561:1.00 67795:1.00 67937:1.00 68274:1.00 68883:1.00 70752:2.00 70916:5.00 70917:2.00 70922:1.00 71358:1.00 71362:2.00 71615:1.00 71617:1.00 73438:1.00 73683:1.00 73687:1.00 73879:1.00 73880:1.00 73881:1.00 73884:1.00 74170:2.00 74172:1.00 74745:1.00 75457:5.00 76513:1.00 76514:1.00 76515:5.00 76516:1.00
septentrional	73877:1.00
ser	67389:1.00 67554:1.00 67555:2.00 67558:1.00 67794:2.00 67798:1.00 67801:1.00 67804:1.00 67937:1.00 67938:2.00 67941:1.00 67944:1.00 67946:2.00 68389:1.00 68391:1.00 68640:1.00 68642:1.00 68645:2.00 69177:2.00 69180:1.00 69181:1.00 69533:1.00 69536:1.00 69538:2.00 69542:2.00 69811:3.00 69817:3.00 70163:1.00 70164:2.00 70420:2.00 70421:3.00 70426:1.00 70428:1.00 70749:1.00 70751:3.00 70916:4.00 70921:3.00 71357:2.00 71359:2.00 71362:2.00 71363:1.00 71614:2.00 71837:2.00 71840:1.00 71845:1.00 72114:1.00 72115:2.00 72121:1.00 72122:1.00 72393:3.00 72397:2.00 72399:1.00 72400:1.00 72634:1.00 72637:1.00 72932:1.00 72933:1.00 72934:2.00 72936:1.00 72937:1.00 73182:1.00 73183:2.00 73185:1.00 73186:2.00 73190:1.00 73432:1.00 73434:1.00 73683:4.00 73684:2.00 73880:2.00 73881:1.00 73882:1.00 73883:1.00 74168:1.00 74176:1.00 74449:1.00 74452:1.00 74455:1.00 74456:1.00 74748:1.00 74752:2.00 75064:1.00 75069:2.00 75457:3.00 75458:1.00 75461:1.00 75462:1.00 75463:1.00 75465:1.00 75789:1.00 75792:3.00 75793:2.00 76209:4.00 76211:1.00 76213:1.00 76508:1.00 76513:1.00 76514:3.00 76515:1.00
serein	73430:1.00 75063:1.00 75792:1.00
serenad	72121:1.00
serg	74171:1.00 74453:1.00
sergey	76207:1.00
serion	70915:1.00
seron	67798:1.00
serono	71360:1.00
seront	67392:2.00 67803:1.00 67940:1.00 67945:1.00 68393:2.00 69177:2.00 69534:3.00 69542:1.00 70168:2.00 70170:2.00 70420:2.00 70424:2.00 70749:2.00 70751:3.00 70916:2.00 70923:1.00 71359:2.00 71616:1.00 71617:1.00 71837:1.00 71842:1.00 72119:1.00 72120:1.00 72122:1.00 72393:2.00 72395:1.00 72933:1.00 72937:1.00 72938:1.00 72939:1.00 73182:1.00 73190:2.00 73430:1.00 73683:1.00 73877:1.00 73882:1.00 74167:1.00 74176:1.00 74746:1.00 75068:1.00 75457:1.00 75458:2.00 75797:1.00 76209:2.00 76508:1.00 76514:2.00 76516:1.00
serpent	72115:3.00 73878:1.00
serr	68278:1.00 69533:6.00 69811:2.00 69817:1.00 70165:1.00 70420:2.00 71836:1.00 71838:6.00 71842:1.00 72114:1.00 75463:1.00
serrag	73683:1.00
sert	67383:1.00 68646:1.00 73880:1.00
serv	67555:1.00 68638:1.00 68644:1.00 68645:1.00 69811:1.00 70162:1.00 70425:1.00 70744:1.00 72115:1.00 72119:1.00 72394:1.00 73431:1.00 74170:1.00 74450:1.00
servadou	76512:1.00
servent	69183:1.00 70421:1.00 71359:1.00 72115:2.00
servic	67387:2.00 67392:1.00 67555:1.00 67801:2.00 67939:2.00 68279:1.00 68383:1.00 68639:1.00 68885:1.00 68889:1.00 69535:2.00 69811:4.00 69813:1.00 70161:2.00 70162:3.00 70163:1.00 70169:1.00 70170:2.00 70421:2.00 70746:1.00 71357:1.00 71359:5.00 71836:2.00 72118:2.00 72122:4.00 72392:2.00 72397:1.00 72937:1.00 73185:1.00 73190:1.00 73430:1.00 73434:1.00 73879:1.00 74167:1.00 74174:3.00 74450:1.00 74454:1.00 74456:3.00 74745:1.00 74746:2.00 74748:1.00 75069:2.00 75461:1.00 75466:1.00 75789:2.00 75792:2.00 75796:2.00 76507:1.00 76508:3.00 76510:1.00
serviz	69534:1.00
sessil	69816:1.00
session	70744:1.00 71620:1.00 72120:1.00 73438:1.00 73691:1.00 73883:1.00 75465:1.00 75796:2.00
seuil	67386:1.00 70425:1.00
seul	67071:1.00 67383:1.00 67388:1.00 67389:1.00 67390:1.00 67553:2.00 67557:1.00 67794:1.00 67798:1.00 67801:2.00 67804:1.00 67937:1.00 67939:1.00 67940:1.00 67944:2.00 68273:1.00 68275:1.00 68279:2.00 68384:1.00 68638:1.00 68643:1.00 68646:1.00 68883:1.00 68884:1.00 68885:1.00 68887:1.00 69177:2.00 69178:1.00 69183:1.00 69535:1.00 69540:1.00 69541:1.00 69813:1.00 69817:1.00 69818:2.00 69821:1.00 70161:2.00 70166:1.00 70420:1.00 70421:2.00 70422:1.00 70423:1.00 70744:1.00 70747:1.00 70748:1.00 70914:2.00 70916:3.00 70917:2.00 70918:1.00 70922:3.00 71357:2.00 71612:1.00 71617:1.00 71837:1.00 71840:3.00 71842:1.00 72113:3.00 72115:2.00 72116:1.00 72392:1.00 72394:2.00 72399:1.00 72629:1.00 72932:2.00 73182:1.00 73434:2.00 73436:1.00 73684:2.00 73876:1.00 73878:1.00 73881:1.00 74167:3.00 74168:3.00 74169:2.00 74171:1.00 74173:1.00 74451:1.00 74455:1.00 74745:2.00 74748:1.00 74749:1.00 75065:1.00 75069:2.00 75070:3.00 75793:1.00 75794:1.00 76210:1.00 76211:1.00 76213:4.00 76508:1.00 76512:1.00
seurin	70917:1.00
seventur	69815:2.00 71360:1.00
sevrag	67388:1.00 68887:1.00
sexuel	72632:1.00
sgu	68642:1.00
sh	72939:5.00 73431:1.00 73683:1.00 74748:1.00
sham	71616:1.00
shampoing	67558:1.00
shangh	68278:1.00 76508:1.00
shanghaï	73430:1.00
shast	70422:1.00
shaw	67937:1.00
shna	69815:2.00
shom	73434:1.00
show	70170:4.00 73438:3.00 75797:1.00
sicard	75069:1.00
sicoval	70170:1.00
sidérurg	72113:1.00
siecl	68276:2.00 68383:1.00 69533:2.00 69821:1.00 70161:2.00 70163:1.00 71359:1.00 71835:1.00 72932:1.00 72939:1.00 73683:2.00 73688:1.00 73875:2.00 74168:1.00 74752:1.00 75795:1.00
sieg	67942:1.00 70421:2.00 71842:1.00 72116:1.00 75063:1.00 75461:1.00
sien	72396:1.00
sig	68889:4.00 70162:1.00
sigl	72396:1.00
sign	67795:2.00 67796:1.00 67939:2.00 68276:1.00 68384:1.00 68638:3.00 69180:1.00 69536:2.00 69541:1.00 70161:1.00 70748:1.00 71838:1.00 71839:1.00 72114:1.00 72392:2.00 72393:1.00 72396:4.00 72629:2.00 72936:1.00 73687:1.00 73875:1.00 73876:1.00 73878:1.00 74168:1.00 74172:1.00 74746:1.00 76511:2.00
signal	67555:1.00 67945:1.00 68279:1.00 69539:2.00 70747:1.00 70749:2.00 71837:1.00 72114:1.00 72116:1.00 73186:1.00 73879:4.00 74453:1.00
signalis	67802:1.00 72116:2.00 73184:1.00
signatur	67553:1.00 67556:3.00 68643:2.00 70919:1.00 72396:1.00
signent	72392:1.00
signif	67387:1.00 67388:4.00 67555:1.00 67556:1.00 67795:2.00 67801:1.00 68278:1.00 68387:3.00 68642:1.00 69178:1.00 69181:1.00 69814:1.00 72113:1.00 72115:1.00 72933:1.00 73685:1.00 74171:1.00 74455:1.00 75065:1.00 75457:1.00 75790:1.00 75794:1.00 76206:1.00 76209:1.00 76213:1.00 76507:1.00 76510:1.00
signifi	67939:1.00
signific	67554:1.00 67798:1.00 73688:1.00
silenci	67389:5.00 71617:1.00
silic	67390:1.00 69540:1.00 69819:1.00 74750:3.00
silici	70423:2.00
silicium	67554:2.00 69814:2.00 70425:1.00 70919:1.00 72114:1.00 73436:1.00
silico	67385:1.00
silicon	67554:1.00 74455:1.00
sillag	70745:1.00
sillon	70746:1.00
silv	74171:1.00 74449:1.00 74746:11.00 75063:1.00 75466:3.00
silvereco	74746:1.00
silxw	67802:1.00
simil	76213:1.00
similair	68389:1.00 68887:1.00 70421:1.00 71843:1.00 74750:1.00
similar	69535:1.00
simon	70916:1.00
simpl	67386:1.00 67555:2.00 67558:2.00 67794:1.00 67801:1.00 67937:1.00 67938:2.00 68273:1.00 68390:1.00 68882:1.00 69817:1.00 69821:1.00 70161:2.00 70425:1.00 71357:1.00 71612:1.00 71618:1.00 72392:1.00 72635:1.00 73183:1.00 73436:4.00 73876:1.00 73879:1.00 74167:1.00 74171:1.00 74750:1.00 74752:2.00 75457:1.00 75792:1.00 76213:1.00 76509:1.00
simplif	76208:1.00
simplifi	68279:1.00 75793:1.00
simplified	69537:1.00
simpliqu	74450:1.00 74451:1.00
simul	67385:1.00 67945:1.00 68279:1.00 68639:1.00 69182:1.00 69533:9.00 69540:1.00 69814:1.00 69820:2.00 70162:6.00 70421:5.00 70914:6.00 70916:2.00 71618:1.00 72392:1.00 72937:1.00 72939:1.00 74453:9.00 74744:4.00 74745:5.00 75064:1.00 75463:1.00 75792:1.00 75796:3.00
simulent	70743:1.00
simultan	69182:1.00 69183:1.00 70162:1.00 70426:1.00 70743:1.00
sing	67938:1.00 73684:1.00
singapour	71840:1.00 74167:1.00 74749:1.00
sinon	67794:1.00 68881:1.00 69177:1.00 69817:1.00 70915:1.00 72940:1.00 73182:1.00 73875:1.00
sir	73875:1.00
sirat	74451:2.00
sisin	67945:1.00
sismiqu	67068:1.00 69181:2.00
sismolog	67942:1.00 69181:2.00 69811:1.00
sismometr	69181:1.00
sit	67386:1.00 67795:2.00 67797:1.00 67800:1.00 67802:2.00 67941:1.00 68279:1.00 68384:1.00 68884:1.00 68885:3.00 69178:1.00 69184:3.00 69542:1.00 69813:1.00 69819:1.00 69821:1.00 70162:2.00 70420:1.00 70743:2.00 70914:1.00 70916:1.00 70921:1.00 71358:2.00 71838:2.00 71842:6.00 72392:2.00 74176:1.00 74449:1.00 74450:1.00 74457:1.00 75064:1.00 75068:1.00 75457:1.00 75463:1.00 75788:8.00 75792:2.00 76208:1.00 76210:1.00 76513:1.00
sitac	70162:1.00
sitg	68387:1.00
situ	67943:1.00 69813:1.00 70420:1.00 70424:1.00 71360:1.00 71362:2.00 71842:1.00 72632:1.00 72932:2.00 73183:1.00 73431:1.00 73436:1.00 73683:1.00 73684:1.00 73875:1.00 73876:1.00 73879:1.00 74168:1.00 74172:1.00 74455:1.00 74748:1.00 74749:1.00 74751:1.00 75063:1.00 75068:1.00 75458:1.00 75788:1.00 75789:1.00 75790:1.00 75792:1.00
situat	67553:1.00 68281:1.00 68383:2.00 69535:1.00 70162:3.00 70421:3.00 70916:1.00 70917:1.00 71357:1.00 71359:1.00 71366:1.00 71615:1.00 71835:1.00 71841:1.00 72113:1.00 72394:1.00 72939:1.00 73182:1.00 74167:1.00 74169:1.00 75069:1.00 75457:2.00 75792:1.00
six	69821:2.00 70163:1.00 70422:1.00 71358:1.00 71612:1.00 72629:1.00 72932:1.00 74171:1.00 74450:1.00 74455:1.00
siègent	74746:1.00
ski	71617:2.00
slagmuld	71837:1.00
slicom	73687:1.00
slovaqu	67945:1.00
smart	71617:2.00 72937:1.00
smartox	73878:3.00
smartphon	75792:1.00 76207:1.00 76507:1.00 76508:1.00
smos	73880:4.00
smr	68642:1.00
sncf	74450:1.00 76510:1.00
snecm	67068:1.00 74745:1.00
so	70162:1.00
social	67071:1.00 67557:1.00 67798:1.00 68276:1.00 68283:1.00 68386:2.00 68882:1.00 69533:1.00 69535:2.00 69813:2.00 70161:1.00 70748:1.00 70916:1.00 70920:1.00 71357:3.00 71620:1.00 72393:1.00 72398:1.00 72637:2.00 72939:7.00 73185:3.00 73190:1.00 73431:1.00 73432:1.00 73683:1.00 73882:1.00 74167:2.00 74175:1.00 74746:1.00 74748:1.00 75063:3.00 75461:1.00 75793:1.00 76208:1.00 76213:1.00
societ	68273:2.00 68276:1.00 68279:3.00 69535:2.00 69543:1.00 69816:1.00 70164:1.00 70745:2.00 70748:1.00 70914:1.00 70916:1.00 70918:1.00 71357:1.00 71366:1.00 71620:4.00 71835:1.00 71840:1.00 72113:3.00 72117:1.00 72629:1.00 72939:2.00 72940:1.00 73182:3.00 73183:1.00 73431:1.00 73875:2.00 74175:1.00 74454:1.00 74457:1.00 75066:2.00 75067:1.00 75458:2.00 75461:1.00 75465:1.00 75792:1.00 75793:1.00 76207:1.00 76208:1.00 76211:1.00 76213:2.00
society	69819:1.00 70164:7.00
socio	67795:1.00 69533:4.00 69538:1.00 72939:1.00
sociolog	73876:1.00
sociologu	72113:1.00 76509:1.00
sociétal	68275:1.00 69535:1.00 70161:2.00 70916:1.00 72113:1.00 72939:1.00 74176:1.00 76213:1.00
sodexo	75793:1.00
sodium	69819:1.00 71843:1.00
soeur	71840:1.00
sofimac	71616:1.00
sofiproteol	72637:1.00
sofrad	67796:1.00 71839:5.00
soft	71359:1.00
softwar	71359:3.00
soi	74752:1.00
soient	67553:1.00 67801:1.00 68885:1.00 69534:1.00 70425:1.00 71357:1.00 71359:1.00 71621:1.00 72113:1.00 72116:1.00 72392:1.00 72393:1.00 73684:1.00 74744:1.00 75458:2.00 76511:1.00
soign	73182:1.00 73878:1.00 76507:1.00
soin	67801:1.00 67940:1.00 68645:1.00 71357:2.00 72630:2.00
soir	73875:1.00
soit	67387:1.00 67388:2.00 67389:1.00 67555:3.00 67558:1.00 67795:4.00 67798:1.00 67801:2.00 67937:1.00 67939:1.00 68638:1.00 68640:2.00 68883:2.00 69536:1.00 69543:1.00 69811:1.00 69813:1.00 69817:2.00 69821:1.00 70166:2.00 70420:2.00 70421:1.00 70422:2.00 70424:1.00 70425:2.00 70921:2.00 71358:1.00 71359:2.00 71362:1.00 71621:1.00 71837:2.00 71840:1.00 71842:1.00 72119:1.00 72122:1.00 72395:1.00 72397:2.00 72399:1.00 72629:1.00 72932:1.00 72934:2.00 73189:1.00 73190:1.00 73684:1.00 73686:2.00 73878:3.00 73884:1.00 74450:2.00 74453:1.00 74744:3.00 74749:2.00 74751:1.00 74752:2.00 75066:1.00 75457:1.00 75458:2.00 75789:1.00 75795:1.00 75797:1.00 76208:1.00 76210:1.00 76511:1.00
soix	71359:1.00
soixantain	67945:1.00 68387:1.00 69536:1.00 72395:1.00 72629:1.00 73684:1.00 75459:1.00
sol	67071:1.00 67797:3.00 67939:2.00 68279:4.00 68388:1.00 68643:3.00 68645:2.00 68882:4.00 69177:1.00 69181:1.00 69182:2.00 69537:2.00 69538:1.00 69812:19.00 71617:3.00 71836:1.00 71837:2.00 71840:2.00 72392:1.00 73430:1.00 73434:1.00 73684:5.00 73880:2.00 75066:1.00 75458:1.00 75788:2.00 75789:2.00 75792:1.00 76213:2.00 76510:1.00
solair	67796:1.00 67800:1.00 68884:4.00 69179:1.00 69814:1.00 70167:1.00 70747:1.00 71836:1.00 72114:6.00 72393:1.00 72940:1.00 73185:2.00 73436:3.00 74744:1.00 75789:2.00
solary	75459:1.00
sold	67390:1.00
soldat	67941:1.00 73431:2.00
soleil	67385:1.00 67390:1.00 69186:1.00 72117:1.00 72396:1.00 73684:2.00 74168:2.00
soliag	74746:1.00
solid	67068:1.00 67802:1.00 68280:1.00 68639:2.00 68643:2.00 68644:2.00 69177:1.00 69179:2.00 70166:1.00 70422:1.00 70426:1.00 72113:1.00 72119:1.00 72629:1.00 72634:1.00 72934:1.00 73683:1.00 73687:1.00 74172:1.00 74174:1.00 74454:1.00 75067:1.00 75462:1.00 75464:3.00 75789:1.00
solidag	74746:1.00
solidair	67561:1.00 68393:1.00
solitair	67383:1.00
sollicit	67389:1.00 68639:2.00 68643:1.00 70166:1.00 70422:1.00 70425:1.00 72394:1.00
solliqu	75788:1.00
solteiro	75788:3.00
solubl	73436:1.00
solut	67071:1.00 67383:1.00 67385:1.00 67553:1.00 68273:2.00 68276:1.00 68384:1.00 68390:1.00 68639:1.00 68882:1.00 68884:1.00 69178:2.00 69535:1.00 69816:1.00 69818:1.00 70162:1.00 70166:1.00 70167:1.00 70169:1.00 70170:2.00 70426:1.00 70751:1.00 70920:1.00 71359:4.00 71366:1.00 71612:1.00 71614:1.00 71617:1.00 71621:6.00 71840:1.00 72117:2.00 72118:1.00 72392:1.00 72933:1.00 72934:1.00 72940:1.00 73182:1.00 73185:5.00 73685:1.00 73686:1.00 73876:2.00 73879:2.00 73884:1.00 74167:2.00 74449:1.00 74450:1.00 74454:1.00 74455:2.00 74746:1.00 74749:1.00 74750:7.00 75063:3.00 75066:1.00 75457:1.00 75462:1.00 75465:1.00 75789:4.00 75796:1.00 76208:1.00 76213:1.00 76507:2.00 76508:1.00 76513:1.00
solv	73436:1.00
somatostatin	67390:1.00
sombr	68383:1.00
somm	67553:4.00 67795:1.00 67798:1.00 67799:1.00 67937:2.00 67938:2.00 68273:1.00 68274:2.00 68279:1.00 68643:2.00 68882:1.00 69534:1.00 70161:1.00 70165:1.00 70166:1.00 71357:1.00 71614:1.00 71621:1.00 71842:1.00 72114:1.00 72392:1.00 72634:1.00 73182:1.00 73432:1.00 73683:1.00 73684:1.00 73876:2.00 73877:1.00 74167:2.00 74169:1.00 74450:1.00 74455:1.00 74457:1.00 74744:1.00 74749:1.00 75458:1.00 76213:1.00 76507:2.00 76508:1.00 76509:1.00
sommeil	68277:1.00 69184:1.00
sommet	67939:1.00 68389:1.00 72122:3.00 75458:1.00
son	72116:1.00
sond	67800:6.00 68638:1.00 69818:1.00 70916:2.00 73189:2.00 74170:1.00 75070:1.00 75794:7.00
sondeur	67939:2.00
sonor	72939:1.00 73880:1.00 76508:4.00
sopagly	74169:3.00
soph	70428:1.00 70749:3.00
sophi	67385:1.00 69180:1.00
sophistiqu	69534:1.00 69813:1.00 73431:1.00 73877:1.00 74171:1.00 75065:1.00 76507:1.00
soplagy	74169:1.00
sorafenib	75065:1.00
sorigny	72933:1.00
sorption	72634:1.00
sort	67385:1.00 67391:1.00 67553:2.00 67794:2.00 68638:2.00 68882:2.00 68883:1.00 70161:2.00 70162:1.00 70169:1.00 70420:1.00 70744:1.00 70916:1.00 70921:1.00 70923:1.00 71612:1.00 71614:1.00 71835:1.00 72113:1.00 72114:1.00 72116:1.00 72393:1.00 72631:1.00 72634:1.00 73879:1.00 74449:1.00 74749:1.00 74752:1.00 75458:1.00 76209:2.00 76211:1.00 76509:2.00
sortent	67939:1.00
soubresaut	72629:1.00
souc	74745:1.00 74749:2.00 75458:1.00 76507:1.00
souch	68277:1.00 68643:4.00 72935:5.00 75067:1.00
souchothequ	75067:1.00
soudain	73688:1.00 74172:1.00
soudan	75458:1.00
souffert	69539:1.00
souffl	67937:1.00 68881:1.00 74745:1.00
souffler	70743:1.00
souffr	68646:1.00 70916:1.00 74454:1.00 76507:1.00 76508:1.00 76509:1.00
souffranc	72932:1.00
souffrent	68389:1.00 68645:1.00 71366:1.00 75459:1.00
souh	68274:1.00 68638:1.00 70166:1.00 72636:1.00 73185:1.00 73431:1.00 74455:2.00
souhait	67068:2.00 67553:2.00 67795:1.00 67800:1.00 68273:2.00 68274:1.00 68638:3.00 68642:2.00 68643:1.00 69812:1.00 70421:1.00 70422:2.00 70745:1.00 70749:1.00 70921:1.00 71359:1.00 71612:2.00 71618:1.00 71835:1.00 72392:1.00 72395:1.00 72401:1.00 72629:1.00 72630:2.00 73182:1.00 73185:1.00 73431:1.00 73683:1.00 73684:2.00 73687:1.00 73875:1.00 73876:1.00 73877:1.00 74168:1.00 74455:1.00 74746:1.00 74748:1.00 74749:2.00 74752:1.00 75068:1.00 75461:1.00 75462:1.00 75792:1.00 76206:1.00 76207:1.00
souhaitent	67553:2.00 68643:2.00 69819:1.00 70165:1.00 70425:1.00 70921:1.00 72395:1.00 72635:1.00 72938:1.00 73876:1.00 74174:1.00 74747:1.00 74748:1.00 75457:2.00
souhaiton	67553:1.00 67795:1.00 70161:1.00 70420:1.00 70422:2.00 73685:1.00 75069:1.00 75461:1.00 76207:1.00
soulag	67939:2.00
soulev	71357:1.00 71363:1.00
souligin	74172:1.00
soulign	67068:1.00 67383:1.00 67389:1.00 67937:2.00 67939:2.00 67941:1.00 68279:1.00 68383:1.00 68643:1.00 69177:2.00 69812:2.00 69813:1.00 69816:1.00 69817:1.00 70162:1.00 70421:1.00 70743:1.00 70749:1.00 70914:1.00 70915:2.00 71357:2.00 71621:1.00 71835:1.00 72113:2.00 72398:1.00 72629:1.00 72932:1.00 72933:2.00 73182:1.00 73183:1.00 73185:1.00 73430:3.00 73431:1.00 73432:1.00 73433:1.00 73684:1.00 73685:1.00 73875:2.00 73877:1.00 74169:1.00 74172:1.00 74449:1.00 74450:1.00 74451:1.00 74744:2.00 74745:1.00 74746:2.00 75065:2.00 75066:1.00 75458:2.00 75461:1.00 75789:1.00 75790:1.00 75792:1.00 75793:1.00 76206:1.00 76208:1.00 76209:1.00 76213:1.00 76508:1.00 76511:1.00
soulignon	68645:1.00 69543:1.00 69820:1.00 70169:1.00 73436:1.00 75466:1.00
soum	67387:1.00 67801:1.00 69539:1.00
soumettr	70915:1.00 73182:1.00
soumis	68387:1.00 70743:1.00
soupl	70167:1.00 70423:1.00 70751:1.00 71617:1.00 72114:2.00 75789:1.00
soupless	68273:2.00 69535:1.00 71617:1.00 75792:1.00
soupçon	75459:1.00
sour	67802:2.00 68388:4.00 68887:2.00 69184:2.00 72631:1.00 73184:5.00 73189:1.00 74173:1.00
sourc	67068:1.00 68638:1.00 68644:3.00 68881:1.00 68884:1.00 69178:1.00 69814:1.00 70745:1.00 70747:1.00 71363:3.00 71617:1.00 72115:1.00 72119:1.00 72634:1.00 72934:1.00 73186:1.00 73188:2.00 73876:1.00 74168:1.00 74454:1.00 75070:1.00 75464:1.00 76207:1.00 76209:1.00 76213:2.00 76514:2.00
sous	67388:2.00 67390:1.00 67553:1.00 67554:2.00 67555:2.00 67556:1.00 67558:2.00 67796:1.00 67798:1.00 67802:1.00 67938:1.00 67939:4.00 68273:2.00 68274:3.00 68275:1.00 68277:1.00 68279:1.00 68280:2.00 68383:1.00 68638:1.00 68639:1.00 68643:1.00 68644:1.00 68881:1.00 68883:1.00 68884:4.00 68885:3.00 69178:4.00 69181:2.00 69533:1.00 69539:1.00 69540:1.00 69543:1.00 69815:1.00 69817:1.00 70163:3.00 70165:1.00 70167:1.00 70420:1.00 70425:1.00 70429:1.00 70746:1.00 70916:3.00 70918:1.00 70920:1.00 70921:1.00 71358:2.00 71612:1.00 71619:1.00 71835:1.00 72113:2.00 72114:2.00 72115:1.00 72121:1.00 72392:1.00 72401:1.00 72634:1.00 72635:1.00 72637:1.00 72932:1.00 72935:1.00 72939:1.00 73182:1.00 73190:1.00 73430:1.00 73683:2.00 73684:5.00 73686:2.00 73687:2.00 73688:2.00 73875:1.00 73877:2.00 73884:1.00 74173:1.00 74175:1.00 74176:1.00 74449:1.00 74455:1.00 74456:1.00 74746:2.00 74748:1.00 74752:1.00 75067:3.00 75068:2.00 75457:2.00 75462:1.00 75463:1.00 75465:1.00 75788:3.00 75792:1.00 76207:1.00 76210:4.00 76511:2.00 76512:1.00 76515:1.00
souscrit	71360:1.00
souten	68383:1.00 70914:2.00 70920:1.00 75065:1.00
soutenu	67940:1.00 68275:1.00 68884:1.00 69179:1.00 69536:1.00 70749:3.00 71359:1.00 71363:1.00 71612:1.00 72394:1.00 72637:1.00 74452:1.00 75789:1.00 76508:1.00
soutenus	68881:1.00 69816:1.00 70424:1.00
soutien	67391:1.00 68277:1.00 68280:1.00 68389:1.00 68884:1.00 68888:1.00 69177:1.00 69179:1.00 69181:1.00 69182:1.00 70169:1.00 70422:1.00 71357:1.00 71614:1.00 72114:1.00 73183:1.00 73185:1.00 73186:1.00 73431:1.00 73683:2.00 73690:1.00 73878:1.00 73879:1.00 73884:1.00 74746:1.00 75461:1.00 75463:1.00 75466:1.00 75793:1.00 76516:1.00
soutiendr	71612:1.00
soutiennent	75794:1.00
soutient	67383:1.00 71614:1.00 72398:1.00
souvenir	72932:1.00
souvent	67383:1.00 67386:1.00 67390:1.00 67553:1.00 67558:1.00 67794:1.00 68283:1.00 68643:1.00 68885:1.00 68887:1.00 69181:1.00 69186:1.00 69821:1.00 70161:1.00 70422:2.00 70918:1.00 71363:1.00 71614:1.00 71835:1.00 71837:1.00 72113:1.00 72396:1.00 72401:1.00 72634:1.00 72932:3.00 73182:2.00 73185:1.00 73876:1.00 74167:2.00 74453:1.00 74455:1.00 74457:3.00 74750:1.00 75069:2.00 75461:1.00 75462:1.00 75792:1.00 76508:1.00
souvient	67937:1.00 71835:1.00 73182:1.00 76206:1.00
soviet	74168:1.00
soyon	67553:1.00 67795:1.00
soyouz	69177:3.00 69179:1.00 71836:1.00
spa	69534:1.00
spac	67939:1.00 70163:3.00 70170:6.00 71836:1.00 75789:4.00
spaghet	74173:2.00
spatial	67939:5.00 68275:2.00 68392:3.00 69177:8.00 69179:1.00 69537:2.00 69811:1.00 69812:2.00 69819:1.00 70163:3.00 70170:5.00 70424:4.00 70746:1.00 70914:1.00 71358:4.00 71836:2.00 71839:2.00 72113:1.00 73189:2.00 73434:10.00 73880:2.00 73884:2.00 75066:1.00
spatialis	69537:1.00
spatio	70162:1.00 73186:1.00
spc	70424:1.00
speaker	72120:1.00
specimen	73431:1.00
spectr	70162:3.00 72113:2.00 72629:1.00
spectral	70163:1.00 75067:1.00
spectro	70163:1.00 70424:2.00
spectrometr	70163:1.00
spectroscop	67392:4.00 69186:1.00
speech	73438:1.00
speed	69541:2.00
sphériqu	67558:1.00
spi	73190:1.00
spin	69186:2.00 71359:1.00 71360:1.00 73686:1.00 76510:1.00
spinal	71616:1.00
spintron	69186:1.00
spir	67392:3.00 68883:1.00
spiral	67943:4.00 68387:1.00 73184:1.00 75793:2.00 76511:4.00
spiritu	76516:1.00
spo	74169:1.00
sponsoris	72393:1.00
spontan	67390:1.00 67558:1.00 68644:1.00 70746:1.00 72631:1.00 73432:1.00
sporad	75459:1.00
sporaltec	73689:2.00 76212:1.00
sport	69536:2.00 73689:5.00 74748:5.00 75797:4.00 76212:5.00
sportif	69536:1.00 70744:1.00 72114:1.00 74748:1.00
sportiv	69536:1.00 70165:1.00 73689:1.00 74748:2.00
spot	68275:1.00 69177:1.00 71836:3.00
spunbond	70921:1.00
spé	73430:1.00
spécial	67388:1.00 67557:1.00 67937:1.00 67938:1.00 68276:1.00 68638:1.00 68645:1.00 69185:1.00 69533:3.00 69812:1.00 69813:1.00 69820:1.00 70916:2.00 71358:1.00 71359:2.00 71362:1.00 71841:1.00 72115:1.00 72401:1.00 72630:1.00 72934:1.00 73182:1.00 73437:1.00 73684:1.00 73877:1.00 73879:1.00 73883:1.00 74746:2.00 75065:2.00 75066:1.00 75069:1.00 75458:1.00 75462:1.00 75464:1.00 75793:1.00 75794:2.00 76507:2.00 76511:1.00
spécialis	67385:1.00 67796:1.00 67799:1.00 68276:1.00 68384:1.00 68640:1.00 69535:1.00 69538:1.00 70166:1.00 70923:1.00 71361:1.00 71612:1.00 71616:1.00 71621:1.00 72118:1.00 73184:1.00 73185:1.00 73187:1.00 73437:2.00 73683:1.00 73685:1.00 73687:1.00 74453:1.00 75063:1.00 75064:1.00 75065:1.00 75461:3.00 75464:1.00 75792:1.00 76508:1.00 76515:1.00
spéciat	71843:1.00
spécif	67388:1.00 67390:1.00 67553:1.00 67554:2.00 67555:1.00 67556:2.00 67558:1.00 67798:1.00 67802:2.00 68385:1.00 68387:2.00 68882:1.00 68885:1.00 69183:2.00 69186:1.00 69813:1.00 69816:1.00 70162:1.00 70420:1.00 70424:1.00 70425:1.00 70749:1.00 71359:2.00 71619:1.00 72113:1.00 72116:2.00 72398:1.00 72399:2.00 72630:1.00 72631:2.00 73431:1.00 73432:2.00 73876:2.00 74168:1.00 74171:1.00 74450:2.00 74749:1.00 74751:1.00 75064:1.00 75065:1.00 75069:3.00 75459:1.00 75788:2.00 75792:1.00 76208:1.00 76209:1.00 76213:1.00 76507:1.00 76508:1.00 76511:1.00
spécimen	70917:2.00
spécul	67794:1.00
squelet	73683:1.00 75791:1.00
sriharikot	67939:1.00
srl	67945:1.00 69534:1.00
stabilis	67558:2.00 68390:1.00 68884:1.00 74168:2.00
stabilisent	67558:1.00
stabl	67558:4.00 67802:1.00 68390:1.00 69537:1.00 69540:1.00 70424:1.00 71616:1.00 72938:1.00 73436:1.00 75459:1.00
stad	67800:1.00 68882:1.00 73187:2.00 73875:1.00 75065:2.00
stag	68393:1.00 70422:4.00 73185:1.00 73687:1.00 75457:2.00 75790:1.00 76206:1.00
stagiair	73685:1.00
stand	67554:1.00 67941:1.00 72939:2.00 75796:1.00
standard	68640:1.00 72629:1.00 72936:1.00 76207:1.00
standardis	68882:2.00 69812:2.00
stanisl	67799:1.00 71360:1.00
stap	69536:1.00
staphylococcus	70746:1.00
start	67068:2.00 67799:1.00 67802:1.00 68643:5.00 68881:10.00 71359:2.00 71616:1.00 71842:2.00 72629:8.00 73691:1.00 73878:1.00 74450:2.00 74451:1.00 74452:1.00 75066:1.00 75068:1.00 75461:1.00 75465:1.00 75466:1.00 75795:1.00 76207:2.00 76208:4.00 76211:4.00
stat	74168:1.00 75064:1.00
statin	67798:1.00
station	69177:1.00 70165:1.00 70917:1.00 76510:1.00
stationnair	74745:1.00 75789:4.00
statiqu	70744:1.00 76207:2.00
statist	67942:1.00 68281:1.00 68645:1.00 69180:1.00 73685:1.00
stator	72119:2.00
statut	70161:1.00 71358:1.00 72936:1.00 74449:3.00
steady	74168:1.00 75064:1.00
stefan	75457:3.00
stev	71614:1.00
sti	75457:1.00
stigmatis	74457:1.00
still	76208:2.00
stimul	67937:1.00 69534:1.00 72932:1.00 73431:1.00
stimulus	67389:1.00 68887:3.00
stipul	68274:1.00
stmicroelectronic	67554:1.00
stock	68273:1.00 68884:4.00 69184:1.00 70162:1.00 70426:1.00 70914:1.00 72940:1.00 73432:6.00 75792:1.00 76511:1.00
stockag	68273:3.00 68884:1.00 69178:1.00 70423:1.00 71362:1.00 72393:1.00 74174:2.00 74452:1.00 75789:2.00
stockent	69539:1.00
stockyimag	76507:1.00 76508:1.00
stopp	68883:1.00 75065:1.00
stout	70747:1.00
strasbourg	67556:1.00 67937:1.00 68389:1.00 69178:1.00 70167:1.00 70425:1.00 74454:3.00 75070:3.00
strasbourgeois	67937:1.00
strass	74170:1.00
strateg	67795:1.00 67798:1.00 67803:1.00 67937:1.00 68275:1.00 68277:1.00 68638:1.00 68642:4.00 68882:1.00 68884:1.00 69535:2.00 69812:2.00 69813:1.00 69816:1.00 70746:1.00 70914:1.00 70916:1.00 71357:1.00 71616:1.00 71619:2.00 71842:1.00 72113:1.00 72392:2.00 72395:1.00 72398:1.00 72629:1.00 72637:1.00 73184:1.00 73430:3.00 73875:1.00 73876:2.00 73883:1.00 74167:2.00 74172:1.00 74173:1.00 74175:1.00 74449:1.00 74748:1.00 74749:1.00 75066:1.00 75069:1.00 76206:2.00 76211:2.00 76511:2.00
stratif	69815:1.00
stratobus	75789:11.00
stratospher	75789:6.00
stratrobus	75789:1.00
stress	67798:2.00 67801:1.00 68387:1.00 69182:1.00 70420:1.00 72933:1.00 73184:3.00 76511:8.00
strict	67553:1.00 70165:1.00
stropp	74168:1.00
structur	67390:3.00 67558:2.00 67938:1.00 67939:1.00 67941:1.00 67943:1.00 68275:1.00 68279:2.00 68390:1.00 68391:3.00 68639:6.00 68642:3.00 68643:1.00 68881:1.00 68882:1.00 68885:5.00 68886:1.00 69177:1.00 69534:1.00 69537:1.00 69812:1.00 69820:1.00 70161:1.00 70167:1.00 70422:1.00 70423:3.00 70424:3.00 70425:1.00 70745:2.00 70753:1.00 70923:1.00 71359:1.00 71614:1.00 71836:1.00 71842:3.00 72116:2.00 72392:1.00 72396:1.00 72629:2.00 72632:1.00 72637:1.00 73184:1.00 73430:3.00 73433:1.00 73434:2.00 73436:2.00 73685:1.00 73687:2.00 73883:1.00 74167:1.00 74173:1.00 74174:1.00 74749:1.00 75065:2.00 75458:2.00 75459:2.00 75462:1.00 75789:1.00 75790:1.00 75794:1.00 76210:2.00
structural	67387:1.00 68639:1.00 69539:1.00 72119:1.00 72636:1.00 74173:1.00
structurel	68383:1.00 73690:1.00 74169:1.00
study	72932:4.00
sturio	70917:1.00
styl	75793:1.00
stéariqu	67558:3.00
stéato	69815:1.00
stéphan	69179:1.00 71837:1.00 72114:5.00 75797:1.00
stéril	70420:1.00
su	67553:1.00 67795:1.00 67939:1.00 68273:1.00 69541:1.00 69811:1.00 71359:2.00 71614:1.00 71842:1.00 72932:1.00 74168:1.00 74450:1.00 76208:1.00 76513:1.00
sub	68280:1.00 68638:1.00 69813:1.00 70163:1.00 70916:1.00 72629:1.00 72630:1.00 72933:1.00 73431:1.00 74170:1.00 74454:1.00 74750:1.00 75459:1.00 76210:1.00
subatom	69178:1.00
subbotin	76509:1.00
subcellulair	67800:1.00
subject	73190:1.00
subsist	70917:2.00 71621:2.00
subsistent	68383:1.00 69816:1.00 70429:1.00
substanc	67799:1.00 67937:1.00 70162:1.00 70746:1.00 71843:1.00 76514:1.00
substantiel	73432:2.00 74169:1.00
substitu	67390:1.00 67553:1.00 68642:1.00 69534:1.00
substitut	68882:1.00
substrat	76213:1.00
subtil	72116:1.00 73877:1.00 74167:1.00
subtilis	75457:1.00
subvent	67799:1.00 70426:1.00
succed	71835:1.00 72113:1.00 72932:1.00
succes	67554:1.00 67802:1.00 67945:1.00 68640:1.00 69177:6.00 69179:2.00 70163:2.00 70917:1.00 70919:1.00 71359:1.00 71616:1.00 71837:1.00 71840:1.00 72117:1.00 72118:1.00 72629:1.00 72633:1.00 73431:1.00 73435:1.00 74175:1.00 75066:1.00 75458:1.00
success	67390:1.00 67937:1.00 67940:1.00 68276:1.00 68641:1.00 68882:1.00 69182:1.00 72395:1.00 73183:1.00 75790:1.00
succinct	76516:1.00
sucr	67555:2.00 67802:1.00 69183:3.00 69534:5.00 70423:4.00 72631:2.00 73684:1.00 74169:1.00 75790:1.00
sud	67386:1.00 67794:3.00 68279:1.00 68392:5.00 68642:1.00 69178:1.00 69183:2.00 69536:3.00 69811:1.00 69816:2.00 69821:1.00 70748:6.00 70916:3.00 71621:2.00 71836:1.00 71842:1.00 72396:4.00 72629:3.00 72630:1.00 72632:1.00 72932:2.00 72933:1.00 73185:1.00 73684:2.00 73688:1.00 73875:1.00 73882:1.00 74168:2.00 74455:1.00 74457:3.00 74752:2.00 75063:1.00 75064:2.00 75065:2.00 76512:2.00
sued	68642:1.00 69179:1.00 69185:1.00
suff	67800:1.00 67938:1.00 68638:1.00 70425:1.00 71618:1.00 71835:1.00 72119:1.00 73876:1.00 74167:1.00 74169:1.00 75457:1.00 75458:1.00
suffis	68383:1.00 68644:1.00 68886:1.00 70421:1.00 70919:1.00 72940:1.00 73683:1.00 73880:1.00 74167:1.00 76213:2.00
sugg	72631:1.00 72935:1.00
sugger	67556:1.00 68388:1.00 75063:1.00
suis	68276:1.00 68387:1.00 69821:1.00 70161:2.00 70914:1.00 72114:1.00 72115:1.00 72394:2.00 73182:1.00 73430:1.00 73876:1.00 74449:1.00 75790:1.00
suiss	68638:1.00 69179:1.00 73187:1.00 73875:1.00 74172:1.00 75069:1.00
suit	67389:1.00 67556:1.00 67804:1.00 67937:3.00 68274:1.00 68279:1.00 68389:2.00 68640:1.00 68887:1.00 69179:1.00 69815:1.00 70162:2.00 70166:1.00 70421:1.00 70915:2.00 71621:1.00 71835:1.00 71836:1.00 71837:1.00 71840:1.00 72113:3.00 72114:1.00 72117:2.00 72393:1.00 72632:1.00 72636:1.00 73182:1.00 73432:1.00 73434:1.00 73876:1.00 74454:1.00 75065:1.00 75458:1.00
suiv	67392:1.00 67798:1.00 67937:3.00 67939:1.00 68273:1.00 68387:1.00 68640:2.00 68643:1.00 68881:2.00 68885:1.00 69177:1.00 69537:1.00 69811:2.00 69813:1.00 70161:1.00 70162:4.00 70164:1.00 70428:1.00 70749:2.00 70917:1.00 71838:3.00 72115:1.00 72396:1.00 73185:2.00 73188:1.00 73879:1.00 74167:1.00 74171:1.00 75457:1.00 76208:1.00 76507:1.00 76511:2.00 76516:1.00
suivent	69185:1.00
suiveur	68883:1.00
suivon	72113:1.00
suivr	68643:1.00 69182:1.00 70161:1.00 70164:1.00 70420:1.00 70421:2.00 70422:1.00 70744:2.00 70922:2.00 70923:2.00 72119:1.00 72398:1.00 72631:1.00 73880:2.00 75457:1.00 75793:1.00
suivront	68393:1.00
sujet	67385:1.00 67794:1.00 67937:3.00 67940:1.00 67942:1.00 68387:1.00 68643:1.00 68881:1.00 69812:1.00 69820:1.00 70169:1.00 70744:1.00 70751:1.00 71359:1.00 71363:1.00 71612:1.00 72115:2.00 72116:1.00 72393:1.00 72932:1.00 72937:1.00 72938:2.00 72940:2.00 73182:4.00 73183:1.00 73689:1.00 73877:2.00 74167:1.00 75464:1.00 75789:1.00 76211:1.00 76212:1.00 76213:1.00
sunaero	67553:2.00 71840:4.00 74167:1.00
sunaéro	74167:8.00
sunlabob	73185:1.00
sup	71359:1.00 73430:1.00 74451:2.00
supaero	71358:3.00
supagro	67387:1.00 69182:1.00 72121:1.00
supercalcul	70424:1.00 70914:6.00 74744:1.00
supercomputing	74452:1.00
superfic	69814:1.00 74172:1.00 75458:1.00 75461:1.00
superficiel	68279:2.00 68883:1.00 70918:1.00
superior	74450:1.00
supermarch	72393:1.00
superpos	67554:1.00
superposit	75463:1.00
supervis	67941:1.00
supmec	69541:9.00
suppl	68884:1.00
supply	72637:4.00
supplé	70917:1.00
supplément	73184:1.00
supplémentair	70162:1.00 70163:1.00 73431:1.00 73875:1.00 76513:1.00
support	67388:3.00 67554:1.00 67941:2.00 68275:1.00 70425:1.00 72114:1.00 72632:1.00 73434:1.00
suppos	67389:1.00 67390:1.00 67794:1.00 71357:1.00 72631:1.00 72637:1.00 73432:1.00 74744:1.00
supputon	68882:1.00
supr	74168:9.00
supraconducteur	67943:1.00
supramoléculair	70167:1.00
supranational	71357:1.00
supranucléair	68646:1.00
supélec	74751:4.00
supérieur	67068:1.00 67071:1.00 67795:4.00 67940:1.00 67944:1.00 68273:1.00 68277:1.00 68280:1.00 68383:1.00 69180:1.00 69181:1.00 69185:1.00 69540:1.00 69820:1.00 70161:1.00 70167:1.00 70168:1.00 70743:1.00 70748:1.00 70914:5.00 70915:1.00 70917:1.00 70923:1.00 71358:2.00 71361:2.00 71362:2.00 71363:1.00 71620:1.00 71837:1.00 72113:1.00 72119:1.00 72397:1.00 72633:1.00 72637:1.00 72932:2.00 72935:1.00 72936:1.00 72938:1.00 73182:2.00 73183:1.00 73430:1.00 73876:2.00 74168:1.00 74173:1.00 74175:1.00 74455:1.00 75066:1.00 75457:2.00 76210:1.00 76513:1.00
surcl	73189:1.00
surexploit	67794:1.00
surf	70744:1.00
surfac	67554:1.00 67794:1.00 67939:1.00 68385:2.00 68883:1.00 68886:4.00 69178:1.00 69182:1.00 69184:1.00 69186:1.00 69537:3.00 69811:1.00 69817:1.00 69819:1.00 70425:2.00 70746:2.00 70916:1.00 72114:1.00 72119:3.00 72392:1.00 72934:1.00 73190:1.00 73434:2.00 74170:2.00 74744:1.00 74750:1.00 75067:1.00 75070:3.00 75461:1.00 75462:2.00 75794:1.00 76210:1.00 76213:1.00
surg	72932:1.00 74172:1.00
surgical	71614:1.00
surhumain	72932:1.00
surmont	68391:1.00 69814:1.00
surnomm	68393:1.00 73185:1.00
surpr	72629:1.00
surpren	67389:1.00 67938:1.00 68390:1.00
surprend	70424:1.00
surprendr	72631:1.00
surpris	68390:1.00
surproducteur	74169:1.00
surtout	67555:1.00 67558:1.00 67794:1.00 67798:1.00 67938:1.00 68389:1.00 69186:1.00 69533:1.00 69540:1.00 70161:1.00 73432:1.00 74167:1.00 74169:1.00 74457:2.00 75063:1.00 75458:1.00 76515:2.00
surv	68388:1.00 71618:1.00 75065:2.00 76208:1.00 76213:1.00
surveil	67939:1.00 67945:1.00 68883:1.00 69177:1.00 69811:6.00 69812:2.00 69813:1.00 70916:1.00 71836:2.00 71839:1.00 73877:1.00 74450:2.00 75789:1.00 76510:3.00
surven	75458:1.00
survenu	70915:1.00
survenus	73688:1.00
survien	72629:1.00
survivr	67389:1.00 67938:1.00 71837:1.00 75458:1.00
sus	70424:1.00
susceptibl	69538:1.00 70425:1.00
suscit	68278:1.00 68638:1.00 70424:1.00 70921:1.00 71357:1.00 71360:1.00 72631:1.00 72934:1.00 72938:1.00 72940:1.00 74171:1.00
suscitent	72631:1.00 76206:1.00
suspendu	75070:1.00
suspens	68390:1.00 76210:2.00
sustain	68275:1.00 72637:3.00 76513:1.00
sustainability	72393:1.00
suédois	71361:1.00
sved	75796:1.00
svi	68886:1.00
swarm	69177:1.00 73880:1.00
swot	73434:2.00
sydney	75459:1.00
sylv	67555:4.00
sylvain	68390:3.00 71612:5.00 71616:1.00
sylvestr	69816:3.00
sylvicultur	69816:1.00
symbios	67385:2.00 71837:5.00
symbiot	71837:2.00
symbol	67798:1.00 74175:1.00
symbolis	76209:1.00
sympath	67068:2.00 70166:1.00
symphon	71835:1.00
symposium	69811:2.00
symptôm	73184:1.00 74173:1.00
synapcel	74453:1.00
synchrotron	67390:1.00 68391:2.00 69186:1.00 69539:2.00 69819:1.00 73186:1.00
syndicat	67944:1.00 74746:1.00
syndrom	67556:1.00 68646:2.00 74171:1.00
synerg	67803:1.00 67940:1.00 68279:2.00 72398:1.00 75461:1.00 76211:1.00
syngent	67804:1.00
synthas	67800:1.00
synthes	67390:1.00 67556:1.00 67800:1.00 68390:2.00 69541:1.00 70167:1.00 71620:4.00 72118:2.00 72119:1.00 73182:1.00 73189:1.00 73436:3.00 76210:1.00
synthet	67558:1.00 68390:1.00 70423:1.00 70747:1.00
synthétis	67390:1.00 67800:2.00 69183:1.00 69184:1.00 72115:1.00 73189:1.00 75067:1.00
synucléin	74173:4.00
syphil	73431:4.00
syphilit	73431:2.00
syrot	68386:1.00
sysf	74452:1.00
sysiass	67940:2.00
sysnav	76208:2.00
system	67071:1.00 67383:1.00 67385:1.00 67387:1.00 67390:2.00 67556:1.00 67557:1.00 67796:1.00 67937:6.00 67939:3.00 67940:1.00 67945:4.00 68274:1.00 68276:1.00 68277:4.00 68279:1.00 68388:4.00 68393:2.00 68644:1.00 68881:2.00 68882:5.00 68883:2.00 68886:1.00 68887:7.00 69177:4.00 69178:1.00 69179:1.00 69180:1.00 69181:1.00 69533:1.00 69535:2.00 69538:7.00 69811:2.00 69814:1.00 69817:3.00 69818:2.00 69820:1.00 70162:5.00 70163:1.00 70165:2.00 70168:1.00 70420:7.00 70421:3.00 70424:1.00 70425:4.00 70426:1.00 70744:2.00 70916:3.00 70919:2.00 70922:2.00 71358:1.00 71359:10.00 71362:1.00 71363:1.00 71366:1.00 71614:1.00 71620:2.00 71836:10.00 71838:2.00 71839:1.00 72116:1.00 72631:3.00 72633:8.00 72635:1.00 72637:1.00 72937:5.00 73185:3.00 73187:3.00 73189:1.00 73190:2.00 73434:2.00 73683:1.00 73686:1.00 73877:3.00 73879:1.00 74171:1.00 74453:1.00 74456:1.00 74746:1.00 74751:9.00 75064:1.00 75067:1.00 75071:4.00 75463:1.00 75788:1.00 75789:1.00 75791:2.00 75794:1.00 75796:1.00 76207:1.00 76213:3.00 76507:1.00 76511:2.00
systematic	70162:1.00 70421:1.00
systerr	75460:1.00
systèmess	69179:1.00
systémat	68643:1.00 70420:1.00 74167:1.00
syt	76508:3.00
séanc	75068:1.00
sébastien	71835:1.00 75458:1.00
sécheress	67794:1.00 68387:1.00 69182:2.00 69816:4.00 70916:2.00 75458:2.00
sécret	68887:1.00 71843:1.00
sécur	67794:1.00 67796:4.00 67941:3.00 67945:1.00 68274:5.00 68881:1.00 68885:1.00 70425:2.00 70744:1.00 71615:1.00 72392:1.00 73432:1.00 74456:1.00 74744:1.00 74745:1.00 74751:1.00 75069:1.00 76207:4.00 76208:1.00 76514:2.00
sécuris	68642:1.00 69535:1.00 72395:1.00 72633:1.00 74167:2.00
sédiment	76210:1.00
séduir	70421:1.00 73185:1.00 74172:1.00 75788:1.00 76209:1.00
séduit	68274:1.00 70166:1.00 74169:1.00
ségalen	67391:1.00
séism	67942:3.00 69181:1.00 69811:2.00 70915:1.00 73880:1.00
séjour	68881:1.00 69185:1.00 71837:1.00 75459:1.00 76206:1.00
séjourn	72932:1.00
sélect	67802:1.00 67938:3.00 68273:1.00 70420:2.00 72113:1.00 72115:1.00 72629:1.00 72932:1.00 73879:1.00 74449:2.00
sélection	67794:1.00 67800:1.00 67938:1.00 67939:1.00 68385:1.00 69179:1.00 69818:2.00 70420:1.00 70918:1.00 70920:1.00 72629:1.00 72631:1.00 73190:1.00 74169:2.00
sélénium	68642:1.00
séminair	68384:2.00 69186:1.00 72399:3.00 73430:1.00 73884:1.00 74174:3.00
sénagral	74172:1.00
sénart	67945:4.00
sénartais	67945:2.00
sénat	72396:1.00 72636:1.00
sénégal	69813:1.00 75458:14.00
séoul	76508:1.00
sépar	68644:1.00 68882:1.00 68884:1.00 69179:1.00 70167:1.00 70918:1.00 72397:1.00 72399:5.00 72635:1.00
séquenc	68643:2.00 69177:1.00 70914:1.00 73432:1.00 75064:1.00
séquenceur	74452:1.00
séquençag	73686:4.00
séquestr	72116:1.00
sérieux	69812:1.00 72629:1.00 73684:1.00 74453:1.00 75457:1.00
sérotonin	69184:16.00
séver	67801:1.00 69533:1.00 69815:1.00 70163:1.00 72113:1.00 72939:1.00 73686:1.00 75065:2.00 75458:1.00 76210:1.00
sûr	67554:1.00 67794:1.00 67801:1.00 68881:1.00 68882:1.00 73876:1.00 74449:1.00 74455:1.00
sûret	69178:2.00 70915:2.00 71619:1.00 76207:2.00
tabag	76511:1.00
tabl	68889:1.00 69186:1.00 69815:1.00 70751:1.00 70752:1.00 70921:1.00 71360:1.00 71845:1.00 72400:2.00 72935:2.00 72937:1.00 73438:1.00 73686:1.00 73882:1.00 74172:1.00 74449:1.00 74456:1.00 75462:2.00 75466:1.00 75793:1.00 75797:1.00 76510:1.00 76515:1.00 76516:1.00
tableau	68276:1.00 68383:1.00 69177:1.00 70162:1.00 73876:1.00 75457:1.00
tablet	72401:1.00 76507:1.00 76508:1.00
tactil	67068:1.00 72401:1.00 73876:1.00
tahit	73684:5.00
taill	67071:1.00 67387:1.00 67390:6.00 67554:3.00 67801:1.00 68274:1.00 69179:1.00 69541:1.00 70420:1.00 70423:1.00 70425:1.00 70747:1.00 70919:1.00 71358:1.00 71835:1.00 72114:2.00 72395:1.00 72633:1.00 72635:2.00 72934:1.00 73185:1.00 74167:2.00 74168:3.00 74169:1.00 74449:1.00 74749:1.00 75070:3.00 75465:1.00 76210:2.00 76507:1.00 76510:1.00
tailleur	70421:1.00
tajim	68638:3.00
talenc	73882:1.00 75457:2.00
talent	67383:1.00 68276:1.00 76208:1.00
talon	73683:1.00
tamarindus	75458:1.00
tand	68646:1.00 70747:1.00
tango	74746:1.00
tanin	73877:1.00
tank	68383:5.00 74176:2.00
tant	67068:1.00 67388:1.00 67794:2.00 67795:1.00 67797:1.00 67802:1.00 67938:1.00 68273:2.00 68275:1.00 68279:1.00 68283:1.00 69185:1.00 69535:1.00 69820:1.00 70161:1.00 70165:1.00 70170:1.00 70421:1.00 70422:2.00 70746:1.00 71366:1.00 72113:1.00 72115:1.00 72393:1.00 72394:2.00 72396:1.00 72399:1.00 72634:2.00 72636:1.00 72932:1.00 73430:1.00 73683:1.00 73685:1.00 73880:1.00 74167:1.00 74168:1.00 74450:1.00 74455:2.00 75064:1.00 75459:1.00 75793:1.00 76206:1.00
tantal	75792:1.00
tanzan	73185:3.00
tapiss	72117:1.00
tar	73183:13.00
taran	67942:1.00
tard	67798:1.00 67937:1.00 68274:2.00 68279:1.00 68881:2.00 69177:1.00 69811:1.00 69812:1.00 70916:1.00 71614:2.00 71621:1.00 71835:1.00 72394:1.00 72629:1.00 72630:2.00 72932:1.00 73430:1.00 74450:1.00 75063:1.00 76507:1.00
tardiv	68646:1.00 73182:1.00 75065:1.00
targu	70420:1.00 70915:1.00 72629:1.00 73432:1.00 73434:1.00 74746:1.00
tarn	75066:2.00
tars	72632:1.00
tart	74752:2.00
tas	76213:1.00
tat	69180:1.00
taux	67802:1.00 69184:1.00 70917:1.00 73183:1.00 73684:2.00 75457:1.00
taxibot	72933:7.00
tcf	67556:1.00
tchad	75458:1.00
tcr	70922:1.00
tech	68280:2.00 70420:1.00 70751:1.00 72121:1.00 73182:2.00 74172:1.00 74450:8.00 74750:1.00 75066:2.00 75457:1.00
technicien	67071:1.00 67939:1.00 68279:1.00 72115:1.00 75068:1.00
technico	75463:1.00
techniqu	67068:1.00 67383:1.00 67388:2.00 67389:4.00 67553:3.00 67554:2.00 67561:1.00 67795:1.00 67801:1.00 67939:1.00 67940:2.00 67943:1.00 68277:1.00 68279:2.00 68391:9.00 68638:1.00 68642:1.00 68643:1.00 68884:1.00 68885:8.00 69179:1.00 69536:1.00 69538:1.00 69539:2.00 69812:2.00 69819:1.00 69820:1.00 70162:1.00 70423:1.00 70747:1.00 70751:2.00 70916:2.00 70917:1.00 70918:4.00 70921:4.00 70922:1.00 71835:1.00 71838:1.00 72113:3.00 72115:1.00 72392:1.00 72393:1.00 72394:1.00 72399:5.00 72629:2.00 72632:1.00 72636:1.00 72933:1.00 72934:1.00 72936:1.00 72939:1.00 73182:1.00 73185:2.00 73186:1.00 73189:1.00 73431:2.00 73434:1.00 73683:1.00 73685:1.00 73687:1.00 73689:2.00 73690:2.00 73876:1.00 73877:2.00 73879:1.00 73884:4.00 74168:1.00 74171:1.00 74745:2.00 74746:1.00 74747:1.00 74749:2.00 75068:1.00 75071:1.00 75464:1.00 75788:1.00 75796:2.00 76508:1.00
technocampus	75068:3.00
technolac	73689:1.00 76212:1.00
technolg	70166:2.00
technolgy	68881:1.00
technologu	68882:1.00 73182:1.00
technology	68638:1.00 68881:4.00 69180:2.00 70161:1.00 70162:2.00 70919:1.00 73190:1.00 73876:1.00 76207:1.00 76208:4.00
technopol	70914:1.00 73433:3.00
technopôl	68279:2.00 68643:1.00 71842:4.00 75461:2.00
tecnali	67383:2.00
tecnic	74450:1.00
tecton	67942:1.00
teign	71843:1.00
teillet	73685:3.00
teindr	72630:1.00
tek	68642:1.00
tel	67383:1.00 67386:1.00 67388:1.00 67555:2.00 67794:3.00 67800:1.00 67938:1.00 67942:1.00 68275:1.00 68280:1.00 68383:1.00 68387:1.00 68882:1.00 68883:1.00 68886:1.00 68887:2.00 68888:1.00 69177:1.00 69182:1.00 69183:1.00 69535:3.00 69538:1.00 69813:3.00 69814:1.00 69816:2.00 69821:1.00 70161:1.00 70166:1.00 70420:3.00 70422:1.00 70423:1.00 70425:2.00 70745:1.00 70747:1.00 70917:1.00 70920:1.00 71357:1.00 71359:1.00 71366:1.00 71612:1.00 71615:2.00 71616:1.00 71621:1.00 71835:1.00 71838:1.00 72114:1.00 72392:1.00 72393:1.00 72630:1.00 72634:1.00 72937:2.00 73182:1.00 73184:2.00 73185:1.00 73187:1.00 73430:3.00 73432:7.00 73436:1.00 73683:1.00 73688:1.00 73877:3.00 74167:1.00 74168:1.00 74170:1.00 74449:1.00 74450:1.00 74455:1.00 74745:2.00 75063:1.00 75065:1.00 75069:1.00 75457:1.00 75462:2.00 75791:1.00 75796:1.00 76206:1.00 76209:1.00 76210:2.00 76213:1.00
telecom	67945:1.00 70161:2.00
telescop	70163:3.00 73186:4.00
tellur	69181:1.00 69817:1.00 70420:2.00 72114:1.00
temp	67068:4.00 67383:1.00 67385:1.00 67553:1.00 67555:1.00 67794:1.00 67798:1.00 67937:1.00 67939:2.00 68274:1.00 68275:1.00 68279:1.00 68638:1.00 68646:1.00 68882:1.00 68883:1.00 69177:1.00 69537:1.00 69539:1.00 69811:1.00 69812:1.00 69819:3.00 70161:1.00 70162:2.00 70424:2.00 70744:1.00 70752:1.00 70914:1.00 70916:2.00 70922:3.00 70923:1.00 71359:1.00 71617:1.00 71618:1.00 71835:5.00 71837:1.00 71840:1.00 72114:1.00 72116:1.00 72121:1.00 72396:2.00 72400:2.00 72629:1.00 72630:1.00 72932:4.00 72933:2.00 72934:1.00 72937:1.00 73434:1.00 73436:1.00 73438:1.00 73683:3.00 73689:1.00 73875:1.00 73879:1.00 73881:1.00 74167:2.00 74171:1.00 74172:1.00 74455:1.00 74457:1.00 74748:1.00 74749:2.00 74750:1.00 75069:1.00 75457:2.00 75459:1.00 75466:1.00 75788:1.00 75791:2.00 75792:1.00 76508:2.00 76509:5.00 76510:3.00 76515:1.00
temper	69816:1.00 75789:1.00
temporair	74167:1.00
temporel	67068:2.00 70162:1.00 71837:1.00 73186:1.00
températur	67557:1.00 67558:4.00 67939:3.00 68280:1.00 68389:4.00 68390:1.00 68640:2.00 68644:1.00 68883:1.00 69182:1.00 69533:2.00 69537:1.00 69811:1.00 69819:1.00 70916:3.00 72119:1.00 73190:1.00 73434:1.00 73688:1.00 74168:1.00 74170:1.00 75463:1.00 76210:2.00
tempêt	72629:1.00
ten	70421:2.00 70916:1.00 71358:1.00 72933:1.00 73884:1.00
tenac	73684:1.00 76210:6.00
tend	72115:1.00
tendanc	67794:4.00 67938:1.00 68274:1.00 68383:1.00 69533:1.00 71619:1.00 71835:1.00 72120:1.00 72629:1.00 73185:1.00 73877:2.00 74167:1.00 74752:1.00 75065:1.00 75458:1.00 76209:7.00 76213:1.00
tendent	68387:1.00 69533:1.00
tendr	67938:1.00
tenerrd	69818:1.00
teneur	67391:1.00 68885:1.00 69182:1.00 69816:2.00 74169:1.00 75069:1.00 75790:1.00
tensioact	67558:5.00
tension	69184:1.00 71357:1.00
tent	68383:1.00 71612:1.00 71837:1.00 72397:1.00 73182:1.00 73183:1.00 75463:1.00
tentat	67390:1.00
tentent	67389:1.00 67553:1.00 67802:1.00 70423:1.00
tenu	67558:1.00 67804:1.00 67942:1.00 69534:1.00 69540:1.00 69541:1.00 70162:1.00 70165:1.00 73431:1.00 73684:1.00 74449:1.00 74746:1.00
tequ	68276:1.00
ter	74452:1.00
teractec	70914:1.00
teratec	70914:1.00 75796:3.00
terifiq	69534:5.00 75790:1.00
term	67388:2.00 67390:1.00 67391:1.00 67553:1.00 67554:1.00 67794:1.00 68273:1.00 68274:1.00 68277:1.00 68280:1.00 68383:3.00 68390:1.00 68638:2.00 68881:1.00 68882:1.00 68883:2.00 68884:1.00 68886:1.00 68887:1.00 69178:2.00 69183:1.00 69533:1.00 69534:1.00 69535:2.00 69538:1.00 69540:1.00 69812:1.00 69813:1.00 69814:1.00 69817:1.00 69819:1.00 70161:1.00 70165:1.00 70420:1.00 70421:1.00 70429:1.00 70744:1.00 70745:1.00 70747:1.00 70749:1.00 70753:1.00 70915:1.00 70916:2.00 70918:1.00 70919:1.00 70921:2.00 71358:2.00 71361:3.00 71366:2.00 71835:2.00 71842:2.00 71843:1.00 72114:1.00 72116:1.00 72395:2.00 72629:1.00 72634:1.00 72937:1.00 73184:2.00 73186:1.00 73187:1.00 73188:1.00 73189:1.00 73430:1.00 73432:1.00 73683:2.00 73684:2.00 73876:2.00 73879:1.00 74167:2.00 74170:1.00 74173:1.00 74451:1.00 74454:1.00 74455:2.00 74744:2.00 74752:1.00 75063:1.00 75064:1.00 75067:1.00 75068:1.00 75069:4.00 75458:3.00 75459:1.00 75461:1.00 75788:1.00 75789:2.00 75792:1.00 75793:1.00 75794:3.00 76206:1.00 76209:1.00 76213:2.00 76509:2.00 76511:1.00
termin	70916:1.00 71362:1.00 71363:1.00 71835:2.00 71845:1.00 72634:1.00 72935:1.00 73185:1.00
terminal	70161:1.00 72633:1.00 76507:1.00
terr	67387:1.00 67553:1.00 67794:5.00 67939:1.00 67942:4.00 67943:1.00 68387:1.00 68642:1.00 68644:1.00 68645:1.00 69177:4.00 69181:2.00 69811:5.00 69812:1.00 70420:1.00 70424:1.00 70745:1.00 70916:2.00 71621:1.00 71836:2.00 73880:5.00 74168:2.00 75458:1.00 75463:1.00 75792:1.00 76209:1.00 76210:1.00 76213:2.00
terrain	67068:1.00 67387:1.00 67388:1.00 68274:1.00 68275:1.00 68383:1.00 68643:2.00 69813:1.00 69821:1.00 70421:1.00 70916:1.00 73182:1.00 73185:1.00 73430:1.00 73684:1.00 74172:1.00 74450:1.00 74457:1.00 75458:2.00 75788:1.00
terrali	75069:1.00
terren	72637:1.00
terreo	76512:1.00
terrestr	67553:1.00 68385:1.00 69179:1.00 73880:4.00 74456:1.00
territoir	67071:4.00 67939:2.00 68275:5.00 68279:2.00 68889:1.00 69181:1.00 69535:2.00 69538:2.00 69812:4.00 70422:1.00 71357:2.00 72113:2.00 72933:2.00 72937:1.00 72939:1.00 73875:1.00 74172:2.00 74175:1.00 74455:1.00 74746:1.00 74748:1.00 75066:1.00 76209:1.00
territorial	68884:1.00 68889:1.00 69535:2.00 71357:2.00 74457:1.00 74746:1.00
terroir	68279:1.00 70745:2.00
tertiair	70169:1.00
test	67386:1.00 67554:1.00 67797:2.00 67798:2.00 67801:9.00 67802:1.00 67940:5.00 68387:4.00 68638:2.00 68643:1.00 68646:1.00 68883:1.00 68884:2.00 69179:2.00 69534:3.00 69815:1.00 70163:5.00 70421:1.00 70425:2.00 70743:1.00 70744:1.00 70916:2.00 70923:2.00 71359:1.00 71618:1.00 71836:1.00 72395:1.00 72397:1.00 72634:3.00 73182:1.00 73184:1.00 73186:1.00 73684:1.00 73685:3.00 73686:4.00 73876:1.00 74168:5.00 74169:1.00 74171:1.00 74451:1.00 74751:1.00 75064:2.00 75792:1.00 75793:1.00 75797:1.00 76207:1.00 76508:1.00 76511:3.00
testent	70743:1.00
testeur	71359:1.00
tet	68275:1.00 68887:3.00
tev	72934:1.00
tex	70751:1.00 70921:1.00
text	68276:1.00
textil	70166:1.00 70751:7.00 70921:7.00 71361:12.00 73685:1.00 73687:1.00
textur	67558:1.00 70166:1.00 72631:1.00 72634:1.00 73685:1.00 74746:1.00 75069:2.00 76507:1.00
tgcc	70914:2.00
tgu	69812:1.00
thal	67940:1.00 70162:10.00 70421:1.00 71835:1.00 71836:1.00 71839:2.00 72934:1.00 75788:6.00 75789:6.00
thalian	67800:2.00
the	67557:1.00 67802:1.00 68886:2.00 69184:1.00 69819:2.00 71617:2.00 71837:1.00 72121:1.00 72393:1.00 76513:1.00
them	67803:1.00 68882:2.00 68889:1.00 69535:2.00 70164:1.00 72113:1.00 72121:1.00 72398:1.00 72399:1.00 73877:1.00 74456:1.00
theodorus	69539:1.00
thermiqu	67796:2.00 68639:1.00 68640:1.00 69537:1.00 69818:2.00 70165:1.00 71836:1.00 71839:1.00 72630:1.00 72934:1.00 72940:1.00 75066:1.00
thermograph	67796:1.00
thermomagnet	69186:1.00
thermonuclear	74168:1.00 75064:1.00
thermonucléair	74168:3.00 75064:1.00
thermoplast	75464:1.00
thermorégul	69184:1.00
thermoélectr	69186:2.00
thes	67383:1.00 67937:1.00 69536:1.00 69812:1.00 70166:1.00 70743:1.00 70749:1.00 71612:7.00 72115:2.00 72394:2.00 72630:1.00 72932:1.00 73685:3.00 74454:1.00 75064:1.00 75459:3.00 75790:1.00 76206:2.00 76208:1.00 76512:1.00
thiengol	75458:2.00
thierry	67553:4.00 68638:3.00 68888:1.00 70426:1.00 70916:1.00 70918:1.00 73182:1.00 73876:3.00 74167:7.00 74752:5.00 75790:3.00
thin	72114:1.00
think	68383:5.00 74176:2.00
thinking	75068:1.00
thom	75790:3.00
thorac	71616:2.00
through	67554:1.00
thé	75462:1.00
thémat	67071:1.00 67795:1.00 67946:1.00 68279:6.00 68642:1.00 69543:1.00 69820:1.00 70161:1.00 70422:1.00 70745:7.00 70751:1.00 71359:1.00 71615:1.00 72116:2.00 72120:1.00 72393:1.00 72396:1.00 72398:1.00 72400:1.00 72631:1.00 72937:4.00 72938:1.00 73431:1.00 74172:1.00 74748:3.00 75064:1.00 75460:1.00 75793:2.00 76212:1.00 76213:1.00 76514:3.00
théor	67938:4.00 69180:1.00 70424:1.00 70748:1.00 70914:1.00 71841:1.00 76511:3.00
théorem	71835:18.00
théoriqu	67383:2.00 68886:1.00 70421:1.00 71836:1.00 72397:1.00 72631:1.00 72932:2.00 74744:1.00 76206:1.00 76211:1.00
thérap	72117:1.00 74171:1.00 74453:1.00 74454:1.00 75065:2.00
thérapeut	67802:1.00 68384:1.00 69536:1.00 71612:1.00 72115:5.00 72116:2.00 72938:3.00 73184:5.00 73435:1.00 73878:1.00 74173:1.00 75065:1.00 75459:1.00 76208:1.00
thésam	72122:1.00
thésard	73430:1.00
théty	70916:2.00
théâtr	71836:1.00 73875:1.00
tianjin	71362:1.00
tic	71359:1.00 73182:1.00
tien	72634:1.00 74450:1.00
tiendr	67555:1.00 69535:1.00 69820:2.00 70168:1.00 70170:1.00 70749:1.00 72116:1.00 72122:1.00 72393:1.00 72400:1.00 72939:1.00 73438:1.00 74456:1.00 74748:1.00 75465:1.00 75795:1.00
tiennent	72120:1.00
tient	67803:1.00 69542:1.00 70169:1.00 70421:1.00 70749:1.00 71612:1.00 72113:1.00 72629:1.00 72940:1.00 73183:1.00 73185:1.00 73430:1.00 73875:1.00 73881:1.00 73882:1.00 75458:1.00
tier	67555:1.00 69819:2.00 71366:1.00 74455:2.00
timbr	73187:5.00
timid	68383:1.00
tinc	73883:3.00
tinctorial	72630:1.00
tio	70425:1.00
tir	70753:1.00 71617:1.00 71839:1.00 72629:1.00 72934:2.00 72937:1.00 73684:1.00 76208:1.00 76211:1.00
tirent	71621:1.00 75794:1.00
tison	68646:1.00
tissu	69184:6.00 74168:1.00 75789:3.00
tissulair	68887:2.00
tissus	67802:1.00 69184:1.00 70918:1.00 74750:2.00 76511:1.00
titan	68642:1.00 70425:2.00 74168:1.00 74454:4.00 75067:1.00
titanesqu	68383:1.00
titr	67794:1.00 67938:1.00 68275:1.00 68383:1.00 69812:1.00 71357:1.00 71359:1.00 73430:1.00 73683:1.00 73684:1.00 74170:1.00
titulair	67798:1.00 72113:1.00 75457:1.00
tivm	73431:1.00
tld	72933:10.00
tlr	67937:1.00
tm	71616:2.00 75791:1.00
tnt	70425:2.00
to	67946:1.00
togeth	69538:1.00
tohoku	67942:1.00
toil	67798:1.00
tokamak	74168:10.00 75064:3.00
tokyo	76508:1.00
toler	68389:1.00 69178:1.00 69182:3.00 69820:1.00 70746:2.00 75065:1.00
toll	67937:5.00
tomb	72938:1.00 73875:1.00
tomograph	69819:1.00
ton	67391:2.00 68273:2.00 69177:1.00 69179:1.00 69811:1.00 70163:1.00 71836:1.00 72630:1.00 72933:2.00 75066:1.00
tonal	71359:1.00 76508:1.00
top	73687:1.00 74450:1.00
topex	73434:1.00
topograph	67944:1.00 70165:1.00 73880:1.00
topography	73434:1.00
topolog	69186:4.00
tor	74168:9.00
toroïdal	74168:1.00
torpill	70746:2.00
torsion	68280:1.00
tort	72629:1.00
toscan	70916:1.00
toshik	68638:3.00
total	67555:1.00 67796:1.00 67937:1.00 68279:1.00 68387:1.00 68638:1.00 69177:1.00 69179:2.00 69181:1.00 69538:1.00 69540:1.00 69811:1.00 69816:1.00 70161:1.00 70421:1.00 70745:1.00 70749:1.00 70923:1.00 71621:1.00 71841:1.00 72117:1.00 72635:1.00 72939:1.00 73188:1.00 73683:1.00 74169:1.00 74450:1.00 74454:1.00 75063:1.00 75064:1.00 75793:1.00 76507:1.00
totalis	69177:1.00
totalisent	67068:1.00
touch	67799:1.00 68882:1.00 70162:2.00 70914:1.00 72394:1.00 72629:1.00 72634:1.00 73435:1.00 73685:1.00 74173:1.00 74449:1.00 74453:1.00 75791:1.00 76206:1.00 76511:3.00
touchent	67802:1.00 71841:1.00
toujour	67068:1.00 67383:1.00 67386:1.00 67553:1.00 67554:3.00 67939:1.00 68276:1.00 68389:1.00 68638:1.00 68643:1.00 69812:2.00 70161:2.00 70166:1.00 70422:1.00 70423:2.00 70429:1.00 71612:1.00 71614:2.00 71835:2.00 72393:2.00 72396:2.00 72629:1.00 72932:1.00 72939:1.00 73182:1.00 73183:1.00 73185:1.00 73189:1.00 73432:1.00 73683:1.00 73877:1.00 73879:1.00 74167:2.00 74450:1.00 74455:2.00 74457:1.00 74744:1.00 74745:1.00 74746:1.00 75066:1.00 75797:1.00 76206:1.00 76213:1.00 76507:2.00 76508:1.00
toulon	73688:2.00 73875:1.00
toulous	67386:1.00 68644:2.00 69177:2.00 69180:1.00 69542:1.00 69814:2.00 69819:1.00 70170:8.00 70914:1.00 71362:11.00 71612:4.00 71615:1.00 72121:3.00 72630:1.00 72635:1.00 72935:1.00 73185:4.00 73434:6.00 73438:3.00 73691:1.00 73884:2.00 74748:1.00 76512:1.00
toulousain	68644:1.00 71362:1.00 72630:3.00 73434:2.00
tour	67937:1.00 68384:2.00 69815:1.00 70916:2.00 71360:1.00 71362:1.00 72119:1.00 72397:1.00 72933:1.00 72935:2.00 72938:2.00 73185:1.00 73683:1.00 73686:2.00 74168:1.00 74746:1.00 75066:1.00 75461:1.00 75793:1.00 76507:1.00 76510:1.00
tourbi	70745:1.00
tourbillon	73434:1.00
tourin	67068:1.00
tourism	68645:1.00 71621:1.00
tourist	69535:1.00 70165:1.00 70916:1.00
tourn	68638:1.00 68882:1.00 71621:1.00 72114:1.00 72119:1.00 72397:1.00 72633:1.00 72932:1.00 74450:1.00 75066:1.00 76210:1.00
tournesol	67391:1.00 68385:1.00
tourt	69821:3.00
tous	67383:1.00 67553:1.00 67555:1.00 67794:2.00 67801:1.00 67937:2.00 67938:1.00 67939:1.00 67940:2.00 68276:1.00 68279:1.00 68383:1.00 68387:1.00 68392:1.00 68638:2.00 68885:1.00 68889:2.00 69179:1.00 69185:2.00 69533:1.00 69541:1.00 69542:1.00 69811:1.00 69821:1.00 70162:2.00 70169:1.00 70421:2.00 70743:1.00 70749:1.00 70753:2.00 70915:1.00 70921:1.00 70923:4.00 71357:3.00 71359:2.00 71619:1.00 71621:1.00 71835:1.00 71842:1.00 72113:1.00 72392:1.00 72393:4.00 72394:1.00 72400:1.00 72401:1.00 72634:1.00 72636:1.00 72932:2.00 72933:2.00 72935:1.00 72937:1.00 72939:1.00 72940:1.00 73182:1.00 73183:1.00 73185:1.00 73430:1.00 73431:1.00 73434:3.00 73437:1.00 73683:1.00 73875:1.00 73877:1.00 73881:1.00 73882:1.00 74169:1.00 74449:1.00 74453:1.00 74455:1.00 74456:1.00 74748:1.00 74749:1.00 74750:1.00 74751:3.00 74752:1.00 75457:1.00 75458:3.00 75459:2.00 75462:3.00 75788:1.00 75792:1.00 75793:1.00 76206:1.00 76207:2.00 76509:4.00 76511:1.00 76513:2.00
touss	68881:1.00
tout	67071:2.00 67383:1.00 67553:2.00 67555:1.00 67796:1.00 67937:2.00 68276:1.00 68279:1.00 68386:1.00 68387:1.00 68882:1.00 68886:1.00 69177:1.00 69180:1.00 69533:1.00 69541:1.00 69543:1.00 69817:1.00 69819:1.00 70162:5.00 70165:2.00 70170:1.00 70420:1.00 70421:3.00 70745:1.00 70916:2.00 70917:1.00 70923:1.00 71357:2.00 71362:1.00 71614:1.00 71618:1.00 71835:2.00 71836:2.00 71839:1.00 71842:3.00 72116:1.00 72400:1.00 72629:1.00 72630:1.00 72631:2.00 72934:2.00 72940:2.00 73184:2.00 73188:1.00 73431:1.00 73432:1.00 73683:3.00 73875:1.00 73879:2.00 73882:1.00 74167:1.00 74168:1.00 74172:1.00 74454:1.00 74744:2.00 74749:1.00 75064:1.00 75069:1.00 75458:3.00 75459:1.00 75461:1.00 75462:1.00 75788:1.00 75789:1.00 75792:1.00 75793:1.00 75794:1.00 76208:3.00 76507:1.00 76509:1.00 76515:1.00
toutefois	67801:1.00 69181:1.00 70165:1.00 70744:1.00 71835:2.00 75463:1.00
toxicolog	68387:1.00 72631:1.00
toxicological	68388:1.00
toxin	72115:12.00 75460:1.00
toxiqu	68387:1.00 68388:1.00 70162:2.00 70746:1.00 71843:1.00 72115:2.00 72392:1.00 72935:1.00 73189:1.00 73436:1.00 74170:1.00 74173:1.00 75460:3.00
toyot	76513:1.00
tpe	67553:1.00 71614:1.00 72630:1.00 76211:1.00
trac	70425:1.00 70744:3.00 72114:1.00 75458:1.00
trachéal	74454:2.00
trachéotom	74454:1.00
track	68646:4.00 74171:1.00
tract	72933:2.00
tracteur	72933:3.00
tractus	68887:1.00 73432:2.00
tradit	68276:2.00 68383:1.00 70161:1.00 73875:1.00 73877:1.00 74752:1.00
traditionnel	67388:2.00 67557:1.00 70161:1.00 72630:1.00 72932:1.00 73683:1.00 74747:1.00 74748:1.00 75458:2.00 76206:1.00 76210:1.00
tradmatik	76513:1.00
traduct	72116:1.00
traduir	68885:1.00 69542:1.00 71357:1.00 71359:1.00 72393:1.00 73185:1.00
traduis	74173:1.00
traduisent	68646:1.00
traduit	68383:1.00 70923:1.00 71836:1.00 73430:1.00 74172:1.00 74746:1.00 76209:1.00
trafic	71840:1.00 72939:1.00
trail	76212:1.00
train	67797:1.00 67798:1.00 68279:1.00 69177:1.00 71612:1.00 72114:3.00 72116:1.00 72933:1.00 73431:1.00 73683:1.00 73876:1.00 74167:1.00 74450:2.00 75458:1.00 76510:1.00
training	70162:1.00
trait	67387:3.00 67554:1.00 67794:1.00 67796:1.00 67799:2.00 67939:1.00 68388:1.00 68391:1.00 68641:1.00 68642:1.00 68646:3.00 68883:1.00 69177:1.00 69533:1.00 69813:2.00 69814:1.00 69819:1.00 70424:2.00 70744:1.00 70918:1.00 71360:4.00 71616:1.00 71617:1.00 72117:1.00 72120:1.00 72392:4.00 72393:1.00 72630:1.00 72632:1.00 72637:2.00 72932:1.00 72935:4.00 72937:1.00 73183:1.00 73184:1.00 73187:4.00 73431:4.00 73432:2.00 73433:1.00 73434:1.00 73435:1.00 73683:2.00 73684:1.00 73685:1.00 73686:1.00 73687:2.00 73691:1.00 73879:2.00 74173:1.00 74452:4.00 74453:5.00 75065:8.00 75067:2.00 75458:1.00 75790:1.00 76208:1.00 76512:1.00 76514:1.00
traitanc	69543:1.00 72114:1.00
trajectoir	68644:1.00 69533:2.00 70744:2.00
trajet	68883:2.00 71617:2.00
tram	68889:1.00
tramontan	70916:1.00
tramway	73875:3.00
tranch	71835:1.00 74457:1.00
tranquill	72932:1.00
trans	75459:1.00
transact	71614:1.00 72633:1.00
transcontinental	75458:1.00
transcript	67556:4.00
transcriptionnel	67391:1.00
transcriptom	67391:1.00
transcrit	67391:1.00
transderm	73187:5.00
transdisciplinair	75068:1.00
transf	73184:1.00
transfer	67554:1.00 67555:1.00 67802:1.00 68274:1.00 68641:1.00 68881:1.00 69534:2.00 70745:1.00 71362:3.00 72115:1.00 72395:1.00 72630:1.00 73430:1.00 75791:1.00 76508:1.00
transfert	67392:1.00 67554:2.00 68881:3.00 69534:1.00 69815:1.00 70426:1.00 70745:2.00 70746:1.00 70753:1.00 71362:1.00 71612:1.00 71614:1.00 71839:1.00 71842:1.00 72117:9.00 72392:1.00 72394:1.00 72938:1.00 73182:1.00 73431:3.00 73878:1.00 74451:1.00 74746:1.00 75067:6.00 75068:1.00 75459:3.00
transform	67068:1.00 67383:2.00 68279:1.00 68644:1.00 68646:1.00 68881:1.00 68885:1.00 69819:3.00 72113:1.00 72114:1.00 73435:1.00 73876:2.00 74168:1.00 74746:1.00 75792:1.00
transgen	73184:1.00
transistor	67554:1.00 70167:1.00 72635:10.00
transit	67071:1.00 67558:1.00 68280:2.00 72940:2.00 73182:1.00 74175:1.00 75792:1.00
transitoir	67556:1.00 70746:1.00
translationnel	68384:1.00
transm	69813:1.00 76508:1.00
transmembranair	72397:1.00
transmettr	70748:1.00 72629:1.00
transmis	68281:1.00
transmiss	67386:1.00 67554:1.00 68388:1.00 68391:1.00 69820:1.00 70748:1.00 72115:1.00 73881:1.00 74453:1.00 75794:1.00
transmitted	67942:1.00
transmut	69178:3.00
transparent	71361:2.00 75789:1.00
transpir	69182:1.00
transplant	67802:1.00 67937:1.00 75065:1.00
transport	67553:1.00 67796:1.00 67941:1.00 68273:4.00 68888:1.00 69186:1.00 69541:1.00 69814:1.00 70162:1.00 70165:1.00 70167:1.00 71358:4.00 71362:1.00 71617:1.00 72397:1.00 72631:1.00 72935:1.00 72937:1.00 72939:2.00 72940:1.00 73184:1.00 73875:1.00 74456:3.00 75071:1.00 75459:5.00 75466:1.00 75790:1.00 75795:1.00 76208:1.00
transportent	73434:1.00 75459:1.00
transporteur	69184:2.00 72631:1.00
transpos	69534:1.00 73684:1.00 75068:1.00
transvers	67939:2.00 68642:1.00 70161:2.00 72116:1.00 72937:1.00 74748:1.00
transversal	74167:1.00 75461:1.00
traqu	70163:1.00 70421:1.00
traumat	67801:7.00 73431:2.00
traumatis	67801:1.00 73431:1.00
travail	67071:1.00 67383:2.00 67555:1.00 67561:1.00 67794:1.00 67795:1.00 67937:1.00 68274:1.00 68276:1.00 68279:4.00 68283:1.00 68383:4.00 68391:1.00 68392:1.00 68638:1.00 68643:1.00 68881:1.00 68882:2.00 69177:1.00 69533:1.00 69535:1.00 69541:1.00 69812:2.00 69813:2.00 69817:1.00 69818:1.00 69821:3.00 70161:2.00 70162:1.00 70164:1.00 70420:1.00 70745:2.00 70915:2.00 70923:1.00 71357:3.00 71361:1.00 71612:1.00 71614:1.00 71615:2.00 72113:2.00 72115:1.00 72119:1.00 72392:1.00 72394:3.00 72396:1.00 72629:1.00 72630:2.00 72634:1.00 72636:1.00 72932:4.00 72933:1.00 72939:2.00 73182:1.00 73183:2.00 73184:1.00 73432:1.00 73435:1.00 73436:1.00 73683:1.00 73684:2.00 73685:2.00 73687:1.00 73876:4.00 74172:2.00 74746:1.00 74749:1.00 75064:1.00 75068:2.00 75457:1.00 75458:2.00 75793:1.00 76206:1.00 76510:1.00
travaill	67068:3.00 67383:2.00 67385:1.00 67553:3.00 67554:2.00 67802:1.00 67937:3.00 67940:1.00 67942:1.00 67944:1.00 68273:1.00 68279:2.00 68383:1.00 68387:1.00 68393:1.00 68638:1.00 68641:1.00 68881:2.00 68885:1.00 68886:1.00 69533:2.00 69541:1.00 69812:2.00 70161:1.00 70166:1.00 70421:1.00 70422:2.00 70745:1.00 71358:1.00 71359:2.00 71361:1.00 71612:2.00 71614:4.00 71840:1.00 72113:1.00 72115:5.00 72394:6.00 72395:1.00 72630:1.00 72631:1.00 72634:2.00 72636:3.00 72932:2.00 72933:1.00 73185:3.00 73431:1.00 73434:1.00 73683:1.00 73684:1.00 73685:3.00 73875:2.00 73876:3.00 73877:1.00 74168:2.00 74449:1.00 74450:4.00 74451:1.00 74453:1.00 74752:1.00 75064:2.00 75067:1.00 75457:1.00 75459:2.00 75788:2.00 75789:1.00 75790:1.00 75791:1.00 75792:1.00 75793:2.00 75795:1.00 76206:3.00 76213:1.00 76509:1.00 76511:2.00
travaillent	67554:2.00 68383:1.00 68387:2.00 68643:1.00 68881:1.00 68885:1.00 71612:1.00 71835:1.00 71842:1.00 72116:1.00 72393:1.00 72636:1.00 72936:1.00 73432:1.00 73685:1.00 73875:1.00 74172:1.00 75788:1.00 75790:2.00 76507:1.00
travaillon	70745:1.00 72114:1.00 73876:1.00 74169:1.00 74450:1.00 75063:1.00 75789:1.00 75790:1.00 76508:1.00
traval	67068:2.00 67388:1.00 67389:3.00 67391:1.00 67556:1.00 67558:1.00 67802:2.00 67937:3.00 67940:1.00 68279:1.00 68280:1.00 68383:1.00 68388:1.00 68390:1.00 68393:1.00 68881:2.00 68882:1.00 68885:1.00 68886:1.00 69184:3.00 69534:2.00 69539:2.00 69540:2.00 69812:1.00 69813:1.00 69816:1.00 69819:2.00 70161:1.00 70167:1.00 70420:1.00 70421:2.00 70425:1.00 70426:2.00 70743:1.00 70745:3.00 70746:1.00 70922:1.00 70923:2.00 71362:1.00 71612:1.00 71837:2.00 71841:1.00 71843:1.00 72113:5.00 72115:1.00 72119:1.00 72392:1.00 72393:2.00 72394:1.00 72397:1.00 72398:1.00 72630:4.00 72631:1.00 72632:1.00 72932:5.00 72934:2.00 72939:1.00 73182:3.00 73184:2.00 73188:1.00 73189:1.00 73431:3.00 73432:2.00 73434:1.00 73435:1.00 73436:1.00 73685:1.00 73688:1.00 73690:1.00 73875:2.00 73876:1.00 73877:2.00 73878:1.00 73883:1.00 74168:1.00 74173:1.00 74453:1.00 74454:2.00 74744:1.00 74745:1.00 74750:1.00 74752:1.00 75063:1.00 75070:1.00 75458:1.00 75459:2.00 75464:2.00 75790:1.00 75794:1.00 76206:3.00 76207:1.00 76210:1.00 76213:1.00 76511:4.00 76512:1.00 76513:1.00 76516:1.00
traver	67554:1.00 67555:1.00 67561:1.00 67796:1.00 67798:1.00 67939:1.00 68275:1.00 68383:1.00 68882:1.00 69535:1.00 69536:1.00 70164:1.00 70169:1.00 70421:1.00 70424:1.00 70745:1.00 70748:3.00 70921:1.00 71362:1.00 71363:1.00 72397:1.00 72630:1.00 72631:2.00 72936:1.00 73184:1.00 73883:1.00 74744:2.00 74748:1.00 74749:1.00 74751:1.00 75070:1.00 75458:1.00 75460:1.00 76515:1.00
travers	67554:1.00 67939:1.00 68389:1.00 72397:2.00 72629:2.00 72634:1.00 75458:4.00 75794:1.00
traçabl	68273:1.00 74455:1.00
traîn	71617:1.00
trembl	67942:1.00 74173:1.00
tremplin	72400:1.00
trent	67794:1.00 68387:1.00 75788:2.00
trentain	67802:1.00 68385:1.00 68638:1.00 69821:1.00 70744:1.00 71358:1.00 71616:1.00 71835:1.00 72393:1.00 73183:1.00 73434:1.00 74167:1.00 74171:1.00 75460:1.00 75795:1.00
trentenair	72932:1.00 76208:1.00
tri	69541:1.00 70921:1.00 72392:2.00 73879:1.00 75788:1.00
triarylamin	70167:1.00 73436:1.00
tribart	73437:4.00
tribolog	68886:1.00
tribun	74174:1.00
tributair	75789:1.00
tricycl	75066:1.00
tridimensionnel	70746:1.00
trilingu	68888:1.00
trimatec	67561:1.00
trimestr	67553:1.00 71841:1.00
trimouv	75066:1.00
trinitrotoluen	70425:1.00
trip	71835:1.00
tripl	75461:1.00 76512:1.00
tritium	74168:5.00
tritur	74457:1.00
troi	75065:2.00
trois	67068:1.00 67383:1.00 67386:1.00 67388:1.00 67553:2.00 67555:3.00 67795:3.00 67937:3.00 67939:1.00 68274:2.00 68276:1.00 68279:1.00 68389:1.00 68391:1.00 68640:1.00 68642:1.00 68643:1.00 68645:1.00 68881:1.00 68888:1.00 69179:3.00 69182:1.00 69183:1.00 69533:1.00 69534:1.00 69536:1.00 69811:2.00 69818:1.00 69820:1.00 70161:3.00 70162:2.00 70164:1.00 70422:1.00 70424:2.00 70746:1.00 70914:2.00 70916:5.00 71361:1.00 71362:2.00 71366:1.00 71614:1.00 71615:1.00 71616:1.00 71618:1.00 71842:1.00 72113:1.00 72114:2.00 72119:2.00 72393:2.00 72395:1.00 72397:1.00 72398:2.00 72630:1.00 72634:2.00 72637:1.00 72932:2.00 72933:1.00 73430:1.00 73434:1.00 73683:2.00 73684:2.00 73685:1.00 73689:1.00 73690:1.00 73877:1.00 73880:5.00 73881:1.00 73882:1.00 74167:1.00 74169:1.00 74176:1.00 74449:1.00 74452:1.00 74453:1.00 74455:1.00 74747:1.00 74749:1.00 75063:1.00 75457:1.00 75464:1.00 75466:1.00 75788:1.00 75789:1.00 75790:1.00 75791:1.00 76207:2.00 76213:1.00 76507:1.00
troisiem	67939:1.00 68281:1.00 68387:1.00 68389:1.00 68639:1.00 68882:1.00 69533:1.00 69535:1.00 70745:1.00 70749:1.00 71357:1.00 71359:1.00 71361:2.00 71614:2.00 71617:1.00 71842:1.00 72114:1.00 72629:1.00 72635:1.00 73432:1.00 75067:1.00 75793:1.00 76213:1.00
tromp	68638:1.00 72631:1.00 75065:1.00
tronc	72117:1.00
tronic	72122:1.00
trop	67555:2.00 67801:1.00 67937:1.00 68274:1.00 68643:1.00 68887:1.00 69184:1.00 69534:1.00 69821:1.00 70161:1.00 70421:1.00 71363:1.00 72396:1.00 72629:1.00 72630:1.00 72932:1.00 73183:1.00 73185:1.00 73684:1.00 73876:1.00 74167:1.00 74453:1.00 74455:2.00 75458:2.00 75792:1.00
troph	70752:1.00 71840:1.00 72400:1.00 75458:1.00
tropical	67939:8.00 69181:1.00 69821:5.00 74457:1.00
tropiqu	67939:20.00 69177:1.00 75789:2.00
trossat	68885:1.00
trou	69811:1.00 72397:1.00
troubl	67556:1.00 68277:2.00 71841:8.00 72632:1.00 74171:1.00 74173:1.00 75791:1.00 76508:3.00
troupeau	75458:2.00
trouv	67068:2.00 67383:1.00 67389:1.00 67798:1.00 68273:1.00 68388:1.00 68646:1.00 68882:1.00 69534:1.00 69535:1.00 70420:1.00 70421:2.00 70744:1.00 70745:1.00 70749:2.00 70915:1.00 71359:1.00 71614:1.00 71621:1.00 71843:1.00 72115:1.00 72118:3.00 72394:1.00 72630:1.00 72631:2.00 72932:1.00 72933:1.00 72940:1.00 73434:1.00 73683:4.00 73684:1.00 73687:2.00 73884:1.00 74450:1.00 74745:1.00 74746:1.00 75065:1.00 75458:1.00 75461:1.00 75788:2.00 75789:1.00 75792:1.00 76208:1.00 76210:2.00 76507:1.00
trouvent	70421:1.00 71358:1.00 72115:1.00 73437:1.00
trouvon	74745:1.00
trustinsoft	76207:7.00
try	67387:2.00
trystram	67795:6.00
trésorer	68643:2.00 74167:1.00
trésori	67553:1.00
tseu	72396:1.00
tsinghu	70920:2.00
tsunam	67942:1.00 69811:1.00 70915:1.00 73880:1.00
tsv	67554:1.00
ttc	69818:1.00
tu	70161:2.00 74173:1.00
tub	67558:4.00 67800:1.00 70918:1.00 73188:1.00 73432:1.00
tubercul	73431:1.00
tuberculos	73431:2.00
tulip	68273:1.00
tumeur	67068:1.00 67802:1.00 70918:4.00 72117:1.00
tumoral	73691:1.00 75065:3.00
tungsten	74168:12.00 75064:2.00
tunis	69820:1.00 72629:1.00
tunisien	67391:1.00
tunnel	72119:1.00 72397:1.00 73875:1.00 75070:2.00 76510:1.00
turbid	68883:1.00
turbin	72397:1.00 74745:2.00
turbomec	67068:1.00 74745:1.00
turboréacteur	74745:1.00
turbulent	69537:1.00 73434:1.00
tutel	68883:1.00 69181:1.00 74752:1.00
tuyau	68881:1.00
typ	67386:1.00 67387:3.00 67388:2.00 67390:1.00 67553:1.00 67795:1.00 67802:2.00 67937:1.00 67940:2.00 68274:1.00 68275:1.00 68387:3.00 68640:1.00 68643:1.00 68644:3.00 68881:1.00 68883:1.00 69177:1.00 69178:2.00 69183:1.00 69534:1.00 69537:1.00 69539:1.00 69540:1.00 69813:2.00 69817:1.00 70166:1.00 70420:3.00 70421:2.00 70425:1.00 70914:1.00 70916:1.00 70919:3.00 70920:1.00 71357:2.00 71359:3.00 71612:2.00 71617:1.00 72113:2.00 72118:1.00 72392:1.00 72393:2.00 72394:1.00 72631:1.00 72634:1.00 72635:1.00 72935:1.00 73182:1.00 73185:2.00 73186:1.00 73430:1.00 73432:1.00 73434:2.00 73436:1.00 73683:1.00 73684:1.00 73688:1.00 73879:1.00 74168:1.00 74173:6.00 74449:1.00 74450:1.00 74744:1.00 74749:1.00 74750:1.00 75065:1.00 75067:1.00 75789:1.00 75793:2.00 75794:1.00 76206:1.00 76207:1.00 76209:1.00 76508:1.00 76509:1.00 76515:1.00
typhimurium	69183:1.00
typiqu	69181:1.00
typolog	68279:1.00
tâch	70165:1.00 70422:1.00 72394:1.00 72932:1.00 73182:1.00 73190:1.00 74452:1.00 75791:1.00
télescop	70163:1.00 70424:2.00 70914:1.00 73186:3.00 73688:3.00
télécom	72633:1.00 73430:3.00 75063:2.00 75071:1.00
télécommun	67068:2.00 67386:1.00 68392:7.00 70168:1.00 72934:1.00 73190:1.00 75071:2.00 75789:5.00 76508:1.00
téléphon	67386:1.00 67554:3.00 68279:1.00 70747:1.00 72401:1.00 76508:7.00
télévis	70747:1.00 72401:1.00
téléviseur	76508:1.00
témoign	70422:1.00 71612:1.00 71842:1.00
témoignag	67561:1.00 68276:1.00 70170:1.00 70923:1.00 71612:1.00 74174:1.00 75796:1.00
témoignent	71362:1.00 71835:1.00 74746:1.00
témoin	68387:1.00 68646:1.00 68889:1.00 72937:1.00 74175:2.00 75797:1.00
téraflop	74452:1.00
téraoctet	69811:1.00
térawat	72397:1.00
tésséker	75458:2.00
têt	70161:2.00 70422:1.00 71837:2.00 72117:1.00 72394:1.00 72396:1.00 72933:1.00 73430:1.00 74171:3.00 74172:1.00 74450:1.00 74744:1.00 74749:1.00
tôt	69812:1.00 70749:1.00 71617:1.00 71621:1.00 72394:1.00 72396:1.00 73434:1.00 76509:1.00
u	72637:1.00 76511:1.00
uag	71362:2.00
uas	70165:1.00
uc	70422:1.00 73435:1.00
ucad	75458:2.00
ufr	69536:1.00
ugb	75458:1.00
ujf	73878:1.00
uk	68386:1.00
ulcer	73431:1.00
ulis	67796:5.00
ulm	69542:3.00 73182:1.00
ultim	69813:1.00 75070:1.00
ultra	70423:3.00 72118:3.00 72934:1.00 76208:1.00
ultrason	67068:2.00 73435:2.00
ultraviolet	74744:1.00
ultérieur	72629:1.00
umam	72631:2.00
umi	68278:2.00 69180:2.00 75458:3.00
umpc	67802:1.00
umr	68275:1.00 69812:1.00 69817:1.00 70745:2.00 71837:1.00 72631:1.00 72634:2.00 73184:2.00 73683:1.00 75459:2.00 75793:1.00
umt	67388:3.00 68885:3.00
un	67554:1.00 67938:1.00 68383:1.00 68638:1.00 70422:1.00 71835:1.00 73875:1.00 74751:1.00 74752:1.00 76507:1.00
unanim	76209:1.00
une	68886:1.00 70161:1.00 70424:1.00 70745:1.00 73875:1.00 74450:1.00 76206:1.00 76209:1.00
unesco	71612:3.00 74175:1.00
uni	73430:1.00 75069:1.00
uniform	72630:1.00
union	67557:1.00 67944:1.00 68277:1.00 68642:3.00 71841:1.00 72934:1.00 74168:2.00 75064:1.00 75792:1.00
uniqu	67068:1.00 67553:1.00 67795:1.00 67798:1.00 67799:1.00 67937:1.00 67941:1.00 67944:1.00 68279:1.00 68638:1.00 68643:2.00 68881:1.00 68884:1.00 68886:1.00 69178:1.00 69182:3.00 69185:1.00 69534:1.00 69815:3.00 69817:2.00 69818:1.00 69819:1.00 70162:1.00 70167:1.00 70420:2.00 70421:1.00 70423:1.00 70747:1.00 70915:2.00 70916:1.00 70919:1.00 70921:4.00 71361:1.00 71616:1.00 71617:2.00 71619:1.00 71842:2.00 72113:1.00 72114:1.00 72122:2.00 72394:1.00 72397:3.00 72629:3.00 72631:1.00 72634:1.00 72932:1.00 72939:1.00 73183:2.00 73432:1.00 73438:1.00 73683:3.00 73685:1.00 73687:1.00 73876:1.00 73879:1.00 74168:2.00 74169:2.00 74453:1.00 74455:2.00 75070:2.00 75457:1.00 75788:3.00 75790:1.00 75793:2.00 75797:1.00 76206:1.00 76208:1.00 76513:3.00
unir	72933:1.00
unis	67383:1.00 67942:1.00 67943:1.00 68274:3.00 68281:1.00 68638:1.00 68881:1.00 69815:1.00 69820:1.00 70163:1.00 70422:7.00 70922:1.00 71614:1.00 71616:1.00 71837:1.00 71838:1.00 71840:1.00 72117:1.00 72393:1.00 72932:1.00 73183:1.00 73187:1.00 73879:1.00 74167:1.00 74168:1.00 74452:1.00 74749:1.00 75064:1.00 75065:2.00 75792:1.00 76207:1.00 76209:2.00 76508:1.00
unit	67068:1.00 67388:2.00 67389:1.00 67390:1.00 67556:3.00 67801:1.00 67802:1.00 67941:2.00 68278:3.00 68384:1.00 68385:1.00 68387:1.00 68388:1.00 68882:1.00 68883:1.00 68885:1.00 69180:4.00 69184:1.00 69812:4.00 70420:4.00 70425:1.00 70426:1.00 70743:1.00 70745:1.00 70746:1.00 70916:1.00 71612:1.00 71618:1.00 71836:1.00 71837:1.00 71842:1.00 72393:2.00 72394:1.00 72630:1.00 72631:1.00 72633:1.00 73184:1.00 73431:1.00 73432:1.00 73683:1.00 73687:1.00 73877:1.00 74169:1.00 74170:1.00 75063:1.00 75069:1.00 75458:2.00 75459:1.00 75793:1.00 76515:1.00
unitair	67390:1.00 71836:1.00
united	68886:1.00
univer	68638:1.00 70163:4.00 70421:2.00 70424:4.00 71357:2.00 71359:1.00 71835:1.00 72401:1.00 72932:1.00 73878:1.00 74169:1.00 74752:1.00 75063:1.00 76206:2.00
univers	67068:1.00 67071:1.00 67386:1.00 67387:1.00 67800:1.00 67944:1.00 68278:1.00 68388:1.00 68391:1.00 68881:1.00 68888:2.00 69179:1.00 69539:1.00 70422:2.00 70914:2.00 70922:1.00 71362:1.00 71614:1.00 72114:1.00 72116:1.00 72394:1.00 73185:1.00 73876:1.00 75063:1.00 75460:1.00 75788:2.00 75796:1.00
universel	70162:1.00 73182:1.00
universit	73688:1.00
universitair	67561:1.00 67795:1.00 67798:2.00 67799:1.00 67940:2.00 68387:1.00 68646:1.00 70161:2.00 70745:1.00 70923:1.00 71612:1.00 72394:6.00 72631:1.00 72937:1.00 73877:1.00 73879:2.00 73881:1.00 74454:3.00 74752:1.00 75458:2.00 75793:1.00 76509:1.00 76513:1.00
universiteit	69534:1.00
university	68278:1.00 69179:1.00 71614:1.00
unmanned	70165:1.00
unrpa	69541:1.00
up	67068:2.00 67799:1.00 67802:1.00 68281:1.00 68643:5.00 68881:10.00 70751:1.00 70921:1.00 71359:2.00 71616:6.00 71842:2.00 72119:1.00 72392:1.00 72629:8.00 73691:1.00 73878:1.00 74450:2.00 74451:1.00 74452:1.00 75066:2.00 75068:1.00 75461:1.00 75465:1.00 75466:1.00 75795:1.00 76207:2.00 76208:4.00 76211:4.00
upec	67945:2.00
upmc	67068:1.00 68277:1.00 68384:1.00 68645:1.00 69533:1.00 70744:1.00 70747:1.00 70916:1.00 71360:3.00 73183:1.00 74746:1.00 74750:1.00 75063:1.00 75070:1.00
ur	75791:1.00
uranium	73684:1.00
urbain	69535:1.00 70162:2.00 70170:1.00 71836:1.00 72114:1.00 72399:1.00 72939:1.00 73683:2.00 73875:1.00 75796:1.00
urban	72113:1.00
urbanis	69181:1.00 69535:1.00 70916:1.00 76213:1.00
urbano	73685:5.00
urgenc	67801:2.00 70918:1.00 72940:1.00 73430:1.00 74457:1.00 76213:1.00
urgent	67794:1.00 68383:1.00 68387:2.00 69182:1.00 73182:1.00 73183:2.00 75069:1.00 75458:1.00 75792:1.00
url	67802:1.00
urtal	67388:1.00
us	71840:1.00
usag	68645:2.00 68882:1.00 69818:1.00 70165:4.00 70169:1.00 70920:2.00 71357:3.00 72113:2.00 72121:1.00 72399:1.00 72400:2.00 73182:2.00 73184:1.00 73876:3.00 73877:1.00 74176:1.00 74747:1.00 75063:2.00 75069:1.00 75796:1.00 75797:1.00 76514:1.00
use	68645:1.00
usin	67385:1.00 67386:3.00 69813:1.00 72392:1.00 72630:1.00 72636:1.00 72933:1.00 73433:1.00 76213:2.00
usinag	73687:1.00
usttb	75458:1.00
usur	67386:1.00
util	67387:1.00 68883:1.00 69179:5.00 70161:1.00 71618:1.00 71836:1.00 72113:1.00 73432:1.00 73879:1.00 74457:4.00 75789:1.00 75793:1.00
utili	67801:1.00
utilisent	69540:1.00 69811:1.00 70744:1.00 70916:1.00 72115:1.00 72932:1.00 73875:1.00 75794:2.00
utérus	72935:1.00 74455:4.00
uv	71360:1.00
uvsq	68645:1.00 69533:2.00 71838:1.00 75463:1.00
v	71839:1.00 76511:1.00 76515:3.00
va	67068:1.00 67383:1.00 67385:1.00 67554:1.00 67555:2.00 67558:1.00 67794:2.00 67795:2.00 67938:1.00 67939:5.00 67945:1.00 68273:1.00 68275:1.00 68276:1.00 68277:1.00 68279:2.00 68383:1.00 68638:1.00 68643:2.00 68882:1.00 68884:2.00 69178:2.00 69534:2.00 69812:2.00 69815:1.00 69817:1.00 70166:1.00 70420:1.00 70421:1.00 70424:1.00 70744:1.00 70745:2.00 70916:3.00 70923:3.00 71357:1.00 71359:8.00 71360:1.00 71612:1.00 71614:4.00 71835:2.00 71836:1.00 71837:3.00 71840:1.00 71842:1.00 72114:1.00 72116:2.00 72118:1.00 72392:6.00 72393:1.00 72394:3.00 72397:1.00 72629:1.00 72631:1.00 72634:1.00 72932:2.00 72935:1.00 72936:1.00 73183:3.00 73430:2.00 73431:1.00 73432:6.00 73683:1.00 73685:1.00 73686:4.00 73689:1.00 73875:1.00 73876:2.00 73884:1.00 74167:1.00 74168:5.00 74450:5.00 74451:1.00 74746:1.00 74749:2.00 74751:1.00 75063:1.00 75064:2.00 75065:2.00 75067:1.00 75069:2.00 75070:1.00 75457:1.00 75459:2.00 75461:1.00 75462:2.00 75788:1.00 76208:1.00 76209:2.00 76213:6.00 76510:1.00 76511:2.00
vacccin	69813:1.00
vaccin	67937:1.00 69813:3.00 72935:9.00 73184:1.00
vagu	69817:1.00 70743:2.00 70744:1.00 73434:1.00
vaimos	68883:9.00 74170:7.00
vain	70745:1.00 74455:1.00
vaison	70916:1.00
vaisseau	69177:1.00 72117:1.00 73189:1.00
val	67945:1.00 68277:1.00 68885:1.00 72938:1.00 72939:1.00 74172:3.00
valenc	67945:1.00 68393:1.00 70916:1.00
valenci	76206:1.00
valencien	72635:1.00
valer	67068:1.00 67071:1.00
valeur	68276:1.00 69535:1.00 69540:3.00 69811:1.00 70748:1.00 70920:3.00 70921:1.00 71358:2.00 72395:1.00 72637:1.00 72933:2.00 72939:1.00 73182:1.00 73876:1.00 74169:2.00 76511:1.00
valid	67071:1.00 67385:1.00 67392:1.00 67554:1.00 67797:1.00 67939:1.00 68883:1.00 69178:1.00 69179:1.00 69537:1.00 69815:1.00 70914:1.00 70918:1.00 72113:1.00 72118:1.00 72634:2.00 72934:1.00 73875:1.00 74168:1.00 74449:1.00 74453:2.00 74751:1.00 75064:2.00 75067:4.00 75069:1.00 75792:1.00 75793:2.00
valis	73431:7.00
vall	68645:1.00 68889:1.00 69537:2.00 69813:1.00 72392:1.00
vallet	71621:3.00
valley	67946:1.00 74455:1.00 74746:3.00
valo	72117:1.00
valoir	74457:1.00
valorial	74449:1.00
valoris	67385:2.00 67553:1.00 67946:1.00 68273:1.00 68885:1.00 69815:1.00 70426:1.00 71362:1.00 71845:3.00 72117:1.00 72630:1.00 72634:2.00 72939:5.00 73430:1.00 73431:2.00 73433:1.00 73438:1.00 73683:1.00 73877:2.00 73878:1.00 74748:2.00 75067:1.00 76209:1.00
valros	67561:1.00
valu	72115:1.00
valv	74454:1.00
van	74449:2.00
vanni	70914:1.00
vant	74167:1.00
vapeur	67939:6.00 70426:1.00 72394:1.00 73683:1.00
var	67388:1.00 68274:1.00 70744:1.00 70916:1.00 73688:1.00
vari	67068:1.00 67388:1.00 67554:1.00 67938:1.00 68639:1.00 68886:1.00 70161:1.00 70745:1.00 70919:1.00 71363:1.00 71837:1.00 72116:1.00 72394:1.00 73881:1.00 74167:1.00 74173:1.00 74744:1.00 75466:1.00
variabl	67387:1.00 67388:2.00 67800:1.00 68273:1.00 68882:1.00 69181:1.00 69537:1.00 70420:1.00 70916:1.00 72395:1.00 74449:1.00 75463:1.00 75790:1.00
variat	67390:1.00 67938:3.00 67942:2.00 69811:2.00 75067:1.00 75458:1.00
variet	67391:1.00 68882:1.00 69182:1.00 69535:1.00 70420:1.00 72113:1.00 73877:1.00 74449:1.00
variétal	68279:1.00 70420:1.00 73877:1.00
varsov	67555:1.00
vasculair	69184:1.00 73189:1.00
vassal	74169:1.00
vassivi	67944:2.00
vast	67386:1.00 69184:1.00 70421:1.00 74456:1.00 76211:1.00
vauclus	70916:1.00
vaudr	70424:1.00 71835:1.00 73185:1.00
vaut	70914:1.00 72396:1.00
veau	67388:3.00 74750:1.00
vecteur	67802:2.00 69813:2.00
vectoris	73184:3.00
veg	69177:4.00 69179:11.00
vegepoly	75069:1.00
veil	67386:2.00 68273:1.00 73685:1.00 74449:1.00 74455:1.00 75465:1.00
veillet	67799:1.00 71360:1.00
velléit	71614:1.00
ven	67068:1.00 67071:1.00 67795:1.00 67942:1.00 68280:1.00 68882:2.00 68883:1.00 69533:2.00 69816:1.00 69817:1.00 70162:3.00 70422:1.00 70423:1.00 70916:2.00 70921:1.00 72113:1.00 72394:3.00 72634:2.00 73690:1.00 73875:1.00 73876:1.00 73877:2.00 75458:1.00 76515:1.00
vend	69811:1.00
vendang	73684:1.00 73877:1.00 76206:1.00
vendr	75458:1.00
vendu	68274:1.00 72933:1.00
vendus	71614:1.00 74171:1.00
venim	73878:1.00
venin	71843:2.00 72115:11.00 73878:8.00
venon	68643:1.00 72629:1.00 73877:1.00
vent	68273:1.00 68389:1.00 68883:1.00 70743:4.00 70916:3.00 71614:1.00 72629:1.00 73187:1.00 73434:1.00 73880:1.00 75463:1.00 75789:1.00 76510:1.00
ventral	67937:1.00
ventur	68273:1.00 69815:1.00 72400:2.00 75466:1.00
venu	67939:1.00 68387:1.00 72396:2.00 72630:1.00 73683:1.00 73685:1.00 74170:1.00
venus	67945:1.00 68638:1.00 69178:1.00 69542:1.00 70921:1.00 71362:1.00 71619:1.00 72393:1.00 73683:1.00 74744:1.00 76515:1.00
veoli	72392:8.00 74450:1.00
ver	67071:1.00 67557:2.00 67798:1.00 68279:1.00 68389:2.00 68638:2.00 68884:1.00 69533:1.00 69538:2.00 69540:2.00 69542:1.00 70422:1.00 70753:1.00 70914:2.00 71358:1.00 71621:1.00 71837:1.00 72115:1.00 72117:1.00 72392:1.00 72633:1.00 72635:2.00 72932:2.00 72935:1.00 72937:1.00 73182:3.00 73184:1.00 73430:1.00 73683:1.00 74169:2.00 74175:3.00 74450:2.00 74457:1.00 74749:1.00 74752:1.00 75067:2.00 75069:1.00 75070:2.00 75457:1.00 75463:1.00 75791:1.00 75794:2.00 76210:1.00 76213:3.00 76507:1.00 76510:1.00
verb	74167:1.00
verbalis	75793:2.00
vercherand	68276:1.00
vercueil	74453:1.00
verit	70169:1.00
vern	73683:3.00 75068:6.00
vernejoul	69184:1.00
vernissag	70751:1.00
verr	68280:4.00 68387:1.00 68886:2.00 69177:2.00 69819:12.00 70420:1.00 70421:2.00 71842:1.00 72400:1.00 72934:1.00
verront	71619:1.00 72939:1.00
verrou	73188:1.00
verrous	75789:1.00
vers	70420:1.00
versaill	69533:1.00
version	67940:1.00 69821:1.00 70916:1.00 74168:1.00 75793:2.00
vert	67068:1.00 67071:1.00 68278:3.00 68889:1.00 69535:4.00 69814:1.00 69816:1.00 70424:2.00 70744:1.00 72115:4.00 72121:1.00 72635:1.00 75067:1.00 75458:14.00
vertical	67939:1.00 68883:1.00 69178:1.00 70425:1.00 70744:1.00 72635:2.00
vertigo	74746:1.00
vertueux	69538:1.00 71359:1.00
vertus	67558:1.00 72113:1.00
vertébral	71614:1.00
verwaerd	68638:2.00
very	68881:1.00
vestig	75788:1.00
veulent	67794:1.00
veurey	67796:1.00
veut	67795:1.00 68383:1.00 74450:1.00 75069:1.00 76213:1.00
veux	67795:1.00 72394:1.00
vho	73684:2.00
vi	67068:1.00 67071:1.00 67383:1.00 67553:1.00 67554:2.00 67555:1.00 67798:2.00 67799:1.00 67801:1.00 67937:1.00 67938:1.00 67939:4.00 67944:1.00 68274:4.00 68277:1.00 68279:1.00 68383:1.00 68387:1.00 68388:2.00 68389:1.00 69177:1.00 69178:1.00 69179:1.00 69535:1.00 69539:1.00 69811:1.00 69819:1.00 69821:1.00 70161:1.00 70162:2.00 70420:4.00 70429:1.00 70745:1.00 70923:2.00 71357:1.00 71358:1.00 71362:2.00 71620:3.00 71835:5.00 71836:1.00 71842:1.00 71845:3.00 72116:2.00 72119:1.00 72392:1.00 72394:2.00 72396:1.00 72629:1.00 72932:3.00 72933:1.00 72936:1.00 73182:2.00 73431:1.00 73434:1.00 73435:1.00 73684:2.00 73688:3.00 73878:1.00 74167:2.00 74169:1.00 74172:1.00 74746:1.00 74751:1.00 75063:2.00 75065:1.00 75071:1.00 75459:1.00 75464:1.00 75465:2.00 75791:1.00 75792:2.00 75793:5.00 75795:1.00 76207:1.00 76208:1.00 76213:1.00 76509:1.00 76511:2.00
viabl	67554:1.00 75789:1.00 75792:1.00
viagor	72634:1.00
vialou	75788:2.00
viand	67794:2.00 71357:1.00 76213:2.00 76511:1.00
vibrat	69820:3.00 70163:1.00 70421:1.00 70425:1.00 70919:1.00 75794:1.00
vibratoir	69820:1.00
vibreur	70421:1.00
vic	67553:1.00 68386:1.00 71358:1.00 71617:1.00 72113:1.00 73182:1.00 73187:1.00 74167:1.00 74175:1.00 74456:1.00
victim	67801:1.00 70162:1.00 74167:1.00 76510:1.00
victoir	70915:1.00
vid	68638:1.00
vidar	69534:1.00
vidéo	67554:1.00 67802:1.00 70162:1.00
vidéos	76509:1.00
vidéosurveil	67796:1.00
vieil	67798:1.00 68277:4.00 68387:1.00 69535:1.00 71357:1.00 71360:1.00 74449:2.00 74746:6.00 74749:4.00 75063:1.00 75465:5.00 76213:1.00 76515:3.00
viem	73683:2.00
vien	70421:1.00
viendr	68277:1.00 71842:1.00
viendront	72940:1.00 74174:1.00 74749:1.00 75796:1.00
viennent	67556:1.00 67558:1.00 67802:1.00 67940:1.00 67942:1.00 68388:1.00 68643:1.00 68886:1.00 69536:1.00 69814:1.00 70429:1.00 70746:1.00 70916:1.00 71621:1.00 71835:1.00 71838:1.00 72117:1.00 72630:1.00 72632:1.00 72934:1.00 72940:1.00 73186:1.00 73188:1.00 74450:1.00 74451:1.00 74752:1.00 75070:1.00 75458:1.00 76511:1.00
vient	67796:1.00 67798:1.00 67799:1.00 67802:1.00 67939:1.00 67943:1.00 67944:1.00 68274:2.00 68277:1.00 68384:1.00 68385:1.00 68638:1.00 68641:1.00 68642:1.00 68643:2.00 68882:1.00 68887:1.00 69183:1.00 69533:1.00 69535:1.00 69536:1.00 69812:1.00 69815:1.00 69816:1.00 69821:2.00 70163:1.00 70421:2.00 70424:1.00 70426:1.00 70753:1.00 70916:2.00 70917:1.00 70919:1.00 70920:1.00 70922:1.00 70923:1.00 71360:1.00 71361:1.00 71612:1.00 71616:1.00 71837:1.00 71839:1.00 71840:2.00 72113:1.00 72119:1.00 72631:1.00 72632:1.00 72935:2.00 73182:1.00 73189:1.00 73433:1.00 73686:1.00 73875:1.00 73878:1.00 73882:1.00 74450:1.00 74452:1.00 74453:1.00 74455:1.00 74749:1.00 75458:1.00 76207:2.00 76213:1.00 76510:1.00
vign	68387:2.00 69182:1.00 69537:8.00 73684:12.00 73877:12.00 74169:1.00 76511:1.00 76512:1.00
vigneron	73684:1.00
vignobl	68387:1.00 73684:5.00 73877:3.00 74169:1.00 76206:1.00
vignon	72629:1.00
viking	70745:1.00
vilain	68885:1.00
vilarem	72630:4.00
vilhen	75788:1.00
vill	67068:1.00 67071:1.00 67383:1.00 67555:1.00 68277:1.00 68280:1.00 68889:1.00 69535:1.00 72113:1.00 72396:1.00 72400:1.00 72939:1.00 73182:2.00 73690:1.00 73875:1.00 75466:1.00 76511:1.00
villag	69542:1.00 73185:1.00 75458:1.00
villain	76509:1.00
villan	68276:2.00 70161:1.00 71835:9.00 72932:2.00
villeneuv	67940:1.00
villet	69185:1.00
vilvord	72394:1.00
vin	68387:8.00 73684:13.00 73877:11.00 74169:2.00 76206:12.00 76512:7.00 76516:1.00
vinc	73875:1.00
vingt	67383:1.00 68385:1.00 69181:1.00 69813:1.00 71357:1.00 71362:1.00 72113:1.00 72634:1.00 72933:1.00 73434:2.00 73683:2.00 75459:1.00
vingtain	68274:1.00 68387:1.00 68638:1.00 69541:1.00 70161:1.00 70422:1.00 70428:1.00 70749:1.00 70916:1.00 71357:2.00 71361:1.00 71612:1.00 71614:1.00 71840:2.00 71842:2.00 72933:1.00 72939:1.00 73187:1.00 73684:2.00 73691:1.00 74168:1.00 74450:1.00 74453:1.00 74744:1.00 75068:1.00 75458:1.00 75459:1.00
vinicol	73877:2.00 76512:1.00
vinicultur	73877:1.00
vinif	73684:1.00 73877:1.00
vinneo	76512:4.00
vinnov	68642:1.00
violent	70916:1.00 72940:1.00
violet	76512:1.00
virag	71359:1.00 71837:1.00
viral	67802:2.00 72935:2.00
vircopal	73431:9.00
virey	68279:2.00
virgin	67389:1.00 68391:2.00 74449:2.00
virtual	73431:1.00
virtuel	70162:1.00 70421:20.00 73431:2.00 73437:1.00 74168:2.00 74751:1.00 75063:10.00 75064:13.00
virur	73683:1.00
virus	69813:2.00 72935:2.00 73183:1.00 74452:2.00
vis	67386:1.00 67388:1.00 67557:2.00 67798:1.00 68274:1.00 68277:1.00 68279:6.00 68384:1.00 68385:1.00 68387:2.00 68388:4.00 68639:2.00 68642:1.00 68646:1.00 68881:2.00 68882:3.00 68884:1.00 68885:1.00 69177:1.00 69534:2.00 69537:1.00 69541:1.00 69813:2.00 69814:1.00 69818:2.00 70161:6.00 70421:2.00 70424:1.00 70426:1.00 70745:2.00 70916:2.00 70921:1.00 71612:1.00 71614:3.00 71615:1.00 71620:1.00 71838:2.00 71845:1.00 72114:1.00 72122:1.00 72394:3.00 72395:1.00 72634:2.00 72939:2.00 73432:3.00 73435:1.00 74167:2.00 74168:1.00 74173:1.00 74174:1.00 74449:1.00 74455:1.00 74745:2.00 74748:1.00 74749:1.00 74751:1.00 75064:1.00 75067:2.00 75457:2.00 75458:3.00 75464:1.00 75790:4.00 76206:1.00
visag	72630:2.00
visco	70746:1.00
viscos	69540:1.00
visent	69816:1.00 70922:1.00 76511:1.00
visibil	71358:1.00 74747:1.00 75465:1.00
visibl	67385:1.00 67388:1.00 67553:2.00 67939:1.00 68273:1.00 69539:1.00 70420:1.00 70422:1.00 70424:2.00 71359:1.00 73182:1.00 74169:1.00 75067:1.00
vision	67561:2.00 67794:1.00 67945:1.00 68383:1.00 68388:1.00 68638:1.00 68642:1.00 68886:1.00 70161:1.00 70162:1.00 70164:3.00 70421:3.00 70749:1.00 70751:1.00 71360:1.00 71617:4.00 73430:1.00 73434:1.00 73876:1.00 75793:1.00 76211:1.00
visionnair	73434:1.00
visit	67553:1.00 70751:3.00 70916:1.00 70921:1.00 71619:1.00 72396:2.00 72629:1.00 72939:1.00 74748:1.00 75071:1.00 75457:1.00 75458:1.00 76515:1.00
visiteur	69542:1.00 69543:1.00 72122:1.00 72396:1.00 72939:2.00 73437:1.00 73438:1.00 74748:1.00
vissi	76208:2.00
visualis	67796:1.00 68280:1.00 69817:1.00 69819:4.00 70162:1.00 70420:1.00 70421:1.00 70744:1.00 75064:1.00 75788:9.00
visuel	70744:1.00 72939:1.00 75788:1.00
vit	67068:1.00 67383:3.00 67938:1.00 68881:1.00 70161:1.00 70420:1.00 70422:1.00 70923:1.00 71366:1.00 71835:1.00 72630:2.00 73430:2.00 73684:1.00 73877:2.00 74167:2.00 74450:2.00 75069:1.00 75458:1.00
vitagor	67388:1.00 67555:1.00 67795:2.00 67798:2.00 68273:1.00 68279:6.00 68387:1.00 68643:1.00 68885:2.00 69534:1.00 69812:1.00 69817:1.00 70166:5.00 70420:1.00 70428:2.00 70745:3.00 70749:1.00 71359:1.00 71842:5.00 72116:1.00 72394:1.00 72396:14.00 72631:2.00 72634:6.00 73184:2.00 73685:2.00 73879:2.00 74169:1.00 74172:6.00 74449:3.00 74455:3.00 74749:3.00 75063:1.00 75069:1.00 75459:2.00 75462:3.00 75790:1.00 75793:2.00 76209:2.00 76507:4.00 76509:1.00 76511:5.00
vital	68642:1.00 72940:1.00 73877:1.00
vitamin	73184:9.00 75069:3.00 76511:1.00
vitess	67554:1.00 68390:1.00 68638:1.00 68886:6.00 69540:2.00 70420:1.00 70744:2.00 70914:1.00 70916:1.00 71617:1.00 72396:1.00 73434:2.00 73880:1.00 75794:3.00
viticol	69537:2.00 73877:4.00 76512:1.00
viticulteur	74169:1.00
viticultur	73684:1.00 73879:1.00 74450:1.00 75066:1.00
vitivinicol	73684:1.00
vitr	68274:3.00 69819:1.00
vitreux	68280:2.00
vitrin	72400:2.00 75466:1.00
vitro	68277:1.00 74455:1.00
viv	67795:1.00 67800:2.00 68280:1.00 68388:1.00 68391:1.00 69183:6.00 69539:1.00 69821:1.00 71612:1.00 71835:10.00 72119:1.00 72637:1.00 72932:1.00 74449:4.00 74451:4.00 75069:1.00 76511:10.00
vivar	70916:1.00
vivent	69813:1.00 70746:1.00 73688:1.00 75458:1.00
viver	71616:1.00 74451:1.00
vivifi	71358:1.00
vivo	67389:1.00 68277:1.00 68388:1.00 69534:1.00 71837:1.00
vivon	67938:1.00
vivr	67383:1.00 71621:1.00 72629:1.00 73684:2.00 73877:1.00 74749:1.00 75458:1.00
vivri	67794:1.00
vivron	74176:2.00
vladim	68638:1.00
vlsi	68881:2.00
vocabulair	76206:1.00
vocal	75063:2.00
vocat	68386:1.00 68393:1.00 68641:1.00 72113:1.00 72392:1.00 72398:1.00 73685:1.00 75457:1.00 75460:1.00
voeux	74455:1.00
voi	67390:1.00 67391:1.00 68882:1.00 70163:1.00 70426:1.00 72116:1.00 72118:1.00 73184:1.00 73436:2.00 73683:1.00 74169:1.00 74174:1.00 74449:1.00 74450:1.00 74454:1.00 75068:1.00 75795:1.00 76510:1.00
voil	68883:1.00 72114:1.00 73683:1.00 73880:1.00
voili	68883:8.00 72634:2.00 73183:3.00 74170:7.00
voilur	74450:1.00
voilà	72397:1.00 73875:1.00
voir	67068:1.00 67383:1.00 67388:1.00 67390:1.00 67553:1.00 67557:1.00 67794:1.00 68273:1.00 68280:1.00 68283:1.00 68387:2.00 68391:2.00 68638:1.00 68643:1.00 68882:1.00 68886:1.00 69177:1.00 69533:1.00 69534:2.00 69535:1.00 69813:2.00 69814:1.00 69819:1.00 69821:1.00 70161:1.00 70166:1.00 70420:1.00 70421:2.00 70422:3.00 70424:1.00 70743:1.00 70744:1.00 70745:1.00 70747:1.00 70749:1.00 70915:2.00 70919:1.00 70921:1.00 71359:1.00 71619:1.00 71621:1.00 71835:1.00 71843:1.00 72114:2.00 72115:1.00 72116:1.00 72392:1.00 72393:1.00 72396:1.00 72630:3.00 72632:1.00 72636:1.00 72932:3.00 72939:1.00 73431:1.00 73432:1.00 73684:1.00 73685:2.00 73687:1.00 73875:1.00 73876:2.00 74167:2.00 74168:1.00 74169:1.00 74172:1.00 74449:1.00 74450:2.00 74457:2.00 74744:1.00 74749:4.00 74750:3.00 74751:1.00 75068:1.00 75069:2.00 75789:1.00 75793:1.00 76211:1.00 76213:1.00 76511:2.00
voiron	75797:1.00
voisin	68641:1.00
voit	69540:1.00 70166:1.00 70421:2.00 71614:1.00 74450:1.00 75457:1.00
voitur	68274:3.00 68640:2.00 69814:1.00 73685:1.00
vol	67939:1.00 68387:1.00 68640:1.00 69177:3.00 69179:8.00 69542:3.00 70165:5.00 71617:5.00 72937:1.00 73879:1.00 74450:4.00 76510:4.00 76511:1.00
volatil	70425:2.00
volcan	67942:1.00 69811:1.00
volent	71617:1.00 74450:1.00
volet	67555:2.00 67938:1.00 69533:1.00 71838:1.00 72393:1.00 74176:4.00 75458:1.00 75793:1.00 76514:1.00
volgograd	72396:1.00
volont	67553:2.00 68278:1.00 68280:1.00 68643:1.00 68881:1.00 70164:1.00 70745:1.00 70923:1.00 71362:1.00 72392:1.00 73184:1.00 73430:2.00 73687:1.00 73879:1.00 74172:1.00 75457:1.00 76209:1.00
volontair	67798:1.00 68387:1.00 71357:1.00 72119:1.00 73185:1.00
volt	72934:1.00
voltag	72114:1.00
volum	67558:2.00 68273:1.00 69821:3.00 70165:1.00 75064:1.00 75067:1.00 75792:2.00
volumin	68881:1.00
von	71615:1.00 72932:1.00
vont	67387:1.00 67554:2.00 67794:1.00 67795:1.00 67800:1.00 67802:2.00 67937:1.00 67939:1.00 68273:2.00 68638:1.00 68643:1.00 68646:1.00 68882:1.00 69533:1.00 69539:1.00 69812:1.00 69813:2.00 69817:1.00 70168:1.00 70420:3.00 70424:1.00 70425:1.00 70745:1.00 70748:1.00 70749:1.00 70916:3.00 70923:2.00 71357:1.00 71358:1.00 71359:1.00 71362:1.00 71842:1.00 72116:1.00 72392:1.00 72397:1.00 72933:1.00 72935:1.00 72938:1.00 73182:1.00 73183:4.00 73683:1.00 73876:1.00 74167:1.00 74170:1.00 74744:1.00 74745:1.00 74749:1.00 75064:3.00 75065:1.00 75069:1.00 75070:1.00 75458:2.00 75461:1.00 75462:3.00 75788:1.00 75792:1.00 75793:1.00 76206:2.00 76213:2.00 76511:1.00
voroiz	67796:1.00
vos	67795:1.00 73684:1.00
votr	73684:1.00 74455:2.00 75462:2.00
voul	67068:1.00 67938:1.00 72629:1.00
voulion	67937:2.00
vouloir	72115:1.00 73878:1.00
voulon	70914:1.00
voulu	70425:1.00 74457:1.00
vous	67068:8.00 67385:1.00 67555:1.00 67561:1.00 67794:2.00 67795:4.00 67938:2.00 67946:1.00 68274:1.00 68643:1.00 68889:3.00 69177:1.00 69542:1.00 69543:3.00 70161:10.00 70751:1.00 70752:2.00 70921:2.00 72114:3.00 72121:1.00 72396:1.00 72397:1.00 72630:1.00 72632:1.00 72932:1.00 72933:2.00 73430:2.00 73438:1.00 73684:4.00 73691:1.00 73875:1.00 73876:1.00 73877:1.00 73881:3.00 73884:2.00 74176:2.00 74450:1.00 74455:2.00 74748:3.00 74752:1.00 75063:1.00 75457:1.00 75458:1.00 75466:1.00 75795:2.00 75796:1.00 75797:1.00 76512:1.00 76514:1.00
voyag	69179:1.00 69821:1.00 71617:1.00 72116:1.00 72396:3.00 72629:1.00 72936:1.00 74169:1.00
voyageur	72933:1.00 74456:1.00
voyon	73684:1.00
vrai	67068:1.00 67386:1.00 68391:2.00 68884:1.00 69186:1.00 69813:1.00 70161:1.00 70421:2.00 71359:1.00 71614:1.00 72629:2.00 72634:1.00 73182:1.00 73184:1.00 73430:1.00 73683:1.00 73684:1.00 74169:1.00 74172:1.00 74454:1.00 74749:1.00 75458:1.00
vrais	70421:1.00 70429:1.00 75466:1.00
vrillag	73683:1.00
vtt	76212:1.00
vu	67068:1.00 67554:1.00 68886:2.00 69177:1.00 69179:1.00 70424:1.00 70425:1.00 70916:1.00 71363:1.00 71836:4.00 71842:1.00 72635:1.00 72637:1.00 72933:1.00 73182:1.00 73683:1.00 73686:1.00 73879:1.00 74168:1.00 74450:2.00 74454:1.00 74457:1.00 75069:1.00 75070:1.00 75458:1.00 75788:1.00 75792:1.00 75793:1.00 76206:1.00
vulner	68283:1.00 68389:3.00 69533:1.00 69816:2.00 70916:2.00 71621:1.00 73183:1.00 74167:1.00
vécu	69821:1.00 72396:1.00 73185:1.00
vécus	71835:1.00
véget	67387:1.00 69816:1.00 74450:2.00
végétal	67385:1.00 67387:1.00 67388:1.00 67800:1.00 68279:1.00 68389:3.00 69537:1.00 69538:1.00 69811:1.00 70420:1.00 70423:1.00 71362:1.00 71618:1.00 71837:1.00 71845:1.00 72116:1.00 73433:1.00 74169:1.00 75069:1.00 75458:6.00 75796:1.00 76511:2.00 76516:1.00
véhicul	68640:8.00 70162:1.00 71836:1.00 72114:1.00 72934:1.00 73884:1.00 74455:1.00 76508:2.00
véliqu	68883:1.00
vélo	74748:2.00
véoli	72392:2.00
vérif	67390:1.00 69820:1.00 72113:1.00 74173:1.00 74751:1.00
vérifi	68279:1.00 68281:1.00 69540:1.00 76508:1.00
vérin	69179:1.00
vérit	67071:1.00 67383:1.00 67553:2.00 67795:3.00 67939:2.00 67941:1.00 68275:1.00 68387:1.00 68881:1.00 68885:1.00 69535:1.00 69813:1.00 70161:2.00 70170:1.00 70421:1.00 70744:1.00 70745:1.00 70915:1.00 70923:1.00 71621:1.00 71835:1.00 71842:1.00 72113:1.00 72394:1.00 72400:1.00 72401:1.00 72630:1.00 72633:1.00 72635:1.00 72636:1.00 73182:1.00 73185:1.00 73186:1.00 73187:1.00 73433:2.00 73436:1.00 73683:1.00 73876:1.00 74167:1.00 74169:4.00 74172:1.00 74453:1.00 74747:1.00 75065:1.00 75066:1.00 75068:1.00 75457:1.00 75458:1.00 75797:1.00 76206:1.00 76211:1.00 76507:1.00 76511:1.00
véron	70916:4.00
vétérinair	68384:1.00 73686:1.00 74455:1.00 74750:1.00 75462:1.00
vêt	73183:1.00 74746:1.00
vôtr	72396:1.00
w	74168:1.00
waard	73878:1.00
wafer	67554:3.00
wageningen	69534:1.00
wagn	70749:1.00
waldenström	70919:1.00
walllois	70921:1.00
wallois	70921:1.00
walt	68391:1.00
wany	67383:1.00
wat	69537:1.00 73434:1.00
wati	72938:1.00
watt	69179:1.00 72397:1.00
wavebreakmedi	75793:1.00 75795:1.00 76211:1.00
wayn	68388:2.00
wdi	69537:1.00
weak	70424:1.00
web	71359:2.00 71362:1.00
webb	70163:3.00
webrest	76507:1.00
weil	73182:1.00
wel	71839:1.00
welienc	71842:1.00 72116:1.00 72634:5.00
wellington	72935:1.00
west	74168:7.00 74450:1.00 75064:1.00
westinghous	72629:1.00
what	75459:1.00
whit	72121:1.00
whylot	75066:1.00
widou	75458:2.00
win	76510:7.00
window	73190:1.00 76507:2.00
winrest	76507:1.00
wipak	72634:1.00
wis	69814:4.00
wollongong	75459:1.00
wolton	68889:1.00
work	74749:1.00
workshop	68638:2.00 70752:1.00
world	74170:1.00
wrsc	74170:1.00
www	69181:1.00 69815:1.00 70914:2.00 70915:1.00 75071:1.00
wymelbek	74449:2.00
x	67390:1.00 68279:1.00 68391:4.00 68886:1.00 69539:2.00 69819:1.00 71836:1.00 72114:1.00 72635:1.00
xavi	68638:2.00 73879:3.00
xerox	70167:1.00
xiwrit	67945:1.00
xix	68276:1.00 70161:1.00
xixem	73875:1.00 74752:1.00
xviem	72939:1.00
xxem	68276:1.00 72932:1.00
xxiem	68383:1.00 69533:1.00 70161:1.00
yacht	72114:1.00
yannick	69177:5.00 70424:1.00
yaourt	68273:1.00
yeux	68274:1.00 70161:1.00 70744:6.00
yon	68279:2.00
york	71614:1.00
yttrium	75792:1.00
yunus	73185:2.00
yurok	76206:1.00
yve	72398:1.00 73875:5.00
yvelin	69533:1.00
yvet	72932:1.00 74751:1.00
z	69179:2.00
zefiro	69179:2.00
zet	68638:1.00
zetawatt	68638:1.00
zettawatt	68638:3.00
zimm	71614:1.00
zirconium	68390:6.00
ziziphus	75458:1.00
zodiac	75789:3.00
zon	68389:1.00 69181:2.00 69811:1.00 69819:1.00 70162:2.00 70169:1.00 70420:2.00 70916:1.00 71836:3.00 72632:1.00 73185:2.00 73684:1.00 73875:1.00 75458:6.00 75460:1.00 75461:1.00 75789:5.00
zonal	70162:1.00
zoolog	67938:1.00 71618:1.00
zuckerberg	71614:1.00
zébus	75458:1.00
zéland	67942:1.00 72393:1.00
zéro	72119:1.00
zérodur	71836:1.00
ß	73184:1.00
âge	67068:1.00 67388:1.00 67553:1.00 67555:5.00 68387:2.00 68646:1.00 70428:1.00 70749:1.00 71841:2.00 74449:2.00 74453:1.00 74746:1.00
âgé	67068:1.00 67555:1.00 67799:2.00 68645:1.00 72633:1.00 72636:1.00 74449:2.00 74453:1.00 74454:1.00 74746:6.00 74749:2.00 75063:3.00 75069:6.00 75466:1.00 76208:1.00
âme	71835:1.00 72114:1.00
ça	74752:1.00 75461:2.00
è	67946:1.00
ème	67392:2.00 67804:3.00 67945:1.00 67946:3.00 68279:1.00 68383:1.00 69178:1.00 69533:1.00 69538:1.00 69542:4.00 69818:1.00 70163:1.00 70168:3.00 70169:4.00 70170:3.00 70743:1.00 70745:1.00 70752:3.00 70914:1.00 71363:1.00 71612:3.00 71614:1.00 71620:3.00 71837:1.00 72114:6.00 72396:1.00 72400:1.00 72631:3.00 72633:1.00 72933:2.00 72937:5.00 73184:1.00 73190:3.00 73430:2.00 73435:1.00 73687:2.00 73691:3.00 73879:1.00 73882:1.00 73884:1.00 74176:1.00 74456:1.00 74746:1.00 74749:1.00 75065:1.00 75066:5.00 75069:1.00 75458:2.00 75459:1.00 75462:1.00 75464:3.00 75465:2.00 75466:3.00 75795:4.00 75796:3.00 75797:3.00 76209:1.00 76511:1.00 76516:3.00
ère	69185:3.00 69541:2.00 69820:3.00 70422:1.00 70743:2.00 71362:1.00 72114:1.00 72939:1.00 73430:1.00 73431:1.00 73437:1.00 73689:1.00 73875:1.00 73881:1.00 73882:1.00 73883:3.00 73884:1.00 75063:1.00 75457:1.00
ébauch	67798:1.00 69178:2.00 72634:1.00 74746:1.00
éblou	73688:1.00
écart	67557:1.00
échang	67553:1.00 67794:1.00 67939:1.00 67946:1.00 68642:1.00 68882:2.00 68888:1.00 69538:1.00 70170:1.00 70422:1.00 70749:2.00 70751:1.00 70921:1.00 70923:1.00 71618:1.00 71838:1.00 71840:1.00 72120:1.00 72393:1.00 72394:2.00 72396:2.00 72398:1.00 72400:2.00 72932:2.00 72937:1.00 73430:1.00 73685:1.00 73690:1.00 73691:2.00 73876:1.00 73877:1.00 73881:1.00 73882:1.00 74169:1.00 74174:1.00 74175:1.00 75071:1.00 75458:1.00 75459:1.00 76211:1.00
échangent	67803:1.00
échantillon	67068:1.00 67388:1.00 68391:7.00 68885:1.00 68886:3.00 69177:1.00 69812:1.00 69819:1.00 70919:1.00 71836:1.00 73432:2.00 75067:1.00 75458:1.00 76208:1.00
échantillonnag	68883:1.00 69812:1.00 73183:1.00
échapp	67938:1.00
échappent	70749:1.00
échec	67390:1.00 70161:1.00 75457:1.00
échel	67554:1.00 67557:1.00 67803:2.00 67939:2.00 68642:1.00 68886:3.00 69533:3.00 69534:2.00 69535:1.00 69538:1.00 69812:1.00 69813:1.00 70421:1.00 70423:1.00 70424:1.00 70426:1.00 70745:1.00 70915:1.00 70916:1.00 70917:1.00 71617:1.00 71619:1.00 72392:1.00 72397:1.00 72629:1.00 72634:2.00 72939:1.00 73185:1.00 73436:1.00 73683:1.00 74168:1.00 75064:1.00 75461:1.00 75463:1.00 75792:1.00 76207:1.00 76208:1.00
échelon	74176:1.00 74450:1.00
échelonnent	67794:1.00
écho	76508:1.00
éclair	73182:1.00 74457:1.00
éclairag	68280:1.00 68642:1.00 73188:1.00 75070:1.00
éclat	75462:1.00
éclor	75461:1.00 75792:1.00
éco	68278:1.00 71845:7.00 76513:1.00
écol	67068:3.00 67555:1.00 67795:2.00 68276:14.00 68883:1.00 69185:1.00 69536:3.00 69541:1.00 70161:15.00 70168:1.00 70422:6.00 70743:1.00 70923:3.00 71358:7.00 71614:1.00 71841:1.00 72114:1.00 72394:2.00 73185:2.00 73430:10.00 73437:5.00 74170:1.00 74450:2.00 74751:2.00 75071:2.00 76211:1.00 76513:1.00
écoli	71835:1.00
écolo	72933:1.00
écolog	67071:2.00 67557:2.00 69812:2.00 69816:2.00 70745:2.00 70920:1.00 72398:1.00 72940:1.00 73183:2.00 74457:1.00 75458:3.00 75460:1.00 75464:1.00
économ	67068:1.00 67071:1.00 67383:1.00 67391:2.00 67554:1.00 67557:1.00 67795:2.00 67803:1.00 68283:1.00 68383:2.00 68642:2.00 68645:1.00 68882:3.00 68885:1.00 69533:7.00 69535:5.00 69538:1.00 69816:1.00 70161:1.00 70164:2.00 70751:1.00 70753:1.00 70916:2.00 70920:1.00 71357:2.00 72113:2.00 72392:2.00 72396:1.00 72398:3.00 72637:2.00 72933:1.00 72938:1.00 72939:2.00 72940:1.00 73183:2.00 73185:2.00 73188:1.00 73430:1.00 73432:1.00 73684:1.00 73690:1.00 73877:1.00 73882:1.00 73884:1.00 74176:1.00 74449:1.00 74450:1.00 74456:1.00 74457:1.00 74746:5.00 74749:1.00 75063:2.00 75460:1.00 75463:1.00 75792:1.00 75793:1.00 75795:1.00 75796:1.00 76207:1.00 76208:1.00 76213:1.00 76507:1.00
économis	73188:1.00
écophysiolog	69817:1.00
écoproduit	76513:3.00
écosystem	67387:2.00 68283:1.00 68882:1.00 70745:3.00 70914:3.00 73183:4.00 75068:1.00 75457:1.00 76211:1.00
écotechnolog	76513:1.00
écotox	67071:1.00 76511:1.00
écoul	69540:3.00 70421:2.00 72397:1.00 74171:1.00 75069:1.00
écout	71835:2.00 73881:1.00 74455:1.00
écran	68881:1.00 70162:1.00 70167:1.00 70421:1.00 70744:3.00 72401:7.00 75792:1.00
écrir	67794:1.00 70744:1.00
écrit	67794:1.00 68276:1.00 70744:1.00 71835:3.00 72113:1.00
écritur	69540:1.00 71835:1.00
écrivain	72932:1.00
écroul	71835:1.00
édit	67068:1.00 67945:2.00 67946:4.00 68387:1.00 68889:1.00 69541:2.00 69542:3.00 69543:1.00 70164:1.00 70167:1.00 70168:3.00 70169:7.00 70170:2.00 70752:1.00 71612:3.00 71620:1.00 71621:1.00 71835:1.00 72116:1.00 72122:3.00 72393:2.00 72396:1.00 72400:1.00 72633:1.00 72932:1.00 72933:2.00 72937:3.00 72939:1.00 73190:3.00 73431:1.00 73435:1.00 73438:3.00 73689:1.00 73691:3.00 73881:1.00 73884:1.00 74175:1.00 74176:1.00 74456:1.00 74746:1.00 74748:3.00 74752:1.00 75066:4.00 75458:1.00 75459:1.00 75462:1.00 75464:1.00 75465:1.00 75466:3.00 75795:3.00 75796:3.00 75797:3.00 76209:1.00 76212:1.00 76509:1.00 76511:1.00
éditeur	68383:1.00 75796:1.00
éduc	67555:2.00 68274:1.00 69821:1.00 71357:1.00 72401:1.00 72939:1.00 73876:1.00 74167:1.00 76509:1.00
éduqu	67555:1.00 75063:2.00
égal	68385:1.00 68886:1.00 69539:1.00 72118:1.00 73880:1.00 73882:1.00 75065:1.00
égid	67553:1.00 74175:1.00
éject	71843:1.00
élabor	67388:1.00 67798:1.00 68390:3.00 69533:1.00 69536:1.00 69812:2.00 69819:1.00 70916:1.00 71357:1.00 72113:1.00 72392:1.00 74169:1.00 75063:1.00 75064:1.00 75069:2.00 75464:1.00 75793:1.00
élaborent	76206:1.00
élan	67071:1.00 67553:1.00 71842:1.00 75790:1.00
élarg	69813:1.00 71836:1.00 72398:1.00 73182:1.00 73432:1.00
élast	70746:1.00
élastograph	67068:1.00
élastomer	75464:1.00
élect	67937:1.00 73182:1.00
électr	67554:3.00 67557:1.00 67797:2.00 67940:1.00 68638:1.00 68640:5.00 68884:8.00 69814:2.00 70167:2.00 70426:1.00 70918:1.00 71363:1.00 71615:1.00 72114:2.00 72397:3.00 72934:1.00 73185:4.00 73188:2.00 73436:3.00 73884:1.00 74450:1.00 75064:1.00 75066:6.00 75794:1.00 76510:2.00
électrif	73185:1.00
électrochim	72394:1.00
électrod	70167:2.00 72397:1.00 74174:1.00
électroluminescent	75070:3.00
électrolyseur	68884:1.00
électromagnet	67942:4.00 69177:1.00 70170:1.00 74744:1.00
électromécan	69179:1.00
électroménag	71359:1.00
électron	67068:1.00 67390:1.00 67554:2.00 68280:1.00 68391:1.00 69186:2.00 69814:1.00 70165:1.00 70166:1.00 70167:2.00 70168:1.00 70423:1.00 71359:1.00 72114:3.00 72116:1.00 72119:1.00 72934:2.00 73187:3.00 73190:1.00 75070:2.00 75071:1.00 75795:1.00 76511:2.00
électronucléair	72392:1.00
éleg	67937:2.00
éleph	73684:1.00
élev	67385:1.00 67554:1.00 67939:1.00 68276:1.00 68281:1.00 68383:2.00 68385:1.00 68387:1.00 68393:1.00 68881:3.00 68888:1.00 69182:1.00 69185:2.00 69538:1.00 69541:1.00 69811:1.00 70161:10.00 70421:1.00 70422:1.00 70917:2.00 70923:5.00 71357:2.00 71358:4.00 71614:2.00 72394:1.00 72398:2.00 72932:1.00 73184:1.00 73185:2.00 73430:1.00 73436:1.00 73437:1.00 73689:1.00 73875:1.00 73876:1.00 74168:1.00 74169:2.00 74449:1.00 74450:1.00 74745:1.00 74747:1.00 74751:1.00 75071:3.00 75457:4.00 75458:1.00
élevag	68881:1.00 69538:1.00 71621:1.00
éleveur	75458:3.00
élimin	72935:1.00 73189:1.00 74455:1.00 76207:1.00
élit	67941:2.00 71357:3.00 73182:1.00
éloign	68383:1.00 72932:1.00 73431:1.00
éloignent	70424:1.00
élu	72113:1.00 73182:3.00
élucid	72116:1.00
élus	67803:1.00 73182:1.00
élèvent	71621:1.00
élément	67386:1.00 67388:2.00 67558:2.00 67937:2.00 68388:1.00 69178:1.00 69179:1.00 69533:1.00 69819:1.00 70161:1.00 70421:1.00 70914:1.00 71620:1.00 71621:1.00 71836:1.00 72114:1.00 72629:1.00 72635:1.00 73432:2.00 73434:1.00 73438:1.00 73875:1.00 74168:3.00 74449:1.00 74451:1.00 74744:1.00 75792:1.00 76206:1.00 76210:1.00
élémentair	67554:1.00 68279:1.00 68882:1.00
éman	72114:1.00
émerg	67383:1.00 67938:2.00 68279:1.00 68638:2.00 68643:1.00 68882:1.00 69811:2.00 69813:1.00 70744:1.00 70921:2.00 71612:1.00 71620:1.00 71842:1.00 72114:1.00 73431:1.00 73434:1.00 73876:1.00 73880:1.00 74167:1.00 74450:2.00 74751:1.00 74752:1.00 75458:1.00 75793:2.00 76209:1.00 76213:1.00
émergent	68279:1.00 68386:2.00 68638:2.00 68881:1.00 68882:1.00 69534:1.00 69535:1.00 69813:1.00 69820:1.00 70423:1.00 70424:1.00 70429:1.00 70745:1.00 70747:1.00 71357:1.00 71620:1.00 71842:2.00 72116:2.00 72120:1.00 72392:2.00 72396:2.00 72629:1.00 72631:1.00 72635:2.00 72934:2.00 73877:2.00 73878:1.00 74168:1.00 74169:3.00 74174:1.00 74450:2.00 75063:3.00 75064:1.00 75796:1.00 76512:4.00
émet	69539:1.00 72632:1.00 73186:1.00 73688:1.00 75070:1.00
émettent	70747:2.00
émetteur	67942:1.00 70747:2.00
émettr	73688:1.00
émeut	67794:1.00
émis	67942:1.00 70163:1.00 71843:1.00 72632:1.00 73685:1.00 73688:1.00 75070:1.00
émiss	67942:2.00 68278:1.00 69533:7.00 69539:1.00 69814:2.00 71615:2.00 71617:6.00 72632:1.00 72933:1.00 72934:1.00 74745:1.00 75070:2.00
émot	72630:1.00 73431:1.00 73683:1.00 73877:3.00 75063:3.00
émotionnel	73877:2.00 75063:1.00
émul	74746:1.00
émulsion	74752:1.00
émérit	72113:1.00 73183:1.00 73432:1.00 73683:1.00
énerg	67557:1.00 67797:1.00 67800:1.00 67939:3.00 68383:1.00 68385:1.00 68638:4.00 68640:1.00 68644:5.00 68882:2.00 68884:5.00 69178:1.00 69538:1.00 69539:1.00 69540:8.00 69814:3.00 69818:3.00 69819:1.00 70165:1.00 70166:1.00 70424:4.00 70743:1.00 71362:1.00 71363:13.00 71617:5.00 71621:1.00 72119:1.00 72121:1.00 72393:1.00 72397:7.00 72398:2.00 72629:1.00 72933:1.00 72934:7.00 72937:1.00 72939:1.00 72940:6.00 73185:4.00 73188:1.00 73190:1.00 73433:1.00 73434:1.00 73436:1.00 73684:1.00 73688:1.00 74168:5.00 74450:2.00 74751:1.00 75063:2.00 75066:1.00 75067:1.00 75071:2.00 75463:4.00 75789:4.00 76210:1.00 76213:1.00
énerget	67385:1.00 67386:1.00 67554:1.00 67557:2.00 68276:1.00 68385:1.00 68638:2.00 68642:2.00 68644:1.00 68882:2.00 68883:1.00 72631:2.00 72940:2.00 73182:2.00 75458:1.00 75463:2.00 75792:2.00 75795:1.00 75796:1.00
énergivor	72940:1.00
énorm	67388:1.00 69177:2.00 70161:1.00 70749:1.00 72115:1.00 72933:2.00 73183:1.00 73431:1.00 73434:2.00 73878:1.00 74449:1.00 74745:1.00
énumer	68273:1.00
éolien	68642:1.00 68883:1.00 69814:1.00 70743:4.00 72940:1.00 73185:1.00 75463:12.00 75792:1.00
épaisseur	72934:1.00 73880:2.00
épav	73683:9.00
éphémer	73881:1.00
épidem	72939:1.00
épidémiolog	67555:2.00 69813:3.00 73184:1.00 74452:1.00
épigénet	67556:1.00
épileps	74453:6.00
épilept	74453:4.00
épingl	73684:1.00
épini	67802:1.00
épisod	67938:1.00 69813:1.00 70916:1.00 73686:1.00 73688:2.00
épitax	69814:1.00
épithélial	73184:2.00
époqu	67068:1.00 70745:1.00 71358:1.00 72629:1.00 72630:2.00 73683:2.00 75459:1.00
époxy	68280:1.00
époxyd	69179:1.00
épreuv	73689:1.00 76207:1.00
épuis	68278:1.00
épur	72399:3.00
équat	68283:1.00 69180:1.00 70422:1.00 72932:2.00 74744:1.00
équateur	67939:1.00 73684:1.00
équatorial	67939:1.00 73684:4.00
équestr	71357:3.00 74748:1.00
équilibr	67795:2.00 67941:1.00 68389:1.00 69184:2.00 69534:1.00 69535:1.00 73875:1.00 76206:1.00
équin	71357:6.00
équipag	72634:1.00
équipent	68640:1.00
équit	71357:2.00
équivalent	68390:1.00 68638:1.00 70420:1.00 70424:1.00 70425:1.00 70915:1.00 71359:1.00 71362:1.00 71838:1.00 71842:1.00 72397:1.00 72629:2.00 72934:1.00 73431:1.00 73437:1.00 74168:1.00 74748:1.00 76207:1.00 76208:1.00
éros	67071:1.00 74168:2.00
érupt	67942:1.00
établ	67068:1.00 67383:1.00 67554:1.00 67795:4.00 67944:2.00 68276:1.00 68386:1.00 68640:2.00 68642:1.00 68645:1.00 68881:2.00 68883:2.00 68888:2.00 69177:1.00 69178:1.00 69181:1.00 69183:1.00 69185:1.00 69533:3.00 69811:1.00 70161:2.00 70162:1.00 70163:1.00 70422:1.00 70425:1.00 70743:1.00 70748:1.00 70915:2.00 70916:2.00 70923:1.00 71357:1.00 71358:4.00 71362:2.00 71614:1.00 72113:3.00 72392:1.00 72393:1.00 72398:1.00 72632:1.00 72637:1.00 72936:1.00 73190:1.00 73430:2.00 73876:3.00 73880:3.00 74168:1.00 74172:2.00 74175:2.00 74449:1.00 74746:1.00 74749:4.00 74750:1.00 75063:1.00 75064:1.00 75065:1.00 75068:1.00 75071:2.00 76213:1.00 76507:5.00 76513:3.00
étag	69177:1.00 69179:5.00
étaient	67554:1.00 67937:1.00 67942:1.00 68274:1.00 68389:1.00 69177:1.00 69179:1.00 69533:1.00 69539:1.00 69541:1.00 69811:1.00 70161:1.00 70923:1.00 71837:1.00 71843:1.00 72392:1.00 72636:1.00 73432:1.00 73434:1.00 73684:1.00 74449:1.00 75066:1.00
étais	70166:1.00
était	67068:3.00 67387:1.00 67553:1.00 67795:1.00 67937:8.00 68273:1.00 68274:3.00 68279:1.00 68387:1.00 68390:1.00 68881:1.00 68883:3.00 69177:2.00 69179:1.00 69184:1.00 69540:1.00 69811:2.00 69812:2.00 69813:1.00 69819:1.00 69821:1.00 70161:3.00 70162:2.00 70421:1.00 70422:1.00 70914:1.00 70917:1.00 71359:1.00 71615:1.00 72113:3.00 72115:2.00 72394:1.00 72630:3.00 72631:2.00 72636:1.00 72932:2.00 73182:1.00 73183:3.00 73185:3.00 73434:3.00 73683:1.00 73684:2.00 73685:2.00 73876:1.00 74168:1.00 74454:1.00 74457:1.00 74752:4.00 75064:1.00 75065:1.00 75788:1.00 75793:1.00 75794:2.00 76206:1.00
étal	74744:1.00 74750:1.00
étalon	71838:1.00
étalonnag	68885:1.00
étanch	68273:1.00
étanché	68273:1.00 71840:1.00 74167:1.00
étant	67068:1.00 67386:1.00 67390:1.00 67553:1.00 67554:2.00 67555:3.00 67556:1.00 67795:1.00 67801:1.00 67802:1.00 68273:1.00 68274:2.00 68279:1.00 68383:1.00 68384:1.00 68387:2.00 68389:1.00 68640:1.00 68643:1.00 68646:1.00 68883:1.00 69177:1.00 69178:1.00 69182:2.00 69185:1.00 69186:1.00 69534:1.00 69535:1.00 69536:2.00 69813:1.00 69815:1.00 69816:1.00 70161:2.00 70162:1.00 70163:1.00 70170:1.00 70421:2.00 70422:1.00 70425:1.00 70743:1.00 70747:1.00 70749:1.00 70914:1.00 70915:1.00 70916:2.00 70922:1.00 71361:1.00 71612:1.00 71617:1.00 71842:1.00 72113:1.00 72114:1.00 72116:1.00 72121:1.00 72392:1.00 72393:1.00 72397:2.00 72932:1.00 72934:1.00 72935:1.00 73182:1.00 73184:1.00 73185:2.00 73430:2.00 73431:1.00 73436:1.00 73683:1.00 73684:1.00 73875:1.00 73876:1.00 73877:2.00 74167:1.00 74168:3.00 74169:1.00 74173:1.00 74174:1.00 74449:1.00 74450:4.00 74746:2.00 74748:1.00 74749:1.00 75064:1.00 75065:1.00 75066:1.00 75067:1.00 75069:1.00 75457:1.00 75458:2.00 75466:1.00 75789:1.00 75790:1.00 75791:1.00 75792:2.00 75794:1.00 76206:1.00 76208:1.00 76507:1.00
étap	67385:2.00 67388:3.00 67554:1.00 67556:3.00 67798:1.00 67802:2.00 67937:1.00 67938:1.00 68279:1.00 68643:3.00 70165:1.00 70167:1.00 70744:1.00 70745:1.00 70914:1.00 70920:2.00 70922:1.00 71617:1.00 71840:1.00 71845:1.00 72115:2.00 72118:1.00 72119:2.00 72392:1.00 72629:1.00 72630:2.00 72933:1.00 73434:1.00 73436:2.00 74167:2.00 74168:3.00 74169:1.00 74176:2.00 74455:1.00 75065:1.00 75069:1.00 75070:1.00 75788:1.00 75792:1.00 75793:1.00 75794:1.00 76210:1.00 76508:2.00 76511:1.00 76512:1.00
état	67386:1.00 67553:2.00 67801:1.00 67940:1.00 67943:1.00 68279:1.00 68280:2.00 68383:1.00 68642:1.00 68882:1.00 69182:1.00 69540:1.00 69820:1.00 70161:1.00 70424:1.00 70751:1.00 71366:1.00 71835:1.00 72392:3.00 72393:1.00 72937:1.00 73183:1.00 73190:1.00 73876:1.00 73877:1.00 74449:3.00 74450:1.00 75063:1.00 75069:1.00 75462:2.00 76511:1.00
éteindr	70163:1.00 70917:2.00
étend	68646:1.00 74172:1.00
étendent	67068:1.00
étendr	67561:1.00 75068:1.00
étendu	67071:1.00 68391:1.00 69180:1.00 72629:1.00 73184:1.00 73880:3.00
étern	71835:1.00
éternel	74168:1.00
éthanol	72121:1.00 72630:1.00
éthiqu	72938:1.00 73435:1.00
étion	67553:1.00 67798:1.00 68881:1.00 71835:1.00 73432:1.00 76207:1.00 76507:1.00
étiquet	76206:1.00
étoff	72932:1.00
étoil	67943:1.00 68881:1.00 70163:1.00 74168:1.00 74752:3.00
éton	68274:1.00 68881:1.00 70167:2.00 70425:1.00 71359:1.00 72116:1.00 72629:1.00 72636:2.00 72939:1.00 73182:2.00 73430:1.00 73431:2.00 73434:1.00 73687:1.00 74167:1.00 74744:1.00 74750:1.00 74752:3.00 75794:1.00
étrang	67553:1.00 67795:1.00 67938:1.00 68383:1.00 68638:1.00 69185:1.00 70422:1.00 71358:1.00 71614:1.00 72113:1.00 72393:1.00 72399:1.00 72637:1.00 73875:1.00 74169:1.00 76508:1.00
étranger	67553:1.00 67795:2.00 69821:1.00 70161:1.00 70422:1.00 70921:1.00 71358:1.00 71618:1.00 71837:1.00 72396:1.00 72629:1.00 72630:1.00 74167:1.00
étroit	67554:1.00 68888:1.00 70165:1.00 71357:1.00 72936:1.00 75064:1.00 75794:1.00 75797:1.00
étud	67389:1.00 67555:6.00 67556:1.00 67798:5.00 67937:2.00 67939:2.00 67942:1.00 68276:1.00 68277:3.00 68281:1.00 68387:5.00 68388:2.00 68389:2.00 68391:1.00 68638:1.00 68643:1.00 68646:2.00 68885:1.00 68886:1.00 69178:1.00 69179:1.00 69181:1.00 69185:2.00 69186:1.00 69536:2.00 69537:2.00 69812:4.00 69816:2.00 70165:2.00 70422:3.00 70745:3.00 70751:1.00 70916:1.00 70920:1.00 71366:1.00 71612:1.00 71837:1.00 71841:1.00 72113:2.00 72115:4.00 72117:2.00 72393:2.00 72633:2.00 72634:1.00 72935:1.00 72938:1.00 73183:1.00 73184:2.00 73185:1.00 73186:3.00 73431:2.00 73433:1.00 73683:3.00 73685:1.00 73686:4.00 73877:1.00 73879:1.00 74169:1.00 74454:1.00 74748:1.00 75064:3.00 75065:6.00 75457:3.00 75458:1.00 75459:1.00 75463:4.00 75464:2.00 75789:1.00 75793:3.00 75794:1.00 76206:1.00 76209:3.00
étudi	67391:1.00 67558:1.00 67795:3.00 67800:1.00 67937:3.00 67939:1.00 67942:1.00 67943:1.00 67944:1.00 68276:1.00 68278:1.00 68281:5.00 68385:1.00 68388:1.00 68390:1.00 68392:1.00 68393:1.00 68640:1.00 68645:2.00 68646:1.00 68881:1.00 69177:3.00 69178:1.00 69179:1.00 69182:1.00 69184:1.00 69185:2.00 69539:1.00 69541:6.00 69812:2.00 70161:2.00 70163:1.00 70167:1.00 70168:2.00 70422:8.00 70745:1.00 70748:2.00 70919:1.00 70923:4.00 71358:1.00 71362:4.00 71618:1.00 71837:3.00 72115:2.00 72397:1.00 72631:1.00 72637:1.00 72936:1.00 73186:1.00 73190:3.00 73430:5.00 73431:4.00 73434:2.00 73437:1.00 73683:1.00 73689:1.00 73878:1.00 73880:1.00 73882:1.00 74175:1.00 74176:1.00 74454:1.00 75068:1.00 75071:1.00 75457:9.00 75460:1.00 76211:1.00 76212:2.00 76513:5.00
étuv	73683:1.00
évacu	67558:1.00 72392:1.00 72934:2.00
évalu	67555:2.00 67798:3.00 67801:1.00 68645:2.00 68881:1.00 69181:1.00 69533:2.00 69537:1.00 69815:1.00 69816:1.00 70162:3.00 70428:1.00 70743:1.00 70745:1.00 70914:1.00 70915:1.00 70916:4.00 70918:2.00 70920:2.00 71361:1.00 71841:1.00 71845:1.00 72121:1.00 72935:2.00 73183:1.00 74744:1.00 75457:1.00
évapor	69533:1.00
évapotranspir	69537:8.00
éven	67937:1.00 67945:2.00 67946:1.00 68274:1.00 69177:2.00 69541:1.00 69820:1.00 70162:3.00 70164:1.00 70166:1.00 70751:1.00 70752:1.00 70916:7.00 72116:1.00 72120:1.00 72393:1.00 72400:1.00 72629:1.00 72937:2.00 72938:1.00 72939:2.00 73190:1.00 73438:1.00 73683:1.00 73880:1.00 73881:1.00 73882:1.00 73884:1.00 74170:1.00 74175:1.00 74176:1.00 74449:2.00 74456:1.00 74748:2.00 75790:1.00 75795:1.00 75796:1.00 75797:1.00 76212:1.00 76509:1.00 76514:1.00 76515:1.00
éventail	69183:1.00 71612:1.00 71836:1.00 72940:1.00 73879:1.00 74749:1.00
éventuel	67383:1.00 67553:1.00 68277:1.00 69821:1.00 70429:1.00 70915:1.00 71357:1.00 71838:1.00 71843:1.00 72630:1.00 74749:1.00 75065:1.00 75459:1.00 75789:1.00
évident	67383:1.00 67386:1.00 67388:1.00 67389:1.00 67553:3.00 67794:2.00 67798:2.00 67937:1.00 67942:1.00 68274:2.00 68389:1.00 68638:2.00 68882:3.00 68887:1.00 69533:1.00 69535:1.00 70161:2.00 70162:1.00 70420:1.00 71357:1.00 71359:2.00 71363:1.00 71612:1.00 71614:1.00 71836:3.00 71843:1.00 72116:1.00 72396:1.00 72397:1.00 72630:1.00 72632:1.00 72634:1.00 72932:1.00 72939:1.00 73182:1.00 73189:1.00 73431:3.00 73437:1.00 73683:1.00 73684:1.00 73685:1.00 74168:2.00 74169:2.00 74172:1.00 74449:1.00 74744:2.00 74749:1.00 75063:1.00 75067:1.00 75457:1.00 75458:2.00 75459:1.00 75788:1.00 75789:1.00 76206:1.00 76512:1.00 76515:1.00
évit	67386:1.00 67794:2.00 67801:1.00 68640:1.00 69534:1.00 70918:1.00 71366:1.00 71612:1.00 71836:1.00 72114:1.00 72940:1.00 73683:1.00 74167:1.00 75069:1.00 75792:1.00 76510:1.00 76511:1.00
évoc	71835:1.00 76509:1.00
évolu	67389:1.00 67553:2.00 67794:2.00 67795:1.00 67938:4.00 67939:1.00 68275:1.00 68645:1.00 68881:1.00 68882:1.00 68889:1.00 69533:7.00 69537:1.00 69538:1.00 69816:1.00 70161:5.00 70162:3.00 70163:1.00 70423:1.00 70424:2.00 70745:1.00 70916:1.00 70923:2.00 71357:3.00 71366:1.00 71618:1.00 71835:2.00 72113:1.00 72631:1.00 73182:2.00 73183:1.00 73684:1.00 73690:1.00 73880:1.00 74454:1.00 74457:1.00 74752:2.00 75458:1.00 76209:1.00 76213:4.00 76508:1.00 76512:1.00
évoluent	73685:1.00
évolut	67940:2.00 72631:1.00
évoluton	67938:1.00
évoqu	67383:1.00 67386:1.00 67561:1.00 67794:1.00 67795:2.00 67801:1.00 67939:1.00 69177:2.00 70161:1.00 71835:1.00 72630:2.00 72631:1.00 72932:1.00 73184:1.00 73877:3.00 74167:1.00 74749:1.00 75063:1.00 75462:1.00 75792:1.00 75793:1.00 76209:1.00 76213:2.00 76514:1.00 76516:1.00
événementiel	70162:1.00
ête	67068:2.00 70161:1.00 72114:1.00
être	67794:2.00
île	67945:1.00 70916:1.00 71621:4.00 74170:2.00 75464:1.00
îlot	67802:1.00
ïle	71621:1.00
